file,game_name,club,country,tags,source,name_source,old_file
apolonia.png,Apolonia,Apolonia,Albania,European club,football-logos.cc,derived,albania_apolonia.png
besa.png,Besa,Besa,Albania,European club,football-logos.cc,derived,albania_besa.png
besa-peja.png,Besa Peja,Besa Peja,Albania,European club,football-logos.cc,derived,albania_besa-peja.png
bylis.png,Bylis,Bylis,Albania,European club,football-logos.cc,derived,albania_bylis.png
dinamo-city.png,Dinamo City,Dinamo City,Albania,European club,football-logos.cc,derived,albania_dinamo-city.png
egnatia.png,Egnatia,Egnatia,Albania,European club,football-logos.cc,derived,albania_egnatia.png
flamurtari.png,Flamurtari,Flamurtari,Albania,European club,football-logos.cc,derived,albania_flamurtari.png
kastrioti.png,Kastrioti,Kastrioti,Albania,European club,football-logos.cc,derived,albania_kastrioti.png
kukes.png,Kukes,Kukës,Albania,European club,football-logos.cc,derived,albania_kukes.png
lac.png,Lac,Laç,Albania,European club,football-logos.cc,derived,albania_lac.png
lushnja.png,Lushnja,Lushnja,Albania,European club,football-logos.cc,derived,albania_lushnja.png
partizani.png,Partizani,Partizani,Albania,European club,football-logos.cc,derived,albania_partizani.png
pogradec.png,Pogradec,Pogradec,Albania,European club,football-logos.cc,derived,albania_pogradec.png
shkumbini.png,Shkumbini,Shkumbini,Albania,European club,football-logos.cc,derived,albania_shkumbini.png
skenderbeu.png,Skenderbeu,Skënderbeu,Albania,Champions League 1996-2017; European club,football-logos.cc,derived,albania_skenderbeu.png
teuta.png,Teuta,Teuta,Albania,European club,football-logos.cc,derived,albania_teuta.png
tirana.png,Tirana,Tirana,Albania,Champions League 1996-2017; European club,football-logos.cc,derived,albania_tirana.png
tomori.png,Tomori,Tomori,Albania,European club,football-logos.cc,derived,albania_tomori.png
terbuni.png,Terbuni,Tërbuni,Albania,European club,football-logos.cc,derived,albania_terbuni.png
vllaznia.png,Vllaznia,Vllaznia,Albania,Champions League 1996-2017; European club,football-logos.cc,derived,albania_vllaznia.png
atletic-escaldes.png,Atletic Escaldes,Atlètic Escaldes,Andorra,European club,football-logos.cc,derived,andorra_atletic-escaldes.png
carroi.png,Carroi,CE Carroi,Andorra,European club,football-logos.cc,derived,andorra_ce-carroi.png
fc-santa-coloma.png,FC Santa Coloma,FC Santa Coloma,Andorra,Champions League 1996-2017; European club,football-logos.cc,derived,andorra_fc-santa-coloma.png
inter-escaldes.png,Inter Escaldes,Inter Escaldes,Andorra,European club,football-logos.cc,derived,andorra_inter-escaldes.png
ordino.png,Ordino,Ordino,Andorra,European club,football-logos.cc,derived,andorra_ordino.png
penya-encarnada.png,Penya Encarnada,Penya Encarnada,Andorra,European club,football-logos.cc,derived,andorra_penya-encarnada.png
rangers.png,Ranger's,Rànger's,Andorra,Champions League 1996-2017; European club,football-logos.cc,derived,andorra_ranger-s.png
ue-santa-coloma.png,UE Santa Coloma,UE Santa Coloma,Andorra,European club,football-logos.cc,derived,andorra_ue-santa-coloma.png
boca-juniors.png,Boca Juniors,Boca Juniors,Argentina,Game club,football-logos.cc,game,argentina_boca-juniors.png
river-plate.png,River Plate,River Plate,Argentina,Game club,football-logos.cc,game,argentina_river-plate.png
alashkert.png,Alashkert,Alashkert,Armenia,European club,football-logos.cc,derived,armenia_alashkert.png
ararat.png,Ararat,Ararat,Armenia,Champions League 1996-2017; European club,football-logos.cc,derived,armenia_ararat.png
ararat-armenia.png,Ararat-Armenia,Ararat-Armenia,Armenia,European club,football-logos.cc,derived,armenia_ararat-armenia.png
bkma-yerevan.png,BKMA Yerevan,BKMA Yerevan,Armenia,Champions League 1996-2017; European club,football-logos.cc,derived,armenia_bkma-yerevan.png
syunik.png,Syunik,FC Syunik,Armenia,European club,football-logos.cc,derived,armenia_fc-syunik.png
gandzasar.png,Gandzasar,Gandzasar,Armenia,European club,football-logos.cc,derived,armenia_gandzasar.png
noah.png,Noah,Noah,Armenia,European club,football-logos.cc,derived,armenia_noah.png
pyunik.png,Pyunik,Pyunik,Armenia,Champions League 1996-2017; European club,football-logos.cc,derived,armenia_pyunik.png
sardarapat.png,Sardarapat,Sardarapat FC,Armenia,European club,football-logos.cc,derived,armenia_sardarapat-fc.png
shirak.png,Shirak,Shirak,Armenia,Champions League 1996-2017; European club,football-logos.cc,derived,armenia_shirak.png
urartu.png,Urartu,Urartu,Armenia,European club,football-logos.cc,derived,armenia_urartu.png
van.png,Van,Van,Armenia,European club,football-logos.cc,derived,armenia_van.png
voitsberg.png,Voitsberg,ASK Voitsberg,Austria,European club,football-logos.cc,derived,austria_ask-voitsberg.png
admira.png,Admira,Admira,Austria,European club; Top flight 2021-2026,football-logos.cc,derived,austria_admira.png
amstetten.png,Amstetten,Amstetten,Austria,European club,football-logos.cc,derived,austria_amstetten.png
austria-vienna.png,Austria Vienna,Austria Wien,Austria,Champions League 1996-2017; European club,football-logos.cc,derived,austria_austria-wien.png
blau-weiss-linz.png,Blau-Weiss Linz,FC Blau-Weiß Linz,Austria,European club; Top flight 2021-2026,football-logos.cc,derived,austria_bw-linz.png
hertha-wels.png,Hertha Wels,FC Hertha Wels,Austria,European club,football-logos.cc,derived,austria_fc-hertha-wels.png
liefering.png,Liefering,FC Liefering,Austria,European club,football-logos.cc,derived,austria_fc-liefering.png
wacker-innsbruck.png,Wacker Innsbruck,FC Wacker Innsbruck,Austria,European club,football-logos.cc,derived,austria_fc-wacker-innsbruck.png
first-vienna.png,First Vienna,First Vienna,Austria,European club,football-logos.cc,derived,austria_first-vienna.png
floridsdorfer-ac.png,Floridsdorfer AC,Floridsdorfer AC,Austria,European club,football-logos.cc,derived,austria_floridsdorfer-ac.png
grazer-ak.png,Grazer AK,Grazer AK,Austria,Champions League 1996-2017; European club; Top flight 2021-2026,football-logos.cc,derived,austria_grazer-ak.png
hartberg.png,Hartberg,Hartberg,Austria,European club; Top flight 2021-2026,football-logos.cc,derived,austria_hartberg.png
horn.png,Horn,Horn,Austria,European club,football-logos.cc,derived,austria_horn.png
kapfenberg.png,Kapfenberg,Kapfenberg,Austria,European club,football-logos.cc,derived,austria_kapfenberg.png
klagenfurt.png,Klagenfurt,Klagenfurt,Austria,European club; Top flight 2021-2026,football-logos.cc,derived,austria_klagenfurt.png
lask.png,LASK,LASK,Austria,European club; Top flight 2021-2026,football-logos.cc,derived,austria_lask.png
lustenau.png,Lustenau,Lustenau,Austria,European club; Top flight 2021-2026,football-logos.cc,derived,austria_lustenau.png
neusiedl.png,Neusiedl,Neusiedl,Austria,European club,football-logos.cc,derived,austria_neusiedl.png
rapid-vienna.png,Rapid Vienna,Rapid Vienna,Austria,European club; Top flight 2021-2026,football-logos.cc,derived,austria_rapid-vienna.png
rheindorf-altach.png,Rheindorf Altach,Rheindorf Altach,Austria,European club; Top flight 2021-2026,football-logos.cc,derived,austria_altach.png
ried.png,Ried,Ried,Austria,European club; Top flight 2021-2026,football-logos.cc,derived,austria_ried.png
austria-salzburg.png,Austria Salzburg,SV Austria Salzburg,Austria,European club,football-logos.cc,derived,austria_sv-austria-salzburg.png
mattersburg.png,Mattersburg,SV Mattersburg,Austria,European club,football-logos.cc,derived,austria_sv-mattersburg.png
stripfing.png,Stripfing,SV Stripfing,Austria,European club,football-logos.cc,derived,austria_sv-stripfing.png
sw-bregenz.png,SW Bregenz,SW Bregenz,Austria,European club,football-logos.cc,derived,austria_sw-bregenz.png
rb-salzburg.png,RB Salzburg|Red Bull Salzburg,Salzburg,Austria,Champions League 1996-2017; European club; Top flight 2021-2026,football-logos.cc,game,austria_salzburg.png
schwaz.png,Schwaz,Schwaz,Austria,European club,football-logos.cc,derived,austria_schwaz.png
st-polten.png,St Polten,St Pölten,Austria,European club,football-logos.cc,derived,austria_st-polten.png
sturm-graz.png,Sturm Graz,Sturm Graz,Austria,Champions League 1996-2017; European club; Top flight 2021-2026,football-logos.cc,derived,austria_sturm-graz.png
team-fur-wien.png,Team fur Wien,Team für Wien,Austria,European club,football-logos.cc,derived,austria_team-fur-wien.png
tirol.png,Tirol,Tirol,Austria,European club; Top flight 2021-2026,football-logos.cc,derived,austria_tirol.png
union-gurten.png,Union Gurten,Union Gurten,Austria,European club,football-logos.cc,derived,austria_union-gurten.png
wiener-viktoria.png,Wiener Viktoria,Wiener Viktoria,Austria,European club,football-logos.cc,derived,austria_wiener-viktoria.png
wolfsberg.png,Wolfsberg,Wolfsberg,Austria,European club; Top flight 2021-2026,football-logos.cc,derived,austria_wolfsberg.png
araz-naxcivan.png,Araz-Naxcivan,Araz-Naxçıvan PFK,Azerbaijan,European club,football-logos.cc,derived,azerbaijan_araz-naxcivan-pfk.png
gabala.png,Gabala,Gabala,Azerbaijan,European club,football-logos.cc,derived,azerbaijan_gabala.png
karvan.png,Karvan,Karvan,Azerbaijan,European club,football-logos.cc,derived,azerbaijan_karvan.png
kapaz.png,Kapaz,Käpäz,Azerbaijan,Champions League 1996-2017; European club,football-logos.cc,derived,azerbaijan_kapaz.png
neftci.png,Neftci,Neftçi,Azerbaijan,European club,football-logos.cc,derived,azerbaijan_neftci.png
qarabag.png,Qarabag,Qarabağ,Azerbaijan,Champions League 1996-2017; European club,football-logos.cc,derived,azerbaijan_qarabag.png
qaradag-lokbatan.png,Qaradag Lokbatan,Qaradag Lokbatan,Azerbaijan,European club,football-logos.cc,derived,azerbaijan_qaradag-lokbatan.png
sabah.png,Sabah,Sabah,Azerbaijan,European club,football-logos.cc,derived,azerbaijan_sabah.png
sabail.png,Sabail,Sabail,Azerbaijan,European club,football-logos.cc,derived,azerbaijan_sabail.png
shafa-baku.png,Shafa Baku,Shafa Baku,Azerbaijan,Champions League 1996-2017; European club,football-logos.cc,derived,azerbaijan_shafa-baku.png
sumqayit.png,Sumqayit,Sumqayıt,Azerbaijan,European club,football-logos.cc,derived,azerbaijan_sumqayit.png
turan-tovuz.png,Turan Tovuz,Turan Tovuz,Azerbaijan,European club,football-logos.cc,derived,azerbaijan_turan.png
zire.png,Zire,Zire,Azerbaijan,European club,football-logos.cc,derived,azerbaijan_zire.png
imisli.png,Imisli,İmişli,Azerbaijan,European club,football-logos.cc,derived,azerbaijan_imisli.png
samaxi.png,Samaxi,Şamaxı,Azerbaijan,European club,football-logos.cc,derived,azerbaijan_samaxi.png
arsenal-dzerzhinsk.png,Arsenal Dzerzhinsk,Arsenal Dzerzhinsk,Belarus,European club,football-logos.cc,derived,belarus_arsenal-dzerzhinsk.png
bate-borisov.png,BATE Borisov,BATE Borisov,Belarus,Champions League 1996-2017; European club,football-logos.cc,game,belarus_bate-borisov.png
baranovichi.png,Baranovichi,Baranovichi,Belarus,European club,football-logos.cc,derived,belarus_baranovichi.png
belshina-bobruisk.png,Belshina Bobruisk,Belshina Bobruisk,Belarus,Champions League 1996-2017; European club,football-logos.cc,derived,belarus_belshina-bobruisk.png
dinamo-brest.png,Dinamo Brest,Dinamo Brest,Belarus,European club,football-logos.cc,derived,belarus_dinamo-brest.png
dinamo-minsk.png,Dinamo-Minsk,Dinamo-Minsk,Belarus,Champions League 1996-2017; European club,football-logos.cc,derived,belarus_dinamo-minsk.png
dnepr-mogilev.png,Dnepr Mogilev,Dnepr Mogilev,Belarus,Champions League 1996-2017; European club,football-logos.cc,derived,belarus_dnepr.png
torpedo-belaz.png,Torpedo Belaz,FC Torpedo Belaz,Belarus,European club,football-logos.cc,derived,belarus_fc-torpedo.png
gomel.png,Gomel,Gomel,Belarus,Champions League 1996-2017; European club,football-logos.cc,derived,belarus_gomel.png
isloch.png,Isloch,Isloch,Belarus,European club,football-logos.cc,derived,belarus_isloch.png
lida.png,Lida,Lida,Belarus,European club,football-logos.cc,derived,belarus_lida.png
lokomotiv-gomel.png,Lokomotiv Gomel,Lokomotiv Gomel,Belarus,European club,football-logos.cc,derived,belarus_lokomotiv-gomel.png
ml-vitebsk.png,ML Vitebsk,ML Vitebsk,Belarus,European club,football-logos.cc,derived,belarus_ml-vitebsk.png
minsk.png,Minsk,Minsk,Belarus,European club,football-logos.cc,derived,belarus_minsk.png
naftan.png,Naftan,Naftan,Belarus,European club,football-logos.cc,derived,belarus_naftan.png
neman.png,Neman,Neman,Belarus,European club,football-logos.cc,derived,belarus_neman.png
shakhtyor-soligorsk.png,Shakhtyor Soligorsk,Shakhtyor Soligorsk,Belarus,Champions League 1996-2017; European club,football-logos.cc,derived,belarus_shakhtyor.png
slavia-mozyr.png,Slavia-Mozyr,Slavia-Mozyr,Belarus,Champions League 1996-2017; European club,football-logos.cc,derived,belarus_slavia-mozyr.png
slonim-2017.png,Slonim-2017,Slonim-2017,Belarus,European club,football-logos.cc,derived,belarus_slonim-2017.png
slutsk.png,Slutsk,Slutsk,Belarus,European club,football-logos.cc,derived,belarus_slutsk.png
smorgon.png,Smorgon,Smorgon,Belarus,European club,football-logos.cc,derived,belarus_smorgon.png
torpedo-minsk.png,Torpedo Minsk,Torpedo Minsk,Belarus,European club,football-logos.cc,derived,belarus_torpedo-minsk.png
vitebsk.png,Vitebsk,Vitebsk,Belarus,European club,football-logos.cc,derived,belarus_vitebsk.png
zvezda.png,Zvezda,Zvezda,Belarus,European club,football-logos.cc,derived,belarus_zvezda.png
beerschot.png,Beerschot,Beerschot,Belgium,European club; Top flight 2021-2026,football-logos.cc,derived,belgium_beerschot-wilrijk.png
cercle-brugge-ksv.png,Cercle Brugge KSV,Cercle Brugge KSV,Belgium,European club; Top flight 2021-2026,football-logos.cc,derived,belgium_cercle-brugge.png
club-brugge.png,Club Brugge,Club Brugge,Belgium,Champions League 1996-2017; European club; Top flight 2021-2026,football-logos.cc,game,belgium_club-brugge.png
eendracht-wervik.png,Eendracht Wervik,Eendracht Wervik,Belgium,European club,football-logos.cc,derived,belgium_eendracht-wervik.png
dender-eh.png,Dender EH,FCV Dender EH,Belgium,European club; Top flight 2021-2026,football-logos.cc,derived,belgium_fcv-dender-eh.png
lierse.png,Lierse,K. Lierse S.K.,Belgium,Champions League 1996-2017; European club,football-logos.cc,derived,belgium_lierse.png
rupel-boom.png,Rupel Boom,K. Rupel Boom F.C.,Belgium,European club,football-logos.cc,derived,belgium_rupel-boom.png
gent.png,Gent,KAA Gent,Belgium,Champions League 1996-2017; European club; Top flight 2021-2026,football-logos.cc,derived,belgium_gent.png
eupen.png,Eupen,KAS Eupen,Belgium,European club; Top flight 2021-2026,football-logos.cc,derived,belgium_eupen.png
kfc-dessel-sport.png,KFC Dessel Sport,KFC Dessel Sport,Belgium,European club,football-logos.cc,derived,belgium_dessel.png
deinze.png,Deinze,KMSK Deinze,Belgium,European club,football-logos.cc,derived,belgium_kmsk-deinze.png
genk.png,Genk,KRC Genk,Belgium,Champions League 1996-2017; European club; Top flight 2021-2026,football-logos.cc,game,belgium_genk.png
ksc-lokeren-temse.png,KSC Lokeren-Temse,KSC Lokeren-Temse,Belgium,European club,football-logos.cc,derived,belgium_lokeren.png
kortrijk.png,Kortrijk,KV Kortrijk,Belgium,European club; Top flight 2021-2026,football-logos.cc,derived,belgium_kortrijk.png
mechelen.png,Mechelen,KV Mechelen,Belgium,European club; Top flight 2021-2026,football-logos.cc,derived,belgium_mechelen.png
oostende.png,Oostende,KV Oostende,Belgium,European club; Top flight 2021-2026,football-logos.cc,derived,belgium_oostende.png
westerlo.png,Westerlo,KVC Westerlo,Belgium,European club; Top flight 2021-2026,football-logos.cc,derived,belgium_westerlo.png
lommel.png,Lommel,Lommel SK,Belgium,European club; Top flight 2021-2026,football-logos.cc,derived,belgium_lommel.png
olympic-charleroi.png,Olympic Charleroi,Olympic Charleroi,Belgium,European club,football-logos.cc,derived,belgium_olympic-charleroi.png
oud-heverlee-leuven.png,Oud-Heverlee Leuven,Oud-Heverlee Leuven,Belgium,European club; Top flight 2021-2026,football-logos.cc,derived,belgium_oud-heverlee-leuven.png
patro-eisden-maasmechelen.png,Patro Eisden Maasmechelen,Patro Eisden Maasmechelen,Belgium,European club,football-logos.cc,derived,belgium_patro-eisden-maasmechelen.png
raal-la-louviere.png,RAAL La Louviere,RAAL La Louvière,Belgium,European club; Top flight 2021-2026,football-logos.cc,derived,belgium_raal-la-louviere.png
liege.png,Liege,RFC Liège,Belgium,European club,football-logos.cc,derived,belgium_rfc-liege.png
seraing.png,Seraing,RFC Seraing,Belgium,European club; Top flight 2021-2026,football-logos.cc,derived,belgium_seraing.png
anderlecht.png,Anderlecht,RSC Anderlecht,Belgium,Champions League 1996-2017; European club; Top flight 2021-2026,football-logos.cc,game,belgium_anderlecht.png
rwdm-brussels.png,RWDM Brussels,RWDM Brussels,Belgium,European club; Top flight 2021-2026,football-logos.cc,derived,belgium_rwd-molenbeek.png
antwerp.png,Antwerp,Royal Antwerp FC,Belgium,European club; Top flight 2021-2026,football-logos.cc,derived,belgium_antwerp.png
charleroi.png,Charleroi,Royal Charleroi S.C.,Belgium,European club; Top flight 2021-2026,football-logos.cc,derived,belgium_charleroi.png
excelsior-virton.png,Excelsior Virton,Royal Excelsior Virton,Belgium,European club,football-logos.cc,derived,belgium_virton.png
francs-borains.png,Francs Borains,Royal Francs Borains,Belgium,European club,football-logos.cc,derived,belgium_francs-borains.png
beveren.png,Beveren,S.K. Beveren,Belgium,European club; Top flight 2021-2026,football-logos.cc,derived,belgium_beveren.png
sint-truidense-vv.png,Sint-Truidense VV,Sint-Truidense VV,Belgium,European club; Top flight 2021-2026,football-logos.cc,derived,belgium_sint-truidense.png
sporting-hasselt.png,Sporting Hasselt,Sporting Hasselt,Belgium,European club,football-logos.cc,derived,belgium_sporting-hasselt.png
standard-liege.png,Standard Liege,Standard Liège,Belgium,Champions League 1996-2017; European club; Top flight 2021-2026,football-logos.cc,game,belgium_standard-liege.png
union-saint-gilloise.png,Union Saint-Gilloise,Union Saint-Gilloise,Belgium,European club; Top flight 2021-2026,football-logos.cc,derived,belgium_union-saint-gilloise.png
zulte-waregem.png,Zulte Waregem,Zulte Waregem,Belgium,Champions League 1996-2017; European club; Top flight 2021-2026,football-logos.cc,derived,belgium_zulte-waregem.png
borac-banja-luka.png,Borac Banja Luka,Borac Banja Luka,Bosnia and Herzegovina,Champions League 1996-2017; European club,football-logos.cc,derived,bosnia-and-herzegovina_borac.png
gosk-gabela.png,GOSK Gabela,GOŠK Gabela,Bosnia and Herzegovina,European club,football-logos.cc,derived,bosnia-and-herzegovina_gosk.png
igman-konjic.png,Igman Konjic,Igman Konjic,Bosnia and Herzegovina,European club,football-logos.cc,derived,bosnia-and-herzegovina_igman.png
kozara-gradiska.png,Kozara Gradiska,Kozara Gradiška,Bosnia and Herzegovina,European club,football-logos.cc,derived,bosnia-and-herzegovina_kozara.png
leotar-trebinje.png,Leotar Trebinje,Leotar Trebinje,Bosnia and Herzegovina,Champions League 1996-2017; European club,football-logos.cc,derived,bosnia-and-herzegovina_leotar.png
posusje.png,Posusje,Posušje,Bosnia and Herzegovina,European club,football-logos.cc,derived,bosnia-and-herzegovina_posusje.png
radnik-bijeljina.png,Radnik Bijeljina,Radnik Bijeljina,Bosnia and Herzegovina,European club,football-logos.cc,derived,bosnia-and-herzegovina_radnik-bijeljina.png
rudar-prijedor.png,Rudar Prijedor,Rudar Prijedor,Bosnia and Herzegovina,European club,football-logos.cc,derived,bosnia-and-herzegovina_rudar-prijedor.png
sarajevo.png,Sarajevo,Sarajevo,Bosnia and Herzegovina,Champions League 1996-2017; European club,football-logos.cc,derived,bosnia-and-herzegovina_sarajevo.png
sloga-doboj.png,Sloga Doboj,Sloga Doboj,Bosnia and Herzegovina,European club,football-logos.cc,derived,bosnia-and-herzegovina_sloga.png
tuzla-city.png,Tuzla City,Tuzla City,Bosnia and Herzegovina,European club,football-logos.cc,derived,bosnia-and-herzegovina_tuzla-city.png
velez-mostar.png,Velez Mostar,Velež Mostar,Bosnia and Herzegovina,European club,football-logos.cc,derived,bosnia-and-herzegovina_velez.png
zrinjski-mostar.png,Zrinjski Mostar,Zrinjski Mostar,Bosnia and Herzegovina,Champions League 1996-2017; European club,football-logos.cc,derived,bosnia-and-herzegovina_zrinjski.png
zvijezda-09.png,Zvijezda 09,Zvijezda 09,Bosnia and Herzegovina,European club,football-logos.cc,derived,bosnia-and-herzegovina_zvijezda-09.png
zvijezda-gradacac.png,Zvijezda Gradacac,Zvijezda Gradačac,Bosnia and Herzegovina,European club,football-logos.cc,derived,bosnia-and-herzegovina_zvijezda.png
celik-zenica.png,Celik Zenica,Čelik Zenica,Bosnia and Herzegovina,European club,football-logos.cc,derived,bosnia-and-herzegovina_celik.png
siroki-brijeg.png,Siroki Brijeg,Široki Brijeg,Bosnia and Herzegovina,Champions League 1996-2017; European club,football-logos.cc,derived,bosnia-and-herzegovina_siroki-brijeg.png
zeljeznicar.png,Zeljeznicar,Željezničar,Bosnia and Herzegovina,European club,football-logos.cc,derived,bosnia-and-herzegovina_zeljeznicar.png
flamengo.png,Flamengo,Flamengo,Brazil,Game club,football-logos.cc,game,brazil_flamengo.png
santos.png,Santos,Santos FC,Brazil,Game club,football-logos.cc,game,brazil_santos.png
arda.png,Arda,Arda,Bulgaria,European club; Top flight 2021-2026,football-logos.cc,derived,bulgaria_arda.png
beroe.png,Beroe,Beroe,Bulgaria,European club; Top flight 2021-2026,football-logos.cc,derived,bulgaria_beroe.png
botev-plovdiv.png,Botev Plovdiv,Botev Plovdiv,Bulgaria,European club; Top flight 2021-2026,football-logos.cc,derived,bulgaria_botev-plovdiv.png
botev-vratsa.png,Botev Vratsa,Botev Vratsa,Bulgaria,European club; Top flight 2021-2026,football-logos.cc,derived,bulgaria_botev-vratsa.png
cska-1948.png,CSKA 1948,CSKA 1948,Bulgaria,European club; Top flight 2021-2026,football-logos.cc,derived,bulgaria_cska-1948.png
cska-sofia.png,CSKA-Sofia,CSKA-Sofia,Bulgaria,Champions League 1996-2017; European club; Top flight 2021-2026,football-logos.cc,derived,bulgaria_cska-sofia.png
cherno-more.png,Cherno More,Cherno More,Bulgaria,European club; Top flight 2021-2026,football-logos.cc,derived,bulgaria_cherno-more.png
dunav-ruse.png,Dunav Ruse,Dunav Ruse,Bulgaria,European club; Top flight 2021-2026,football-logos.cc,derived,bulgaria_dunav.png
etar.png,Etar,Etar,Bulgaria,European club,football-logos.cc,derived,bulgaria_etar.png
hebar.png,Hebar,Hebar,Bulgaria,European club; Top flight 2021-2026,football-logos.cc,derived,bulgaria_hebar.png
krumovgrad.png,Krumovgrad,Krumovgrad,Bulgaria,Top flight 2021-2026,luukhopman/football-logos,derived,bulgaria_krumovgrad.png
levski-sofia.png,Levski Sofia,Levski Sofia,Bulgaria,Champions League 1996-2017; European club; Top flight 2021-2026,football-logos.cc,derived,bulgaria_levski.png
litex.png,Litex,Litex,Bulgaria,Champions League 1996-2017; European club,football-logos.cc,derived,bulgaria_litex.png
lokomotiv-plovdiv.png,Lokomotiv Plovdiv,Lokomotiv Plovdiv,Bulgaria,Champions League 1996-2017; European club; Top flight 2021-2026,football-logos.cc,derived,bulgaria_lokomotiv-plovdiv.png
lokomotiv-sofia.png,Lokomotiv Sofia,Lokomotiv Sofia,Bulgaria,European club; Top flight 2021-2026,football-logos.cc,derived,bulgaria_lokomotiv-sofia.png
lovech.png,Lovech,Lovech,Bulgaria,European club,football-logos.cc,derived,bulgaria_lovech.png
ludogorets.png,Ludogorets,Ludogorets,Bulgaria,Champions League 1996-2017; European club; Top flight 2021-2026,football-logos.cc,game,bulgaria_ludogorets.png
marek.png,Marek,Marek,Bulgaria,European club,football-logos.cc,derived,bulgaria_marek.png
montana.png,Montana,Montana,Bulgaria,European club; Top flight 2021-2026,football-logos.cc,derived,bulgaria_montana.png
neftochimic.png,Neftochimic,Neftochimic,Bulgaria,European club,football-logos.cc,derived,bulgaria_neftochimic.png
dobrudzha-dobrich.png,Dobrudzha Dobrich,PFC Dobrudzha Dobrich,Bulgaria,European club; Top flight 2021-2026,football-logos.cc,derived,bulgaria_pfc-dobrudzha-dobrich.png
pirin.png,Pirin,Pirin,Bulgaria,European club,football-logos.cc,derived,bulgaria_pirin.png
septemvri.png,Septemvri,Septemvri,Bulgaria,European club; Top flight 2021-2026,football-logos.cc,derived,bulgaria_septemvri.png
slavia-sofia.png,Slavia Sofia,Slavia Sofia,Bulgaria,Champions League 1996-2017; European club; Top flight 2021-2026,football-logos.cc,derived,bulgaria_slavia-sofia.png
spartak-varna.png,Spartak Varna,Spartak Varna,Bulgaria,European club; Top flight 2021-2026,football-logos.cc,derived,bulgaria_spartak-varna.png
dinamo-zagreb.png,Dinamo Zagreb,GNK Dinamo Zagreb,Croatia,Champions League 1996-2017; European club; Top flight 2021-2026,football-logos.cc,game,croatia_dinamo-zagreb.png
hnk-gorica.png,HNK Gorica,HNK Gorica,Croatia,Champions League 1996-2017; European club; Top flight 2021-2026,football-logos.cc,derived,croatia_gorica.png
segesta-sisak.png,Segesta Sisak,HNK Segesta Sisak,Croatia,European club,football-logos.cc,derived,croatia_hnk-segesta-sisak.png
vukovar.png,Vukovar,HNK Vukovar,Croatia,European club; Top flight 2021-2026,football-logos.cc,derived,croatia_vukovar.png
hajduk-split.png,Hajduk Split,Hajduk Split,Croatia,Champions League 1996-2017; European club; Top flight 2021-2026,football-logos.cc,derived,croatia_hajduk-split.png
istra.png,Istra,Istra 1961,Croatia,European club; Top flight 2021-2026,football-logos.cc,derived,croatia_istra-1961.png
lokomotiva-zagreb.png,Lokomotiva Zagreb,Lokomotiva Zagreb,Croatia,European club; Top flight 2021-2026,football-logos.cc,derived,croatia_lokomotiva-zagreb.png
dugopolje.png,Dugopolje,NK Dugopolje,Croatia,European club,football-logos.cc,derived,croatia_nk-dugopolje.png
hrvatski-dragovoljac.png,Hrvatski Dragovoljac,NK Hrvatski Dragovoljac,Croatia,Top flight 2021-2026,luukhopman/football-logos,derived,croatia_nk-hrvatski-dragovoljac.png
zagora.png,Zagora,NK Zagora,Croatia,European club,football-logos.cc,derived,croatia_nk-zagora.png
osijek.png,Osijek,Osijek,Croatia,European club; Top flight 2021-2026,football-logos.cc,derived,croatia_osijek.png
rijeka.png,Rijeka,Rijeka,Croatia,Champions League 1996-2017; European club; Top flight 2021-2026,football-logos.cc,derived,croatia_rijeka.png
rudes.png,Rudes,Rudeš,Croatia,European club; Top flight 2021-2026,football-logos.cc,derived,croatia_rudes.png
slaven-belupo.png,Slaven Belupo,Slaven Belupo,Croatia,European club; Top flight 2021-2026,football-logos.cc,derived,croatia_slaven.png
slavonija-pozega.png,Slavonija Pozega,Slavonija Pozega,Croatia,European club,football-logos.cc,derived,croatia_slavonija-pozega.png
varazdin.png,Varazdin,Varaždin,Croatia,European club; Top flight 2021-2026,football-logos.cc,derived,croatia_varazdin.png
sibenik.png,Sibenik,Šibenik,Croatia,European club; Top flight 2021-2026,football-logos.cc,derived,croatia_sibenik.png
aek-larnaca.png,AEK Larnaca,AEK Larnaca,Cyprus,European club,football-logos.cc,derived,cyprus_aek-larnaca.png
ael-limassol.png,AEL Limassol,AEL Limassol,Cyprus,Champions League 1996-2017; European club,football-logos.cc,derived,cyprus_ael.png
aez-zakakiou.png,AEZ Zakakiou,AEZ Zakakiou,Cyprus,European club,football-logos.cc,derived,cyprus_aez.png
apoel.png,APOEL,APOEL,Cyprus,Champions League 1996-2017; European club,football-logos.cc,game,cyprus_apoel.png
akritas-chlorakas.png,Akritas Chlorakas,Akritas Chlorakas,Cyprus,European club,football-logos.cc,derived,cyprus_akritas-chlorakas.png
anagennisis.png,Anagennisis,Anagennisis,Cyprus,European club,football-logos.cc,derived,cyprus_anagennisis.png
anorthosis-famagusta.png,Anorthosis Famagusta,Anorthosis Famagusta,Cyprus,Champions League 1996-2017; European club,football-logos.cc,derived,cyprus_anorthosis.png
apollon-limassol.png,Apollon Limassol,Apollon Limassol,Cyprus,Champions League 1996-2017; European club,football-logos.cc,derived,cyprus_apollon.png
aris-limassol.png,Aris Limassol,Aris Limassol,Cyprus,European club,football-logos.cc,derived,cyprus_aris-limassol.png
ayia-napa.png,Ayia Napa,Ayia Napa,Cyprus,European club,football-logos.cc,derived,cyprus_ayia-napa.png
doxa.png,Doxa,Doxa,Cyprus,European club,football-logos.cc,derived,cyprus_doxa.png
enosis-neon-paralimniou.png,Enosis Neon Paralimniou,Enosis Neon Paralimniou,Cyprus,European club,football-logos.cc,derived,cyprus_enosis-neon-paralimniou.png
ethnikos-achnas.png,Ethnikos Achnas,Ethnikos Achnas,Cyprus,European club,football-logos.cc,derived,cyprus_ethnikos-achnas.png
karmiotissa.png,Karmiotissa,Karmiotissa,Cyprus,European club,football-logos.cc,derived,cyprus_karmiotissa.png
krasava-ypsonas.png,Krasava Ypsonas,Krasava Ypsonas,Cyprus,European club,football-logos.cc,derived,cyprus_krasava-ypsonas.png
nea-salamis.png,Nea Salamis,Nea Salamis,Cyprus,European club,football-logos.cc,derived,cyprus_nea-salamis.png
olympiakos-nicosia.png,Olympiakos Nicosia,Olympiakos Nicosia,Cyprus,European club,football-logos.cc,derived,cyprus_olympiakos.png
omonia-29m.png,Omonia 29M,Omonia 29M,Cyprus,European club,football-logos.cc,derived,cyprus_omonia-29m.png
omonia-aradippou.png,Omonia Aradippou,Omonia Aradippou,Cyprus,European club,football-logos.cc,derived,cyprus_omonia-aradippou.png
omonoia-nicosia.png,Omonoia Nicosia,Omonoia Nicosia,Cyprus,Champions League 1996-2017; European club,football-logos.cc,derived,cyprus_omonoia.png
othellos.png,Othellos,Othellos,Cyprus,European club,football-logos.cc,derived,cyprus_othellos.png
pafos.png,Pafos,Pafos,Cyprus,European club,football-logos.cc,derived,cyprus_pafos.png
slovacko.png,Slovacko,1. FC Slovácko,Czech Republic,European club; Top flight 2021-2026,football-logos.cc,derived,czech-republic_slovacko.png
prostejov.png,Prostejov,1. SK Prostějov,Czech Republic,European club,football-logos.cc,derived,czech-republic_prostejov.png
sparta-prague.png,Sparta Prague,AC Sparta Praha,Czech Republic,Champions League 1996-2017; European club,football-logos.cc,game,czech-republic_sparta-praha.png
arsenal-ceska-lipa.png,Arsenal Ceska Lipa,Arsenal Česká Lípa,Czech Republic,European club,football-logos.cc,derived,czech-republic_arsenal-ceska-lipa.png
banik-ostrava.png,Banik Ostrava,Baník Ostrava,Czech Republic,Champions League 1996-2017; European club; Top flight 2021-2026,football-logos.cc,derived,czech-republic_banik.png
bohemians-prague.png,Bohemians Prague,Bohemians Praha,Czech Republic,European club,football-logos.cc,derived,czech-republic_bohemians-praha.png
dukla-prague.png,Dukla Prague,Dukla Prague,Czech Republic,European club; Top flight 2021-2026,football-logos.cc,derived,czech-republic_dukla.png
sellier-and-bellot-vlasim.png,Sellier & Bellot Vlasim,FC Sellier & Bellot Vlašim,Czech Republic,European club,football-logos.cc,derived,czech-republic_sellier-bellot-vlasim.png
vysocina-jihlava.png,Vysocina Jihlava,FC Vysočina Jihlava,Czech Republic,European club,football-logos.cc,derived,czech-republic_jihlava.png
zbrojovka-brno.png,Zbrojovka Brno,FC Zbrojovka Brno,Czech Republic,European club; Top flight 2021-2026,football-logos.cc,derived,czech-republic_zbrojovka-brno.png
frydek-mistek.png,Frydek-Mistek,FK Frýdek-Místek,Czech Republic,European club,football-logos.cc,derived,czech-republic_fk-frydek-mistek.png
varnsdorf.png,Varnsdorf,FK Varnsdorf,Czech Republic,European club,football-logos.cc,derived,czech-republic_varnsdorf.png
fotbal-trinec.png,Fotbal Trinec,Fotbal Třinec,Czech Republic,European club,football-logos.cc,derived,czech-republic_fotbal-trinec.png
hanacka-slavia-kromeriz.png,Hanacka Slavia Kromeriz,Hanácká Slavia Kroměříž,Czech Republic,European club,football-logos.cc,derived,czech-republic_hanacka-slavia-kromeriz.png
hradec-kralove.png,Hradec Kralove,Hradec Králové,Czech Republic,European club; Top flight 2021-2026,football-logos.cc,derived,czech-republic_hradec-kralove.png
jablonec.png,Jablonec,Jablonec,Czech Republic,European club; Top flight 2021-2026,football-logos.cc,derived,czech-republic_jablonec.png
jiskra-domazlice.png,Jiskra Domazlice,Jiskra Domazlice,Czech Republic,European club,football-logos.cc,derived,czech-republic_jiskra-domazlice.png
karvina.png,Karvina,Karviná,Czech Republic,European club; Top flight 2021-2026,football-logos.cc,derived,czech-republic_karvina.png
chrudim.png,Chrudim,MFK Chrudim,Czech Republic,European club,football-logos.cc,derived,czech-republic_chrudim.png
mlada-boleslav.png,Mlada Boleslav,Mladá Boleslav,Czech Republic,Champions League 1996-2017; European club; Top flight 2021-2026,football-logos.cc,derived,czech-republic_mlada-boleslav.png
pardubice.png,Pardubice,Pardubice,Czech Republic,European club; Top flight 2021-2026,football-logos.cc,derived,czech-republic_pardubice.png
pisek.png,Pisek,Písek,Czech Republic,European club,football-logos.cc,derived,czech-republic_pisek.png
pribram.png,Pribram,Příbram,Czech Republic,European club,football-logos.cc,derived,czech-republic_pribram.png
sfc-opava.png,SFC Opava,SFC Opava,Czech Republic,European club,football-logos.cc,derived,czech-republic_opava.png
artis-brno.png,Artis Brno,SK Artis Brno,Czech Republic,European club; Top flight 2021-2026,football-logos.cc,derived,czech-republic_artis-brno.png
dynamo-ceske-budejovice.png,Dynamo Ceske Budejovice,SK Dynamo České Budějovice,Czech Republic,European club; Top flight 2021-2026,football-logos.cc,derived,czech-republic_ceske-budejovice.png
kladno.png,Kladno,SK Kladno,Czech Republic,European club,football-logos.cc,derived,czech-republic_sk-kladno.png
slavia-prague.png,Slavia Prague,SK Slavia Praha,Czech Republic,Champions League 1996-2017; European club,football-logos.cc,game,czech-republic_slavia-praha.png
unicov.png,Unicov,SK Unicov,Czech Republic,European club,football-logos.cc,derived,czech-republic_unicov.png
sigma-olomouc.png,Sigma Olomouc,Sigma Olomouc,Czech Republic,European club; Top flight 2021-2026,football-logos.cc,derived,czech-republic_olomouc.png
slovan-liberec.png,Slovan Liberec,Slovan Liberec,Czech Republic,Champions League 1996-2017; European club; Top flight 2021-2026,football-logos.cc,derived,czech-republic_liberec.png
slovan-rosice.png,Slovan Rosice,Slovan Rosice,Czech Republic,European club,football-logos.cc,derived,czech-republic_rosice.png
teplice.png,Teplice,Teplice,Czech Republic,Champions League 1996-2017; European club; Top flight 2021-2026,football-logos.cc,derived,czech-republic_teplice.png
taborsko.png,Taborsko,Táborsko,Czech Republic,European club,football-logos.cc,derived,czech-republic_taborsko.png
viktoria-plzen.png,Viktoria Plzen,Viktoria Plzeň,Czech Republic,Champions League 1996-2017; European club; Top flight 2021-2026,football-logos.cc,game,czech-republic_viktoria-plzen.png
viktoria-zizkov.png,Viktoria Zizkov,Viktoria Žižkov,Czech Republic,European club,football-logos.cc,derived,czech-republic_zizkov.png
zlin.png,Zlin,Zlín,Czech Republic,European club; Top flight 2021-2026,football-logos.cc,derived,czech-republic_zlin.png
usti-nad-labem.png,Usti nad Labem,Ústí nad Labem,Czech Republic,European club,football-logos.cc,derived,czech-republic_usti-nad-labem.png
ab.png,AB,AB,Denmark,European club,football-logos.cc,derived,denmark_ab.png
agf.png,AGF,AGF,Denmark,European club,football-logos.cc,derived,denmark_agf.png
aia-tranbjerg.png,AIA-Tranbjerg,AIA-Tranbjerg,Denmark,European club,football-logos.cc,derived,denmark_aia-tranbjerg.png
aab.png,AaB,AaB,Denmark,European club,football-logos.cc,derived,denmark_aab.png
aarhus-fremad.png,Aarhus Fremad,Aarhus Fremad,Denmark,European club,football-logos.cc,derived,denmark_aarhus-fremad.png
b-1908.png,B 1908,B 1908,Denmark,European club,football-logos.cc,derived,denmark_b-1908.png
b-1913.png,B 1913,B 1913,Denmark,European club,football-logos.cc,derived,denmark_b-1913.png
b-93.png,B.93,B.93,Denmark,European club,football-logos.cc,derived,denmark_b-93.png
avarta.png,Avarta,BK Avarta,Denmark,European club,football-logos.cc,derived,denmark_bk-avarta.png
skjold.png,Skjold,BK Skjold,Denmark,European club,football-logos.cc,derived,denmark_bk-skjold.png
brabrand.png,Brabrand,Brabrand IF,Denmark,European club,football-logos.cc,derived,denmark_brabrand-if.png
brondby.png,Brondby,Brøndby IF,Denmark,Champions League 1996-2017; European club; Top flight 2021-2026,football-logos.cc,derived,denmark_brondby.png
bronshoj.png,Bronshoj,Brønshøj,Denmark,European club,football-logos.cc,derived,denmark_bronshoj.png
esbjerg.png,Esbjerg,Esbjerg,Denmark,European club,football-logos.cc,derived,denmark_esbjerg.png
fc-copenhagen.png,FC Copenhagen,F.C. Copenhagen,Denmark,European club; Top flight 2021-2026,football-logos.cc,game,denmark_copenhagen.png
fa-2000.png,FA 2000,FA 2000,Denmark,European club,football-logos.cc,derived,denmark_fa-2000.png
fredericia.png,Fredericia,FC Fredericia,Denmark,European club; Top flight 2021-2026,football-logos.cc,derived,denmark_fredericia.png
helsingor.png,Helsingor,FC Helsingør,Denmark,European club,football-logos.cc,derived,denmark_fc-helsingor.png
midtjylland.png,Midtjylland,FC Midtjylland,Denmark,Champions League 1996-2017; European club; Top flight 2021-2026,football-logos.cc,derived,denmark_midtjylland.png
nordsjaelland.png,Nordsjaelland,FC Nordsjælland,Denmark,Champions League 1996-2017; European club; Top flight 2021-2026,football-logos.cc,derived,denmark_nordsjaelland.png
roskilde.png,Roskilde,FC Roskilde,Denmark,European club,football-logos.cc,derived,denmark_fc-roskilde.png
frem.png,Frem,Frem,Denmark,European club,football-logos.cc,derived,denmark_frem.png
fremad-amager.png,Fremad Amager,Fremad Amager,Denmark,European club,football-logos.cc,derived,denmark_fremad-amager.png
hik.png,HIK,HIK,Denmark,European club,football-logos.cc,derived,denmark_hik.png
hillerod.png,Hillerod,Hillerød Fodbold,Denmark,European club,football-logos.cc,derived,denmark_hillerod-fodbold.png
hobro.png,Hobro,Hobro IK,Denmark,European club,football-logos.cc,derived,denmark_hobro-ik.png
horsens.png,Horsens,Horsens,Denmark,European club; Top flight 2021-2026,football-logos.cc,derived,denmark_horsens.png
hvidovre.png,Hvidovre,Hvidovre IF,Denmark,European club; Top flight 2021-2026,football-logos.cc,derived,denmark_hvidovre-if.png
kolding.png,Kolding,Kolding IF,Denmark,European club,football-logos.cc,derived,denmark_kolding-if.png
koge.png,Koge,Køge,Denmark,Champions League 1996-2017; European club,football-logos.cc,derived,denmark_koge.png
koge-nord.png,Koge Nord,Køge Nord FC,Denmark,European club,football-logos.cc,derived,denmark_koge-nord-fc.png
lyngby.png,Lyngby,Lyngby,Denmark,European club; Top flight 2021-2026,football-logos.cc,derived,denmark_lyngby.png
middelfart-boldklub.png,Middelfart Boldklub,Middelfart Boldklub,Denmark,European club,football-logos.cc,derived,denmark_middelfart-boldklub.png
nykobing.png,Nykobing,Nykøbing FC,Denmark,European club,football-logos.cc,derived,denmark_nykobing-fc.png
naestved.png,Naestved,Næstved,Denmark,European club,football-logos.cc,derived,denmark_naestved.png
ob.png,OB,OB,Denmark,Champions League 1996-2017; European club; Top flight 2021-2026,football-logos.cc,derived,denmark_odense-boldklub.png
randers.png,Randers,Randers FC,Denmark,European club; Top flight 2021-2026,football-logos.cc,derived,denmark_randers.png
silkeborg.png,Silkeborg,Silkeborg IF,Denmark,European club; Top flight 2021-2026,football-logos.cc,derived,denmark_silkeborg.png
skive.png,Skive,Skive,Denmark,European club,football-logos.cc,derived,denmark_skive.png
sonderjyske.png,Sonderjyske,Sonderjyske,Denmark,European club; Top flight 2021-2026,football-logos.cc,derived,denmark_sonderjyske.png
thisted.png,Thisted,Thisted FC,Denmark,European club,football-logos.cc,derived,denmark_thisted-fc.png
vb.png,VB,VB,Denmark,European club; Top flight 2021-2026,football-logos.cc,derived,denmark_vejle-boldklub.png
vsk-aarhus.png,VSK Aarhus,VSK Aarhus,Denmark,European club,football-logos.cc,derived,denmark_vsk-aarhus.png
vanlose.png,Vanlose,Vanløse IF,Denmark,European club,football-logos.cc,derived,denmark_vanlose-if.png
vendsyssel.png,Vendsyssel,Vendsyssel,Denmark,European club,football-logos.cc,derived,denmark_vendsyssel.png
viborg.png,Viborg,Viborg FF,Denmark,European club; Top flight 2021-2026,football-logos.cc,derived,denmark_viborg.png
arsenal.png,Arsenal,Arsenal,England,Top 5 league 1996-2026; Top flight 2021-2026,football-logos.cc,game,england_arsenal.png
aston-villa.png,Aston Villa,Aston Villa,England,Top 5 league 1996-2026; Top flight 2021-2026,football-logos.cc,game,england_aston-villa.png
barnsley.png,Barnsley,Barnsley,England,Top 5 league 1996-2026,football-logos.cc,game,england_barnsley.png
birmingham.png,Birmingham,Birmingham City,England,Top 5 league 1996-2026,football-logos.cc,game,england_birmingham.png
blackburn.png,Blackburn,Blackburn Rovers,England,Top 5 league 1996-2026,football-logos.cc,game,england_blackburn-rovers.png
blackpool.png,Blackpool,Blackpool,England,Top 5 league 1996-2026,football-logos.cc,game,england_blackpool.png
bolton.png,Bolton,Bolton Wanderers,England,Top 5 league 1996-2026,football-logos.cc,game,england_bolton.png
bournemouth.png,Bournemouth,Bournemouth,England,Top 5 league 1996-2026; Top flight 2021-2026,football-logos.cc,game,england_bournemouth.png
bradford.png,Bradford,Bradford City,England,Top 5 league 1996-2026,football-logos.cc,game,england_bradford.png
brentford.png,Brentford,Brentford,England,Top 5 league 1996-2026; Top flight 2021-2026,football-logos.cc,game,england_brentford.png
brighton.png,Brighton,Brighton,England,Top 5 league 1996-2026; Top flight 2021-2026,football-logos.cc,game,england_brighton.png
bristol-city.png,Bristol City,Bristol City,England,Game club,football-logos.cc,game,england_bristol-city.png
burnley.png,Burnley,Burnley,England,Top 5 league 1996-2026; Top flight 2021-2026,football-logos.cc,game,england_burnley.png
cardiff.png,Cardiff,Cardiff City,England,Top 5 league 1996-2026,football-logos.cc,game,england_cardiff-city.png
charlton.png,Charlton,Charlton Athletic,England,Top 5 league 1996-2026,football-logos.cc,game,england_charlton.png
chelsea.png,Chelsea,Chelsea,England,Top 5 league 1996-2026; Top flight 2021-2026,football-logos.cc,game,england_chelsea.png
coventry.png,Coventry,Coventry City,England,Top 5 league 1996-2026; Top flight 2021-2026,football-logos.cc,game,england_coventry-city.png
crystal-palace.png,Crystal Palace,Crystal Palace,England,Top 5 league 1996-2026; Top flight 2021-2026,football-logos.cc,game,england_crystal-palace.png
derby.png,Derby,Derby County,England,Top 5 league 1996-2026,football-logos.cc,game,england_derby-county.png
everton.png,Everton,Everton,England,Top 5 league 1996-2026; Top flight 2021-2026,football-logos.cc,game,england_everton.png
fulham.png,Fulham,Fulham,England,Top 5 league 1996-2026; Top flight 2021-2026,football-logos.cc,game,england_fulham.png
huddersfield.png,Huddersfield,Huddersfield Town,England,Top 5 league 1996-2026,football-logos.cc,game,england_huddersfield.png
hull.png,Hull,Hull City,England,Top 5 league 1996-2026; Top flight 2021-2026,football-logos.cc,game,england_hull-city.png
ipswich.png,Ipswich,Ipswich,England,Top 5 league 1996-2026; Top flight 2021-2026,football-logos.cc,game,england_ipswich.png
leeds.png,Leeds,Leeds United,England,Top 5 league 1996-2026; Top flight 2021-2026,football-logos.cc,game,england_leeds-united.png
leicester.png,Leicester,Leicester,England,Top 5 league 1996-2026,football-logos.cc,game,england_leicester.png
liverpool.png,Liverpool,Liverpool FC,England,Top 5 league 1996-2026; Top flight 2021-2026,football-logos.cc,game,england_liverpool.png
luton.png,Luton,Luton Town,England,Top 5 league 1996-2026; Top flight 2021-2026,football-logos.cc,game,england_luton-town.png
man-city.png,Man City,Manchester City,England,Top 5 league 1996-2026; Top flight 2021-2026,football-logos.cc,game,england_manchester-city.png
man-utd.png,Man Utd,Manchester United,England,Top 5 league 1996-2026; Top flight 2021-2026,football-logos.cc,game,england_manchester-united.png
middlesbrough.png,Middlesbrough,Middlesbrough,England,Top 5 league 1996-2026,football-logos.cc,game,england_middlesbrough.png
millwall.png,Millwall,Millwall,England,Game club,football-logos.cc,game,england_millwall.png
newcastle.png,Newcastle,Newcastle,England,Top 5 league 1996-2026; Top flight 2021-2026,football-logos.cc,game,england_newcastle.png
norwich.png,Norwich,Norwich City,England,Top 5 league 1996-2026; Top flight 2021-2026,football-logos.cc,game,england_norwich-city.png
nottingham-forest.png,Nottingham Forest,Nottingham Forest,England,Top 5 league 1996-2026; Top flight 2021-2026,football-logos.cc,game,england_nottingham-forest.png
oldham.png,Oldham,Oldham Athletic,England,Game answer club,football-logos.cc,game,england_oldham.png
plymouth.png,Plymouth,Plymouth Argyle,England,Game club,football-logos.cc,game,england_plymouth-argyle.png
portsmouth.png,Portsmouth,Portsmouth,England,Top 5 league 1996-2026,football-logos.cc,game,england_portsmouth.png
preston.png,Preston,Preston North End,England,Game club,football-logos.cc,game,england_preston-north-end.png
qpr.png,QPR,Queens Park Rangers,England,Top 5 league 1996-2026,football-logos.cc,game,england_queens-park-rangers.png
reading.png,Reading,Reading,England,Top 5 league 1996-2026,football-logos.cc,game,england_reading.png
sheffield-utd.png,Sheffield Utd,Sheffield United,England,Top 5 league 1996-2026; Top flight 2021-2026,football-logos.cc,game,england_sheffield-united.png
sheffield-wed.png,Sheffield Wed,Sheffield Wednesday,England,Top 5 league 1996-2026,football-logos.cc,game,england_sheffield-wednesday.png
southampton.png,Southampton,Southampton,England,Top 5 league 1996-2026; Top flight 2021-2026,football-logos.cc,game,england_southampton.png
stoke.png,Stoke,Stoke City,England,Top 5 league 1996-2026,football-logos.cc,game,england_stoke-city.png
sunderland.png,Sunderland,Sunderland,England,Top 5 league 1996-2026; Top flight 2021-2026,football-logos.cc,game,england_sunderland.png
swansea.png,Swansea,Swansea City,England,Top 5 league 1996-2026,football-logos.cc,game,england_swansea-city.png
swindon.png,Swindon,Swindon Town,England,Game answer club,football-logos.cc,game,england_swindon-town.png
spurs.png,Spurs,Tottenham,England,Top 5 league 1996-2026; Top flight 2021-2026,football-logos.cc,game,england_tottenham.png
watford.png,Watford,Watford,England,Top 5 league 1996-2026; Top flight 2021-2026,football-logos.cc,game,england_watford.png
west-brom.png,West Brom,West Bromwich Albion,England,Top 5 league 1996-2026,football-logos.cc,game,england_west-bromwich-albion.png
west-ham.png,West Ham,West Ham,England,Top 5 league 1996-2026; Top flight 2021-2026,football-logos.cc,game,england_west-ham.png
wigan.png,Wigan,Wigan Athletic,England,Top 5 league 1996-2026,football-logos.cc,game,england_wigan.png
wimbledon.png,Wimbledon,Wimbledon FC,England,Top 5 league 1996-2026,timurkulenovic/sports-logos,game,england_wimbledon-fc.png
wolves.png,Wolves,Wolverhampton Wanderers,England,Top 5 league 1996-2026; Top flight 2021-2026,football-logos.cc,game,england_wolves.png
wrexham.png,Wrexham,Wrexham AFC,England,Game club,football-logos.cc,game,england_wrexham.png
nomme-united.png,Nomme United,FC Nõmme United,Estonia,European club,football-logos.cc,derived,estonia_nomme-united.png
flora-tallinn.png,Flora Tallinn,Flora Tallinn,Estonia,Champions League 1996-2017; European club,football-logos.cc,derived,estonia_flora-tallinn.png
harju-jk.png,Harju JK,Harju JK,Estonia,European club,football-logos.cc,derived,estonia_harju.png
kalev.png,Kalev,Kalev,Estonia,European club,football-logos.cc,derived,estonia_kalev.png
kuressaare.png,Kuressaare,Kuressaare,Estonia,European club,football-logos.cc,derived,estonia_kuressaare.png
levadia.png,Levadia,Levadia,Estonia,Champions League 1996-2017; European club,football-logos.cc,derived,estonia_levadia.png
narva-trans.png,Narva Trans,Narva Trans,Estonia,European club,football-logos.cc,derived,estonia_narva-trans.png
nomme-kalju.png,Nomme Kalju,Nõmme Kalju,Estonia,Champions League 1996-2017; European club,football-logos.cc,derived,estonia_kalju.png
paide.png,Paide,Paide,Estonia,European club,football-logos.cc,derived,estonia_paide.png
parnu-jk-vaprus.png,Parnu JK Vaprus,Pärnu JK Vaprus,Estonia,European club,football-logos.cc,derived,estonia_vaprus.png
tjk-legion.png,TJK Legion,TJK Legion,Estonia,European club,football-logos.cc,derived,estonia_legion.png
tammeka.png,Tammeka,Tammeka,Estonia,European club,football-logos.cc,derived,estonia_tammeka.png
tulevik.png,Tulevik,Tulevik,Estonia,European club,football-logos.cc,derived,estonia_tulevik.png
07-vestur.png,07 Vestur,07 Vestur,Faroe Islands,European club,football-logos.cc,derived,faroe-islands_07-vestur.png
ab-argir.png,AB Argir,AB,Faroe Islands,European club,football-logos.cc,derived,faroe-islands_ab.png
b36-torshavn.png,B36 Torshavn,B36 Tórshavn,Faroe Islands,Champions League 1996-2017; European club,football-logos.cc,derived,faroe-islands_b36-torshavn.png
b68.png,B68,B68,Faroe Islands,European club,football-logos.cc,derived,faroe-islands_b68.png
b71.png,B71,B71,Faroe Islands,European club,football-logos.cc,derived,faroe-islands_b71.png
eb-streymur.png,EB/Streymur,EB/Streymur,Faroe Islands,Champions League 1996-2017; European club,football-logos.cc,derived,faroe-islands_eb-streymur.png
hb.png,HB,HB,Faroe Islands,Champions League 1996-2017; European club,football-logos.cc,derived,faroe-islands_hb.png
klaksvik.png,Klaksvik,Klaksvík,Faroe Islands,Champions League 1996-2017; European club,football-logos.cc,derived,faroe-islands_klaksvik.png
nsi.png,NSI,NSÍ,Faroe Islands,Champions League 1996-2017; European club,football-logos.cc,derived,faroe-islands_nsi.png
skala.png,Skala,Skála,Faroe Islands,European club,football-logos.cc,derived,faroe-islands_skala.png
suduroy.png,Suduroy,Suduroy,Faroe Islands,European club,football-logos.cc,derived,faroe-islands_suduroy.png
tb.png,TB,TB,Faroe Islands,European club,football-logos.cc,derived,faroe-islands_tb.png
vikingur.png,Vikingur,Víkingur,Faroe Islands,European club,football-logos.cc,derived,faroe-islands_vikingur.png
if.png,IF,ÍF,Faroe Islands,European club,football-logos.cc,derived,faroe-islands_if.png
ac-oulu.png,AC Oulu,AC Oulu,Finland,European club,football-logos.cc,derived,finland_oulu.png
atlantis.png,Atlantis,Atlantis FC,Finland,European club,football-logos.cc,derived,finland_atlantis-fc.png
haka-valkeakoski.png,Haka Valkeakoski,FC Haka Valkeakoski,Finland,Champions League 1996-2017; European club,football-logos.cc,derived,finland_haka.png
honka.png,Honka,FC Honka,Finland,European club,football-logos.cc,derived,finland_honka.png
jazz.png,Jazz,FC Jazz,Finland,Champions League 1996-2017; European club,football-logos.cc,derived,finland_jazz.png
lahti.png,Lahti,FC Lahti,Finland,European club,football-logos.cc,derived,finland_lahti.png
vaajakoski.png,Vaajakoski,FC Vaajakoski,Finland,European club,football-logos.cc,derived,finland_fc-vaajakoski.png
jaro.png,Jaro,FF Jaro,Finland,European club,football-logos.cc,derived,finland_jaro.png
gbk-kokkola.png,GBK Kokkola,GBK Kokkola,Finland,European club,football-logos.cc,derived,finland_gbk-kokkola.png
hifk.png,HIFK,HIFK Fotboll,Finland,European club,football-logos.cc,derived,finland_hifk-fotboll.png
hjk-helsinki.png,HJK Helsinki,HJK Helsinki,Finland,Champions League 1996-2017; European club,football-logos.cc,derived,finland_hjk.png
helsingin-ponnistus.png,Helsingin Ponnistus,Helsingin Ponnistus,Finland,European club,football-logos.cc,derived,finland_helsingin-ponnistus.png
gnistan.png,Gnistan,IF Gnistan,Finland,European club,football-logos.cc,derived,finland_gnistan.png
ifk-mariehamn.png,IFK Mariehamn,IFK Mariehamn,Finland,European club,football-logos.cc,derived,finland_mariehamn.png
ilves.png,Ilves,Ilves,Finland,European club,football-logos.cc,derived,finland_ilves.png
inter-turku.png,Inter Turku,Inter Turku,Finland,Champions League 1996-2017; European club,football-logos.cc,derived,finland_inter-turku.png
jjk.png,JJK,JJK,Finland,European club,football-logos.cc,derived,finland_jjk.png
kpv-kokkola.png,KPV Kokkola,KPV Kokkola,Finland,European club,football-logos.cc,derived,finland_kpv.png
kotkan-tyovaen-palloilijat.png,Kotkan Tyovaen Palloilijat,Kotkan Työväen Palloilijat,Finland,European club,football-logos.cc,derived,finland_ktp.png
kups.png,KuPS,KuPS,Finland,European club,football-logos.cc,derived,finland_kups.png
mp.png,MP,MP,Finland,European club,football-logos.cc,derived,finland_mp.png
mypa.png,MyPa,MyPa,Finland,Champions League 1996-2017; European club,football-logos.cc,derived,finland_mypa.png
ols-oulu.png,OLS Oulu,OLS Oulu,Finland,European club,football-logos.cc,derived,finland_ols-oulu.png
otp-oulu.png,OTP Oulu,OTP Oulu,Finland,European club,football-logos.cc,derived,finland_otp-oulu.png
sjk-seinajoki.png,SJK Seinajoki,SJK Seinäjoki,Finland,European club,football-logos.cc,derived,finland_sjk.png
tps.png,TPS,TPS,Finland,European club,football-logos.cc,derived,finland_tps.png
tpv.png,TPV,TPV,Finland,European club,football-logos.cc,derived,finland_tpv.png
tampere-united.png,Tampere United,Tampere United,Finland,Champions League 1996-2017; European club,football-logos.cc,derived,finland_tampere-united.png
vps.png,VPS,VPS,Finland,European club,football-logos.cc,derived,finland_vps.png
ajaccio.png,Ajaccio,AC Ajaccio,France,Top 5 league 1996-2026; Top flight 2021-2026,football-logos.cc,game,france_ajaccio.png
cannes.png,Cannes,AS Cannes,France,Top 5 league 1996-2026,football-logos.cc,game,france_as-cannes.png
monaco.png,Monaco,AS Monaco,France,Top 5 league 1996-2026; Top flight 2021-2026,football-logos.cc,game,france_as-monaco.png
saint-etienne.png,Saint-Etienne,AS Saint-Étienne,France,Top 5 league 1996-2026; Top flight 2021-2026,football-logos.cc,game,france_as-saint-etienne.png
amiens.png,Amiens,Amiens SC,France,Top 5 league 1996-2026,football-logos.cc,game,france_amiens.png
angers.png,Angers,Angers,France,Top 5 league 1996-2026; Top flight 2021-2026,football-logos.cc,game,france_angers.png
auxerre.png,Auxerre,Auxerre,France,Top 5 league 1996-2026; Top flight 2021-2026,football-logos.cc,game,france_auxerre.png
bordeaux.png,Bordeaux,Bordeaux,France,Top 5 league 1996-2026; Top flight 2021-2026,football-logos.cc,game,france_bordeaux.png
boulogne.png,Boulogne,Boulogne,France,Top 5 league 1996-2026,football-logos.cc,game,france_boulogne.png
brest.png,Brest,Brest,France,Top 5 league 1996-2026,football-logos.cc,game,france_brest.png
sedan.png,Sedan,CS Sedan Ardennes,France,Top 5 league 1996-2026,football-logos.cc,game,france_cs-sedan-ardennes.png
clermont.png,Clermont,Clermont Foot,France,Top 5 league 1996-2026; Top flight 2021-2026,football-logos.cc,game,france_clermont-foot.png
dijon.png,Dijon,Dijon FCO,France,Top 5 league 1996-2026,football-logos.cc,game,france_dijon.png
guingamp.png,Guingamp,EA Guingamp,France,Top 5 league 1996-2026,football-logos.cc,game,france_guingamp.png
evian.png,Evian,Evian Thonon Gaillard,France,Top 5 league 1996-2026,sportlogos/football.db.logos,game,france_evian-thonon-gaillard.png
gueugnon.png,Gueugnon,FC Gueugnon,France,Game club,football-logos.cc,game,france_fc-gueugnon.png
martigues.png,Martigues,FC Martigues,France,Game club,football-logos.cc,game,france_fc-martigues.png
metz.png,Metz,FC Metz,France,Top 5 league 1996-2026; Top flight 2021-2026,football-logos.cc,game,france_fc-metz.png
sochaux.png,Sochaux,FC Sochaux-Montbéliard,France,Top 5 league 1996-2026,football-logos.cc,game,france_sochaux.png
gfc-ajaccio.png,GFC Ajaccio,Gazélec Ajaccio,France,Game club,football-logos.cc,game,france_gazelec-ajaccio.png
grenoble.png,Grenoble,Grenoble Foot 38,France,Top 5 league 1996-2026,football-logos.cc,game,france_grenoble-foot-38.png
istres.png,Istres,Istres FC,France,Top 5 league 1996-2026,football-logos.cc,game,france_istres-fc.png
chateauroux.png,Chateauroux,LB Châteauroux,France,Top 5 league 1996-2026,football-logos.cc,game,france_chateauroux.png
le-havre.png,Le Havre,Le Havre AC,France,Top 5 league 1996-2026; Top flight 2021-2026,football-logos.cc,game,france_le-havre-ac.png
le-mans.png,Le Mans,Le Mans FC,France,Top 5 league 1996-2026; Top flight 2021-2026,football-logos.cc,game,france_le-mans.png
lille.png,Lille,Lille,France,Top 5 league 1996-2026; Top flight 2021-2026,football-logos.cc,game,france_lille.png
lorient.png,Lorient,Lorient FC,France,Top 5 league 1996-2026; Top flight 2021-2026,football-logos.cc,game,france_lorient.png
marseille.png,Marseille,Marseille,France,Top 5 league 1996-2026; Top flight 2021-2026,football-logos.cc,game,france_marseille.png
montpellier.png,Montpellier,Montpellier,France,Top 5 league 1996-2026; Top flight 2021-2026,football-logos.cc,game,france_montpellier.png
nancy.png,Nancy,Nancy Lorraine,France,Top 5 league 1996-2026,football-logos.cc,game,france_nancy.png
nantes.png,Nantes,Nantes,France,Top 5 league 1996-2026; Top flight 2021-2026,football-logos.cc,game,france_nantes.png
nice.png,Nice,Nice,France,Top 5 league 1996-2026; Top flight 2021-2026,football-logos.cc,game,france_nice.png
nimes.png,Nimes,Nîmes Olympique,France,Top 5 league 1996-2026,football-logos.cc,game,france_nimes-olympique.png
lyon.png,Lyon,Olympique Lyonnais,France,Top 5 league 1996-2026; Top flight 2021-2026,football-logos.cc,game,france_lyon.png
psg.png,PSG,PSG,France,Top 5 league 1996-2026; Top flight 2021-2026,football-logos.cc,game,france_paris-saint-germain.png
paris-fc.png,Paris FC,Paris FC,France,Top flight 2021-2026,football-logos.cc,game,france_paris-fc.png
lens.png,Lens,RC Lens,France,Top 5 league 1996-2026; Top flight 2021-2026,football-logos.cc,game,france_rc-lens.png
strasbourg.png,Strasbourg,RC Strasbourg Alsace,France,Top flight 2021-2026,football-logos.cc,game,france_rc-strasbourg-alsace.png
rennes.png,Rennes,Rennes,France,Top 5 league 1996-2026,football-logos.cc,game,france_rennes.png
bastia.png,Bastia,SC Bastia,France,Top 5 league 1996-2026,football-logos.cc,game,france_bastia.png
caen.png,Caen,Stade Malherbe Caen,France,Top 5 league 1996-2026,football-logos.cc,game,france_stade-malherbe-caen.png
reims.png,Reims,Stade de Reims,France,Top 5 league 1996-2026; Top flight 2021-2026,football-logos.cc,game,france_stade-de-reims.png
toulouse.png,Toulouse,Toulouse,France,Top 5 league 1996-2026; Top flight 2021-2026,football-logos.cc,game,france_toulouse.png
troyes.png,Troyes,Troyes,France,Top 5 league 1996-2026; Top flight 2021-2026,football-logos.cc,game,france_troyes.png
valenciennes.png,Valenciennes,Valenciennes FC,France,Top 5 league 1996-2026,football-logos.cc,game,france_valenciennes.png
chikhura.png,Chikhura,Chikhura,Georgia,European club,football-logos.cc,derived,georgia_chikhura.png
dila.png,Dila,Dila,Georgia,Champions League 1996-2017; European club,football-logos.cc,derived,georgia_dila.png
dinamo-batumi.png,Dinamo Batumi,Dinamo Batumi,Georgia,European club,football-logos.cc,derived,georgia_dinamo-batumi.png
dinamo-tbilisi.png,Dinamo Tbilisi,Dinamo Tbilisi,Georgia,Champions League 1996-2017; European club,football-logos.cc,derived,georgia_dinamo-tbilisi.png
meshakhte-tkibuli.png,Meshakhte Tkibuli,FC Meshakhte Tkibuli,Georgia,European club,football-logos.cc,derived,georgia_meshakhte-tkibuli.png
rustavi.png,Rustavi,FC Rustavi,Georgia,Champions League 1996-2017; European club,football-logos.cc,derived,georgia_rustavi.png
samgurali-tskaltubo.png,Samgurali Tskaltubo,FC Samgurali Tskaltubo,Georgia,European club,football-logos.cc,derived,georgia_samgurali.png
spaeri.png,Spaeri,FC Spaeri,Georgia,European club,football-logos.cc,derived,georgia_spaeri.png
tskhinvali.png,Tskhinvali,FC Tskhinvali,Georgia,European club,football-logos.cc,derived,georgia_fc-tskhinvali.png
gagra.png,Gagra,Gagra,Georgia,European club,football-logos.cc,derived,georgia_gagra.png
iberia.png,Iberia,Iberia,Georgia,European club,football-logos.cc,derived,georgia_iberia.png
kolkheti.png,Kolkheti,Kolkheti,Georgia,European club,football-logos.cc,derived,georgia_kolkheti.png
locomotive-tbilisi.png,Locomotive Tbilisi,Locomotive Tbilisi,Georgia,European club,football-logos.cc,derived,georgia_locomotive-tbilisi.png
merani-martvili.png,Merani Martvili,Merani Martvili,Georgia,European club,football-logos.cc,derived,georgia_merani.png
norchi-dinamoeli.png,Norchi Dinamoeli,Norchi Dinamoeli,Georgia,European club,football-logos.cc,derived,georgia_norchi-dinamoeli.png
samtredia.png,Samtredia,Samtredia,Georgia,European club,football-logos.cc,derived,georgia_samtredia.png
sioni.png,Sioni,Sioni,Georgia,Champions League 1996-2017; European club,football-logos.cc,derived,georgia_sioni.png
telavi.png,Telavi,Telavi,Georgia,European club,football-logos.cc,derived,georgia_telavi.png
torpedo-kutaisi.png,Torpedo Kutaisi,Torpedo Kutaisi,Georgia,Champions League 1996-2017; European club,football-logos.cc,derived,georgia_torpedo-kutaisi.png
wit-georgia.png,WIT Georgia,WIT Georgia,Georgia,Champions League 1996-2017; European club,football-logos.cc,derived,georgia_wit-georgia.png
zestafoni.png,Zestafoni,Zestafoni,Georgia,Champions League 1996-2017; European club,football-logos.cc,derived,georgia_zestafoni.png
alemannia-aachen.png,Alemannia Aachen,Alemannia Aachen,Germany,Top 5 league 1996-2026,football-logos.cc,game,germany_alemannia-aachen.png
arminia-bielefeld.png,Arminia Bielefeld,Arminia Bielefeld,Germany,Top 5 league 1996-2026; Top flight 2021-2026,football-logos.cc,game,germany_arminia-bielefeld.png
augsburg.png,Augsburg,Augsburg,Germany,Top 5 league 1996-2026; Top flight 2021-2026,football-logos.cc,game,germany_augsburg.png
leverkusen.png,Leverkusen,Bayer Leverkusen,Germany,Top 5 league 1996-2026; Top flight 2021-2026,football-logos.cc,game,germany_bayer-leverkusen.png
bayern-munich.png,Bayern Munich,Bayern Munich,Germany,Top 5 league 1996-2026; Top flight 2021-2026,football-logos.cc,game,germany_bayern-munchen.png
dortmund.png,Dortmund,Borussia Dortmund,Germany,Top 5 league 1996-2026; Top flight 2021-2026,football-logos.cc,game,germany_borussia-dortmund.png
gladbach.png,Gladbach,Borussia Mönchengladbach,Germany,Top 5 league 1996-2026; Top flight 2021-2026,football-logos.cc,game,germany_borussia-monchengladbach.png
koln.png,Koln,Cologne,Germany,Top 5 league 1996-2026; Top flight 2021-2026,football-logos.cc,game,germany_koln.png
dynamo-dresden.png,Dynamo Dresden,Dynamo Dresden,Germany,Game club,football-logos.cc,game,germany_dynamo-dresden.png
eintracht-braunschweig.png,Eintracht Braunschweig,Eintracht Braunschweig,Germany,Top 5 league 1996-2026,football-logos.cc,game,germany_eintracht-braunschweig.png
eintracht-frankfurt.png,Eintracht Frankfurt,Eintracht Frankfurt,Germany,Top 5 league 1996-2026; Top flight 2021-2026,football-logos.cc,game,germany_eintracht-frankfurt.png
energie-cottbus.png,Energie Cottbus,Energie Cottbus,Germany,Top 5 league 1996-2026,football-logos.cc,game,germany_energie-cottbus.png
heidenheim.png,Heidenheim,FC Heidenheim,Germany,Top 5 league 1996-2026; Top flight 2021-2026,football-logos.cc,game,germany_fc-heidenheim.png
kaiserslautern.png,Kaiserslautern,FC Kaiserslautern,Germany,Top 5 league 1996-2026,football-logos.cc,game,germany_fc-kaiserslautern.png
nurnberg.png,Nurnberg,FC Nürnberg,Germany,Top 5 league 1996-2026,football-logos.cc,game,germany_fc-nurnberg.png
fortuna-dusseldorf.png,Fortuna Dusseldorf,Fortuna Düsseldorf,Germany,Top 5 league 1996-2026,football-logos.cc,game,germany_fortuna-dusseldorf.png
freiburg.png,Freiburg,Freiburg,Germany,Top 5 league 1996-2026; Top flight 2021-2026,football-logos.cc,game,germany_freiburg.png
hamburg.png,Hamburg,Hamburger SV,Germany,Top 5 league 1996-2026; Top flight 2021-2026,football-logos.cc,game,germany_hamburger-sv.png
hannover.png,Hannover,Hannover 96,Germany,Top 5 league 1996-2026,football-logos.cc,game,germany_hannover-96.png
hansa-rostock.png,Hansa Rostock,Hansa Rostock,Germany,Top 5 league 1996-2026,football-logos.cc,game,germany_hansa-rostock.png
hertha-berlin.png,Hertha Berlin,Hertha BSC,Germany,Top 5 league 1996-2026; Top flight 2021-2026,football-logos.cc,game,germany_hertha-bsc.png
hoffenheim.png,Hoffenheim,Hoffenheim,Germany,Top 5 league 1996-2026; Top flight 2021-2026,football-logos.cc,game,germany_hoffenheim.png
holstein-kiel.png,Holstein Kiel,Holstein Kiel,Germany,Top 5 league 1996-2026; Top flight 2021-2026,football-logos.cc,game,germany_holstein-kiel.png
ingolstadt.png,Ingolstadt,Ingolstadt,Germany,Top 5 league 1996-2026,football-logos.cc,game,germany_ingolstadt.png
kfc-uerdingen.png,KFC Uerdingen,KFC Uerdingen 05,Germany,Game club,football-logos.cc,game,germany_kfc-uerdingen-05.png
karlsruher-sc.png,Karlsruher SC,Karlsruher SC,Germany,Top 5 league 1996-2026,football-logos.cc,game,germany_karlsruher.png
msv-duisburg.png,MSV Duisburg,MSV Duisburg,Germany,Top 5 league 1996-2026,football-logos.cc,game,germany_msv-duisburg.png
mainz.png,Mainz,Mainz 05,Germany,Top 5 league 1996-2026; Top flight 2021-2026,football-logos.cc,game,germany_mainz-05.png
rb-leipzig.png,RB Leipzig,RB Leipzig,Germany,Top 5 league 1996-2026; Top flight 2021-2026,football-logos.cc,game,germany_rb-leipzig.png
paderborn.png,Paderborn,SC Paderborn,Germany,Top 5 league 1996-2026; Top flight 2021-2026,football-logos.cc,game,germany_paderborn.png
ssv-ulm.png,SSV Ulm,SSV Ulm 1846 Fußball,Germany,Top 5 league 1996-2026,football-logos.cc,game,germany_ssv-ulm-1846.png
darmstadt.png,Darmstadt,SV Darmstadt 98,Germany,Top 5 league 1996-2026; Top flight 2021-2026,football-logos.cc,game,germany_darmstadt.png
elversberg.png,Elversberg,SV Elversberg,Germany,Top flight 2021-2026,football-logos.cc,derived,germany_sv-elversberg.png
schalke.png,Schalke,Schalke 04,Germany,Top 5 league 1996-2026; Top flight 2021-2026,football-logos.cc,game,germany_schalke-04.png
greuther-furth.png,Greuther Furth,SpVgg Greuther Fürth,Germany,Top 5 league 1996-2026; Top flight 2021-2026,football-logos.cc,game,germany_spvgg-greuther-furth.png
unterhaching.png,Unterhaching,SpVgg Unterhaching,Germany,Top 5 league 1996-2026,football-logos.cc,game,germany_spvgg-unterhaching.png
st-pauli.png,St Pauli,St Pauli,Germany,Top 5 league 1996-2026; Top flight 2021-2026,football-logos.cc,game,germany_st-pauli.png
1860-munich.png,1860 Munich,TSV 1860 München,Germany,Top 5 league 1996-2026,football-logos.cc,game,germany_tsv-1860-munchen.png
union-berlin.png,Union Berlin,Union Berlin,Germany,Top 5 league 1996-2026; Top flight 2021-2026,football-logos.cc,game,germany_union-berlin.png
stuttgart.png,Stuttgart,VfB Stuttgart,Germany,Top 5 league 1996-2026; Top flight 2021-2026,football-logos.cc,game,germany_vfb-stuttgart.png
bochum.png,Bochum,VfL Bochum,Germany,Top 5 league 1996-2026; Top flight 2021-2026,football-logos.cc,game,germany_vfl-bochum.png
wattenscheid.png,Wattenscheid,Wattenscheid 09,Germany,Game club,football-logos.cc,game,germany_wattenscheid-09.png
werder-bremen.png,Werder Bremen,Werder Bremen,Germany,Top 5 league 1996-2026; Top flight 2021-2026,football-logos.cc,game,germany_werder-bremen.png
wolfsburg.png,Wolfsburg,Wolfsburg,Germany,Top 5 league 1996-2026; Top flight 2021-2026,football-logos.cc,game,germany_wolfsburg.png
college.png,College,College,Gibraltar,European club,football-logos.cc,derived,gibraltar_college.png
europa.png,Europa,Europa,Gibraltar,European club,football-logos.cc,derived,gibraltar_europa.png
europa-point.png,Europa Point,Europa Point,Gibraltar,European club,football-logos.cc,derived,gibraltar_europa-point.png
glacis.png,Glacis,Glacis,Gibraltar,European club,football-logos.cc,derived,gibraltar_glacis.png
hound-dogs.png,Hound Dogs,Hound Dogs FC,Gibraltar,European club,football-logos.cc,derived,gibraltar_hound-dogs-fc.png
lincoln-red-imps.png,Lincoln Red Imps,Lincoln Red Imps,Gibraltar,Champions League 1996-2017; European club,football-logos.cc,derived,gibraltar_lincoln-red-imps.png
lions-gibraltar.png,Lions Gibraltar,Lions Gibraltar,Gibraltar,European club,football-logos.cc,derived,gibraltar_lions-gibraltar.png
lynx.png,Lynx,Lynx,Gibraltar,European club,football-logos.cc,derived,gibraltar_lynx.png
magpies.png,Magpies,Magpies,Gibraltar,European club,football-logos.cc,derived,gibraltar_magpies.png
manchester-62.png,Manchester 62,Manchester 62,Gibraltar,European club,football-logos.cc,derived,gibraltar_manchester-62.png
mons-calpe.png,Mons Calpe,Mons Calpe,Gibraltar,European club,football-logos.cc,derived,gibraltar_mons-calpe.png
st-josephs.png,St Joseph's,St Joseph's,Gibraltar,European club,football-logos.cc,derived,gibraltar_st-joseph-s.png
a-e-kifisia.png,A.E. Kifisia,A.E. Kifisia,Greece,European club; Top flight 2021-2026,football-logos.cc,derived,greece_kifisia.png
aek-athens.png,AEK Athens,AEK Athens,Greece,Champions League 1996-2017; European club; Top flight 2021-2026,football-logos.cc,derived,greece_aek-athens.png
anagennisi-karditsa.png,Anagennisi Karditsa,Anagennisi Karditsa,Greece,European club,football-logos.cc,derived,greece_anagennisi-karditsa.png
apollon-smyrnis.png,Apollon Smyrnis,Apollon Smyrnis,Greece,European club; Top flight 2021-2026,football-logos.cc,derived,greece_apollon-smyrnis.png
aris-thessaloniki.png,Aris Thessaloniki,Aris Thessaloniki,Greece,European club; Top flight 2021-2026,football-logos.cc,derived,greece_aris-thessaloniki.png
asteras-tripolis.png,Asteras Tripolis,Asteras Tripolis,Greece,European club; Top flight 2021-2026,football-logos.cc,derived,greece_asteras.png
athens-kallithea.png,Athens Kallithea,Athens Kallithea,Greece,European club; Top flight 2021-2026,football-logos.cc,derived,greece_athens-kallithea.png
atromitos.png,Atromitos,Atromitos,Greece,European club; Top flight 2021-2026,football-logos.cc,derived,greece_atromitos.png
chania.png,Chania,Chania,Greece,European club,football-logos.cc,derived,greece_chania.png
egaleo.png,Egaleo,Egaleo,Greece,European club,football-logos.cc,derived,greece_egaleo.png
gs-ilioupoli.png,GS Ilioupoli,GS Ilioupoli,Greece,European club,football-logos.cc,derived,greece_ilioupoli-gs.png
giannina.png,Giannina,Giannina,Greece,European club; Top flight 2021-2026,football-logos.cc,derived,greece_giannina.png
hellas-syros.png,Hellas Syros,Hellas Syros,Greece,European club,football-logos.cc,derived,greece_hellas-syros.png
ionikos.png,Ionikos,Ionikos,Greece,European club; Top flight 2021-2026,football-logos.cc,derived,greece_ionikos.png
iraklis-thessaloniki.png,Iraklis Thessaloniki,Iraklis Thessaloniki,Greece,European club; Top flight 2021-2026,football-logos.cc,derived,greece_iraklis-thessaloniki.png
kalamata.png,Kalamata,Kalamata,Greece,European club; Top flight 2021-2026,football-logos.cc,derived,greece_kalamata.png
kampaniakos.png,Kampaniakos,Kampaniakos,Greece,European club,football-logos.cc,derived,greece_kampaniakos.png
kavala.png,Kavala,Kavala,Greece,European club,football-logos.cc,derived,greece_kavala.png
kerkyra.png,Kerkyra,Kerkyra,Greece,European club,football-logos.cc,derived,greece_kerkyra.png
lamia.png,Lamia,Lamia,Greece,European club; Top flight 2021-2026,football-logos.cc,derived,greece_lamia.png
larissa.png,Larissa,Larissa,Greece,European club,football-logos.cc,derived,greece_larissa.png
levadiakos.png,Levadiakos,Levadiakos,Greece,European club; Top flight 2021-2026,football-logos.cc,derived,greece_levadiakos.png
makedonikos-neapolis.png,Makedonikos Neapolis,Makedonikos Neapolis,Greece,European club,football-logos.cc,derived,greece_makedonikos-neapolis.png
marko.png,Marko,Marko,Greece,European club,football-logos.cc,derived,greece_marko.png
nestos-chrysoupoli.png,Nestos Chrysoupoli,Nestos Chrysoupoli,Greece,European club,football-logos.cc,derived,greece_nestos-chrysoupoli.png
niki-volou.png,Niki Volou,Niki Volou,Greece,European club,football-logos.cc,derived,greece_niki-volou.png
ofi.png,OFI,OFI,Greece,European club; Top flight 2021-2026,football-logos.cc,derived,greece_ofi.png
olympiacos.png,Olympiacos,Olympiacos,Greece,Champions League 1996-2017; European club; Top flight 2021-2026,football-logos.cc,game,greece_olympiacos.png
olympiacos-volou.png,Olympiacos Volou,Olympiacos Volou,Greece,European club,football-logos.cc,derived,greece_olympiacos-volou.png
paok.png,PAOK,PAOK,Greece,Champions League 1996-2017; European club; Top flight 2021-2026,football-logos.cc,game,greece_paok.png
panahaiki.png,Panahaiki,Panahaiki,Greece,European club,football-logos.cc,derived,greece_panahaiki.png
panargiakos-apo.png,Panargiakos APO,Panargiakos APO,Greece,European club,football-logos.cc,derived,greece_panargiakos.png
panathinaikos.png,Panathinaikos,Panathinaikos,Greece,Champions League 1996-2017; European club; Top flight 2021-2026,football-logos.cc,game,greece_panathinaikos.png
panetolikos.png,Panetolikos,Panetolikos,Greece,European club; Top flight 2021-2026,football-logos.cc,derived,greece_panetolikos.png
panionios.png,Panionios,Panionios,Greece,European club,football-logos.cc,derived,greece_panionios.png
panserraikos.png,Panserraikos,Panserraikos,Greece,European club; Top flight 2021-2026,football-logos.cc,derived,greece_panserraikos.png
platanias.png,Platanias,Platanias,Greece,European club,football-logos.cc,derived,greece_platanias.png
volos-nfc.png,Volos NFC,Volos NFC,Greece,European club; Top flight 2021-2026,football-logos.cc,derived,greece_volos.png
xanthi.png,Xanthi,Xanthi,Greece,European club,football-logos.cc,derived,greece_xanthi.png
ajka.png,Ajka,Ajka FC,Hungary,European club,football-logos.cc,derived,hungary_ajka-fc.png
csakvar.png,Csakvar,Aqvital FC Csákvár,Hungary,European club,football-logos.cc,derived,hungary_aqvital-fc-csakvar.png
bkv-elore.png,BKV Elore,BKV Előre SC,Hungary,European club,football-logos.cc,derived,hungary_elore.png
bvsc-zuglo.png,BVSC-Zuglo,BVSC-Zugló,Hungary,European club,football-logos.cc,derived,hungary_bvsc-zuglo.png
budafoki.png,Budafoki,Budafoki,Hungary,European club,football-logos.cc,derived,hungary_budafoki.png
budaors.png,Budaors,Budaors,Hungary,European club,football-logos.cc,derived,hungary_budaors.png
bekescsaba.png,Bekescsaba,Békéscsaba,Hungary,European club,football-logos.cc,derived,hungary_bekescsaba.png
debrecen.png,Debrecen,Debrecen,Hungary,European club,football-logos.cc,derived,hungary_debrecen.png
diosgyor-vtk.png,Diosgyor VTK,Diósgyőr VTK,Hungary,European club; Top flight 2021-2026,football-logos.cc,derived,hungary_diosgyor.png
dorogi.png,Dorogi,Dorogi FC,Hungary,European club,football-logos.cc,derived,hungary_dorogi-fc.png
eger.png,Eger,Eger,Hungary,European club,football-logos.cc,derived,hungary_eger.png
nagykanizsa.png,Nagykanizsa,FC Nagykanizsa,Hungary,European club,football-logos.cc,derived,hungary_fc-nagykanizsa.png
fehervar.png,Fehervar,Fehérvár,Hungary,European club; Top flight 2021-2026,football-logos.cc,derived,hungary_fehervar.png
ferencvaros.png,Ferencvaros,Ferencváros,Hungary,Champions League 1996-2017; European club,football-logos.cc,derived,hungary_ferencvaros.png
gyirmot.png,Gyirmot,Gyirmót,Hungary,European club,football-logos.cc,derived,hungary_gyirmot.png
gyor.png,Gyor,Győr,Hungary,European club; Top flight 2021-2026,football-logos.cc,derived,hungary_gyor.png
haladas.png,Haladas,Haladás,Hungary,European club,football-logos.cc,derived,hungary_haladas.png
honved.png,Honved,Honvéd,Hungary,European club,football-logos.cc,derived,hungary_honved.png
karcagi.png,Karcagi,Karcagi SC,Hungary,European club,football-logos.cc,derived,hungary_karcagi-sc.png
kazincbarcikai.png,Kazincbarcikai,Kazincbarcikai,Hungary,European club,football-logos.cc,derived,hungary_kazincbarcikai.png
kecskemet.png,Kecskemet,Kecskemét,Hungary,European club,football-logos.cc,derived,hungary_kecskemet.png
kisvarda.png,Kisvarda,Kisvárda,Hungary,European club,football-logos.cc,derived,hungary_kisvarda.png
kozarmisleny.png,Kozarmisleny,Kozármisleny FC,Hungary,European club,football-logos.cc,derived,hungary_kozarmisleny-fc.png
mtk.png,MTK,MTK,Hungary,Champions League 1996-2017; European club; Top flight 2021-2026,football-logos.cc,derived,hungary_mtk.png
mezokovesd.png,Mezokovesd,Mezőkövesd,Hungary,European club,football-logos.cc,derived,hungary_mezokovesd.png
nyiregyhaza-spartacus.png,Nyiregyhaza Spartacus,Nyíregyháza Spartacus,Hungary,European club; Top flight 2021-2026,football-logos.cc,derived,hungary_nyiregyhaza-spartacus.png
paksi.png,Paksi,Paksi,Hungary,European club; Top flight 2021-2026,football-logos.cc,derived,hungary_paksi.png
puskas-akademia.png,Puskas Akademia,Puskás Akadémia,Hungary,European club; Top flight 2021-2026,football-logos.cc,derived,hungary_puskas-akademia.png
pecsi-mfc.png,Pecsi MFC,Pécsi MFC,Hungary,European club,football-logos.cc,derived,hungary_pecsi.png
rakoczi.png,Rakoczi,Rákóczi,Hungary,European club,football-logos.cc,derived,hungary_rakoczi.png
salgotarjan.png,Salgotarjan,Salgótarján,Hungary,European club,football-logos.cc,derived,hungary_salgotarjan.png
soroksar.png,Soroksar,Soroksár SC,Hungary,European club,football-logos.cc,derived,hungary_soroksar-sc.png
szeged-csanad-grosics-akademia.png,Szeged-Csanad Grosics Akademia,Szeged-Csanád Grosics Akadémia,Hungary,European club,football-logos.cc,derived,hungary_szeged-csanad-grosics-akademia.png
szentlorinc.png,Szentlorinc,Szentlőrinc SE,Hungary,European club,football-logos.cc,derived,hungary_szentlorinc-se.png
tatabanya.png,Tatabanya,Tatabánya,Hungary,European club,football-logos.cc,derived,hungary_tatabanya.png
tiszakecskei-lc.png,Tiszakecskei LC,Tiszakécskei LC,Hungary,European club,football-logos.cc,derived,hungary_tiszakecskei-lc.png
vasas.png,Vasas,Vasas,Hungary,European club,football-logos.cc,derived,hungary_vasas.png
zte.png,ZTE,ZTE,Hungary,European club,football-logos.cc,derived,hungary_zte.png
ujpest.png,Ujpest,Újpest,Hungary,European club; Top flight 2021-2026,football-logos.cc,derived,hungary_ujpest.png
afturelding.png,Afturelding,Afturelding,Iceland,European club,football-logos.cc,derived,iceland_afturelding.png
breidablik.png,Breidablik,Breidablik,Iceland,Champions League 1996-2017; European club,football-logos.cc,derived,iceland_breidablik.png
fh.png,FH,FH,Iceland,Champions League 1996-2017; European club,football-logos.cc,derived,iceland_fh.png
fjolnir.png,Fjolnir,Fjölnir,Iceland,European club,football-logos.cc,derived,iceland_fjolnir.png
fram.png,Fram,Fram,Iceland,European club,football-logos.cc,derived,iceland_fram.png
fylkir.png,Fylkir,Fylkir,Iceland,European club,football-logos.cc,derived,iceland_fylkir.png
grindavik.png,Grindavik,Grindavík,Iceland,European club,football-logos.cc,derived,iceland_grindavik.png
grotta.png,Grotta,Grótta,Iceland,European club,football-logos.cc,derived,iceland_grotta.png
hk.png,HK,HK,Iceland,European club,football-logos.cc,derived,iceland_hk.png
hottur.png,Hottur,Höttur,Iceland,European club,football-logos.cc,derived,iceland_hottur.png
ka.png,KA,KA,Iceland,European club,football-logos.cc,derived,iceland_ka.png
kf.png,KF,KF,Iceland,European club,football-logos.cc,derived,iceland_kf.png
kr.png,KR,KR,Iceland,Champions League 1996-2017; European club,football-logos.cc,derived,iceland_kr.png
keflavik.png,Keflavik,Keflavík,Iceland,European club,football-logos.cc,derived,iceland_keflavik.png
leiknir-reykjavik.png,Leiknir Reykjavik,Leiknir Reykjavík,Iceland,European club,football-logos.cc,derived,iceland_leiknir-reykjavik.png
stjarnan.png,Stjarnan,Stjarnan,Iceland,Champions League 1996-2017; European club,football-logos.cc,derived,iceland_stjarnan.png
thor.png,Thor,Thór,Iceland,European club,football-logos.cc,derived,iceland_thor.png
valur.png,Valur,Valur,Iceland,Champions League 1996-2017; European club,football-logos.cc,derived,iceland_valur.png
vestri.png,Vestri,Vestri,Iceland,European club,football-logos.cc,derived,iceland_vestri.png
volsungur.png,Volsungur,Volsungur,Iceland,European club,football-logos.cc,derived,iceland_volsungur.png
vikingur-r.png,Vikingur R,Víkingur R.,Iceland,European club,football-logos.cc,derived,iceland_vikingur-r.png
vikingur-olafsvik.png,Vikingur Olafsvik,Víkingur Ólafsvík,Iceland,European club,football-logos.cc,derived,iceland_vikingur-olafsvik.png
ia.png,IA,ÍA,Iceland,Champions League 1996-2017; European club,football-logos.cc,derived,iceland_ia.png
ibv.png,IBV,ÍBV,Iceland,European club,football-logos.cc,derived,iceland_ibv.png
ymir-kopavogur.png,Ymir Kopavogur,Ýmir Kópavogur,Iceland,European club,football-logos.cc,derived,iceland_ymir-kopavogur.png
throttur-vogum.png,Throttur Vogum,Þróttur Vogum,Iceland,European club,football-logos.cc,derived,iceland_throttur-vogum.png
ashdod.png,Ashdod,Ashdod,Israel,European club; Top flight 2021-2026,football-logos.cc,derived,israel_ashdod.png
beitar-jerusalem.png,Beitar Jerusalem,Beitar Jerusalem,Israel,Champions League 1996-2017; European club; Top flight 2021-2026,football-logos.cc,derived,israel_beitar-jerusalem.png
bnei-sakhnin.png,Bnei Sakhnin,Bnei Sakhnin,Israel,European club; Top flight 2021-2026,football-logos.cc,derived,israel_bnei-sakhnin.png
bnei-yehuda.png,Bnei Yehuda,Bnei Yehuda,Israel,European club,football-logos.cc,derived,israel_bnei-yehuda.png
hapoel-afula.png,Hapoel Afula,Hapoel Afula,Israel,European club,football-logos.cc,derived,israel_hapoel-afula.png
hapoel-beer-sheva.png,Hapoel Be'er Sheva,Hapoel Be'er Sheva,Israel,European club; Top flight 2021-2026,football-logos.cc,derived,israel_hapoel-beer-sheva.png
hapoel-hadera.png,Hapoel Hadera,Hapoel Hadera,Israel,European club,football-logos.cc,derived,israel_hapoel-hadera.png
hapoel-haifa.png,Hapoel Haifa,Hapoel Haifa,Israel,Champions League 1996-2017; European club; Top flight 2021-2026,football-logos.cc,derived,israel_hapoel-haifa.png
hapoel-jerusalem.png,Hapoel Jerusalem,Hapoel Jerusalem,Israel,European club; Top flight 2021-2026,football-logos.cc,derived,israel_hapoel-jerusalem.png
hapoel-kfar-saba.png,Hapoel Kfar-Saba,Hapoel Kfar-Saba,Israel,European club,football-logos.cc,derived,israel_hapoel-kfar-saba.png
hapoel-kiryat-shmona.png,Hapoel Kiryat Shmona,Hapoel Kiryat Shmona,Israel,Champions League 1996-2017; European club,football-logos.cc,derived,israel_hapoel-kiryat-shmona.png
hapoel-petah-tikva.png,Hapoel Petah Tikva,Hapoel Petah Tikva,Israel,European club; Top flight 2021-2026,football-logos.cc,derived,israel_hapoel-petah-tikva.png
hapoel-raanana.png,Hapoel Ra'anana,Hapoel Ra'anana,Israel,European club,football-logos.cc,derived,israel_hapoel-ra-anana.png
hapoel-ramat-gan-givatayim.png,Hapoel Ramat Gan Givatayim,Hapoel Ramat Gan Givatayim,Israel,European club; Top flight 2021-2026,football-logos.cc,derived,israel_hapoel-ramat-gan.png
hapoel-rishon-lezion.png,Hapoel Rishon-LeZion,Hapoel Rishon-LeZion,Israel,European club,football-logos.cc,derived,israel_hapoel-rishon-lezion.png
hapoel-tel-aviv.png,Hapoel Tel Aviv,Hapoel Tel Aviv,Israel,Champions League 1996-2017; European club; Top flight 2021-2026,football-logos.cc,derived,israel_hapoel-tel-aviv.png
ironi-tiberias.png,Ironi Tiberias,Ironi Tiberias,Israel,European club; Top flight 2021-2026,football-logos.cc,derived,israel_ironi-tiberias.png
maccabi-ahi-nazareth.png,Maccabi Ahi Nazareth,Maccabi Ahi Nazareth,Israel,European club,football-logos.cc,derived,israel_maccabi-ahi-nazareth.png
maccabi-bnei-reineh.png,Maccabi Bnei Reineh,Maccabi Bnei Reineh,Israel,European club; Top flight 2021-2026,football-logos.cc,derived,israel_maccabi-bnei-reineh.png
maccabi-haifa.png,Maccabi Haifa,Maccabi Haifa,Israel,Champions League 1996-2017; European club; Top flight 2021-2026,football-logos.cc,game,israel_maccabi-haifa.png
maccabi-netanya.png,Maccabi Netanya,Maccabi Netanya,Israel,European club; Top flight 2021-2026,football-logos.cc,derived,israel_maccabi-netanya.png
maccabi-petah-tikva.png,Maccabi Petah Tikva,Maccabi Petah Tikva,Israel,European club; Top flight 2021-2026,football-logos.cc,derived,israel_maccabi-petah-tikva.png
maccabi-tel-aviv.png,Maccabi Tel-Aviv,Maccabi Tel-Aviv,Israel,Champions League 1996-2017; European club; Top flight 2021-2026,football-logos.cc,derived,israel_maccabi-tel-aviv.png
sektzia-ness-ziona.png,Sektzia Ness Ziona,Sektzia Ness Ziona,Israel,European club,football-logos.cc,derived,israel_nes-tziona.png
carpi.png,Carpi,AC Carpi,Italy,Top 5 league 1996-2026,football-logos.cc,game,italy_carpi.png
chievo.png,Chievo,AC ChievoVerona,Italy,Top 5 league 1996-2026,football-logos.cc,game,italy_chievo.png
monza.png,Monza,AC Monza,Italy,Top 5 league 1996-2026; Top flight 2021-2026,football-logos.cc,game,italy_monza.png
messina.png,Messina,ACR Messina,Italy,Top 5 league 1996-2026,football-logos.cc,game,italy_acr-messina.png
roma.png,Roma,AS Roma,Italy,Top 5 league 1996-2026; Top flight 2021-2026,football-logos.cc,game,italy_roma.png
ancona.png,Ancona,Ancona,Italy,Top 5 league 1996-2026,football-logos.cc,game,italy_ancona.png
ascoli.png,Ascoli,Ascoli,Italy,Top 5 league 1996-2026,football-logos.cc,game,italy_ascoli.png
atalanta.png,Atalanta,Atalanta,Italy,Top 5 league 1996-2026; Top flight 2021-2026,football-logos.cc,game,italy_atalanta.png
bari.png,Bari,Bari,Italy,Top 5 league 1996-2026,football-logos.cc,game,italy_bari.png
benevento.png,Benevento,Benevento,Italy,Top 5 league 1996-2026,football-logos.cc,game,italy_benevento.png
bologna.png,Bologna,Bologna,Italy,Top 5 league 1996-2026; Top flight 2021-2026,football-logos.cc,game,italy_bologna.png
brescia.png,Brescia,Brescia,Italy,Top 5 league 1996-2026,football-logos.cc,game,italy_brescia.png
cagliari.png,Cagliari,Cagliari,Italy,Top 5 league 1996-2026; Top flight 2021-2026,football-logos.cc,game,italy_cagliari.png
catania.png,Catania,Catania,Italy,Top 5 league 1996-2026,football-logos.cc,game,italy_catania.png
cesena.png,Cesena,Cesena FC,Italy,Top 5 league 1996-2026,football-logos.cc,game,italy_cesena.png
como.png,Como,Como 1907,Italy,Top 5 league 1996-2026; Top flight 2021-2026,football-logos.cc,game,italy_como-1907.png
cremonese.png,Cremonese,Cremonese,Italy,Top 5 league 1996-2026; Top flight 2021-2026,football-logos.cc,game,italy_cremonese.png
crotone.png,Crotone,Crotone,Italy,Top 5 league 1996-2026,football-logos.cc,game,italy_crotone.png
empoli.png,Empoli,Empoli,Italy,Top 5 league 1996-2026; Top flight 2021-2026,football-logos.cc,game,italy_empoli.png
fiorentina.png,Fiorentina,Fiorentina,Italy,Top 5 league 1996-2026; Top flight 2021-2026,football-logos.cc,game,italy_fiorentina.png
foggia.png,Foggia,Foggia,Italy,Game answer club,football-logos.cc,game,italy_foggia.png
frosinone.png,Frosinone,Frosinone Calcio,Italy,Top 5 league 1996-2026; Top flight 2021-2026,football-logos.cc,game,italy_frosinone.png
genoa.png,Genoa,Genoa,Italy,Top 5 league 1996-2026; Top flight 2021-2026,football-logos.cc,game,italy_genoa.png
verona.png,Verona,Hellas Verona,Italy,Top 5 league 1996-2026; Top flight 2021-2026,football-logos.cc,game,italy_verona.png
inter.png,Inter,Inter,Italy,Top 5 league 1996-2026,football-logos.cc,game,italy_inter.png
juventus.png,Juventus,Juventus,Italy,Top 5 league 1996-2026; Top flight 2021-2026,football-logos.cc,game,italy_juventus.png
lazio.png,Lazio,Lazio,Italy,Top 5 league 1996-2026; Top flight 2021-2026,football-logos.cc,game,italy_lazio.png
lecce.png,Lecce,Lecce,Italy,Top 5 league 1996-2026; Top flight 2021-2026,football-logos.cc,game,italy_lecce.png
livorno.png,Livorno,Livorno,Italy,Top 5 league 1996-2026,football-logos.cc,game,italy_livorno.png
ac-milan.png,AC Milan,Milan,Italy,Top 5 league 1996-2026; Top flight 2021-2026,football-logos.cc,game,italy_milan.png
modena.png,Modena,Modena,Italy,Top 5 league 1996-2026,football-logos.cc,game,italy_modena.png
napoli.png,Napoli,Napoli,Italy,Top 5 league 1996-2026; Top flight 2021-2026,football-logos.cc,game,italy_napoli.png
novara.png,Novara,Novara,Italy,Top 5 league 1996-2026,football-logos.cc,game,italy_novara.png
padova.png,Padova,Padova,Italy,Game club,football-logos.cc,game,italy_padova.png
palermo.png,Palermo,Palermo,Italy,Top 5 league 1996-2026,football-logos.cc,game,italy_palermo.png
parma.png,Parma,Parma,Italy,Top 5 league 1996-2026; Top flight 2021-2026,football-logos.cc,game,italy_parma.png
perugia.png,Perugia,Perugia,Italy,Top 5 league 1996-2026,football-logos.cc,game,italy_perugia.png
pescara.png,Pescara,Pescara,Italy,Top 5 league 1996-2026,football-logos.cc,game,italy_pescara.png
piacenza.png,Piacenza,Piacenza Calcio 1919,Italy,Top 5 league 1996-2026,football-logos.cc,game,italy_piacenza.png
pisa.png,Pisa,Pisa,Italy,Top flight 2021-2026,football-logos.cc,game,italy_pisa.png
reggiana.png,Reggiana,Reggiana,Italy,Top 5 league 1996-2026,football-logos.cc,game,italy_reggiana.png
reggina.png,Reggina,Reggina 1914,Italy,Top 5 league 1996-2026,football-logos.cc,game,italy_reggina.png
spal.png,SPAL,SPAL,Italy,Top 5 league 1996-2026,football-logos.cc,game,italy_spal.png
salernitana.png,Salernitana,Salernitana,Italy,Top 5 league 1996-2026; Top flight 2021-2026,football-logos.cc,game,italy_salernitana.png
sampdoria.png,Sampdoria,Sampdoria,Italy,Top 5 league 1996-2026; Top flight 2021-2026,football-logos.cc,game,italy_sampdoria.png
sassuolo.png,Sassuolo,Sassuolo,Italy,Top 5 league 1996-2026; Top flight 2021-2026,football-logos.cc,game,italy_sassuolo.png
siena.png,Siena,Siena,Italy,Top 5 league 1996-2026,football-logos.cc,game,italy_siena.png
spezia.png,Spezia,Spezia,Italy,Top 5 league 1996-2026; Top flight 2021-2026,football-logos.cc,game,italy_spezia.png
torino.png,Torino,Torino,Italy,Top 5 league 1996-2026; Top flight 2021-2026,football-logos.cc,game,italy_torino.png
treviso.png,Treviso,Treviso FBC 1993,Italy,Top 5 league 1996-2026,football-logos.cc,game,italy_treviso.png
udinese.png,Udinese,Udinese,Italy,Top 5 league 1996-2026; Top flight 2021-2026,football-logos.cc,game,italy_udinese.png
venezia.png,Venezia,Venezia,Italy,Top 5 league 1996-2026; Top flight 2021-2026,football-logos.cc,game,italy_venezia.png
vicenza.png,Vicenza,Vicenza,Italy,Top 5 league 1996-2026,football-logos.cc,game,italy_vicenza.png
aksu.png,Aksu,Aksu,Kazakhstan,European club,football-logos.cc,derived,kazakhstan_aksu.png
aktobe.png,Aktobe,Aktobe,Kazakhstan,Champions League 1996-2017; European club,football-logos.cc,derived,kazakhstan_aktobe.png
astana.png,Astana,Astana,Kazakhstan,Champions League 1996-2017; European club,football-logos.cc,derived,kazakhstan_astana.png
atyrau.png,Atyrau,Atyrau,Kazakhstan,European club,football-logos.cc,derived,kazakhstan_atyrau.png
irtysh.png,Irtysh,Irtysh,Kazakhstan,Champions League 1996-2017; European club,football-logos.cc,derived,kazakhstan_irtysh.png
jenis.png,Jenis,Jenis,Kazakhstan,European club,football-logos.cc,derived,kazakhstan_jenis.png
jetisu.png,Jetisu,Jetisu,Kazakhstan,European club,football-logos.cc,derived,kazakhstan_jetisu.png
kairat.png,Kairat,Kairat,Kazakhstan,Champions League 1996-2017; European club,football-logos.cc,derived,kazakhstan_kairat.png
kaspiy.png,Kaspiy,Kaspiy,Kazakhstan,European club,football-logos.cc,derived,kazakhstan_kaspiy.png
kaysar.png,Kaysar,Kaysar,Kazakhstan,European club,football-logos.cc,derived,kazakhstan_kaysar.png
kyzylzhar.png,Kyzylzhar,Kyzylzhar,Kazakhstan,European club,football-logos.cc,derived,kazakhstan_kyzylzhar.png
maqtaaral.png,Maqtaaral,Maqtaaral,Kazakhstan,European club,football-logos.cc,derived,kazakhstan_maqtaaral.png
okzhetpes.png,Okzhetpes,Okzhetpes,Kazakhstan,European club,football-logos.cc,derived,kazakhstan_okzhetpes.png
ordabasy.png,Ordabasy,Ordabasy,Kazakhstan,European club,football-logos.cc,derived,kazakhstan_ordabasy.png
shakhter.png,Shakhter,Shakhter,Kazakhstan,Champions League 1996-2017; European club,football-logos.cc,derived,kazakhstan_shakhter.png
taraz.png,Taraz,Taraz,Kazakhstan,European club,football-logos.cc,derived,kazakhstan_taraz.png
tobol.png,Tobol,Tobol,Kazakhstan,Champions League 1996-2017; European club,football-logos.cc,derived,kazakhstan_tobol.png
turan.png,Turan,Turan,Kazakhstan,European club,football-logos.cc,derived,kazakhstan_turan.png
ulytau.png,Ulytau,Ulytau,Kazakhstan,European club,football-logos.cc,derived,kazakhstan_ulytau.png
yelimay.png,Yelimay,Yelimay,Kazakhstan,European club,football-logos.cc,derived,kazakhstan_yelimay.png
ballkani.png,Ballkani,Ballkani,Kosovo,European club,football-logos.cc,derived,kosovo_ballkani.png
drenica.png,Drenica,Drenica,Kosovo,European club,football-logos.cc,derived,kosovo_drenica.png
drita.png,Drita,Drita,Kosovo,European club,football-logos.cc,derived,kosovo_drita.png
dukagjini.png,Dukagjini,Dukagjini,Kosovo,European club,football-logos.cc,derived,kosovo_dukagjini.png
ferizaj.png,Ferizaj,Ferizaj,Kosovo,European club,football-logos.cc,derived,kosovo_ferizaj.png
feronikeli.png,Feronikeli,Feronikeli,Kosovo,European club,football-logos.cc,derived,kosovo_feronikeli.png
flamurtari-prishtina.png,Flamurtari Prishtina,Flamurtari Prishtina,Kosovo,European club,football-logos.cc,derived,kosovo_flamurtari-prishtina.png
gjilani.png,Gjilani,Gjilani,Kosovo,European club,football-logos.cc,derived,kosovo_gjilani.png
kek-u.png,KEK-u,KEK-u,Kosovo,European club,football-logos.cc,derived,kosovo_kek-u.png
malisheva.png,Malisheva,KF Malisheva,Kosovo,European club,football-logos.cc,derived,kosovo_kf-malisheva.png
vellaznimi.png,Vellaznimi,KF Vellaznimi,Kosovo,European club,football-logos.cc,derived,kosovo_kf-vellaznimi.png
liria.png,Liria,Liria,Kosovo,European club,football-logos.cc,derived,kosovo_liria.png
llapi.png,Llapi,Llapi,Kosovo,European club,football-logos.cc,derived,kosovo_llapi.png
prishtina.png,Prishtina,Prishtina,Kosovo,European club,football-logos.cc,derived,kosovo_prishtina.png
trepca.png,Trepca,Trepça,Kosovo,European club,football-logos.cc,derived,kosovo_trepca.png
trepca89.png,Trepca'89,Trepça'89,Kosovo,European club,football-logos.cc,derived,kosovo_trepca-89.png
vushtrria.png,Vushtrria,Vushtrria,Kosovo,European club,football-logos.cc,derived,kosovo_vushtrria.png
auda.png,Auda,Auda,Latvia,European club,football-logos.cc,derived,latvia_auda.png
daugavpils.png,Daugavpils,Daugavpils,Latvia,Champions League 1996-2017; European club,football-logos.cc,derived,latvia_daugavpils.png
spartaks-jurmala.png,Spartaks Jurmala,FK Spartaks Jūrmala,Latvia,European club,football-logos.cc,derived,latvia_fk-spartaks-jurmala.png
grobina.png,Grobina,Grobiņa,Latvia,European club,football-logos.cc,derived,latvia_grobina.png
jelgava.png,Jelgava,Jelgava,Latvia,European club,football-logos.cc,derived,latvia_jelgava.png
liepaja.png,Liepaja,Liepāja,Latvia,European club,football-logos.cc,derived,latvia_liepaja.png
metta.png,Metta,Metta,Latvia,European club,football-logos.cc,derived,latvia_metta.png
ogre-united.png,Ogre United,Ogre United,Latvia,European club,football-logos.cc,derived,latvia_ogre-united.png
rfs.png,RFS,RFS,Latvia,European club,football-logos.cc,derived,latvia_rfs.png
rezeknes-bjss.png,Rezeknes BJSS,Rezeknes BJSS,Latvia,European club,football-logos.cc,derived,latvia_rezeknes-bjss.png
riga.png,Riga,Riga,Latvia,European club,football-logos.cc,derived,latvia_riga.png
super-nova.png,Super Nova,SK Super Nova,Latvia,European club,football-logos.cc,derived,latvia_sk-super-nova.png
tukums.png,Tukums,Tukums 2000,Latvia,European club,football-logos.cc,derived,latvia_tukums-2000.png
valmiera.png,Valmiera,Valmiera,Latvia,European club,football-logos.cc,derived,latvia_valmiera.png
eschen-mauren.png,Eschen/Mauren,Eschen/Mauren,Liechtenstein,European club,football-logos.cc,derived,liechtenstein_eschen-mauren.png
triesen.png,Triesen,Triesen,Liechtenstein,European club,football-logos.cc,derived,liechtenstein_triesen.png
vaduz.png,Vaduz,Vaduz,Liechtenstein,European club,football-logos.cc,derived,liechtenstein_vaduz.png
banga.png,Banga,Banga,Lithuania,European club,football-logos.cc,derived,lithuania_banga.png
dainava.png,Dainava,Dainava,Lithuania,European club,football-logos.cc,derived,lithuania_dainava.png
dziugas.png,Dziugas,Džiugas,Lithuania,European club,football-logos.cc,derived,lithuania_dziugas.png
ekranas.png,Ekranas,Ekranas,Lithuania,Champions League 1996-2017; European club,football-logos.cc,derived,lithuania_ekranas.png
hegelmann.png,Hegelmann,Hegelmann,Lithuania,European club,football-logos.cc,derived,lithuania_hegelmann.png
jonava.png,Jonava,Jonava,Lithuania,European club,football-logos.cc,derived,lithuania_jonava.png
kauno-zalgiris.png,Kauno Zalgiris,Kauno Žalgiris,Lithuania,European club,football-logos.cc,derived,lithuania_kauno-zalgiris.png
panevezys.png,Panevezys,Panevėžys,Lithuania,European club,football-logos.cc,derived,lithuania_panevezys.png
riteriai.png,Riteriai,Riteriai,Lithuania,European club,football-logos.cc,derived,lithuania_riteriai.png
suduva.png,Suduva,Sūduva,Lithuania,European club,football-logos.cc,derived,lithuania_suduva.png
tauras.png,Tauras,Tauras,Lithuania,European club,football-logos.cc,derived,lithuania_tauras.png
transinvest.png,TransINVEST,TransINVEST,Lithuania,European club,football-logos.cc,derived,lithuania_transinvest.png
siauliai.png,Siauliai,Šiauliai,Lithuania,European club,football-logos.cc,derived,lithuania_siauliai.png
zalgiris-vilnius.png,Zalgiris Vilnius,Žalgiris Vilnius,Lithuania,Champions League 1996-2017; European club,football-logos.cc,derived,lithuania_zalgiris-vilnius.png
avenir.png,Avenir,Avenir,Luxembourg,European club,football-logos.cc,derived,luxembourg_avenir.png
diddeleng.png,Diddeleng,Diddeleng,Luxembourg,European club,football-logos.cc,derived,luxembourg_diddeleng.png
differdange.png,Differdange,Differdange,Luxembourg,European club,football-logos.cc,derived,luxembourg_differdange.png
etzella.png,Etzella,Etzella,Luxembourg,European club,football-logos.cc,derived,luxembourg_etzella.png
erpeldange.png,Erpeldange,FC Erpeldange 72,Luxembourg,European club,football-logos.cc,derived,luxembourg_fc-erpeldange-72.png
koeppchen-wormeldange.png,Koeppchen Wormeldange,FC Koeppchen Wormeldange,Luxembourg,European club,football-logos.cc,derived,luxembourg_fc-koeppchen-wormeldange.png
schifflange.png,Schifflange,FC Schifflange 95,Luxembourg,European club,football-logos.cc,derived,luxembourg_fc-schifflange-95.png
fola.png,Fola,Fola,Luxembourg,Champions League 1996-2017; European club,football-logos.cc,derived,luxembourg_fola.png
grevenmacher.png,Grevenmacher,Grevenmacher,Luxembourg,Champions League 1996-2017; European club,football-logos.cc,derived,luxembourg_grevenmacher.png
hamm-benfica.png,Hamm Benfica,Hamm Benfica,Luxembourg,European club,football-logos.cc,derived,luxembourg_hamm-benfica.png
hostert.png,Hostert,Hostert,Luxembourg,European club,football-logos.cc,derived,luxembourg_hostert.png
jeunesse-esch.png,Jeunesse Esch,Jeunesse Esch,Luxembourg,Champions League 1996-2017; European club,football-logos.cc,derived,luxembourg_jeunesse-esch.png
kaerjeng.png,Kaerjeng,Käerjéng,Luxembourg,European club,football-logos.cc,derived,luxembourg_kaerjeng.png
mondercange.png,Mondercange,Mondercange,Luxembourg,European club,football-logos.cc,derived,luxembourg_mondercange.png
progres.png,Progres,Progrès,Luxembourg,European club,football-logos.cc,derived,luxembourg_progres.png
racing-union.png,Racing Union,Racing Union,Luxembourg,European club,football-logos.cc,derived,luxembourg_racing-union.png
rosport.png,Rosport,Rosport,Luxembourg,European club,football-logos.cc,derived,luxembourg_rosport.png
rumelange.png,Rumelange,Rumelange,Luxembourg,European club,football-logos.cc,derived,luxembourg_rumelange.png
bettembourg.png,Bettembourg,SC Bettembourg,Luxembourg,European club,football-logos.cc,derived,luxembourg_sc-bettembourg.png
swift-hesper.png,Swift Hesper,Swift Hesper,Luxembourg,European club,football-logos.cc,derived,luxembourg_swift-hesper.png
una-strassen.png,UNA Strassen,UNA Strassen,Luxembourg,European club,football-logos.cc,derived,luxembourg_una-strassen.png
union-titus.png,Union Titus,Union Titus,Luxembourg,European club,football-logos.cc,derived,luxembourg_union-titus.png
balzan.png,Balzan,Balzan,Malta,European club,football-logos.cc,derived,malta_balzan.png
birkirkara.png,Birkirkara,Birkirkara,Malta,Champions League 1996-2017; European club,football-logos.cc,derived,malta_birkirkara.png
floriana.png,Floriana,Floriana,Malta,European club,football-logos.cc,derived,malta_floriana.png
gudja.png,Gudja,Gudja,Malta,European club,football-logos.cc,derived,malta_gudja.png
gzira.png,Gzira,Gżira,Malta,European club,football-logos.cc,derived,malta_gzira.png
hamrun-spartans.png,Hamrun Spartans,Hamrun Spartans,Malta,European club,football-logos.cc,derived,malta_hamrun-spartans.png
hibernians.png,Hibernians,Hibernians,Malta,Champions League 1996-2017; European club,football-logos.cc,derived,malta_hibernians.png
lija.png,Lija,Lija,Malta,European club,football-logos.cc,derived,malta_lija.png
marsa.png,Marsa,Marsa,Malta,European club,football-logos.cc,derived,malta_marsa.png
marsaxlokk.png,Marsaxlokk,Marsaxlokk,Malta,Champions League 1996-2017; European club,football-logos.cc,derived,malta_marsaxlokk.png
mosta.png,Mosta,Mosta,Malta,European club,football-logos.cc,derived,malta_mosta.png
pieta.png,Pieta,Pietà,Malta,European club,football-logos.cc,derived,malta_pieta.png
santa-lucia.png,Santa Lucia,Santa Lucia,Malta,European club,football-logos.cc,derived,malta_santa-lucia.png
senglea.png,Senglea,Senglea,Malta,European club,football-logos.cc,derived,malta_senglea.png
sliema.png,Sliema,Sliema,Malta,Champions League 1996-2017; European club,football-logos.cc,derived,malta_sliema.png
st-andrews.png,St Andrews,St Andrews,Malta,European club,football-logos.cc,derived,malta_st-andrews.png
tarxien.png,Tarxien,Tarxien,Malta,European club,football-logos.cc,derived,malta_tarxien.png
valletta.png,Valletta,Valletta,Malta,Champions League 1996-2017; European club,football-logos.cc,derived,malta_valletta.png
zejtun-corinthians.png,Zejtun Corinthians,Zejtun Corinthians,Malta,European club,football-logos.cc,derived,malta_zejtun-corinthians.png
club-america.png,Club America,Club America,Mexico,Game club,football-logos.cc,game,mexico_club-america.png
balti.png,Balti,Bălți,Moldova,European club,football-logos.cc,derived,moldova_balti.png
dacia-buiucani.png,Dacia Buiucani,Dacia Buiucani,Moldova,European club,football-logos.cc,derived,moldova_dacia-buiucani.png
floresti.png,Floresti,Floresti,Moldova,European club,football-logos.cc,derived,moldova_floresti.png
milsami.png,Milsami,Milsami,Moldova,Champions League 1996-2017; European club,football-logos.cc,derived,moldova_milsami.png
petrocub.png,Petrocub,Petrocub,Moldova,European club,football-logos.cc,derived,moldova_petrocub.png
politehnica-utm.png,Politehnica UTM,Politehnica UTM,Moldova,European club,football-logos.cc,derived,moldova_politehnica-utm.png
real-sireti.png,Real Sireti,Real Sireți,Moldova,European club,football-logos.cc,derived,moldova_real-sireti.png
saxan.png,Saxan,Saxan,Moldova,European club,football-logos.cc,derived,moldova_saxan.png
sheriff.png,Sheriff,Sheriff,Moldova,Champions League 1996-2017; European club,football-logos.cc,derived,moldova_sheriff.png
zimbru.png,Zimbru,Zimbru,Moldova,Champions League 1996-2017; European club,football-logos.cc,derived,moldova_zimbru.png
arsenal-tivat.png,Arsenal Tivat,Arsenal Tivat,Montenegro,European club,football-logos.cc,derived,montenegro_arsenal-tivat.png
bokelj.png,Bokelj,Bokelj,Montenegro,European club,football-logos.cc,derived,montenegro_bokelj.png
buducnost-podgorica.png,Buducnost Podgorica,Budućnost Podgorica,Montenegro,Champions League 1996-2017; European club,football-logos.cc,derived,montenegro_buducnost-podgorica.png
decic.png,Decic,Dečić,Montenegro,European club,football-logos.cc,derived,montenegro_decic.png
podgorica.png,Podgorica,FK Podgorica,Montenegro,European club,football-logos.cc,derived,montenegro_fk-podgorica.png
iskra.png,Iskra,Iskra,Montenegro,European club,football-logos.cc,derived,montenegro_iskra.png
jezero.png,Jezero,Jezero,Montenegro,European club,football-logos.cc,derived,montenegro_jezero.png
mornar.png,Mornar,Mornar,Montenegro,European club,football-logos.cc,derived,montenegro_mornar.png
petrovac.png,Petrovac,Petrovac,Montenegro,European club,football-logos.cc,derived,montenegro_petrovac.png
rudar-pljevlja.png,Rudar Pljevlja,Rudar Pljevlja,Montenegro,Champions League 1996-2017; European club,football-logos.cc,derived,montenegro_rudar-pljevlja.png
sutjeska.png,Sutjeska,Sutjeska,Montenegro,Champions League 1996-2017; European club,football-logos.cc,derived,montenegro_sutjeska.png
acv-assen.png,ACV Assen,ACV Assen,Netherlands,European club,football-logos.cc,derived,netherlands_acv-assen.png
ado-den-haag.png,ADO Den Haag,ADO Den Haag,Netherlands,European club; Top flight 2021-2026,football-logos.cc,derived,netherlands_ado-den-haag.png
amsterdam.png,Amsterdam,AFC Amsterdam,Netherlands,European club,football-logos.cc,derived,netherlands_afc-amsterdam.png
dws.png,DWS,AFC DWS,Netherlands,European club,football-logos.cc,derived,netherlands_afc-dws.png
az-alkmaar.png,AZ Alkmaar,AZ Alkmaar,Netherlands,Champions League 1996-2017; European club; Top flight 2021-2026,football-logos.cc,game,netherlands_az-alkmaar.png
ajax.png,Ajax,Ajax,Netherlands,Champions League 1996-2017; European club; Top flight 2021-2026,football-logos.cc,game,netherlands_ajax.png
almere-city.png,Almere City,Almere City FC,Netherlands,European club; Top flight 2021-2026,football-logos.cc,derived,netherlands_almere-city-fc.png
bvv-barendrecht.png,BVV Barendrecht,BVV Barendrecht,Netherlands,European club,football-logos.cc,derived,netherlands_bvv-barendrecht.png
de-graafschap.png,De Graafschap,De Graafschap,Netherlands,European club,football-logos.cc,derived,netherlands_de-graafschap.png
de-treffers.png,De Treffers,De Treffers,Netherlands,European club,football-logos.cc,derived,netherlands_de-treffers.png
excelsior-maassluis.png,Excelsior Maassluis,Excelsior Maassluis,Netherlands,European club,football-logos.cc,derived,netherlands_excelsior-maassluis.png
excelsior-rotterdam.png,Excelsior Rotterdam,Excelsior Rotterdam,Netherlands,European club; Top flight 2021-2026,football-logos.cc,derived,netherlands_excelsior-rotterdam.png
den-bosch.png,Den Bosch,FC Den Bosch,Netherlands,European club,football-logos.cc,derived,netherlands_fc-den-bosch.png
dordrecht.png,Dordrecht,FC Dordrecht,Netherlands,European club,football-logos.cc,derived,netherlands_fc-dordrecht.png
eindhoven.png,Eindhoven,FC Eindhoven,Netherlands,European club,football-logos.cc,derived,netherlands_fc-eindhoven.png
emmen.png,Emmen,FC Emmen,Netherlands,European club; Top flight 2021-2026,football-logos.cc,derived,netherlands_fc-emmen.png
groningen.png,Groningen,FC Groningen,Netherlands,European club; Top flight 2021-2026,football-logos.cc,derived,netherlands_fc-groningen.png
utrecht.png,Utrecht,FC Utrecht,Netherlands,European club; Top flight 2021-2026,football-logos.cc,derived,netherlands_fc-utrecht.png
feyenoord.png,Feyenoord,Feyenoord,Netherlands,Champions League 1996-2017; European club; Top flight 2021-2026,football-logos.cc,game,netherlands_feyenoord.png
fortuna-sittard.png,Fortuna Sittard,Fortuna Sittard,Netherlands,European club; Top flight 2021-2026,football-logos.cc,derived,netherlands_fortuna-sittard.png
gvvv.png,GVVV,GVVV,Netherlands,European club,football-logos.cc,derived,netherlands_gvvv.png
go-ahead-eagles.png,Go Ahead Eagles,Go Ahead Eagles,Netherlands,European club; Top flight 2021-2026,football-logos.cc,derived,netherlands_go-ahead-eagles.png
hhc-hardenberg.png,HHC Hardenberg,HHC Hardenberg,Netherlands,European club,football-logos.cc,derived,netherlands_hhc-hardenberg.png
hsv-hoek.png,HSV Hoek,HSV Hoek,Netherlands,European club,football-logos.cc,derived,netherlands_hsv-hoek.png
helmond-sport.png,Helmond Sport,Helmond Sport,Netherlands,European club,football-logos.cc,derived,netherlands_helmond-sport.png
heracles-almelo.png,Heracles Almelo,Heracles Almelo,Netherlands,European club; Top flight 2021-2026,football-logos.cc,derived,netherlands_heracles-almelo.png
ijsselmeervogels.png,IJsselmeervogels,IJsselmeervogels,Netherlands,European club,football-logos.cc,derived,netherlands_ijsselmeervogels.png
koninklijke-hfc.png,Koninklijke HFC,Koninklijke HFC,Netherlands,European club,football-logos.cc,derived,netherlands_koninklijke-hfc.png
kozakken-boys.png,Kozakken Boys,Kozakken Boys,Netherlands,European club,football-logos.cc,derived,netherlands_kozakken-boys.png
mvv-maastricht.png,MVV Maastricht,MVV Maastricht,Netherlands,European club,football-logos.cc,derived,netherlands_mvv-maastricht.png
n-e-c-nijmegen.png,N.E.C. Nijmegen,N.E.C. Nijmegen,Netherlands,European club; Top flight 2021-2026,football-logos.cc,derived,netherlands_nec-nijmegen.png
nac-breda.png,NAC Breda,NAC Breda,Netherlands,European club; Top flight 2021-2026,football-logos.cc,derived,netherlands_nac-breda.png
pec-zwolle.png,PEC Zwolle,PEC Zwolle,Netherlands,European club; Top flight 2021-2026,football-logos.cc,derived,netherlands_pec-zwolle.png
psv.png,PSV,PSV Eindhoven,Netherlands,Champions League 1996-2017; European club; Top flight 2021-2026,football-logos.cc,game,netherlands_psv.png
quick-boys.png,Quick Boys,Quick Boys,Netherlands,European club,football-logos.cc,derived,netherlands_quick-boys.png
rkav-volendam.png,RKAV Volendam,RKAV Volendam,Netherlands,European club,football-logos.cc,derived,netherlands_rkav-volendam.png
rkc-waalwijk.png,RKC Waalwijk,RKC Waalwijk,Netherlands,European club; Top flight 2021-2026,football-logos.cc,derived,netherlands_rkc-waalwijk.png
rohda-raalte.png,ROHDA Raalte,ROHDA Raalte,Netherlands,European club,football-logos.cc,derived,netherlands_rohda-raalte.png
rijnsburgse-boys.png,Rijnsburgse Boys,Rijnsburgse Boys,Netherlands,European club,football-logos.cc,derived,netherlands_rijnsburgse-boys.png
roda-jc-kerkrade.png,Roda JC Kerkrade,Roda JC Kerkrade,Netherlands,European club,football-logos.cc,derived,netherlands_roda-jc-kerkrade.png
cambuur.png,Cambuur,SC Cambuur,Netherlands,European club; Top flight 2021-2026,football-logos.cc,derived,netherlands_sc-cambuur.png
spakenburg.png,Spakenburg,SV Spakenburg,Netherlands,European club,football-logos.cc,derived,netherlands_sv-spakenburg.png
sparta-rotterdam.png,Sparta Rotterdam,Sparta Rotterdam,Netherlands,European club; Top flight 2021-2026,football-logos.cc,derived,netherlands_sparta-rotterdam.png
top-oss.png,TOP Oss,TOP Oss,Netherlands,European club,football-logos.cc,derived,netherlands_top-oss.png
telstar.png,Telstar,Telstar,Netherlands,European club; Top flight 2021-2026,football-logos.cc,derived,netherlands_telstar.png
twente.png,Twente,Twente,Netherlands,Champions League 1996-2017; European club; Top flight 2021-2026,football-logos.cc,game,netherlands_twente.png
vv-heerjansdam.png,VV Heerjansdam,VV Heerjansdam,Netherlands,European club,football-logos.cc,derived,netherlands_vv-heerjansdam.png
vv-katwijk.png,VV Katwijk,VV Katwijk,Netherlands,European club,football-logos.cc,derived,netherlands_katwijk.png
vv-kloetinge.png,VV Kloetinge,VV Kloetinge,Netherlands,European club,football-logos.cc,derived,netherlands_kloetinge.png
vvv-venlo.png,VVV-Venlo,VVV-Venlo,Netherlands,European club,football-logos.cc,derived,netherlands_vvv-venlo.png
vitesse.png,Vitesse,Vitesse,Netherlands,European club; Top flight 2021-2026,football-logos.cc,derived,netherlands_vitesse.png
volendam.png,Volendam,Volendam,Netherlands,European club; Top flight 2021-2026,football-logos.cc,derived,netherlands_volendam.png
willem-ii.png,Willem II,Willem II,Netherlands,Champions League 1996-2017; Top flight 2021-2026,football-logos.cc,derived,netherlands_willem-ii.png
sc-heerenveen.png,sc Heerenveen,sc Heerenveen,Netherlands,Champions League 1996-2017; European club; Top flight 2021-2026,football-logos.cc,derived,netherlands_sc-heerenveen.png
belasica.png,Belasica,Belasica,North Macedonia,European club,football-logos.cc,derived,north-macedonia_belasica.png
brera-strumica.png,Brera Strumica,Brera Strumica,North Macedonia,European club,football-logos.cc,derived,north-macedonia_brera-strumica.png
borec-veles.png,Borec Veles,FK Borec Veles,North Macedonia,European club,football-logos.cc,derived,north-macedonia_fk-borec-veles.png
makedonija.png,Makedonija,Makedonija,North Macedonia,Champions League 1996-2017; European club,football-logos.cc,derived,north-macedonia_makedonija.png
pelister.png,Pelister,Pelister,North Macedonia,European club,football-logos.cc,derived,north-macedonia_pelister.png
pobeda.png,Pobeda,Pobeda,North Macedonia,Champions League 1996-2017; European club,football-logos.cc,derived,north-macedonia_pobeda.png
rabotnicki.png,Rabotnicki,Rabotnicki,North Macedonia,Champions League 1996-2017; European club,football-logos.cc,derived,north-macedonia_rabotnicki.png
shkupi.png,Shkupi,Shkupi,North Macedonia,European club,football-logos.cc,derived,north-macedonia_shkupi.png
shkendija.png,Shkendija,Shkëndija,North Macedonia,Champions League 1996-2017; European club,football-logos.cc,derived,north-macedonia_shkendija.png
sileks.png,Sileks,Sileks,North Macedonia,Champions League 1996-2017; European club,football-logos.cc,derived,north-macedonia_sileks.png
struga.png,Struga,Struga,North Macedonia,European club,football-logos.cc,derived,north-macedonia_struga.png
tikves.png,Tikves,Tikves,North Macedonia,European club,football-logos.cc,derived,north-macedonia_tikves.png
vardar.png,Vardar,Vardar,North Macedonia,Champions League 1996-2017; European club,football-logos.cc,derived,north-macedonia_vardar.png
ards.png,Ards,Ards,Northern Ireland,European club,football-logos.cc,derived,northern-ireland_ards.png
ballymena-united.png,Ballymena United,Ballymena United,Northern Ireland,European club,football-logos.cc,derived,northern-ireland_ballymena-united.png
bangor.png,Bangor,Bangor,Northern Ireland,European club,football-logos.cc,derived,northern-ireland_bangor.png
carrick-rangers.png,Carrick Rangers,Carrick Rangers,Northern Ireland,European club,football-logos.cc,derived,northern-ireland_carrick.png
cliftonville.png,Cliftonville,Cliftonville,Northern Ireland,Champions League 1996-2017; European club,football-logos.cc,derived,northern-ireland_cliftonville.png
coleraine.png,Coleraine,Coleraine,Northern Ireland,European club,football-logos.cc,derived,northern-ireland_coleraine.png
crusaders.png,Crusaders,Crusaders,Northern Ireland,Champions League 1996-2017; European club,football-logos.cc,derived,northern-ireland_crusaders.png
dungannon.png,Dungannon,Dungannon,Northern Ireland,European club,football-logos.cc,derived,northern-ireland_dungannon.png
glenavon.png,Glenavon,Glenavon,Northern Ireland,European club,football-logos.cc,derived,northern-ireland_glenavon.png
glentoran.png,Glentoran,Glentoran,Northern Ireland,Champions League 1996-2017; European club,football-logos.cc,derived,northern-ireland_glentoran.png
institute.png,Institute,Institute,Northern Ireland,European club,football-logos.cc,derived,northern-ireland_institute.png
larne.png,Larne,Larne,Northern Ireland,European club,football-logos.cc,derived,northern-ireland_larne.png
limavady-united.png,Limavady United,Limavady United,Northern Ireland,European club,football-logos.cc,derived,northern-ireland_limavady-united.png
linfield.png,Linfield,Linfield,Northern Ireland,Champions League 1996-2017; European club,football-logos.cc,derived,northern-ireland_linfield.png
newry-city.png,Newry City,Newry City,Northern Ireland,European club,football-logos.cc,derived,northern-ireland_newry.png
portadown.png,Portadown,Portadown,Northern Ireland,Champions League 1996-2017; European club,football-logos.cc,derived,northern-ireland_portadown.png
warrenpoint-town.png,Warrenpoint Town,Warrenpoint Town,Northern Ireland,European club,football-logos.cc,derived,northern-ireland_warrenpoint.png
aalesund.png,Aalesund,Aalesund,Norway,European club; Top flight 2021-2026,football-logos.cc,derived,norway_aalesund.png
alta.png,Alta,Alta IF,Norway,European club,football-logos.cc,derived,norway_alta-if.png
bodo-glimt.png,Bodo/Glimt,Bodø/Glimt,Norway,European club; Top flight 2021-2026,football-logos.cc,derived,norway_bodo-glimt.png
brann.png,Brann,Brann,Norway,Champions League 1996-2017; European club; Top flight 2021-2026,football-logos.cc,derived,norway_brann.png
bryne.png,Bryne,Bryne,Norway,European club; Top flight 2021-2026,football-logos.cc,derived,norway_bryne.png
egersunds.png,Egersunds,Egersunds IK,Norway,European club,football-logos.cc,derived,norway_egersunds-ik.png
fagerborg.png,Fagerborg,Fagerborg BK,Norway,European club,football-logos.cc,derived,norway_fagerborg-bk.png
follo.png,Follo,Follo FK,Norway,European club,football-logos.cc,derived,norway_follo-fk.png
fredrikstad.png,Fredrikstad,Fredrikstad,Norway,European club; Top flight 2021-2026,football-logos.cc,derived,norway_fredrikstad.png
gamle-oslo.png,Gamle Oslo,Gamle Oslo FK,Norway,European club,football-logos.cc,derived,norway_gamle-oslo-fk.png
hamarkameratene.png,Hamarkameratene,Hamarkameratene,Norway,European club; Top flight 2021-2026,football-logos.cc,derived,norway_hamkam.png
haugesund.png,Haugesund,Haugesund,Norway,European club; Top flight 2021-2026,football-logos.cc,derived,norway_haugesund.png
hodd.png,Hodd,Hødd,Norway,European club,football-logos.cc,derived,norway_hodd.png
start.png,Start,IK Start,Norway,European club; Top flight 2021-2026,football-logos.cc,derived,norway_start.png
jerv.png,Jerv,Jerv,Norway,European club,football-logos.cc,derived,norway_jerv.png
kfum.png,KFUM,KFUM,Norway,European club; Top flight 2021-2026,football-logos.cc,derived,norway_kfum.png
kongsvinger.png,Kongsvinger,Kongsvinger,Norway,European club,football-logos.cc,derived,norway_kongsvinger.png
kristiansund.png,Kristiansund,Kristiansund,Norway,European club; Top flight 2021-2026,football-logos.cc,derived,norway_kristiansund.png
lillestrom.png,Lillestrom,Lillestrøm,Norway,Champions League 1996-2017; European club; Top flight 2021-2026,football-logos.cc,derived,norway_lillestrom.png
lyn.png,Lyn,Lyn 1896 FK,Norway,European club,football-logos.cc,derived,norway_lyn.png
mjondalen.png,Mjondalen,Mjøndalen,Norway,European club,football-logos.cc,derived,norway_mjondalen.png
molde.png,Molde,Molde,Norway,Champions League 1996-2017; European club; Top flight 2021-2026,football-logos.cc,game,norway_molde.png
moss.png,Moss,Moss FK,Norway,European club,football-logos.cc,derived,norway_moss.png
odd.png,Odd,Odd,Norway,European club; Top flight 2021-2026,football-logos.cc,derived,norway_odd.png
oslojuvelene.png,Oslojuvelene,Oslojuvelene FK,Norway,European club,football-logos.cc,derived,norway_oslojuvelene-fk.png
ranheim.png,Ranheim,Ranheim Fotball,Norway,European club,football-logos.cc,derived,norway_ranheim-fotball.png
raufoss.png,Raufoss,Raufoss IL,Norway,European club,football-logos.cc,derived,norway_raufoss-il.png
rosenborg.png,Rosenborg,Rosenborg,Norway,Champions League 1996-2017; European club; Top flight 2021-2026,football-logos.cc,game,norway_rosenborg.png
sandefjord.png,Sandefjord,Sandefjord,Norway,European club; Top flight 2021-2026,football-logos.cc,derived,norway_sandefjord.png
sandnes-ulf.png,Sandnes Ulf,Sandnes Ulf,Norway,European club,football-logos.cc,derived,norway_sandnes-ulf.png
sarpsborg.png,Sarpsborg,Sarpsborg 08,Norway,European club; Top flight 2021-2026,football-logos.cc,derived,norway_sarpsborg.png
skeid.png,Skeid,Skeid,Norway,European club,football-logos.cc,derived,norway_skeid.png
sogndal.png,Sogndal,Sogndal Fotball,Norway,European club,football-logos.cc,derived,norway_sogndal-fotball.png
stabaek.png,Stabaek,Stabæk,Norway,Champions League 1996-2017; European club,football-logos.cc,derived,norway_stabaek.png
strommen.png,Strommen,Strømmen IF,Norway,European club,football-logos.cc,derived,norway_strommen-if.png
stromsgodset.png,Stromsgodset,Strømsgodset,Norway,Champions League 1996-2017; European club; Top flight 2021-2026,football-logos.cc,derived,norway_stromsgodset.png
teisen.png,Teisen,Teisen IF,Norway,European club,football-logos.cc,derived,norway_teisen-if.png
tromso.png,Tromso,Tromsø,Norway,European club; Top flight 2021-2026,football-logos.cc,derived,norway_tromso.png
viking.png,Viking,Viking FK,Norway,European club; Top flight 2021-2026,football-logos.cc,derived,norway_viking.png
valerenga.png,Valerenga,Vålerenga,Norway,Champions League 1996-2017; European club; Top flight 2021-2026,football-logos.cc,derived,norway_valerenga.png
asane.png,Asane,Åsane Fotball,Norway,European club,football-logos.cc,derived,norway_asane-fotball.png
arka-gdynia.png,Arka Gdynia,Arka Gdynia,Poland,European club; Top flight 2021-2026,football-logos.cc,derived,poland_arka.png
bruk-bet-termalica-nieciecza.png,Bruk-Bet Termalica Nieciecza,Bruk-Bet Termalica Nieciecza,Poland,European club; Top flight 2021-2026,football-logos.cc,derived,poland_bruk-bet-termalica-nieciecza.png
chrobry-glogow.png,Chrobry Glogow,Chrobry Głogów,Poland,European club,football-logos.cc,derived,poland_chrobry-glogow.png
cracovia.png,Cracovia,Cracovia,Poland,European club; Top flight 2021-2026,football-logos.cc,derived,poland_cracovia.png
gks-katowice.png,GKS Katowice,GKS Katowice,Poland,European club; Top flight 2021-2026,football-logos.cc,derived,poland_katowice.png
gks-tychy.png,GKS Tychy,GKS Tychy,Poland,European club,football-logos.cc,derived,poland_tychy.png
gornik-zabrze.png,Gornik Zabrze,Górnik Zabrze,Poland,European club; Top flight 2021-2026,football-logos.cc,derived,poland_gornik-zabrze.png
gornik-leczna.png,Gornik Leczna,Górnik Łęczna,Poland,European club; Top flight 2021-2026,football-logos.cc,derived,poland_gornik-leczna.png
hutnik-krakow.png,Hutnik Krakow,Hutnik Kraków,Poland,European club,football-logos.cc,derived,poland_hutnik.png
jagiellonia-bialystok.png,Jagiellonia Bialystok,Jagiellonia Białystok,Poland,European club; Top flight 2021-2026,football-logos.cc,derived,poland_jagiellonia.png
korona-kielce.png,Korona Kielce,Korona Kielce,Poland,European club; Top flight 2021-2026,football-logos.cc,derived,poland_korona-kielce.png
lech-poznan.png,Lech Poznan,Lech Poznań,Poland,Champions League 1996-2017; European club; Top flight 2021-2026,football-logos.cc,derived,poland_lech-poznan.png
lechia-gdansk.png,Lechia Gdansk,Lechia Gdańsk,Poland,European club; Top flight 2021-2026,football-logos.cc,derived,poland_lechia.png
legia-warsaw.png,Legia Warsaw,Legia Warszawa,Poland,Champions League 1996-2017; European club; Top flight 2021-2026,football-logos.cc,game,poland_legia-warszawa.png
miedz-legnica.png,Miedz Legnica,Miedź Legnica,Poland,European club; Top flight 2021-2026,football-logos.cc,derived,poland_miedz.png
motor-lublin.png,Motor Lublin,Motor Lublin,Poland,European club; Top flight 2021-2026,football-logos.cc,derived,poland_motor-lublin.png
odra-opole.png,Odra Opole,Odra Opole,Poland,European club,football-logos.cc,derived,poland_opole.png
piast-gliwice.png,Piast Gliwice,Piast Gliwice,Poland,European club; Top flight 2021-2026,football-logos.cc,derived,poland_piast.png
podbeskidzie-bielsko-biala.png,Podbeskidzie Bielsko-Biala,Podbeskidzie Bielsko-Biała,Poland,European club,football-logos.cc,derived,poland_podbeskidzie.png
pogon-grodzisk-mazowiecki.png,Pogon Grodzisk Mazowiecki,Pogoń Grodzisk Mazowiecki,Poland,European club,football-logos.cc,derived,poland_pogon-grodzisk-mazowiecki.png
pogon-siedlce.png,Pogon Siedlce,Pogoń Siedlce,Poland,European club,football-logos.cc,derived,poland_pogon-siedlce.png
pogon-szczecin.png,Pogon Szczecin,Pogoń Szczecin,Poland,European club; Top flight 2021-2026,football-logos.cc,derived,poland_pogon.png
polonia-bytom.png,Polonia Bytom,Polonia Bytom,Poland,European club,football-logos.cc,derived,poland_polonia-bytom.png
polonia-warsaw.png,Polonia Warsaw,Polonia Warszawa,Poland,Champions League 1996-2017; European club,football-logos.cc,derived,poland_polonia-warszawa.png
puszcza-niepolomice.png,Puszcza Niepolomice,Puszcza Niepołomice,Poland,European club; Top flight 2021-2026,football-logos.cc,derived,poland_puszcza-niepolomice.png
radomiak-radom.png,Radomiak Radom,Radomiak Radom,Poland,European club; Top flight 2021-2026,football-logos.cc,derived,poland_radomiak.png
rakow-czestochowa.png,Rakow Czestochowa,Raków Częstochowa,Poland,European club; Top flight 2021-2026,football-logos.cc,derived,poland_rakow.png
ruch-chorzow.png,Ruch Chorzow,Ruch Chorzów,Poland,European club; Top flight 2021-2026,football-logos.cc,derived,poland_ruch-chorzow.png
stal-mielec.png,Stal Mielec,Stal Mielec,Poland,European club; Top flight 2021-2026,football-logos.cc,derived,poland_stal-mielec.png
stal-rzeszow.png,Stal Rzeszow,Stal Rzeszów,Poland,European club,football-logos.cc,derived,poland_stal-rzeszow.png
unia-skierniewice.png,Unia Skierniewice,Unia Skierniewice,Poland,European club,football-logos.cc,derived,poland_unia-skierniewice.png
warta-poznan.png,Warta Poznan,Warta Poznań,Poland,European club; Top flight 2021-2026,football-logos.cc,derived,poland_warta.png
widzew-lodz.png,Widzew Lodz,Widzew Lodz,Poland,Champions League 1996-2017; European club; Top flight 2021-2026,football-logos.cc,derived,poland_widzew.png
wieczysta-krakow.png,Wieczysta Krakow,Wieczysta Kraków,Poland,European club; Top flight 2021-2026,football-logos.cc,derived,poland_wieczysta-krakow.png
wisla-krakow.png,Wisla Krakow,Wisła Kraków,Poland,Champions League 1996-2017; European club; Top flight 2021-2026,football-logos.cc,derived,poland_wisla-krakow.png
wisla-plock.png,Wisla Plock,Wisła Płock,Poland,European club; Top flight 2021-2026,football-logos.cc,derived,poland_wisla-plock.png
zaglebie-lubin.png,Zaglebie Lubin,Zagłębie Lubin,Poland,Champions League 1996-2017; European club; Top flight 2021-2026,football-logos.cc,derived,poland_zaglebie-lubin.png
znicz-pruszkow.png,Znicz Pruszkow,Znicz Pruszków,Poland,European club,football-logos.cc,derived,poland_znicz-pruszkow.png
lks-lodz.png,LKS Lodz,ŁKS Łódź,Poland,Champions League 1996-2017; European club; Top flight 2021-2026,football-logos.cc,derived,poland_lks-lodz.png
slask-wroclaw.png,Slask Wroclaw,Śląsk Wrocław,Poland,Champions League 1996-2017; European club; Top flight 2021-2026,football-logos.cc,derived,poland_slask.png
avs-futebol-sad.png,AVS Futebol SAD,AVS Futebol SAD,Portugal,Top flight 2021-2026,football-logos.cc,derived,portugal_avs-futebol-sad.png
academico-de-viseu.png,Academico de Viseu,Académico de Viseu,Portugal,Current top flight; Top flight 2021-2026,football-logos.cc,derived,portugal_academico-de-viseu.png
alverca.png,Alverca,Alverca,Portugal,Current top flight; Top flight 2021-2026,football-logos.cc,derived,portugal_alverca.png
arouca.png,Arouca,Arouca,Portugal,Current top flight; Top flight 2021-2026,football-logos.cc,derived,portugal_arouca.png
benfica.png,Benfica,Benfica,Portugal,Champions League 1996-2017; Current top flight; Top flight 2021-2026,football-logos.cc,game,portugal_benfica.png
boavista.png,Boavista,Boavista,Portugal,Champions League 1996-2017; Top flight 2021-2026,football-logos.cc,derived,portugal_boavista.png
casa-pia-ac.png,Casa Pia AC,Casa Pia AC,Portugal,Current top flight; Top flight 2021-2026,football-logos.cc,derived,portugal_casa-pia-ac.png
estoril.png,Estoril,Estoril,Portugal,Current top flight; Top flight 2021-2026,football-logos.cc,derived,portugal_estoril.png
estrela-da-amadora.png,Estrela da Amadora,Estrela da Amadora,Portugal,Current top flight; Top flight 2021-2026,football-logos.cc,derived,portugal_estrela-da-amadora.png
porto.png,Porto,FC Porto,Portugal,Champions League 1996-2017; Current top flight; Top flight 2021-2026,football-logos.cc,game,portugal_fc-porto.png
famalicao.png,Famalicao,Famalicao,Portugal,Current top flight; Top flight 2021-2026,football-logos.cc,derived,portugal_famalicao.png
farense.png,Farense,Farense,Portugal,Top flight 2021-2026,football-logos.cc,derived,portugal_farense.png
gil-vicente.png,Gil Vicente,Gil Vicente,Portugal,Current top flight; Top flight 2021-2026,football-logos.cc,derived,portugal_gil-vicente.png
grupo-desportivo-de-chaves.png,Grupo Desportivo de Chaves,Grupo Desportivo de Chaves,Portugal,Top flight 2021-2026,football-logos.cc,derived,portugal_chaves.png
maritimo.png,Maritimo,Marítimo,Portugal,Current top flight; Top flight 2021-2026,football-logos.cc,derived,portugal_maritimo.png
moreirense.png,Moreirense,Moreirense,Portugal,Current top flight; Top flight 2021-2026,football-logos.cc,derived,portugal_moreirense.png
nacional-da-madeira.png,Nacional da Madeira,Nacional da Madeira,Portugal,Current top flight; Top flight 2021-2026,football-logos.cc,derived,portugal_nacional-da-madeira.png
os-belenenses.png,Os Belenenses,Os Belenenses,Portugal,Top flight 2021-2026,football-logos.cc,derived,portugal_os-belenenses.png
pacos-ferreira.png,Pacos Ferreira,Paços Ferreira,Portugal,Champions League 1996-2017; Top flight 2021-2026,football-logos.cc,derived,portugal_pacos-ferreira.png
portimonense.png,Portimonense,Portimonense,Portugal,Top flight 2021-2026,football-logos.cc,derived,portugal_portimonense.png
rio-ave.png,Rio Ave,Rio Ave,Portugal,Current top flight; Top flight 2021-2026,football-logos.cc,derived,portugal_rio-ave.png
braga.png,Braga,SC Braga,Portugal,Current top flight; Top flight 2021-2026,football-logos.cc,game,portugal_sc-braga.png
santa-clara.png,Santa Clara,Santa Clara,Portugal,Current top flight; Top flight 2021-2026,football-logos.cc,derived,portugal_santa-clara.png
sporting.png,Sporting,Sporting CP,Portugal,Champions League 1996-2017; Current top flight; Top flight 2021-2026,football-logos.cc,game,portugal_sporting-cp.png
tondela.png,Tondela,Tondela,Portugal,Top flight 2021-2026,football-logos.cc,derived,portugal_tondela.png
vitoria-de-guimaraes.png,Vitoria de Guimaraes,Vitória de Guimarães,Portugal,Champions League 1996-2017; Current top flight; Top flight 2021-2026,football-logos.cc,derived,portugal_vitoria-de-guimaraes.png
vizela.png,Vizela,Vizela,Portugal,Top flight 2021-2026,football-logos.cc,derived,portugal_vizela.png
athlone-town.png,Athlone Town,Athlone Town,Republic of Ireland,European club,football-logos.cc,derived,republic-of-ireland_athlone-town.png
bohemian.png,Bohemian,Bohemian,Republic of Ireland,Champions League 1996-2017; European club,football-logos.cc,derived,republic-of-ireland_bohemian.png
bray-wanderers.png,Bray Wanderers,Bray Wanderers,Republic of Ireland,European club,football-logos.cc,derived,republic-of-ireland_bray-wanderers.png
cobh-ramblers.png,Cobh Ramblers,Cobh Ramblers,Republic of Ireland,European club,football-logos.cc,derived,republic-of-ireland_cobh-ramblers.png
cork-city.png,Cork City,Cork City,Republic of Ireland,Champions League 1996-2017; European club,football-logos.cc,derived,republic-of-ireland_cork-city.png
derry-city.png,Derry City,Derry City,Republic of Ireland,European club,football-logos.cc,derived,republic-of-ireland_derry-city.png
drogheda-united.png,Drogheda United,Drogheda United,Republic of Ireland,Champions League 1996-2017; European club,football-logos.cc,derived,republic-of-ireland_drogheda-united.png
dundalk.png,Dundalk,Dundalk FC,Republic of Ireland,Champions League 1996-2017; European club,football-logos.cc,derived,republic-of-ireland_dundalk.png
finn-harps.png,Finn Harps,Finn Harps,Republic of Ireland,European club,football-logos.cc,derived,republic-of-ireland_finn-harps.png
galway-united.png,Galway United,Galway United FC,Republic of Ireland,European club,football-logos.cc,derived,republic-of-ireland_galway-united.png
kerry.png,Kerry,Kerry,Republic of Ireland,European club,football-logos.cc,derived,republic-of-ireland_kerry.png
longford-town.png,Longford Town,Longford Town,Republic of Ireland,European club,football-logos.cc,derived,republic-of-ireland_longford-town.png
midleton.png,Midleton,Midleton,Republic of Ireland,European club,football-logos.cc,derived,republic-of-ireland_midleton.png
pike-rovers.png,Pike Rovers,Pike Rovers,Republic of Ireland,European club,football-logos.cc,derived,republic-of-ireland_pike-rovers.png
shamrock-rovers.png,Shamrock Rovers,Shamrock Rovers,Republic of Ireland,Champions League 1996-2017; European club,football-logos.cc,derived,republic-of-ireland_shamrock-rovers.png
shelbourne.png,Shelbourne,Shelbourne,Republic of Ireland,Champions League 1996-2017; European club,football-logos.cc,derived,republic-of-ireland_shelbourne.png
sligo-rovers.png,Sligo Rovers,Sligo Rovers,Republic of Ireland,Champions League 1996-2017; European club,football-logos.cc,derived,republic-of-ireland_sligo-rovers.png
st-patricks-athletic.png,St Patrick's Athletic,St Patrick's Athletic,Republic of Ireland,Champions League 1996-2017; European club,football-logos.cc,derived,republic-of-ireland_st-patricks-athletic.png
treaty-united.png,Treaty United,Treaty United,Republic of Ireland,European club,football-logos.cc,derived,republic-of-ireland_treaty-united.png
university-college-dublin.png,University College Dublin,University College Dublin,Republic of Ireland,European club,football-logos.cc,derived,republic-of-ireland_ucd.png
waterford.png,Waterford,Waterford,Republic of Ireland,European club,football-logos.cc,derived,republic-of-ireland_waterford.png
wexford.png,Wexford,Wexford,Republic of Ireland,European club,football-logos.cc,derived,republic-of-ireland_wexford.png
arges-pitesti.png,Arges Pitesti,Argeș Pitești,Romania,European club,football-logos.cc,derived,romania_arges-pitesti.png
botosani.png,Botosani,Botoşani,Romania,European club; Top flight 2021-2026,football-logos.cc,derived,romania_botosani.png
cfr-cluj.png,CFR Cluj,CFR Cluj,Romania,Champions League 1996-2017; European club; Top flight 2021-2026,football-logos.cc,derived,romania_cfr-cluj.png
chindia-targoviste.png,Chindia Targoviste,Chindia Targoviste,Romania,European club,football-logos.cc,derived,romania_chindia-targoviste.png
concordia.png,Concordia,Concordia,Romania,European club,football-logos.cc,derived,romania_concordia.png
corvinul-hunedoara.png,Corvinul Hunedoara,Corvinul Hunedoara,Romania,European club; Top flight 2021-2026,football-logos.cc,derived,romania_corvinul-hunedoara.png
csikszereda.png,Csikszereda,Csíkszereda,Romania,European club; Top flight 2021-2026,football-logos.cc,derived,romania_csikszereda.png
dinamo-bucharest.png,Dinamo Bucharest,Dinamo Bucureşti,Romania,Champions League 1996-2017; European club,football-logos.cc,derived,romania_dinamo-bucuresti.png
dunarea-calarasi.png,Dunarea Calarasi,Dunărea Călărași,Romania,European club,football-logos.cc,derived,romania_dunarea-calarasi.png
buzau.png,Buzau,FC Buzău,Romania,Top flight 2021-2026,luukhopman/football-logos,derived,romania_fc-buzau.png
steaua-bucharest.png,Steaua Bucharest,FC Steaua București,Romania,Champions League 1996-2017; European club; Top flight 2021-2026,football-logos.cc,game,romania_fcsb.png
farul-constanta.png,Farul Constanta,Farul Constanța,Romania,European club; Top flight 2021-2026,football-logos.cc,derived,romania_farul-constanta.png
hermannstadt.png,Hermannstadt,Hermannstadt,Romania,European club; Top flight 2021-2026,football-logos.cc,derived,romania_hermannstadt.png
metaloglobus.png,Metaloglobus,Metaloglobus,Romania,European club; Top flight 2021-2026,football-logos.cc,derived,romania_metaloglobus.png
otelul-galati.png,Otelul Galati,Oțelul Galați,Romania,Champions League 1996-2017; European club; Top flight 2021-2026,football-logos.cc,derived,romania_otelul.png
petrolul-ploiesti.png,Petrolul Ploiesti,Petrolul Ploiești,Romania,European club; Top flight 2021-2026,football-logos.cc,derived,romania_petrolul-ploiesti.png
politehnica-iasi.png,Politehnica Iasi,Politehnica Iași,Romania,European club; Top flight 2021-2026,football-logos.cc,derived,romania_poli-iasi.png
rapid-bucharest.png,Rapid Bucharest,Rapid Bucureşti,Romania,Champions League 1996-2017; European club,football-logos.cc,derived,romania_rapid-bucuresti.png
sepsi.png,Sepsi,Sepsi,Romania,European club; Top flight 2021-2026,football-logos.cc,derived,romania_sepsi.png
u-craiova-1948.png,U Craiova 1948,U Craiova 1948,Romania,European club,football-logos.cc,derived,romania_u-1948.png
uta-arad.png,UTA Arad,UTA Arad,Romania,European club; Top flight 2021-2026,football-logos.cc,derived,romania_uta.png
unirea-slobozia.png,Unirea Slobozia,Unirea Slobozia,Romania,European club; Top flight 2021-2026,football-logos.cc,derived,romania_unirea-slobozia.png
universitatea-cluj.png,Universitatea Cluj,Universitatea Cluj,Romania,European club; Top flight 2021-2026,football-logos.cc,derived,romania_u-cluj.png
universitatea-craiova.png,Universitatea Craiova,Universitatea Craiova,Romania,European club; Top flight 2021-2026,football-logos.cc,derived,romania_u-craiova.png
voluntari.png,Voluntari,Voluntari,Romania,European club; Top flight 2021-2026,football-logos.cc,derived,romania_voluntari.png
akhmat.png,Akhmat,Akhmat,Russia,European club; Top flight 2021-2026,football-logos.cc,derived,russia_akhmat.png
akron.png,Akron,Akron,Russia,European club; Top flight 2021-2026,football-logos.cc,derived,russia_akron.png
amkar.png,Amkar,Amkar,Russia,European club,football-logos.cc,derived,russia_amkar.png
arsenal-tula.png,Arsenal Tula,Arsenal Tula,Russia,European club; Top flight 2021-2026,football-logos.cc,derived,russia_arsenal-tula.png
baltika.png,Baltika,Baltika,Russia,European club; Top flight 2021-2026,football-logos.cc,derived,russia_baltika.png
cska-moscow.png,CSKA Moscow,CSKA Moscow,Russia,Champions League 1996-2017; European club; Top flight 2021-2026,football-logos.cc,game,russia_cska-moskva.png
chayka-peschanokopskoye.png,Chayka Peschanokopskoye,Chayka Peschanokopskoye,Russia,European club,football-logos.cc,derived,russia_chayka-peschanokopskoye.png
chelyabinsk.png,Chelyabinsk,Chelyabinsk,Russia,European club,football-logos.cc,derived,russia_chelyabinsk.png
chernomorets-novorossiisk.png,Chernomorets Novorossiisk,Chernomorets Novorossiisk,Russia,European club,football-logos.cc,derived,russia_chernomorets-novorossiisk.png
chertanovo.png,Chertanovo,Chertanovo,Russia,European club,football-logos.cc,derived,russia_chertanovo.png
dynamo-makhachkala.png,Dynamo Makhachkala,Dynamo Makhachkala,Russia,European club; Top flight 2021-2026,football-logos.cc,derived,russia_dynamo-makhachkala.png
dynamo-moscow.png,Dynamo Moscow,Dynamo Moscow,Russia,European club; Top flight 2021-2026,football-logos.cc,game,russia_dynamo-moscow.png
fakel.png,Fakel,Fakel,Russia,European club; Top flight 2021-2026,football-logos.cc,derived,russia_fakel.png
kamaz.png,Kamaz,Kamaz,Russia,European club,football-logos.cc,derived,russia_kamaz.png
khimik-dzerzhinsk.png,Khimik Dzerzhinsk,Khimik Dzerzhinsk,Russia,European club,football-logos.cc,derived,russia_khimik-dzerzhinsk.png
khimki.png,Khimki,Khimki,Russia,European club; Top flight 2021-2026,football-logos.cc,derived,russia_khimki.png
krasnodar.png,Krasnodar,Krasnodar,Russia,European club; Top flight 2021-2026,football-logos.cc,derived,russia_krasnodar.png
krylya-sovetov.png,Krylya Sovetov,Krylya Sovetov,Russia,European club; Top flight 2021-2026,football-logos.cc,derived,russia_krylya-sovetov.png
leningradets.png,Leningradets,Leningradets,Russia,European club,football-logos.cc,derived,russia_leningradets.png
lokomotiv-moscow.png,Lokomotiv Moscow,Lokomotiv Moscow,Russia,Champions League 1996-2017; European club; Top flight 2021-2026,football-logos.cc,game,russia_lokomotiv-moskva.png
neftekhimik-nizhnekamsk.png,Neftekhimik Nizhnekamsk,Neftekhimik Nizhnekamsk,Russia,European club,football-logos.cc,derived,russia_neftekhimik-nizhnekamsk.png
orenburg.png,Orenburg,Orenburg,Russia,European club; Top flight 2021-2026,football-logos.cc,derived,russia_orenburg.png
pari-nn.png,Pari NN,Pari NN,Russia,European club,football-logos.cc,derived,russia_pari-nn.png
rodina-moscow.png,Rodina Moscow,Rodina Moscow,Russia,European club; Top flight 2021-2026,football-logos.cc,derived,russia_rodina-moscow.png
rostov.png,Rostov,Rostov,Russia,European club; Top flight 2021-2026,football-logos.cc,derived,russia_rostov.png
rotor.png,Rotor,Rotor,Russia,European club,football-logos.cc,derived,russia_rotor.png
rubin-kazan.png,Rubin Kazan,Rubin Kazan,Russia,Champions League 1996-2017; European club; Top flight 2021-2026,football-logos.cc,derived,russia_rubin.png
ska-khabarovsk.png,SKA Khabarovsk,SKA Khabarovsk,Russia,European club,football-logos.cc,derived,russia_ska-khabarovsk.png
shinnik.png,Shinnik,Shinnik,Russia,European club,football-logos.cc,derived,russia_shinnik.png
sochi.png,Sochi,Sochi,Russia,European club; Top flight 2021-2026,football-logos.cc,derived,russia_sochi.png
spartak-kostroma.png,Spartak Kostroma,Spartak Kostroma,Russia,European club,football-logos.cc,derived,russia_spartak-kostroma.png
spartak-moscow.png,Spartak Moscow,Spartak Moscow,Russia,Champions League 1996-2017; European club; Top flight 2021-2026,football-logos.cc,game,russia_spartak-moskva.png
spartak-nalchik.png,Spartak Nalchik,Spartak Nalchik,Russia,European club,football-logos.cc,derived,russia_spartak-nalchik.png
tekstilshchik-ivanovo.png,Tekstilshchik Ivanovo,Tekstilshchik Ivanovo,Russia,European club,football-logos.cc,derived,russia_tekstilshchik-ivanovo.png
torpedo-moscow.png,Torpedo Moscow,Torpedo Moscow,Russia,European club; Top flight 2021-2026,football-logos.cc,derived,russia_torpedo-moskva.png
ufa.png,Ufa,Ufa,Russia,European club; Top flight 2021-2026,football-logos.cc,derived,russia_ufa.png
ural.png,Ural,Ural,Russia,European club; Top flight 2021-2026,football-logos.cc,derived,russia_ural.png
veles-moscow.png,Veles Moscow,Veles Moscow,Russia,European club,football-logos.cc,derived,russia_veles-moscow.png
volga-ulyanovsk.png,Volga Ulyanovsk,Volga Ulyanovsk,Russia,European club,football-logos.cc,derived,russia_volga-ulyanovsk.png
yenisey.png,Yenisey,Yenisey,Russia,European club,football-logos.cc,derived,russia_yenisey.png
zenit-st-petersburg.png,Zenit St Petersburg,Zenit,Russia,Champions League 1996-2017; European club; Top flight 2021-2026,football-logos.cc,game,russia_zenit.png
cailungo.png,Cailungo,Cailungo,San Marino,European club,football-logos.cc,derived,san-marino_cailungo.png
cosmos.png,Cosmos,Cosmos,San Marino,European club,football-logos.cc,derived,san-marino_cosmos.png
faetano.png,Faetano,Faetano,San Marino,European club,football-logos.cc,derived,san-marino_faetano.png
fiorentino.png,Fiorentino,Fiorentino,San Marino,European club,football-logos.cc,derived,san-marino_fiorentino.png
folgore.png,Folgore,Folgore,San Marino,Champions League 1996-2017; European club,football-logos.cc,derived,san-marino_folgore.png
juvenes-dogana.png,Juvenes/Dogana,Juvenes/Dogana,San Marino,European club,football-logos.cc,derived,san-marino_juvenes-dogana.png
la-fiorita.png,La Fiorita,La Fiorita,San Marino,Champions League 1996-2017; European club,football-logos.cc,derived,san-marino_la-fiorita.png
libertas.png,Libertas,Libertas,San Marino,European club,football-logos.cc,derived,san-marino_libertas.png
murata.png,Murata,Murata,San Marino,Champions League 1996-2017; European club,football-logos.cc,derived,san-marino_murata.png
pennarossa.png,Pennarossa,Pennarossa,San Marino,European club,football-logos.cc,derived,san-marino_pennarossa.png
san-giovanni.png,San Giovanni,San Giovanni,San Marino,European club,football-logos.cc,derived,san-marino_san-giovanni.png
tre-fiori.png,Tre Fiori,Tre Fiori,San Marino,Champions League 1996-2017; European club,football-logos.cc,derived,san-marino_tre-fiori.png
tre-penne.png,Tre Penne,Tre Penne,San Marino,Champions League 1996-2017; European club,football-logos.cc,derived,san-marino_tre-penne.png
virtus.png,Virtus,Virtus,San Marino,European club,football-logos.cc,derived,san-marino_virtus.png
al-hilal.png,Al Hilal,Al Hilal,Saudi Arabia,Game club,football-logos.cc,game,saudi-arabia_al-hilal.png
al-nassr.png,Al Nassr,Al Nassr,Saudi Arabia,Game club,football-logos.cc,game,saudi-arabia_al-nassr.png
aberdeen.png,Aberdeen,Aberdeen,Scotland,Scottish club; Scottish league 1996-2026; Top flight 2021-2026,football-logos.cc,game,scotland_aberdeen.png
airdrie-united.png,Airdrie United,Airdrie United FC,Scotland,Scottish club; Scottish league 1996-2026,football-logos.cc,derived,scotland_airdrie.png
airdrieonians.png,Airdrieonians,Airdrieonians,Scotland,Scottish club; Scottish league 1996-2026,football-logos.cc,game,scotland_airdrieonians.png
albion-rovers.png,Albion Rovers,Albion Rovers,Scotland,Scottish club; Scottish league 1996-2026,football-logos.cc,derived,scotland_albion.png
alloa-athletic.png,Alloa Athletic,Alloa Athletic,Scotland,Scottish club; Scottish league 1996-2026,football-logos.cc,derived,scotland_alloa-athletic.png
annan-athletic.png,Annan Athletic,Annan Athletic,Scotland,Scottish club; Scottish league 1996-2026,football-logos.cc,derived,scotland_annan-athletic.png
arbroath.png,Arbroath,Arbroath,Scotland,Scottish club; Scottish league 1996-2026,football-logos.cc,game,scotland_arbroath.png
ayr-united.png,Ayr United,Ayr United,Scotland,Scottish club; Scottish league 1996-2026,football-logos.cc,game,scotland_ayr.png
bonnyrigg-rose.png,Bonnyrigg Rose,Bonnyrigg Rose FC,Scotland,Scottish club; Scottish league 1996-2026,football-logos.cc,derived,scotland_bonnyrigg-rose.png
brechin-city.png,Brechin City,Brechin City,Scotland,Scottish club; Scottish league 1996-2026,football-logos.cc,derived,scotland_brechin.png
brora-rangers.png,Brora Rangers,Brora Rangers,Scotland,Scottish club,football-logos.cc,derived,scotland_brora-rangers.png
buckie-thistle.png,Buckie Thistle,Buckie Thistle,Scotland,Scottish club,football-logos.cc,derived,scotland_buckie-thistle.png
celtic.png,Celtic,Celtic,Scotland,Scottish club; Scottish league 1996-2026; Top flight 2021-2026,football-logos.cc,game,scotland_celtic.png
clyde.png,Clyde,Clyde,Scotland,Scottish club; Scottish league 1996-2026,football-logos.cc,derived,scotland_clyde.png
cove-rangers.png,Cove Rangers,Cove Rangers,Scotland,Scottish club; Scottish league 1996-2026,football-logos.cc,game,scotland_cove-rangers.png
cowdenbeath.png,Cowdenbeath,Cowdenbeath,Scotland,Scottish club; Scottish league 1996-2026,football-logos.cc,derived,scotland_cowdenbeath.png
deveronvale.png,Deveronvale,Deveronvale,Scotland,Scottish club,football-logos.cc,derived,scotland_deveronvale.png
dumbarton.png,Dumbarton,Dumbarton,Scotland,Scottish club; Scottish league 1996-2026,football-logos.cc,derived,scotland_dumbarton.png
dundee.png,Dundee,Dundee,Scotland,Scottish club; Scottish league 1996-2026; Top flight 2021-2026,football-logos.cc,game,scotland_dundee.png
dundee-united.png,Dundee United,Dundee United,Scotland,Scottish club; Scottish league 1996-2026; Top flight 2021-2026,football-logos.cc,game,scotland_dundee-united.png
dunfermline.png,Dunfermline,Dunfermline Athletic,Scotland,Scottish club; Scottish league 1996-2026,football-logos.cc,game,scotland_dunfermline.png
east-fife.png,East Fife,East Fife,Scotland,Scottish club; Scottish league 1996-2026,football-logos.cc,derived,scotland_east-fife.png
east-kilbride.png,East Kilbride,East Kilbride,Scotland,Scottish club,football-logos.cc,derived,scotland_east-kilbride.png
east-stirlingshire.png,East Stirlingshire,East Stirlingshire,Scotland,Scottish club; Scottish league 1996-2026,football-logos.cc,derived,scotland_east-stirling.png
edinburgh-city.png,Edinburgh City,Edinburgh City,Scotland,Scottish club; Scottish league 1996-2026,football-logos.cc,derived,scotland_edinburgh-city.png
elgin-city.png,Elgin City,Elgin City,Scotland,Scottish club; Scottish league 1996-2026,football-logos.cc,derived,scotland_elgin.png
falkirk.png,Falkirk,Falkirk,Scotland,Scottish club; Scottish league 1996-2026; Top flight 2021-2026,football-logos.cc,game,scotland_falkirk.png
forfar-athletic.png,Forfar Athletic,Forfar Athletic,Scotland,Scottish club; Scottish league 1996-2026,football-logos.cc,derived,scotland_forfar.png
fort-william.png,Fort William,Fort William,Scotland,Scottish club,football-logos.cc,derived,scotland_fort-william.png
gala-fairydean-rovers.png,Gala Fairydean Rovers,Gala Fairydean Rovers,Scotland,Scottish club,football-logos.cc,derived,scotland_gala-fairydean.png
greenock-morton.png,Greenock Morton,Greenock Morton,Scotland,Scottish club; Scottish league 1996-2026,football-logos.cc,game,scotland_morton.png
gretna.png,Gretna,Gretna,Scotland,Scottish club; Scottish league 1996-2026,football-logos.cc,game,scotland_gretna.png
gretna-2008.png,Gretna 2008,Gretna 2008,Scotland,Scottish club,football-logos.cc,derived,scotland_gretna-2008.png
hamilton.png,Hamilton,Hamilton Academical,Scotland,Scottish club; Scottish league 1996-2026,football-logos.cc,game,scotland_hamilton.png
hawick.png,Hawick,Hawick Royal,Scotland,Scottish club,football-logos.cc,derived,scotland_hawick-royal.png
hearts.png,Hearts,Hearts,Scotland,Scottish club; Scottish league 1996-2026,football-logos.cc,game,scotland_hearts.png
hibernian.png,Hibernian,Hibernian,Scotland,Scottish club; Scottish league 1996-2026; Top flight 2021-2026,football-logos.cc,game,scotland_hibernian.png
huntly.png,Huntly,Huntly,Scotland,Scottish club,football-logos.cc,derived,scotland_huntly.png
inverness-ct.png,Inverness CT,Inverness Caledonian Thistle,Scotland,Scottish club; Scottish league 1996-2026,football-logos.cc,game,scotland_inverness.png
inverurie-loco-works.png,Inverurie Loco Works,Inverurie Loco Works,Scotland,Scottish club,football-logos.cc,derived,scotland_inverurie-loco-works.png
kelty-hearts.png,Kelty Hearts,Kelty Hearts,Scotland,Scottish club; Scottish league 1996-2026,football-logos.cc,derived,scotland_kelty-hearts.png
kilmarnock.png,Kilmarnock,Kilmarnock,Scotland,Scottish club; Scottish league 1996-2026; Top flight 2021-2026,football-logos.cc,game,scotland_kilmarnock.png
linlithgow-rose.png,Linlithgow Rose,Linlithgow Rose FC,Scotland,Scottish club,football-logos.cc,derived,scotland_linlithgow-rose.png
livingston.png,Livingston,Livingston,Scotland,Scottish club; Scottish league 1996-2026; Top flight 2021-2026,football-logos.cc,game,scotland_livingston.png
lossiemouth.png,Lossiemouth,Lossiemouth,Scotland,Scottish club,football-logos.cc,derived,scotland_lossiemouth.png
montrose.png,Montrose,Montrose,Scotland,Scottish club; Scottish league 1996-2026,football-logos.cc,derived,scotland_montrose.png
motherwell.png,Motherwell,Motherwell,Scotland,Scottish club; Scottish league 1996-2026; Top flight 2021-2026,football-logos.cc,game,scotland_motherwell.png
nairn-county.png,Nairn County,Nairn County,Scotland,Scottish club,football-logos.cc,derived,scotland_nairn-county.png
partick-thistle.png,Partick Thistle,Partick Thistle,Scotland,Scottish club; Scottish league 1996-2026,football-logos.cc,game,scotland_partick.png
peterhead.png,Peterhead,Peterhead,Scotland,Scottish club; Scottish league 1996-2026,football-logos.cc,derived,scotland_peterhead.png
queen-of-the-south.png,Queen of the South,Queen of the South FC,Scotland,Scottish club; Scottish league 1996-2026,football-logos.cc,game,scotland_queen-of-the-south.png
queens-park.png,Queen's Park,Queen's Park,Scotland,Scottish club; Scottish league 1996-2026,football-logos.cc,game,scotland_queen-s-park.png
raith-rovers.png,Raith Rovers,Raith Rovers,Scotland,Scottish club; Scottish league 1996-2026,football-logos.cc,game,scotland_raith.png
rangers-scotland.png,Rangers,Rangers,Scotland,Scottish club; Scottish league 1996-2026; Top flight 2021-2026,football-logos.cc,game,scotland_rangers.png
ross-county.png,Ross County,Ross County,Scotland,Scottish club; Scottish league 1996-2026; Top flight 2021-2026,football-logos.cc,game,scotland_ross-county.png
st-johnstone.png,St Johnstone,St Johnstone,Scotland,Scottish club; Scottish league 1996-2026; Top flight 2021-2026,football-logos.cc,game,scotland_st-johnstone.png
st-mirren.png,St Mirren,St. Mirren,Scotland,Scottish club; Scottish league 1996-2026; Top flight 2021-2026,football-logos.cc,game,scotland_st-mirren.png
stenhousemuir.png,Stenhousemuir,Stenhousemuir,Scotland,Scottish club; Scottish league 1996-2026,football-logos.cc,derived,scotland_stenhousemuir.png
stirling-albion.png,Stirling Albion,Stirling Albion,Scotland,Scottish club; Scottish league 1996-2026,football-logos.cc,derived,scotland_stirling-albion.png
stirling-university.png,Stirling University,Stirling University FC,Scotland,Scottish club,football-logos.cc,derived,scotland_stirling-university-fc.png
stranraer.png,Stranraer,Stranraer,Scotland,Scottish club; Scottish league 1996-2026,football-logos.cc,derived,scotland_stranraer.png
the-spartans.png,The Spartans,The Spartans,Scotland,Scottish club; Scottish league 1996-2026,football-logos.cc,derived,scotland_spartans.png
whitehill-welfare.png,Whitehill Welfare,Whitehill Welfare,Scotland,Scottish club,football-logos.cc,derived,scotland_whitehill-welfare.png
red-star-belgrade.png,Red Star Belgrade,Crvena Zvezda,Serbia,Champions League 1996-2017; European club,football-logos.cc,game,serbia_crvena-zvezda.png
imt.png,IMT,FK IMT,Serbia,European club; Top flight 2021-2026,football-logos.cc,derived,serbia_imt.png
indija.png,Indija,FK Inđija,Serbia,European club,football-logos.cc,derived,serbia_indjija.png
jedinstvo-ub.png,Jedinstvo Ub,FK Jedinstvo Ub,Serbia,Top flight 2021-2026,luukhopman/football-logos,derived,serbia_fk-jedinstvo-ub.png
kolubara-lazarevac.png,Kolubara Lazarevac,FK Kolubara Lazarevac,Serbia,Top flight 2021-2026,luukhopman/football-logos,derived,serbia_fk-kolubara-lazarevac.png
mladost-lucani.png,Mladost Lucani,FK Mladost Lučani,Serbia,European club; Top flight 2021-2026,football-logos.cc,derived,serbia_mladost-lucani.png
napredak-krusevac.png,Napredak Krusevac,FK Napredak Kruševac,Serbia,European club; Top flight 2021-2026,football-logos.cc,derived,serbia_napredak.png
novi-pazar.png,Novi Pazar,FK Novi Pazar,Serbia,European club; Top flight 2021-2026,football-logos.cc,derived,serbia_novi-pazar.png
partizan.png,Partizan,FK Partizan,Serbia,Champions League 1996-2017; European club; Top flight 2021-2026,football-logos.cc,game,serbia_partizan.png
proleter-novi-sad.png,Proleter Novi Sad,FK Proleter Novi Sad,Serbia,Top flight 2021-2026,luukhopman/football-logos,derived,serbia_fk-proleter-novi-sad.png
sloboda-uzice.png,Sloboda Uzice,FK Sloboda Užice,Serbia,European club,football-logos.cc,derived,serbia_sloboda-uzice.png
tsc.png,TSC,FK TSC,Serbia,European club; Top flight 2021-2026,football-logos.cc,derived,serbia_tsc.png
tekstilac-odzaci.png,Tekstilac Odzaci,FK Tekstilac Odzaci,Serbia,Top flight 2021-2026,luukhopman/football-logos,derived,serbia_fk-tekstilac-odzaci.png
vojvodina.png,Vojvodina,FK Vojvodina,Serbia,European club; Top flight 2021-2026,football-logos.cc,derived,serbia_vojvodina.png
vozdovac.png,Vozdovac,FK Voždovac,Serbia,European club; Top flight 2021-2026,football-logos.cc,derived,serbia_vozdovac.png
zemun.png,Zemun,FK Zemun,Serbia,European club; Top flight 2021-2026,football-logos.cc,derived,serbia_fk-zemun.png
cukaricki.png,Cukaricki,FK Čukarički,Serbia,European club; Top flight 2021-2026,football-logos.cc,derived,serbia_cukaricki.png
javor-matis.png,Javor Matis,Javor Matis,Serbia,European club; Top flight 2021-2026,football-logos.cc,derived,serbia_javor.png
macva-sabac.png,Macva Sabac,Macva Sabac,Serbia,European club; Top flight 2021-2026,football-logos.cc,derived,serbia_macva-sabac.png
metalac.png,Metalac,Metalac,Serbia,European club; Top flight 2021-2026,football-logos.cc,derived,serbia_metalac.png
ofk-belgrade.png,OFK Belgrade,OFK Beograd,Serbia,European club; Top flight 2021-2026,football-logos.cc,derived,serbia_ofk-beograd.png
radnicki-nis.png,Radnicki Nis,Radnicki Niš,Serbia,European club; Top flight 2021-2026,football-logos.cc,derived,serbia_radnicki-nis.png
radnik-surdulica.png,Radnik Surdulica,Radnik Surdulica,Serbia,European club; Top flight 2021-2026,football-logos.cc,derived,serbia_radnik-surdulica.png
radnicki-1923.png,Radnicki 1923,Radnički 1923,Serbia,European club; Top flight 2021-2026,football-logos.cc,derived,serbia_radnicki-1923.png
spartak-subotica.png,Spartak Subotica,Spartak Subotica,Serbia,European club; Top flight 2021-2026,football-logos.cc,derived,serbia_spartak-subotica.png
zeleznicar-pancevo.png,Zeleznicar Pancevo,Zeleznicar Pancevo,Serbia,European club; Top flight 2021-2026,football-logos.cc,derived,serbia_zeleznicar-pancevo.png
dukla-banska-bystrica.png,Dukla Banska Bystrica,Dukla Banská Bystrica,Slovakia,European club,football-logos.cc,derived,slovakia_dukla-banska-bystrica.png
dunajska-streda.png,Dunajska Streda,Dunajská Streda,Slovakia,European club,football-logos.cc,derived,slovakia_dunajska-streda.png
komarno.png,Komarno,Komárno,Slovakia,European club,football-logos.cc,derived,slovakia_komarno.png
kosice.png,Kosice,Košice,Slovakia,Champions League 1996-2017; European club,football-logos.cc,derived,slovakia_kosice.png
ruzomberok.png,Ruzomberok,MFK Ružomberok,Slovakia,Champions League 1996-2017; European club,football-logos.cc,derived,slovakia_ruzomberok.png
puchov.png,Puchov,MSK Púchov,Slovakia,European club,football-logos.cc,derived,slovakia_puchov.png
nitra.png,Nitra,Nitra,Slovakia,European club,football-logos.cc,derived,slovakia_nitra.png
podbrezova.png,Podbrezova,Podbrezová,Slovakia,European club,football-logos.cc,derived,slovakia_podbrezova.png
pohronie.png,Pohronie,Pohronie,Slovakia,European club,football-logos.cc,derived,slovakia_pohronie.png
skalica.png,Skalica,Skalica,Slovakia,European club,football-logos.cc,derived,slovakia_skalica.png
slovan-bratislava.png,Slovan Bratislava,Slovan Bratislava,Slovakia,Champions League 1996-2017; European club,football-logos.cc,derived,slovakia_s-bratislava.png
spartak-myjava.png,Spartak Myjava,Spartak Myjava,Slovakia,European club,football-logos.cc,derived,slovakia_spartak-myjava.png
spartak-trnava.png,Spartak Trnava,Spartak Trnava,Slovakia,European club,football-logos.cc,derived,slovakia_spartak-trnava.png
tatran.png,Tatran,Tatran,Slovakia,European club,football-logos.cc,derived,slovakia_tatran.png
trencin.png,Trencin,Trenčín,Slovakia,Champions League 1996-2017; European club,football-logos.cc,derived,slovakia_trencin.png
vion-zlate-moravce.png,ViOn Zlate Moravce,ViOn Zlaté Moravce,Slovakia,European club,football-logos.cc,derived,slovakia_zlate-moravce.png
zemplin-michalovce.png,Zemplin Michalovce,Zemplín Michalovce,Slovakia,European club,football-logos.cc,derived,slovakia_zemplin-michalovce.png
sered.png,Sered,ŠKF Sereď,Slovakia,European club,football-logos.cc,derived,slovakia_sered.png
zilina.png,Zilina,Žilina,Slovakia,Champions League 1996-2017; European club,football-logos.cc,derived,slovakia_zilina.png
aluminij.png,Aluminij,Aluminij,Slovenia,European club,football-logos.cc,derived,slovenia_aluminij.png
bravo.png,Bravo,Bravo,Slovenia,European club,football-logos.cc,derived,slovenia_bravo.png
celje.png,Celje,Celje,Slovenia,European club,football-logos.cc,derived,slovenia_celje.png
domzale.png,Domzale,Domžale,Slovenia,Champions League 1996-2017; European club,football-logos.cc,derived,slovenia_domzale.png
gorica.png,Gorica,Gorica,Slovenia,European club,football-logos.cc,derived,slovenia_gorica.png
ib-ljubljana.png,IB Ljubljana,IB Ljubljana,Slovenia,European club,football-logos.cc,derived,slovenia_ib-ljubljana.png
koper.png,Koper,Koper,Slovenia,Champions League 1996-2017; European club,football-logos.cc,derived,slovenia_koper.png
krsko.png,Krsko,Krško,Slovenia,European club,football-logos.cc,derived,slovenia_krsko.png
maribor.png,Maribor,Maribor,Slovenia,Champions League 1996-2017; European club,football-logos.cc,derived,slovenia_maribor.png
mura.png,Mura,Mura,Slovenia,European club,football-logos.cc,derived,slovenia_mura.png
bela-krajina.png,Bela Krajina,NK Bela Krajina,Slovenia,European club,football-logos.cc,derived,slovenia_nk-bela-krajina.png
brinje-grosuplje.png,Brinje Grosuplje,NK Brinje Grosuplje,Slovenia,European club,football-logos.cc,derived,slovenia_nk-brinje-grosuplje.png
nafta.png,Nafta,Nafta 1903,Slovenia,European club,football-logos.cc,derived,slovenia_nafta-1903.png
olimpija.png,Olimpija,Olimpija,Slovenia,European club,football-logos.cc,derived,slovenia_olimpija.png
primorje.png,Primorje,Primorje,Slovenia,European club,football-logos.cc,derived,slovenia_primorje.png
radomlje.png,Radomlje,Radomlje,Slovenia,European club,football-logos.cc,derived,slovenia_radomlje.png
rudar-velenje.png,Rudar Velenje,Rudar Velenje,Slovenia,European club,football-logos.cc,derived,slovenia_rudar-velenje.png
tabor.png,Tabor,Tabor,Slovenia,European club,football-logos.cc,derived,slovenia_tabor.png
albacete.png,Albacete,Albacete,Spain,Top 5 league 1996-2026,football-logos.cc,game,spain_albacete.png
almeria.png,Almeria,Almería,Spain,Top 5 league 1996-2026; Top flight 2021-2026,football-logos.cc,game,spain_almeria.png
athletic-bilbao.png,Athletic Bilbao,Athletic Club Bilbao,Spain,Top 5 league 1996-2026; Top flight 2021-2026,football-logos.cc,game,spain_athletic-club.png
atletico-madrid.png,Atletico Madrid,Atletico Madrid,Spain,Top 5 league 1996-2026; Top flight 2021-2026,football-logos.cc,game,spain_atletico-madrid.png
barcelona.png,Barcelona,Barcelona,Spain,Top 5 league 1996-2026; Top flight 2021-2026,football-logos.cc,game,spain_barcelona.png
extremadura.png,Extremadura,CD Extremadura,Spain,Top 5 league 1996-2026,football-logos.cc,game,spain_cd-extremadura.png
celta-vigo.png,Celta Vigo,Celta,Spain,Top 5 league 1996-2026; Top flight 2021-2026,football-logos.cc,game,spain_celta.png
cadiz.png,Cadiz,Cádiz CF,Spain,Top 5 league 1996-2026; Top flight 2021-2026,football-logos.cc,game,spain_cadiz.png
cordoba.png,Cordoba,Córdoba,Spain,Top 5 league 1996-2026,football-logos.cc,game,spain_cordoba.png
alaves.png,Alaves,Deportivo Alavés,Spain,Top 5 league 1996-2026; Top flight 2021-2026,football-logos.cc,game,spain_deportivo.png
deportivo.png,Deportivo,Deportivo La Coruña,Spain,Top 5 league 1996-2026; Top flight 2021-2026,football-logos.cc,game,spain_deportivo-la-coruna.png
eibar.png,Eibar,Eibar,Spain,Top 5 league 1996-2026,football-logos.cc,game,spain_eibar.png
elche.png,Elche,Elche,Spain,Top 5 league 1996-2026; Top flight 2021-2026,football-logos.cc,game,spain_elche.png
espanyol.png,Espanyol,Espanyol,Spain,Top 5 league 1996-2026,football-logos.cc,game,spain_espanyol.png
getafe.png,Getafe,Getafe,Spain,Top 5 league 1996-2026; Top flight 2021-2026,football-logos.cc,game,spain_getafe.png
gimnastic-tarragona.png,Gimnastic Tarragona,Gimnàstic de Tarragona,Spain,Top 5 league 1996-2026,football-logos.cc,game,spain_gimnastic-de-tarragona.png
girona.png,Girona,Girona,Spain,Top 5 league 1996-2026; Top flight 2021-2026,football-logos.cc,game,spain_girona.png
granada.png,Granada,Granada,Spain,Top 5 league 1996-2026; Top flight 2021-2026,football-logos.cc,game,spain_granada.png
huesca.png,Huesca,Huesca,Spain,Top 5 league 1996-2026,football-logos.cc,game,spain_huesca.png
hercules.png,Hercules,Hércules,Spain,Top 5 league 1996-2026,football-logos.cc,game,spain_hercules.png
las-palmas.png,Las Palmas,Las Palmas,Spain,Top 5 league 1996-2026; Top flight 2021-2026,football-logos.cc,game,spain_las-palmas.png
leganes.png,Leganes,Leganés,Spain,Top 5 league 1996-2026; Top flight 2021-2026,football-logos.cc,game,spain_leganes.png
levante.png,Levante,Levante,Spain,Top 5 league 1996-2026; Top flight 2021-2026,football-logos.cc,game,spain_levante.png
mallorca.png,Mallorca,Mallorca,Spain,Top 5 league 1996-2026; Top flight 2021-2026,football-logos.cc,game,spain_mallorca.png
malaga.png,Malaga,Málaga,Spain,Top 5 league 1996-2026; Top flight 2021-2026,football-logos.cc,game,spain_malaga.png
numancia.png,Numancia,Numancia,Spain,Top 5 league 1996-2026,football-logos.cc,game,spain_numancia.png
osasuna.png,Osasuna,Osasuna,Spain,Top 5 league 1996-2026; Top flight 2021-2026,football-logos.cc,game,spain_osasuna.png
real-oviedo.png,Real Oviedo,Oviedo,Spain,Top 5 league 1996-2026; Top flight 2021-2026,football-logos.cc,game,spain_oviedo.png
racing-santander.png,Racing Santander,Racing Santander,Spain,Top 5 league 1996-2026; Top flight 2021-2026,football-logos.cc,game,spain_racing.png
rayo-vallecano.png,Rayo Vallecano,Rayo Vallecano,Spain,Top 5 league 1996-2026; Top flight 2021-2026,football-logos.cc,game,spain_rayo-vallecano.png
real-betis.png,Real Betis,Real Betis,Spain,Top 5 league 1996-2026; Top flight 2021-2026,football-logos.cc,game,spain_real-betis.png
real-madrid.png,Real Madrid,Real Madrid,Spain,Top 5 league 1996-2026; Top flight 2021-2026,football-logos.cc,game,spain_real-madrid.png
real-murcia.png,Real Murcia,Real Murcia,Spain,Top 5 league 1996-2026,football-logos.cc,game,spain_murcia.png
real-sociedad.png,Real Sociedad,Real Sociedad,Spain,Top 5 league 1996-2026; Top flight 2021-2026,football-logos.cc,game,spain_real-sociedad.png
real-valladolid.png,Real Valladolid,Real Valladolid,Spain,Top 5 league 1996-2026; Top flight 2021-2026,football-logos.cc,game,spain_valladolid.png
real-zaragoza.png,Real Zaragoza,Real Zaragoza,Spain,Top 5 league 1996-2026,football-logos.cc,game,spain_zaragoza.png
recreativo-huelva.png,Recreativo Huelva,Recreativo de Huelva,Spain,Top 5 league 1996-2026,football-logos.cc,game,spain_recreativo-huelva.png
compostela.png,Compostela,SD Compostela,Spain,Top 5 league 1996-2026,football-logos.cc,game,spain_sd-compostela.png
sevilla.png,Sevilla,Sevilla,Spain,Top 5 league 1996-2026; Top flight 2021-2026,football-logos.cc,game,spain_sevilla.png
sporting-gijon.png,Sporting Gijon,Sporting Gijón,Spain,Top 5 league 1996-2026,football-logos.cc,game,spain_sporting-gijon.png
tenerife.png,Tenerife,Tenerife,Spain,Top 5 league 1996-2026,football-logos.cc,game,spain_tenerife.png
logrones.png,Logrones,UD Logroñés,Spain,Top 5 league 1996-2026,football-logos.cc,game,spain_ud-logrones.png
valencia.png,Valencia,Valencia,Spain,Top 5 league 1996-2026; Top flight 2021-2026,football-logos.cc,game,spain_valencia.png
villarreal.png,Villarreal,Villarreal,Spain,Top 5 league 1996-2026; Top flight 2021-2026,football-logos.cc,game,spain_villarreal.png
xerez.png,Xerez,Xerez CD,Spain,Top 5 league 1996-2026,football-logos.cc,game,spain_xerez-cd.png
aik.png,AIK,AIK,Sweden,Champions League 1996-2017; European club; Top flight 2021-2026,football-logos.cc,derived,sweden_aik.png
brage.png,Brage,Brage,Sweden,European club,football-logos.cc,derived,sweden_brage.png
brommapojkarna.png,Brommapojkarna,Brommapojkarna,Sweden,European club; Top flight 2021-2026,football-logos.cc,derived,sweden_brommapojkarna.png
balinge.png,Balinge,Bälinge IF,Sweden,European club,football-logos.cc,derived,sweden_balinge-if.png
dalkurd.png,Dalkurd,Dalkurd,Sweden,European club,football-logos.cc,derived,sweden_dalkurd.png
degerfors.png,Degerfors,Degerfors,Sweden,European club; Top flight 2021-2026,football-logos.cc,derived,sweden_degerfors.png
djurgarden.png,Djurgarden,Djurgården,Sweden,Champions League 1996-2017; European club; Top flight 2021-2026,football-logos.cc,derived,sweden_djurgarden.png
elfsborg.png,Elfsborg,Elfsborg,Sweden,Champions League 1996-2017; European club; Top flight 2021-2026,football-logos.cc,derived,sweden_elfsborg.png
trollhattan.png,Trollhattan,FC Trollhättan,Sweden,European club,football-logos.cc,derived,sweden_fc-trollhattan.png
falkenberg.png,Falkenberg,Falkenberg,Sweden,European club,football-logos.cc,derived,sweden_falkenberg.png
gais.png,GAIS,GAIS,Sweden,European club; Top flight 2021-2026,football-logos.cc,derived,sweden_gais.png
gif-sundsvall.png,GIF Sundsvall,GIF Sundsvall,Sweden,European club; Top flight 2021-2026,football-logos.cc,derived,sweden_gif-sundsvall.png
gefle.png,Gefle,Gefle,Sweden,European club,football-logos.cc,derived,sweden_gefle.png
halmstad.png,Halmstad,Halmstad,Sweden,Champions League 1996-2017; European club; Top flight 2021-2026,football-logos.cc,derived,sweden_halmstad.png
hammarby.png,Hammarby,Hammarby,Sweden,Champions League 1996-2017; European club; Top flight 2021-2026,football-logos.cc,derived,sweden_hammarby.png
helsingborg.png,Helsingborg,Helsingborg,Sweden,Champions League 1996-2017; European club; Top flight 2021-2026,football-logos.cc,derived,sweden_helsingborg.png
hacken.png,Hacken,Häcken,Sweden,European club; Top flight 2021-2026,football-logos.cc,derived,sweden_hacken.png
ifk-goteborg.png,IFK Goteborg,IFK Göteborg,Sweden,Champions League 1996-2017; European club; Top flight 2021-2026,football-logos.cc,derived,sweden_goteborg.png
ifk-lidingo.png,IFK Lidingo,IFK Lidingö FK,Sweden,European club,football-logos.cc,derived,sweden_ifk-lidingo-fk.png
ifk-lulea.png,IFK Lulea,IFK Luleå,Sweden,European club,football-logos.cc,derived,sweden_ifk-lulea.png
ifk-mora.png,IFK Mora,IFK Mora FK,Sweden,European club,football-logos.cc,derived,sweden_ifk-mora-fk.png
ifk-stockholm.png,IFK Stockholm,IFK Stockholm,Sweden,European club,football-logos.cc,derived,sweden_ifk-stockholm.png
ifk-timra.png,IFK Timra,IFK Timrå,Sweden,European club,football-logos.cc,derived,sweden_ifk-timra.png
ifk-trelleborg.png,IFK Trelleborg,IFK Trelleborg,Sweden,European club,football-logos.cc,derived,sweden_ifk-trelleborg.png
ifk-uddevalla.png,IFK Uddevalla,IFK Uddevalla,Sweden,European club,football-logos.cc,derived,sweden_ifk-uddevalla.png
ifk-umea.png,IFK Umea,IFK Umeå,Sweden,European club,football-logos.cc,derived,sweden_ifk-umea.png
ifk-uppsala.png,IFK Uppsala,IFK Uppsala Fotboll,Sweden,European club,football-logos.cc,derived,sweden_ifk-uppsala-fotboll.png
oddevold.png,Oddevold,IK Oddevold,Sweden,European club,football-logos.cc,derived,sweden_ik-oddevold.png
jitex.png,Jitex,Jitex BK,Sweden,European club,football-logos.cc,derived,sweden_jitex-bk.png
jonkopings-sodra.png,Jonkopings Sodra,Jönköpings Södra IF,Sweden,European club,football-logos.cc,derived,sweden_jonkopings-sodra-if.png
kalmar.png,Kalmar,Kalmar,Sweden,Champions League 1996-2017; European club; Top flight 2021-2026,football-logos.cc,derived,sweden_kalmar.png
landskrona-bois.png,Landskrona BoIS,Landskrona BoIS,Sweden,European club,football-logos.cc,derived,sweden_landskrona.png
ljungskile.png,Ljungskile,Ljungskile SK,Sweden,European club,football-logos.cc,derived,sweden_ljungskile-sk.png
malmo.png,Malmo,Malmö,Sweden,Champions League 1996-2017; European club; Top flight 2021-2026,football-logos.cc,game,sweden_malmo.png
mjallby.png,Mjallby,Mjällby,Sweden,European club; Top flight 2021-2026,football-logos.cc,derived,sweden_mjallby.png
nordic-united.png,Nordic United,Nordic United FC,Sweden,European club,football-logos.cc,derived,sweden_nordic-united-fc.png
norrby.png,Norrby,Norrby IF,Sweden,European club,football-logos.cc,derived,sweden_norrby-if.png
norrkoping.png,Norrkoping,Norrköping,Sweden,European club; Top flight 2021-2026,football-logos.cc,derived,sweden_norrkoping.png
pitea.png,Pitea,Piteå IF Fotboll,Sweden,European club,football-logos.cc,derived,sweden_pitea-if-fotboll.png
sandvikens.png,Sandvikens,Sandvikens IF,Sweden,European club,football-logos.cc,derived,sweden_sandvikens-if.png
sirius.png,Sirius,Sirius,Sweden,European club; Top flight 2021-2026,football-logos.cc,derived,sweden_sirius.png
sollentuna.png,Sollentuna,Sollentuna FK,Sweden,European club,football-logos.cc,derived,sweden_sollentuna-fk.png
torns.png,Torns,Torns IF,Sweden,European club,football-logos.cc,derived,sweden_torns-if.png
trelleborg.png,Trelleborg,Trelleborg,Sweden,European club,football-logos.cc,derived,sweden_trelleborg.png
tvaakers.png,Tvaakers,Tvååkers IF,Sweden,European club,football-logos.cc,derived,sweden_tvaakers-if.png
vallentuna.png,Vallentuna,Vallentuna BK,Sweden,European club,football-logos.cc,derived,sweden_vallentuna-bk.png
varbergs-bois.png,Varbergs BoIS,Varbergs BoIS FC,Sweden,European club; Top flight 2021-2026,football-logos.cc,derived,sweden_varbergs-bois.png
varnamo.png,Varnamo,Värnamo,Sweden,European club; Top flight 2021-2026,football-logos.cc,derived,sweden_varnamo.png
vasteras.png,Vasteras,Västerås SK,Sweden,European club; Top flight 2021-2026,football-logos.cc,derived,sweden_wasteras.png
atvidabergs.png,Atvidabergs,Åtvidabergs FF,Sweden,European club,football-logos.cc,derived,sweden_atvidabergs-ff.png
orebro.png,Orebro,Örebro,Sweden,European club,football-logos.cc,derived,sweden_orebro.png
orgryte.png,Orgryte,Örgryte,Sweden,European club; Top flight 2021-2026,football-logos.cc,derived,sweden_orgryte.png
oster.png,Oster,Öster,Sweden,European club,football-logos.cc,derived,sweden_oster.png
osters.png,Osters,Östers IF,Sweden,European club; Top flight 2021-2026,football-logos.cc,derived,sweden_osters-if.png
ostersund.png,Ostersund,Östersund,Sweden,European club,football-logos.cc,derived,sweden_ostersund.png
aarau.png,Aarau,Aarau,Switzerland,European club,football-logos.cc,derived,switzerland_aarau.png
basel.png,Basel,Basel,Switzerland,Champions League 1996-2017; European club; Top flight 2021-2026,football-logos.cc,game,switzerland_basel.png
bellinzona.png,Bellinzona,Bellinzona,Switzerland,European club,football-logos.cc,derived,switzerland_bellinzona.png
rapperswil-jona.png,Rapperswil-Jona,FC Rapperswil-Jona,Switzerland,European club,football-logos.cc,derived,switzerland_fc-rapperswil-jona.png
stade-lausanne-ouchy.png,Stade Lausanne Ouchy,FC Stade Lausanne Ouchy,Switzerland,European club; Top flight 2021-2026,football-logos.cc,derived,switzerland_fc-stade-lausanne-ouchy.png
stade-nyonnais.png,Stade Nyonnais,FC Stade Nyonnais,Switzerland,European club,football-logos.cc,derived,switzerland_fc-stade-nyonnais.png
grasshoppers.png,Grasshoppers,Grasshoppers,Switzerland,Champions League 1996-2017; European club,football-logos.cc,derived,switzerland_grasshoppers.png
lausanne-sport.png,Lausanne-Sport,Lausanne-Sport,Switzerland,European club; Top flight 2021-2026,football-logos.cc,derived,switzerland_lausanne-sport.png
lugano.png,Lugano,Lugano,Switzerland,Champions League 1996-2017; European club; Top flight 2021-2026,football-logos.cc,derived,switzerland_lugano.png
luzern.png,Luzern,Luzern,Switzerland,European club; Top flight 2021-2026,football-logos.cc,derived,switzerland_luzern.png
kriens.png,Kriens,SC Kriens,Switzerland,European club,football-logos.cc,derived,switzerland_sc-kriens.png
servette.png,Servette,Servette,Switzerland,Champions League 1996-2017; European club; Top flight 2021-2026,football-logos.cc,derived,switzerland_servette.png
sion.png,Sion,Sion,Switzerland,Champions League 1996-2017; European club; Top flight 2021-2026,football-logos.cc,derived,switzerland_sion.png
st-gallen.png,St Gallen,St. Gallen,Switzerland,Champions League 1996-2017; European club; Top flight 2021-2026,football-logos.cc,derived,switzerland_st-gallen.png
thun.png,Thun,Thun,Switzerland,Champions League 1996-2017; European club; Top flight 2021-2026,football-logos.cc,derived,switzerland_thun.png
wil.png,Wil,Wil,Switzerland,European club,football-logos.cc,derived,switzerland_wil.png
winterthur.png,Winterthur,Winterthur,Switzerland,European club; Top flight 2021-2026,football-logos.cc,derived,switzerland_winterthur.png
xamax.png,Xamax,Xamax,Switzerland,European club,football-logos.cc,derived,switzerland_xamax.png
young-boys.png,Young Boys,Young Boys,Switzerland,Champions League 1996-2017; European club; Top flight 2021-2026,football-logos.cc,game,switzerland_young-boys.png
yverdon-sport.png,Yverdon-Sport,Yverdon-Sport FC,Switzerland,European club; Top flight 2021-2026,football-logos.cc,derived,switzerland_yverdon-sport-fc.png
zurich.png,Zurich,Zürich,Switzerland,Champions League 1996-2017; European club; Top flight 2021-2026,football-logos.cc,derived,switzerland_zurich.png
etoile-carouge.png,Etoile Carouge,Étoile Carouge FC,Switzerland,European club,football-logos.cc,derived,switzerland_etoile-carouge-fc.png
adana-demirspor.png,Adana Demirspor,Adana Demirspor,Turkey,Top flight 2021-2026,football-logos.cc,derived,turkey_adana-demirspor.png
alanyaspor.png,Alanyaspor,Alanyaspor,Turkey,Current top flight; Top flight 2021-2026,football-logos.cc,derived,turkey_alanyaspor.png
altay.png,Altay,Altay SK,Turkey,Top flight 2021-2026,luukhopman/football-logos,derived,turkey_altay-sk.png
amed-sfk.png,Amed SFK,Amed SFK,Turkey,Current top flight; Top flight 2021-2026,football-logos.cc,derived,turkey_amed.png
ankaragucu.png,Ankaragucu,Ankaragücü,Turkey,Top flight 2021-2026,football-logos.cc,derived,turkey_ankaragucu.png
antalyaspor.png,Antalyaspor,Antalyaspor,Turkey,Top flight 2021-2026,football-logos.cc,derived,turkey_antalyaspor.png
basaksehir.png,Basaksehir,Başakşehir,Turkey,Current top flight; Top flight 2021-2026,football-logos.cc,derived,turkey_basaksehir.png
besiktas.png,Besiktas,Beşiktaş,Turkey,Champions League 1996-2017; Current top flight; Top flight 2021-2026,football-logos.cc,game,turkey_besiktas.png
bodrum.png,Bodrum,Bodrum FK,Turkey,Top flight 2021-2026,football-logos.cc,derived,turkey_bodrum-fk.png
bursaspor.png,Bursaspor,Bursaspor,Turkey,Champions League 1996-2017,football-logos.cc,derived,turkey_bursaspor.png
eyupspor.png,Eyupspor,Eyüpspor,Turkey,Current top flight; Top flight 2021-2026,football-logos.cc,derived,turkey_eyupspor.png
fatih-karagumruk.png,Fatih Karagumruk,Fatih Karagümrük,Turkey,Top flight 2021-2026,football-logos.cc,derived,turkey_fatih-karagumruk.png
fenerbahce.png,Fenerbahce,Fenerbahçe,Turkey,Champions League 1996-2017; Current top flight; Top flight 2021-2026,football-logos.cc,game,turkey_fenerbahce.png
galatasaray.png,Galatasaray,Galatasaray,Turkey,Champions League 1996-2017; Current top flight; Top flight 2021-2026,football-logos.cc,game,turkey_galatasaray.png
gaziantep.png,Gaziantep,Gaziantep,Turkey,Current top flight; Top flight 2021-2026,football-logos.cc,derived,turkey_gaziantep.png
genclerbirligi.png,Genclerbirligi,Gençlerbirliği,Turkey,Current top flight; Top flight 2021-2026,football-logos.cc,derived,turkey_genclerbirligi.png
giresunspor.png,Giresunspor,Giresunspor,Turkey,Top flight 2021-2026,luukhopman/football-logos,derived,turkey_giresunspor.png
goztepe-izmir.png,Goztepe Izmir,Göztepe Izmir,Turkey,Current top flight; Top flight 2021-2026,football-logos.cc,derived,turkey_goztepe-izmir.png
hatayspor.png,Hatayspor,Hatayspor,Turkey,Top flight 2021-2026,football-logos.cc,derived,turkey_hatayspor.png
kasimpasa.png,Kasimpasa,Kasımpaşa,Turkey,Current top flight; Top flight 2021-2026,football-logos.cc,derived,turkey_kasimpasa.png
kayserispor.png,Kayserispor,Kayserispor,Turkey,Top flight 2021-2026,football-logos.cc,derived,turkey_kayserispor.png
kocaelispor.png,Kocaelispor,Kocaelispor,Turkey,Current top flight; Top flight 2021-2026,football-logos.cc,derived,turkey_kocaelispor.png
konyaspor.png,Konyaspor,Konyaspor,Turkey,Current top flight; Top flight 2021-2026,football-logos.cc,derived,turkey_konyaspor.png
pendikspor.png,Pendikspor,Pendikspor,Turkey,Top flight 2021-2026,football-logos.cc,derived,turkey_pendikspor.png
samsunspor.png,Samsunspor,Samsunspor,Turkey,Current top flight; Top flight 2021-2026,football-logos.cc,derived,turkey_samsunspor.png
sivasspor.png,Sivasspor,Sivasspor,Turkey,Champions League 1996-2017; Top flight 2021-2026,football-logos.cc,derived,turkey_sivasspor.png
trabzonspor.png,Trabzonspor,Trabzonspor,Turkey,Champions League 1996-2017; Current top flight; Top flight 2021-2026,football-logos.cc,derived,turkey_trabzonspor.png
y-malatyaspor.png,Y. Malatyaspor,Y. Malatyaspor,Turkey,Top flight 2021-2026,luukhopman/football-logos,derived,turkey_y-malatyaspor.png
erzurumspor.png,erzurumspor,erzurumspor,Turkey,Current top flight; Top flight 2021-2026,football-logos.cc,derived,turkey_erzurumspor.png
caykur-rizespor.png,Caykur Rizespor,Çaykur Rizespor,Turkey,Current top flight; Top flight 2021-2026,football-logos.cc,derived,turkey_rizespor.png
corum.png,Corum,Çorum FK,Turkey,Current top flight; Top flight 2021-2026,football-logos.cc,derived,turkey_corum.png
umraniyespor.png,Umraniyespor,Ümraniyespor,Turkey,Top flight 2021-2026,football-logos.cc,derived,turkey_umraniyespor.png
istanbulspor.png,Istanbulspor,İstanbulspor,Turkey,Top flight 2021-2026,football-logos.cc,derived,turkey_istanbulspor.png
ahrobiznes-volochysk.png,Ahrobiznes Volochysk,Ahrobiznes Volochysk,Ukraine,European club,football-logos.cc,derived,ukraine_ahrobiznes.png
bukovyna-chernivtsi.png,Bukovyna Chernivtsi,Bukovyna Chernivtsi,Ukraine,European club; Top flight 2021-2026,football-logos.cc,derived,ukraine_bukovyna.png
chornomorets-odesa.png,Chornomorets Odesa,Chornomorets Odesa,Ukraine,European club; Top flight 2021-2026,football-logos.cc,derived,ukraine_chornomorets.png
desna.png,Desna,Desna,Ukraine,Top flight 2021-2026,luukhopman/football-logos,derived,ukraine_desna.png
dnipro.png,Dnipro,Dnipro,Ukraine,European club; Top flight 2021-2026,football-logos.cc,derived,ukraine_dnipro.png
dynamo-kyiv.png,Dynamo Kyiv,Dynamo Kyiv,Ukraine,European club; Top flight 2021-2026,football-logos.cc,game,ukraine_dynamo-kyiv.png
epitsentr.png,Epitsentr,Epitsentr,Ukraine,European club,football-logos.cc,derived,ukraine_epitsentr.png
chernihiv.png,Chernihiv,FC Chernihiv,Ukraine,European club,football-logos.cc,derived,ukraine_fc-chernihiv.png
kharkiv.png,Kharkiv,FC Kharkiv,Ukraine,Champions League 1996-2017; European club; Top flight 2021-2026,football-logos.cc,derived,ukraine_fc-kharkiv.png
metalist-1925-kharkiv.png,Metalist 1925 Kharkiv,FC Metalist 1925 Kharkiv,Ukraine,European club; Top flight 2021-2026,football-logos.cc,derived,ukraine_fc-metalist-1925-kharkiv.png
fenix-mariupol.png,Fenix Mariupol,Fenix Mariupol,Ukraine,European club; Top flight 2021-2026,football-logos.cc,derived,ukraine_fenix-mariupol.png
inhulets-petrove.png,Inhulets Petrove,Inhulets Petrove,Ukraine,European club; Top flight 2021-2026,football-logos.cc,derived,ukraine_inhulets-petrove.png
karpaty.png,Karpaty,Karpaty,Ukraine,European club; Top flight 2021-2026,football-logos.cc,derived,ukraine_karpaty.png
kolos-kovalivka.png,Kolos Kovalivka,Kolos Kovalivka,Ukraine,European club; Top flight 2021-2026,football-logos.cc,derived,ukraine_kolos-kovalivka.png
kryvbas.png,Kryvbas,Kryvbas,Ukraine,European club; Top flight 2021-2026,football-logos.cc,derived,ukraine_kryvbas.png
kudrivka.png,Kudrivka,Kudrivka,Ukraine,European club; Top flight 2021-2026,football-logos.cc,derived,ukraine_kudrivka.png
lnz-cherkasy.png,LNZ Cherkasy,LNZ Cherkasy,Ukraine,European club; Top flight 2021-2026,football-logos.cc,derived,ukraine_lnz-cherkasy.png
livyi-bereh.png,Livyi Bereh,Livyi Bereh,Ukraine,European club,football-logos.cc,derived,ukraine_livyi-bereh.png
metalist.png,Metalist,Metalist,Ukraine,European club,football-logos.cc,derived,ukraine_metalist.png
metalurh-zaporizhzhia.png,Metalurh Zaporizhzhia,Metalurh Zaporizhzhia,Ukraine,European club,football-logos.cc,derived,ukraine_metalurh-zaporizhzhia.png
minaj.png,Minaj,Minaj,Ukraine,European club; Top flight 2021-2026,football-logos.cc,derived,ukraine_minaj.png
nyva-ternopil.png,Nyva Ternopil,Nyva Ternopil,Ukraine,European club,football-logos.cc,derived,ukraine_nyva.png
obolon.png,Obolon,Obolon,Ukraine,European club; Top flight 2021-2026,football-logos.cc,derived,ukraine_obolon.png
olexandriya.png,Olexandriya,Olexandriya,Ukraine,European club; Top flight 2021-2026,football-logos.cc,derived,ukraine_olexandriya.png
lviv.png,Lviv,PFK Lviv,Ukraine,Top flight 2021-2026,luukhopman/football-logos,derived,ukraine_pfk-lviv.png
podillya-khmelnytskyi.png,Podillya Khmelnytskyi,Podillya Khmelnytskyi,Ukraine,European club,football-logos.cc,derived,ukraine_podillya-khmelnytskyi.png
polissya-zhytomyr.png,Polissya Zhytomyr,Polissya Zhytomyr,Ukraine,European club; Top flight 2021-2026,football-logos.cc,derived,ukraine_polissya.png
probiy-horodenka.png,Probiy Horodenka,Probiy Horodenka,Ukraine,European club,football-logos.cc,derived,ukraine_probiy.png
prykarpattia-blaho.png,Prykarpattia-Blaho,Prykarpattia-Blaho,Ukraine,European club,football-logos.cc,derived,ukraine_prykarpattia-blaho.png
rukh-lviv.png,Rukh Lviv,Rukh Lviv,Ukraine,European club; Top flight 2021-2026,football-logos.cc,derived,ukraine_rukh-lviv.png
poltava.png,Poltava,SK Poltava,Ukraine,European club; Top flight 2021-2026,football-logos.cc,derived,ukraine_sk-poltava.png
shakhtar.png,Shakhtar,Shakhtar,Ukraine,Champions League 1996-2017; European club; Top flight 2021-2026,football-logos.cc,game,ukraine_shakhtar.png
ucsa-tarasivka.png,UCSA Tarasivka,UCSA Tarasivka,Ukraine,European club,football-logos.cc,derived,ukraine_ucsa.png
veres.png,Veres,Veres,Ukraine,European club; Top flight 2021-2026,football-logos.cc,derived,ukraine_veres.png
viktoriya-sumy.png,Viktoriya Sumy,Viktoriya Sumy,Ukraine,European club,football-logos.cc,derived,ukraine_viktoriya.png
vorskla-poltava.png,Vorskla Poltava,Vorskla Poltava,Ukraine,European club; Top flight 2021-2026,football-logos.cc,derived,ukraine_vorskla-poltava.png
zorya-luhansk.png,Zorya Luhansk,Zorya Luhansk,Ukraine,European club; Top flight 2021-2026,football-logos.cc,derived,ukraine_zorya-luhansk.png
inter-miami.png,Inter Miami,Inter Miami CF,United States,Game club,football-logos.cc,game,usa_inter-miami-cf.png
la-galaxy.png,LA Galaxy,Los Angeles Galaxy,United States,Game club,football-logos.cc,game,usa_la-galaxy.png
aberystwyth-town.png,Aberystwyth Town,Aberystwyth Town,Wales,European club,football-logos.cc,derived,wales_aberystwyth-town.png
afan-lido.png,Afan Lido,Afan Lido,Wales,European club,football-logos.cc,derived,wales_afan-lido.png
airbus-uk-broughton.png,Airbus UK Broughton,Airbus UK Broughton,Wales,European club,football-logos.cc,derived,wales_broughton.png
ammanford.png,Ammanford,Ammanford AFC,Wales,European club,football-logos.cc,derived,wales_ammanford-afc.png
baglan-dragons.png,Baglan Dragons,Baglan Dragons,Wales,European club,football-logos.cc,derived,wales_baglan-dragons.png
bala-town.png,Bala Town,Bala Town FC,Wales,European club,football-logos.cc,derived,wales_bala-town-fc.png
bangor-1876.png,Bangor 1876,Bangor 1876,Wales,European club,football-logos.cc,derived,wales_bangor-1876.png
barry-town-united.png,Barry Town United,Barry Town United,Wales,Champions League 1996-2017; European club,football-logos.cc,derived,wales_barry-town-united.png
brickfield-rangers.png,Brickfield Rangers,Brickfield Rangers,Wales,European club,football-logos.cc,derived,wales_brickfield-rangers.png
briton-ferry-llansawel.png,Briton Ferry Llansawel,Briton Ferry Llansawel,Wales,European club,football-logos.cc,derived,wales_briton-ferry-llansawel.png
buckley-town.png,Buckley Town,Buckley Town,Wales,European club,football-logos.cc,derived,wales_buckley-town.png
gresford-athletic.png,Gresford Athletic,CPD Gresford Athletic,Wales,European club,football-logos.cc,derived,wales_gresford-athletic.png
rhyl.png,Rhyl,CPD Y Rhyl 1879,Wales,Champions League 1996-2017; European club,football-logos.cc,derived,wales_rhyl-1879.png
caerau-ely.png,Caerau Ely,Caerau Ely,Wales,European club,football-logos.cc,derived,wales_caerau-ely.png
caernarfon-town.png,Caernarfon Town,Caernarfon Town,Wales,European club,football-logos.cc,derived,wales_caernarfon-town.png
caerphilly-athletic.png,Caerphilly Athletic,Caerphilly Athletic,Wales,European club,football-logos.cc,derived,wales_caerphilly-athletic.png
caersws.png,Caersws,Caersws,Wales,European club,football-logos.cc,derived,wales_caersws.png
cambrian-united.png,Cambrian United,Cambrian United,Wales,European club,football-logos.cc,derived,wales_cambrian-united.png
cardiff-draconians.png,Cardiff Draconians,Cardiff Draconians,Wales,European club,football-logos.cc,derived,wales_cardiff-draconians.png
cardiff-metropolitan-university.png,Cardiff Metropolitan University,Cardiff Metropolitan University,Wales,European club,football-logos.cc,derived,wales_cardiff-metropolitan-university.png
carmarthen.png,Carmarthen,Carmarthen,Wales,European club,football-logos.cc,derived,wales_carmarthen.png
chirk-aaa.png,Chirk AAA,Chirk AAA FC,Wales,European club,football-logos.cc,derived,wales_chirk-aaa.png
colwyn-bay.png,Colwyn Bay,Colwyn Bay,Wales,European club,football-logos.cc,derived,wales_colwyn-bay.png
connahs-quay-nomads.png,Connah's Quay Nomads,Connah's Quay Nomads,Wales,European club,football-logos.cc,derived,wales_connahs-quay-nomads.png
corwen.png,Corwen,Corwen,Wales,European club,football-logos.cc,derived,wales_corwen.png
cwmbran-celtic.png,Cwmbran Celtic,Cwmbran Celtic,Wales,European club,football-logos.cc,derived,wales_cwmbran-celtic.png
cwmbran-town.png,Cwmbran Town,Cwmbran Town,Wales,European club,football-logos.cc,derived,wales_cwmbran-town.png
denbigh-town.png,Denbigh Town,Denbigh Town,Wales,European club,football-logos.cc,derived,wales_denbigh-town.png
flint-town-united.png,Flint Town United,Flint Town United,Wales,European club,football-logos.cc,derived,wales_flint-town-united.png
goytre-united.png,Goytre United,Goytre United,Wales,European club,football-logos.cc,derived,wales_goytre-united.png
guilsfield.png,Guilsfield,Guilsfield FC,Wales,European club,football-logos.cc,derived,wales_guilsfield-fc.png
haverfordwest-county.png,Haverfordwest County,Haverfordwest County,Wales,European club,football-logos.cc,derived,wales_haverfordwest-county.png
holyhead-hotspur.png,Holyhead Hotspur,Holyhead Hotspur,Wales,European club,football-logos.cc,derived,wales_holyhead-hotspur.png
holywell-town.png,Holywell Town,Holywell Town,Wales,European club,football-logos.cc,derived,wales_holywell-town.png
llandudno.png,Llandudno,Llandudno,Wales,European club,football-logos.cc,derived,wales_llandudno.png
llanelli-town.png,Llanelli Town,Llanelli Town,Wales,Champions League 1996-2017; European club,football-logos.cc,derived,wales_llanelli-town.png
llangefni.png,Llangefni,Llangefni,Wales,European club,football-logos.cc,derived,wales_llangefni.png
llantwit-major.png,Llantwit Major,Llantwit Major FC,Wales,European club,football-logos.cc,derived,wales_llantwit-major-fc.png
llanuwchllyn.png,Llanuwchllyn,Llanuwchllyn FC,Wales,European club,football-logos.cc,derived,wales_llanuwchllyn-fc.png
merthyr-town.png,Merthyr Town,Merthyr Town,Wales,European club,football-logos.cc,derived,wales_merthyr-town.png
mold-alexandra.png,Mold Alexandra,Mold Alexandra,Wales,European club,football-logos.cc,derived,wales_mold-alexandra.png
monmouth-town.png,Monmouth Town,Monmouth Town,Wales,European club,football-logos.cc,derived,wales_monmouth-town.png
newport-city.png,Newport City,Newport City,Wales,European club,football-logos.cc,derived,wales_newport-city.png
newtown.png,Newtown,Newtown AFC,Wales,European club,football-logos.cc,derived,wales_newtown-afc.png
penrhyncoch.png,Penrhyncoch,Penrhyncoch,Wales,European club,football-logos.cc,derived,wales_penrhyncoch.png
penybont.png,Penybont,Penybont,Wales,European club,football-logos.cc,derived,wales_penybont.png
pontardawe-town.png,Pontardawe Town,Pontardawe Town,Wales,European club,football-logos.cc,derived,wales_pontardawe-town.png
pontypridd-united.png,Pontypridd United,Pontypridd United,Wales,European club,football-logos.cc,derived,wales_pontypridd-united.png
porthmadog.png,Porthmadog,Porthmadog,Wales,European club,football-logos.cc,derived,wales_porthmadog.png
prestatyn-town.png,Prestatyn Town,Prestatyn Town,Wales,European club,football-logos.cc,derived,wales_prestatyn-town.png
pure-swansea.png,Pure Swansea,Pure Swansea,Wales,European club,football-logos.cc,derived,wales_pure-swansea.png
ruthin-town.png,Ruthin Town,Ruthin Town,Wales,European club,football-logos.cc,derived,wales_ruthin-town.png
the-new-saints.png,The New Saints,The New Saints,Wales,Champions League 1996-2017; European club,football-logos.cc,derived,wales_the-new-saints.png
trefelin-bgc.png,Trefelin BGC,Trefelin BGC,Wales,European club,football-logos.cc,derived,wales_trefelin-bgc.png
treowen-stars.png,Treowen Stars,Treowen Stars,Wales,European club,football-logos.cc,derived,wales_treowen-stars.png
trethomas-bluebirds.png,Trethomas Bluebirds,Trethomas Bluebirds,Wales,European club,football-logos.cc,derived,wales_trethomas-bluebirds.png
ynyshir-albions.png,Ynyshir Albions,Ynyshir Albions,Wales,European club,football-logos.cc,derived,wales_ynyshir-albions.png
