manager,tm_date,club,opponent,goals_for,goals_against,result,shootout,uefa_coach_named,uefa_match_id
Carlo Ancelotti,1997-09-17,Parma,Sparta Praha,0,0,D,,Carlo Ancelotti,54390
Carlo Ancelotti,1997-10-01,Parma,Galatasaray,2,0,W,,Carlo Ancelotti,54403
Carlo Ancelotti,1997-10-22,Parma,B. Dortmund,1,0,W,,Carlo Ancelotti,54420
Carlo Ancelotti,1997-11-05,Parma,B. Dortmund,0,2,L,,Carlo Ancelotti,54422
Carlo Ancelotti,1997-11-27,Parma,Sparta Praha,2,2,D,,Carlo Ancelotti,54424
Carlo Ancelotti,1997-12-10,Parma,Galatasaray,1,1,D,,Carlo Ancelotti,54427
Carlo Ancelotti,1999-03-03,Juventus,Olympiacos,2,1,W,,Carlo Ancelotti,56077
Carlo Ancelotti,1999-03-17,Juventus,Olympiacos,1,1,D,,Carlo Ancelotti,56078
Carlo Ancelotti,1999-04-07,Juventus,Man Utd,1,1,D,,Carlo Ancelotti,56332
Carlo Ancelotti,1999-04-21,Juventus,Man Utd,2,3,L,,Carlo Ancelotti,56333
Carlo Ancelotti,2000-09-13,Juventus,Hamburg,4,4,D,,,65960
Carlo Ancelotti,2000-09-19,Juventus,Panathinaikos,2,1,W,,Carlo Ancelotti,65963
Carlo Ancelotti,2000-09-26,Juventus,Deportivo,0,0,D,,Carlo Ancelotti,65964
Carlo Ancelotti,2000-10-18,Juventus,Deportivo,1,1,D,,Carlo Ancelotti,65966
Carlo Ancelotti,2000-10-24,Juventus,Hamburg,1,3,L,,,65968
Carlo Ancelotti,2000-11-08,Juventus,Panathinaikos,1,3,L,,Carlo Ancelotti,65971
Carlo Ancelotti,2002-09-18,Milan,Lens,2,1,W,,,70138
Carlo Ancelotti,2002-09-24,Milan,Deportivo,4,0,W,,,70140
Carlo Ancelotti,2002-10-01,Milan,Bayern Munchen,2,1,W,,,70142
Carlo Ancelotti,2002-10-23,Milan,Bayern Munchen,2,1,W,,,70144
Carlo Ancelotti,2002-10-29,Milan,Lens,1,2,L,,,70146
Carlo Ancelotti,2002-11-13,Milan,Deportivo,1,2,L,,,70148
Carlo Ancelotti,2002-11-26,Milan,Real Madrid,1,0,W,,,70451
Carlo Ancelotti,2002-12-11,Milan,B. Dortmund,1,0,W,,,70453
Carlo Ancelotti,2003-02-19,Milan,Lokomotiv Moskva,1,0,W,,,70456
Carlo Ancelotti,2003-02-25,Milan,Lokomotiv Moskva,1,0,W,,,70458
Carlo Ancelotti,2003-03-12,Milan,Real Madrid,1,3,L,,,70459
Carlo Ancelotti,2003-03-18,Milan,B. Dortmund,0,1,L,,,70461
Carlo Ancelotti,2003-04-08,Milan,Ajax,0,0,D,,,70971
Carlo Ancelotti,2003-04-23,Milan,Ajax,3,2,W,,,70972
Carlo Ancelotti,2003-05-07,Milan,Inter,0,0,D,,,71038
Carlo Ancelotti,2003-05-13,Milan,Inter,1,1,D,,,71039
Carlo Ancelotti,2003-05-28,Milan,Juventus,0,0,D,yes,,71176
Carlo Ancelotti,2003-09-16,Milan,Ajax,1,0,W,,,73403
Carlo Ancelotti,2003-10-01,Milan,Celta,0,0,D,,,73405
Carlo Ancelotti,2003-10-22,Milan,Club Brugge,0,1,L,,,73408
Carlo Ancelotti,2003-11-04,Milan,Club Brugge,1,0,W,,,73410
Carlo Ancelotti,2003-11-26,Milan,Ajax,1,0,W,,,73411
Carlo Ancelotti,2003-12-09,Milan,Celta,1,2,L,,,73413
Carlo Ancelotti,2004-02-24,Milan,Sparta Praha,0,0,D,,,73817
Carlo Ancelotti,2004-03-10,Milan,Sparta Praha,4,1,W,,,73818
Carlo Ancelotti,2004-03-23,Milan,Deportivo,4,1,W,,,74858
Carlo Ancelotti,2004-04-07,Milan,Deportivo,0,4,L,,,74859
Carlo Ancelotti,2004-09-14,Milan,Shakhtar,1,0,W,,,79516
Carlo Ancelotti,2004-09-29,Milan,Celtic,3,1,W,,,79519
Carlo Ancelotti,2004-10-20,Milan,Barcelona,1,0,W,,,79520
Carlo Ancelotti,2004-11-02,Milan,Barcelona,1,2,L,,,79522
Carlo Ancelotti,2004-11-24,Milan,Shakhtar,4,0,W,,,79524
Carlo Ancelotti,2004-12-07,Milan,Celtic,0,0,D,,,79527
Carlo Ancelotti,2005-02-23,Milan,Man Utd,1,0,W,,,79930
Carlo Ancelotti,2005-03-08,Milan,Man Utd,1,0,W,,,79931
Carlo Ancelotti,2005-04-06,Milan,Inter,2,0,W,,,80602
Carlo Ancelotti,2005-04-12,Milan,Inter,3,0,W,,,80603
Carlo Ancelotti,2005-04-26,Milan,PSV,2,0,W,,,80757
Carlo Ancelotti,2005-05-04,Milan,PSV,1,3,L,,,80758
Carlo Ancelotti,2005-05-25,Milan,Liverpool,3,3,D,yes,,80813
Carlo Ancelotti,2005-09-13,Milan,Fenerbahce,3,1,W,,,81700
Carlo Ancelotti,2005-09-28,Milan,Schalke,2,2,D,,,81716
Carlo Ancelotti,2005-10-19,Milan,PSV,0,0,D,,,81733
Carlo Ancelotti,2005-11-01,Milan,PSV,0,1,L,,,81749
Carlo Ancelotti,2005-11-23,Milan,Fenerbahce,4,0,W,,,81764
Carlo Ancelotti,2005-12-06,Milan,Schalke,3,2,W,,,81780
Carlo Ancelotti,2006-02-21,Milan,Bayern Munchen,1,1,D,,,82413
Carlo Ancelotti,2006-03-08,Milan,Bayern Munchen,4,1,W,,,82414
Carlo Ancelotti,2006-03-29,Milan,Lyon,0,0,D,,,84032
Carlo Ancelotti,2006-04-04,Milan,Lyon,3,1,W,,,84033
Carlo Ancelotti,2006-04-18,Milan,Barcelona,0,1,L,,,84071
Carlo Ancelotti,2006-04-26,Milan,Barcelona,0,0,D,,,84072
Carlo Ancelotti,2006-09-13,Milan,AEK Athens,3,0,W,,,84758
Carlo Ancelotti,2006-09-26,Milan,Lille,0,0,D,,,84774
Carlo Ancelotti,2006-10-17,Milan,Anderlecht,1,0,W,,,84790
Carlo Ancelotti,2006-11-01,Milan,Anderlecht,4,1,W,,,84806
Carlo Ancelotti,2006-11-21,Milan,AEK Athens,0,1,L,,,84822
Carlo Ancelotti,2006-12-06,Milan,Lille,0,2,L,,,84838
Carlo Ancelotti,2007-02-20,Milan,Celtic,0,0,D,,Carlo Ancelotti,85504
Carlo Ancelotti,2007-03-07,Milan,Celtic,1,0,W,,Carlo Ancelotti,85505
Carlo Ancelotti,2007-04-03,Milan,Bayern Munchen,2,2,D,,,300128
Carlo Ancelotti,2007-04-11,Milan,Bayern Munchen,2,0,W,,,300129
Carlo Ancelotti,2007-04-24,Milan,Man Utd,2,3,L,,,300138
Carlo Ancelotti,2007-05-02,Milan,Man Utd,3,0,W,,,300139
Carlo Ancelotti,2007-05-23,Milan,Liverpool,2,1,W,,,300099
Carlo Ancelotti,2007-09-18,Milan,Benfica,2,1,W,,Carlo Ancelotti,301173
Carlo Ancelotti,2007-10-03,Milan,Celtic,1,2,L,,Carlo Ancelotti,301181
Carlo Ancelotti,2007-10-24,Milan,Shakhtar,4,1,W,,Carlo Ancelotti,301198
Carlo Ancelotti,2007-11-06,Milan,Shakhtar,3,0,W,,Carlo Ancelotti,301222
Carlo Ancelotti,2007-11-28,Milan,Benfica,1,1,D,,,301229
Carlo Ancelotti,2007-12-04,Milan,Celtic,1,0,W,,Carlo Ancelotti,301253
Carlo Ancelotti,2008-02-20,Milan,Arsenal,0,0,D,,Carlo Ancelotti,301892
Carlo Ancelotti,2008-03-04,Milan,Arsenal,0,2,L,,Carlo Ancelotti,301896
Carlo Ancelotti,2009-09-15,Chelsea,Porto,1,0,W,,Carlo Ancelotti,2000378
Carlo Ancelotti,2009-09-30,Chelsea,APOEL,1,0,W,,Carlo Ancelotti,2000386
Carlo Ancelotti,2009-10-21,Chelsea,Atleti,4,0,W,,Carlo Ancelotti,2000403
Carlo Ancelotti,2009-11-03,Chelsea,Atleti,2,2,D,,Carlo Ancelotti,2000427
Carlo Ancelotti,2009-11-25,Chelsea,Porto,1,0,W,,Carlo Ancelotti,2000434
Carlo Ancelotti,2009-12-08,Chelsea,APOEL,2,2,D,,Carlo Ancelotti,2000458
Carlo Ancelotti,2010-02-24,Chelsea,Inter,1,2,L,,Carlo Ancelotti,2000462
Carlo Ancelotti,2010-03-16,Chelsea,Inter,0,1,L,,Carlo Ancelotti,2000474
Carlo Ancelotti,2010-09-15,Chelsea,Zilina,4,1,W,,Carlo Ancelotti,2002820
Carlo Ancelotti,2010-09-28,Chelsea,Marseille,2,0,W,,Carlo Ancelotti,2002843
Carlo Ancelotti,2010-10-19,Chelsea,Spartak Moskva,2,0,W,,Carlo Ancelotti,2002859
Carlo Ancelotti,2010-11-03,Chelsea,Spartak Moskva,4,1,W,,Carlo Ancelotti,2002867
Carlo Ancelotti,2010-11-23,Chelsea,Zilina,2,1,W,,Carlo Ancelotti,2002892
Carlo Ancelotti,2010-12-08,Chelsea,Marseille,0,1,L,,Carlo Ancelotti,2002899
Carlo Ancelotti,2011-02-22,Chelsea,Copenhagen,2,0,W,,Carlo Ancelotti,2003754
Carlo Ancelotti,2011-03-16,Chelsea,Copenhagen,0,0,D,,Carlo Ancelotti,2003760
Carlo Ancelotti,2011-04-06,Chelsea,Man Utd,0,1,L,,Carlo Ancelotti,2007731
Carlo Ancelotti,2011-04-12,Chelsea,Man Utd,1,2,L,,Carlo Ancelotti,2007737
Carlo Ancelotti,2012-09-18,Paris,Dynamo Kyiv,4,1,W,,Carlo Ancelotti,2009497
Carlo Ancelotti,2012-10-03,Paris,Porto,0,1,L,,Carlo Ancelotti,2009505
Carlo Ancelotti,2012-10-24,Paris,GNK Dinamo,2,0,W,,Carlo Ancelotti,2009521
Carlo Ancelotti,2012-11-06,Paris,GNK Dinamo,4,0,W,,Carlo Ancelotti,2009545
Carlo Ancelotti,2012-11-21,Paris,Dynamo Kyiv,2,0,W,,Carlo Ancelotti,2009553
Carlo Ancelotti,2012-12-04,Paris,Porto,2,1,W,,Carlo Ancelotti,2009577
Carlo Ancelotti,2013-02-12,Paris,Valencia,2,1,W,,Carlo Ancelotti,2009586
Carlo Ancelotti,2013-03-06,Paris,Valencia,1,1,D,,Carlo Ancelotti,2009592
Carlo Ancelotti,2013-04-02,Paris,Barcelona,2,2,D,,Carlo Ancelotti,2009602
Carlo Ancelotti,2013-04-10,Paris,Barcelona,1,1,D,,Carlo Ancelotti,2009604
Carlo Ancelotti,2013-09-17,Real Madrid,Galatasaray,6,1,W,,Carlo Ancelotti,2011769
Carlo Ancelotti,2013-10-02,Real Madrid,Copenhagen,4,0,W,,Carlo Ancelotti,2011778
Carlo Ancelotti,2013-10-23,Real Madrid,Juventus,2,1,W,,Carlo Ancelotti,2011793
Carlo Ancelotti,2013-11-05,Real Madrid,Juventus,2,2,D,,Carlo Ancelotti,2011817
Carlo Ancelotti,2013-11-27,Real Madrid,Galatasaray,4,1,W,,Carlo Ancelotti,2011825
Carlo Ancelotti,2013-12-10,Real Madrid,Copenhagen,2,0,W,,Carlo Ancelotti,2011850
Carlo Ancelotti,2014-02-26,Real Madrid,Schalke,6,1,W,,,2011862
Carlo Ancelotti,2014-03-18,Real Madrid,Schalke,3,1,W,,,2011868
Carlo Ancelotti,2014-04-02,Real Madrid,B. Dortmund,3,0,W,,Carlo Ancelotti,2011872
Carlo Ancelotti,2014-04-08,Real Madrid,B. Dortmund,0,2,L,,Carlo Ancelotti,2011878
Carlo Ancelotti,2014-04-23,Real Madrid,Bayern Munchen,1,0,W,,Carlo Ancelotti,2011880
Carlo Ancelotti,2014-04-29,Real Madrid,Bayern Munchen,4,0,W,,Carlo Ancelotti,2011881
Carlo Ancelotti,2014-05-24,Real Madrid,Atleti,4,1,W,,,2011883
Carlo Ancelotti,2014-09-16,Real Madrid,Basel,5,1,W,,Carlo Ancelotti,2014318
Carlo Ancelotti,2014-10-01,Real Madrid,Ludogorets,2,1,W,,Carlo Ancelotti,2014326
Carlo Ancelotti,2014-10-22,Real Madrid,Liverpool,3,0,W,,Carlo Ancelotti,2014342
Carlo Ancelotti,2014-11-04,Real Madrid,Liverpool,1,0,W,,Carlo Ancelotti,2014366
Carlo Ancelotti,2014-11-26,Real Madrid,Basel,1,0,W,,Carlo Ancelotti,2014374
Carlo Ancelotti,2014-12-09,Real Madrid,Ludogorets,4,0,W,,Carlo Ancelotti,2014398
Carlo Ancelotti,2015-02-18,Real Madrid,Schalke,2,0,W,,Carlo Ancelotti,2014409
Carlo Ancelotti,2015-03-10,Real Madrid,Schalke,3,4,L,,Carlo Ancelotti,2014415
Carlo Ancelotti,2015-04-14,Real Madrid,Atleti,0,0,D,,Carlo Ancelotti,2014420
Carlo Ancelotti,2015-04-22,Real Madrid,Atleti,1,0,W,,Carlo Ancelotti,2014426
Carlo Ancelotti,2015-05-05,Real Madrid,Juventus,1,2,L,,Carlo Ancelotti,2014427
Carlo Ancelotti,2015-05-13,Real Madrid,Juventus,1,1,D,,Carlo Ancelotti,2014430
Carlo Ancelotti,2016-09-13,Bayern Munchen,Rostov,5,0,W,,Carlo Ancelotti,2019288
Carlo Ancelotti,2016-09-28,Bayern Munchen,Atleti,0,1,L,,Carlo Ancelotti,2019312
Carlo Ancelotti,2016-10-19,Bayern Munchen,PSV,4,1,W,,Carlo Ancelotti,2019329
Carlo Ancelotti,2016-11-01,Bayern Munchen,PSV,2,1,W,,Carlo Ancelotti,2019337
Carlo Ancelotti,2016-11-23,Bayern Munchen,Rostov,2,3,L,,Carlo Ancelotti,2019360
Carlo Ancelotti,2016-12-06,Bayern Munchen,Atleti,1,0,W,,Carlo Ancelotti,2019368
Carlo Ancelotti,2017-02-15,Bayern Munchen,Arsenal,5,1,W,,Carlo Ancelotti,2019618
Carlo Ancelotti,2017-03-07,Bayern Munchen,Arsenal,5,1,W,,Carlo Ancelotti,2019628
Carlo Ancelotti,2017-04-12,Bayern Munchen,Real Madrid,1,2,L,,Carlo Ancelotti,2019631
Carlo Ancelotti,2017-04-18,Bayern Munchen,Real Madrid,2,4,L,,Carlo Ancelotti,2019633
Carlo Ancelotti,2017-09-12,Bayern Munchen,Anderlecht,3,0,W,,Carlo Ancelotti,2021589
Carlo Ancelotti,2017-09-27,Bayern Munchen,Paris,0,3,L,,Carlo Ancelotti,2021613
Carlo Ancelotti,2018-09-18,Napoli,Crvena Zvezda,0,0,D,,Carlo Ancelotti,2025058
Carlo Ancelotti,2018-10-03,Napoli,Liverpool,1,0,W,,Carlo Ancelotti,2025081
Carlo Ancelotti,2018-10-24,Napoli,Paris,2,2,D,,Carlo Ancelotti,2025097
Carlo Ancelotti,2018-11-06,Napoli,Paris,1,1,D,,Carlo Ancelotti,2025105
Carlo Ancelotti,2018-11-28,Napoli,Crvena Zvezda,3,1,W,,Carlo Ancelotti,2025130
Carlo Ancelotti,2018-12-11,Napoli,Liverpool,0,1,L,,Carlo Ancelotti,2025137
Carlo Ancelotti,2019-09-17,Napoli,Liverpool,2,0,W,,Carlo Ancelotti,2027033
Carlo Ancelotti,2019-10-02,Napoli,Genk,0,0,D,,Carlo Ancelotti,2027041
Carlo Ancelotti,2019-10-23,Napoli,Salzburg,3,2,W,,Carlo Ancelotti,2027057
Carlo Ancelotti,2019-11-05,Napoli,Salzburg,1,1,D,,Carlo Ancelotti,2027081
Carlo Ancelotti,2019-11-27,Napoli,Liverpool,1,1,D,,Carlo Ancelotti,2027089
Carlo Ancelotti,2019-12-10,Napoli,Genk,4,0,W,,Carlo Ancelotti,2027113
Carlo Ancelotti,2021-09-15,Real Madrid,Inter,1,0,W,,Carlo Ancelotti,2032670
Carlo Ancelotti,2021-09-28,Real Madrid,Sheriff,1,2,L,,Carlo Ancelotti,2032687
Carlo Ancelotti,2021-10-19,Real Madrid,Shakhtar,5,0,W,,Carlo Ancelotti,2032718
Carlo Ancelotti,2021-11-03,Real Madrid,Shakhtar,2,1,W,,Carlo Ancelotti,2032646
Carlo Ancelotti,2021-11-24,Real Madrid,Sheriff,3,0,W,,Carlo Ancelotti,2032695
Carlo Ancelotti,2021-12-07,Real Madrid,Inter,2,0,W,,Carlo Ancelotti,2032726
Carlo Ancelotti,2022-02-15,Real Madrid,Paris,0,1,L,,Carlo Ancelotti,2033899
Carlo Ancelotti,2022-03-09,Real Madrid,Paris,3,1,W,,Carlo Ancelotti,2033905
Carlo Ancelotti,2022-04-06,Real Madrid,Chelsea,3,1,W,,Carlo Ancelotti,2034653
Carlo Ancelotti,2022-04-12,Real Madrid,Chelsea,2,3,L,,Carlo Ancelotti,2034659
Carlo Ancelotti,2022-04-26,Real Madrid,Man City,3,4,L,,Carlo Ancelotti,2034662
Carlo Ancelotti,2022-05-04,Real Madrid,Man City,3,1,W,,Carlo Ancelotti,2034663
Carlo Ancelotti,2022-05-28,Real Madrid,Liverpool,1,0,W,,Carlo Ancelotti,2034586
Carlo Ancelotti,2022-09-06,Real Madrid,Celtic,3,0,W,,Carlo Ancelotti,2035651
Carlo Ancelotti,2022-09-14,Real Madrid,Leipzig,2,0,W,,Carlo Ancelotti,2035668
Carlo Ancelotti,2022-10-05,Real Madrid,Shakhtar,2,1,W,,Carlo Ancelotti,2035684
Carlo Ancelotti,2022-10-11,Real Madrid,Shakhtar,1,1,D,,Carlo Ancelotti,2035699
Carlo Ancelotti,2022-10-25,Real Madrid,Leipzig,2,3,L,,Carlo Ancelotti,2035716
Carlo Ancelotti,2022-11-02,Real Madrid,Celtic,5,1,W,,Carlo Ancelotti,2035731
Carlo Ancelotti,2023-02-21,Real Madrid,Liverpool,5,2,W,,Carlo Ancelotti,2036586
Carlo Ancelotti,2023-03-15,Real Madrid,Liverpool,1,0,W,,Carlo Ancelotti,2036596
Carlo Ancelotti,2023-04-12,Real Madrid,Chelsea,2,0,W,,Carlo Ancelotti,2037768
Carlo Ancelotti,2023-04-18,Real Madrid,Chelsea,2,0,W,,Carlo Ancelotti,2037774
Carlo Ancelotti,2023-05-09,Real Madrid,Man City,1,1,D,,Carlo Ancelotti,2037797
Carlo Ancelotti,2023-05-17,Real Madrid,Man City,0,4,L,,Carlo Ancelotti,2037800
Carlo Ancelotti,2023-09-20,Real Madrid,Union Berlin,1,0,W,,Carlo Ancelotti,2039183
Carlo Ancelotti,2023-10-03,Real Madrid,Napoli,3,2,W,,Carlo Ancelotti,2039104
Carlo Ancelotti,2023-10-24,Real Madrid,Braga,2,1,W,,Carlo Ancelotti,2039119
Carlo Ancelotti,2023-11-08,Real Madrid,Braga,3,0,W,,Carlo Ancelotti,2039144
Carlo Ancelotti,2023-11-29,Real Madrid,Napoli,4,2,W,,Carlo Ancelotti,2039158
Carlo Ancelotti,2023-12-12,Real Madrid,Union Berlin,3,2,W,,Carlo Ancelotti,2039167
Carlo Ancelotti,2024-02-13,Real Madrid,Leipzig,1,0,W,,Carlo Ancelotti,2039914
Carlo Ancelotti,2024-03-06,Real Madrid,Leipzig,1,1,D,,Carlo Ancelotti,2039924
Carlo Ancelotti,2024-04-09,Real Madrid,Man City,3,3,D,,Carlo Ancelotti,2040494
Carlo Ancelotti,2024-04-17,Real Madrid,Man City,1,1,D,yes,Carlo Ancelotti,2040496
Carlo Ancelotti,2024-04-30,Real Madrid,Bayern Munchen,2,2,D,,Carlo Ancelotti,2040500
Carlo Ancelotti,2024-05-08,Real Madrid,Bayern Munchen,2,1,W,,Carlo Ancelotti,2040503
Carlo Ancelotti,2024-06-01,Real Madrid,B. Dortmund,2,0,W,,Carlo Ancelotti,2039970
Carlo Ancelotti,2024-09-17,Real Madrid,Stuttgart,3,1,W,,Carlo Ancelotti,2042038
Carlo Ancelotti,2024-10-02,Real Madrid,Lille,0,1,L,,Carlo Ancelotti,2041949
Carlo Ancelotti,2024-10-22,Real Madrid,B. Dortmund,5,2,W,,Carlo Ancelotti,2042043
Carlo Ancelotti,2024-11-05,Real Madrid,Milan,1,3,L,,Carlo Ancelotti,2041971
Carlo Ancelotti,2024-11-27,Real Madrid,Liverpool,0,2,L,,Carlo Ancelotti,2041998
Carlo Ancelotti,2024-12-10,Real Madrid,Atalanta,3,2,W,,Carlo Ancelotti,2042009
Carlo Ancelotti,2025-01-22,Real Madrid,Salzburg,5,1,W,,Carlo Ancelotti,2041953
Carlo Ancelotti,2025-01-29,Real Madrid,Brest,3,0,W,,Carlo Ancelotti,2042078
Carlo Ancelotti,2025-02-11,Real Madrid,Man City,3,2,W,,Carlo Ancelotti,2044474
Carlo Ancelotti,2025-02-19,Real Madrid,Man City,3,1,W,,Carlo Ancelotti,2044482
Carlo Ancelotti,2025-03-04,Real Madrid,Atleti,2,1,W,,Carlo Ancelotti,2044818
Carlo Ancelotti,2025-03-12,Real Madrid,Atleti,0,1,L,yes,Carlo Ancelotti,2044778
Carlo Ancelotti,2025-04-08,Real Madrid,Arsenal,0,3,L,,Carlo Ancelotti,2044849
Carlo Ancelotti,2025-04-16,Real Madrid,Arsenal,1,2,L,,Carlo Ancelotti,2044855
Alex Ferguson,1993-09-15,Man Utd,Honved,3,2,W,,,50262
Alex Ferguson,1993-09-29,Man Utd,Honved,2,1,W,,,50263
Alex Ferguson,1993-10-20,Man Utd,Galatasaray,3,3,D,,Sir Alex Ferguson,50381
Alex Ferguson,1993-11-03,Man Utd,Galatasaray,0,0,D,,,50382
Alex Ferguson,1994-09-14,Man Utd,IFK Goteborg,4,2,W,,,51224
Alex Ferguson,1994-09-28,Man Utd,Galatasaray,0,0,D,,,51226
Alex Ferguson,1994-10-19,Man Utd,Barcelona,2,2,D,,,51229
Alex Ferguson,1994-11-02,Man Utd,Barcelona,0,4,L,,,51231
Alex Ferguson,1994-11-23,Man Utd,IFK Goteborg,1,3,L,,,51232
Alex Ferguson,1994-12-07,Man Utd,Galatasaray,4,0,W,,,51234
Alex Ferguson,1996-09-11,Man Utd,Juventus,0,1,L,,,53103
Alex Ferguson,1996-09-25,Man Utd,SK Rapid,2,0,W,,,53104
Alex Ferguson,1996-10-16,Man Utd,Fenerbahce,2,0,W,,,53224
Alex Ferguson,1996-10-30,Man Utd,Fenerbahce,0,1,L,,,53226
Alex Ferguson,1996-11-20,Man Utd,Juventus,0,1,L,,,53229
Alex Ferguson,1996-12-04,Man Utd,SK Rapid,2,0,W,,,53230
Alex Ferguson,1997-03-05,Man Utd,Porto,4,0,W,,Sir Alex Ferguson,53352
Alex Ferguson,1997-03-19,Man Utd,Porto,0,0,D,,Sir Alex Ferguson,53353
Alex Ferguson,1997-04-09,Man Utd,B. Dortmund,0,1,L,,Sir Alex Ferguson,53712
Alex Ferguson,1997-04-23,Man Utd,B. Dortmund,0,1,L,,Sir Alex Ferguson,53713
Alex Ferguson,1997-09-17,Man Utd,Kosice,3,0,W,,Sir Alex Ferguson,54392
Alex Ferguson,1997-10-01,Man Utd,Juventus,3,2,W,,Sir Alex Ferguson,54405
Alex Ferguson,1997-10-22,Man Utd,Feyenoord,2,1,W,,Sir Alex Ferguson,54428
Alex Ferguson,1997-11-05,Man Utd,Feyenoord,3,1,W,,,54430
Alex Ferguson,1997-11-27,Man Utd,Kosice,3,0,W,,Sir Alex Ferguson,54432
Alex Ferguson,1997-12-10,Man Utd,Juventus,0,1,L,,Sir Alex Ferguson,54435
Alex Ferguson,1998-03-04,Man Utd,Monaco,0,0,D,,,54568
Alex Ferguson,1998-03-18,Man Utd,Monaco,1,1,D,,Sir Alex Ferguson,54569
Alex Ferguson,1998-09-16,Man Utd,Barcelona,3,3,D,,Sir Alex Ferguson,55719
Alex Ferguson,1998-09-30,Man Utd,Bayern Munchen,2,2,D,,Sir Alex Ferguson,55731
Alex Ferguson,1998-10-21,Man Utd,Brndby,6,2,W,,Sir Alex Ferguson,55743
Alex Ferguson,1998-11-04,Man Utd,Brndby,5,0,W,,Sir Alex Ferguson,55755
Alex Ferguson,1998-11-25,Man Utd,Barcelona,3,3,D,,Sir Alex Ferguson,55767
Alex Ferguson,1998-12-09,Man Utd,Bayern Munchen,1,1,D,,,55779
Alex Ferguson,1999-03-03,Man Utd,Inter,2,0,W,,Sir Alex Ferguson,56075
Alex Ferguson,1999-03-17,Man Utd,Inter,1,1,D,,,56076
Alex Ferguson,1999-04-07,Man Utd,Juventus,1,1,D,,Sir Alex Ferguson,56332
Alex Ferguson,1999-04-21,Man Utd,Juventus,3,2,W,,Sir Alex Ferguson,56333
Alex Ferguson,1999-05-26,Man Utd,Bayern Munchen,2,1,W,,,56379
Alex Ferguson,1999-09-14,Man Utd,GNK Dinamo,0,0,D,,,57088
Alex Ferguson,1999-09-22,Man Utd,Sturm Graz,3,0,W,,,57090
Alex Ferguson,1999-09-29,Man Utd,Marseille,2,1,W,,Sir Alex Ferguson,57093
Alex Ferguson,1999-10-19,Man Utd,Marseille,0,1,L,,,57095
Alex Ferguson,1999-10-27,Man Utd,GNK Dinamo,2,1,W,,,57096
Alex Ferguson,1999-11-02,Man Utd,Sturm Graz,2,1,W,,,57098
Alex Ferguson,1999-11-23,Man Utd,Fiorentina,0,2,L,,,57603
Alex Ferguson,1999-12-08,Man Utd,Valencia,3,0,W,,,57606
Alex Ferguson,2000-03-01,Man Utd,Bordeaux,2,0,W,,,57607
Alex Ferguson,2000-03-07,Man Utd,Bordeaux,2,1,W,,,57609
Alex Ferguson,2000-03-15,Man Utd,Fiorentina,3,1,W,,,57611
Alex Ferguson,2000-03-21,Man Utd,Valencia,0,0,D,,,57614
Alex Ferguson,2000-04-04,Man Utd,Real Madrid,0,0,D,,,63647
Alex Ferguson,2000-04-19,Man Utd,Real Madrid,2,3,L,,Sir Alex Ferguson,63648
Alex Ferguson,2000-09-13,Man Utd,Anderlecht,5,1,W,,,65985
Alex Ferguson,2000-09-19,Man Utd,Dynamo Kyiv,0,0,D,,Sir Alex Ferguson,65987
Alex Ferguson,2000-09-26,Man Utd,PSV,1,3,L,,Sir Alex Ferguson,65989
Alex Ferguson,2000-10-18,Man Utd,PSV,3,1,W,,Sir Alex Ferguson,65991
Alex Ferguson,2000-10-24,Man Utd,Anderlecht,1,2,L,,,65993
Alex Ferguson,2000-11-08,Man Utd,Dynamo Kyiv,1,0,W,,Sir Alex Ferguson,65995
Alex Ferguson,2000-11-21,Man Utd,Panathinaikos,3,1,W,,Sir Alex Ferguson,66307
Alex Ferguson,2000-12-06,Man Utd,Sturm Graz,2,0,W,,,66315
Alex Ferguson,2001-02-14,Man Utd,Valencia,0,0,D,,,66323
Alex Ferguson,2001-02-20,Man Utd,Valencia,1,1,D,,,66331
Alex Ferguson,2001-03-07,Man Utd,Panathinaikos,1,1,D,,Sir Alex Ferguson,66339
Alex Ferguson,2001-03-13,Man Utd,Sturm Graz,3,0,W,,,66347
Alex Ferguson,2001-04-03,Man Utd,Bayern Munchen,0,1,L,,,67652
Alex Ferguson,2001-04-18,Man Utd,Bayern Munchen,1,2,L,,,67653
Alex Ferguson,2001-09-18,Man Utd,Lille,1,0,W,,,68225
Alex Ferguson,2001-09-25,Man Utd,Deportivo,1,2,L,,,68227
Alex Ferguson,2001-10-10,Man Utd,Olympiacos,2,0,W,,,68224
Alex Ferguson,2001-10-17,Man Utd,Deportivo,2,3,L,,,68229
Alex Ferguson,2001-10-23,Man Utd,Olympiacos,3,0,W,,,68232
Alex Ferguson,2001-10-31,Man Utd,Lille,1,1,D,,,68233
Alex Ferguson,2001-11-20,Man Utd,Bayern Munchen,1,1,D,,,68615
Alex Ferguson,2001-12-05,Man Utd,Boavista,3,0,W,,Sir Alex Ferguson,68616
Alex Ferguson,2002-02-20,Man Utd,Nantes,1,1,D,,,68618
Alex Ferguson,2002-02-26,Man Utd,Nantes,5,1,W,,,68620
Alex Ferguson,2002-03-13,Man Utd,Bayern Munchen,0,0,D,,,68623
Alex Ferguson,2002-03-19,Man Utd,Boavista,3,0,W,,Sir Alex Ferguson,68624
Alex Ferguson,2002-04-02,Man Utd,Deportivo,2,0,W,,,69247
Alex Ferguson,2002-04-10,Man Utd,Deportivo,3,2,W,,,69248
Alex Ferguson,2002-04-24,Man Utd,Leverkusen,2,2,D,,,69453
Alex Ferguson,2002-04-30,Man Utd,Leverkusen,1,1,D,,,69454
Alex Ferguson,2002-09-18,Man Utd,Maccabi Haifa,5,2,W,,,70125
Alex Ferguson,2002-09-24,Man Utd,Leverkusen,2,1,W,,,70127
Alex Ferguson,2002-10-01,Man Utd,Olympiacos,4,0,W,,,70130
Alex Ferguson,2002-10-23,Man Utd,Olympiacos,3,2,W,,,70132
Alex Ferguson,2002-10-29,Man Utd,Maccabi Haifa,0,3,L,,,70133
Alex Ferguson,2002-11-13,Man Utd,Leverkusen,2,0,W,,,70135
Alex Ferguson,2002-11-26,Man Utd,Basel,3,1,W,,,70463
Alex Ferguson,2002-12-11,Man Utd,Deportivo,2,0,W,,,70466
Alex Ferguson,2003-02-19,Man Utd,Juventus,2,1,W,,,70467
Alex Ferguson,2003-02-25,Man Utd,Juventus,3,0,W,,,70469
Alex Ferguson,2003-03-12,Man Utd,Basel,1,1,D,,,70471
Alex Ferguson,2003-03-18,Man Utd,Deportivo,0,2,L,,,70474
Alex Ferguson,2003-04-08,Man Utd,Real Madrid,1,3,L,,,70967
Alex Ferguson,2003-04-23,Man Utd,Real Madrid,4,3,W,,,70968
Alex Ferguson,2003-09-16,Man Utd,Panathinaikos,5,0,W,,,73368
Alex Ferguson,2003-10-01,Man Utd,Stuttgart,1,2,L,,,73370
Alex Ferguson,2003-10-22,Man Utd,Rangers,1,0,W,,,73372
Alex Ferguson,2003-11-04,Man Utd,Rangers,3,0,W,,,73374
Alex Ferguson,2003-11-26,Man Utd,Panathinaikos,1,0,W,,,73376
Alex Ferguson,2003-12-09,Man Utd,Stuttgart,2,0,W,,,73378
Alex Ferguson,2004-02-25,Man Utd,Porto,1,2,L,,,73809
Alex Ferguson,2004-03-09,Man Utd,Porto,1,1,D,,,73810
Alex Ferguson,2004-09-15,Man Utd,Lyon,2,2,D,,,79493
Alex Ferguson,2004-09-28,Man Utd,Fenerbahce,6,2,W,,,79494
Alex Ferguson,2004-10-19,Man Utd,Sparta Praha,0,0,D,,,79496
Alex Ferguson,2004-11-03,Man Utd,Sparta Praha,4,1,W,,,79498
Alex Ferguson,2004-11-23,Man Utd,Lyon,2,1,W,,,79501
Alex Ferguson,2004-12-08,Man Utd,Fenerbahce,0,3,L,,,79502
Alex Ferguson,2005-02-23,Man Utd,Milan,0,1,L,,,79930
Alex Ferguson,2005-03-08,Man Utd,Milan,0,1,L,,,79931
Alex Ferguson,2005-09-14,Man Utd,Villarreal,0,0,D,,,81698
Alex Ferguson,2005-09-27,Man Utd,Benfica,2,1,W,,,81715
Alex Ferguson,2005-10-18,Man Utd,Lille,0,0,D,,,81730
Alex Ferguson,2005-11-02,Man Utd,Lille,0,1,L,,,81746
Alex Ferguson,2005-11-22,Man Utd,Villarreal,0,0,D,,,81762
Alex Ferguson,2005-12-07,Man Utd,Benfica,1,2,L,,,81779
Alex Ferguson,2006-09-13,Man Utd,Celtic,3,2,W,,,84753
Alex Ferguson,2006-09-26,Man Utd,Benfica,1,0,W,,,84769
Alex Ferguson,2006-10-17,Man Utd,Copenhagen,3,0,W,,,84786
Alex Ferguson,2006-11-01,Man Utd,Copenhagen,0,1,L,,,84802
Alex Ferguson,2006-11-21,Man Utd,Celtic,0,1,L,,,84817
Alex Ferguson,2006-12-06,Man Utd,Benfica,3,1,W,,,84833
Alex Ferguson,2007-02-20,Man Utd,Lille,1,0,W,,Sir Alex Ferguson,85508
Alex Ferguson,2007-03-07,Man Utd,Lille,1,0,W,,,85509
Alex Ferguson,2007-04-04,Man Utd,Roma,1,2,L,,,300132
Alex Ferguson,2007-04-10,Man Utd,Roma,7,1,W,,,300133
Alex Ferguson,2007-04-24,Man Utd,Milan,3,2,W,,,300138
Alex Ferguson,2007-05-02,Man Utd,Milan,0,3,L,,,300139
Alex Ferguson,2007-09-19,Man Utd,Sporting CP,1,0,W,,Sir Alex Ferguson,301162
Alex Ferguson,2007-10-02,Man Utd,Roma,1,0,W,,Sir Alex Ferguson,301185
Alex Ferguson,2007-10-23,Man Utd,Dynamo Kyiv,4,2,W,,Sir Alex Ferguson,301201
Alex Ferguson,2007-11-07,Man Utd,Dynamo Kyiv,4,0,W,,,301209
Alex Ferguson,2007-11-27,Man Utd,Sporting CP,2,1,W,,Sir Alex Ferguson,301234
Alex Ferguson,2007-12-12,Man Utd,Roma,1,1,D,,Sir Alex Ferguson,301241
Alex Ferguson,2008-02-20,Man Utd,Lyon,1,1,D,,Sir Alex Ferguson,301888
Alex Ferguson,2008-03-04,Man Utd,Lyon,1,0,W,,Sir Alex Ferguson,301900
Alex Ferguson,2008-04-01,Man Utd,Roma,2,0,W,,Sir Alex Ferguson,301904
Alex Ferguson,2008-04-09,Man Utd,Roma,1,0,W,,Sir Alex Ferguson,301909
Alex Ferguson,2008-04-23,Man Utd,Barcelona,0,0,D,,Sir Alex Ferguson,301911
Alex Ferguson,2008-04-29,Man Utd,Barcelona,1,0,W,,Sir Alex Ferguson,301914
Alex Ferguson,2008-05-21,Man Utd,Chelsea,1,1,D,yes,,301604
Alex Ferguson,2008-09-17,Man Utd,Villarreal,0,0,D,,Sir Alex Ferguson,302689
Alex Ferguson,2008-09-30,Man Utd,AaB,3,0,W,,Sir Alex Ferguson,302713
Alex Ferguson,2008-10-21,Man Utd,Celtic,3,0,W,,Sir Alex Ferguson,302730
Alex Ferguson,2008-11-05,Man Utd,Celtic,1,1,D,,Sir Alex Ferguson,302738
Alex Ferguson,2008-11-25,Man Utd,Villarreal,0,0,D,,Sir Alex Ferguson,302761
Alex Ferguson,2008-12-10,Man Utd,AaB,2,2,D,,Sir Alex Ferguson,302769
Alex Ferguson,2009-02-24,Man Utd,Inter,0,0,D,,Sir Alex Ferguson,302792
Alex Ferguson,2009-03-11,Man Utd,Inter,2,0,W,,Sir Alex Ferguson,302796
Alex Ferguson,2009-04-07,Man Utd,Porto,2,2,D,,Sir Alex Ferguson,302802
Alex Ferguson,2009-04-15,Man Utd,Porto,1,0,W,,Sir Alex Ferguson,302808
Alex Ferguson,2009-04-29,Man Utd,Arsenal,1,0,W,,Sir Alex Ferguson,302810
Alex Ferguson,2009-05-05,Man Utd,Arsenal,3,1,W,,Sir Alex Ferguson,302811
Alex Ferguson,2009-05-27,Man Utd,Barcelona,0,2,L,,,302813
Alex Ferguson,2009-09-15,Man Utd,Besiktas,1,0,W,,Sir Alex Ferguson,2000423
Alex Ferguson,2009-09-30,Man Utd,Wolfsburg,2,1,W,,Sir Alex Ferguson,2000374
Alex Ferguson,2009-10-21,Man Utd,CSKA Moskva,1,0,W,,Sir Alex Ferguson,2000454
Alex Ferguson,2009-11-03,Man Utd,CSKA Moskva,3,3,D,,Sir Alex Ferguson,2000382
Alex Ferguson,2009-11-25,Man Utd,Besiktas,0,1,L,,Sir Alex Ferguson,2000399
Alex Ferguson,2009-12-08,Man Utd,Wolfsburg,3,1,W,,Sir Alex Ferguson,2000430
Alex Ferguson,2010-02-16,Man Utd,Milan,3,2,W,,Sir Alex Ferguson,2000467
Alex Ferguson,2010-03-10,Man Utd,Milan,4,0,W,,Sir Alex Ferguson,2000471
Alex Ferguson,2010-03-30,Man Utd,Bayern Munchen,1,2,L,,Sir Alex Ferguson,2000477
Alex Ferguson,2010-04-07,Man Utd,Bayern Munchen,3,2,W,,Sir Alex Ferguson,2000483
Alex Ferguson,2010-09-14,Man Utd,Rangers,0,0,D,,Sir Alex Ferguson,2002829
Alex Ferguson,2010-09-29,Man Utd,Valencia,1,0,W,,Sir Alex Ferguson,2002837
Alex Ferguson,2010-10-20,Man Utd,Bursaspor,1,0,W,,Sir Alex Ferguson,2002854
Alex Ferguson,2010-11-02,Man Utd,Bursaspor,3,0,W,,Sir Alex Ferguson,2002878
Alex Ferguson,2010-11-24,Man Utd,Rangers,1,0,W,,Sir Alex Ferguson,2002885
Alex Ferguson,2010-12-07,Man Utd,Valencia,1,1,D,,Sir Alex Ferguson,2002909
Alex Ferguson,2011-02-23,Man Utd,Marseille,0,0,D,,Sir Alex Ferguson,2003753
Alex Ferguson,2011-03-15,Man Utd,Marseille,2,1,W,,Sir Alex Ferguson,2003759
Alex Ferguson,2011-04-06,Man Utd,Chelsea,1,0,W,,Sir Alex Ferguson,2007731
Alex Ferguson,2011-04-12,Man Utd,Chelsea,2,1,W,,Sir Alex Ferguson,2007737
Alex Ferguson,2011-04-26,Man Utd,Schalke,2,0,W,,Sir Alex Ferguson,2007743
Alex Ferguson,2011-05-04,Man Utd,Schalke,4,1,W,,Sir Alex Ferguson,2007744
Alex Ferguson,2011-05-28,Man Utd,Barcelona,1,3,L,,,2003352
Alex Ferguson,2011-09-14,Man Utd,Benfica,1,1,D,,Sir Alex Ferguson,2007582
Alex Ferguson,2011-09-27,Man Utd,Basel,3,3,D,,Sir Alex Ferguson,2007589
Alex Ferguson,2011-10-18,Man Utd,Otelul,2,0,W,,Sir Alex Ferguson,2007605
Alex Ferguson,2011-11-02,Man Utd,Otelul,2,0,W,,Sir Alex Ferguson,2007629
Alex Ferguson,2011-11-22,Man Utd,Benfica,2,2,D,,Sir Alex Ferguson,2007638
Alex Ferguson,2011-12-07,Man Utd,Basel,1,2,L,,Sir Alex Ferguson,2007661
Alex Ferguson,2012-09-19,Man Utd,Galatasaray,1,0,W,,Sir Alex Ferguson,2009494
Alex Ferguson,2012-10-02,Man Utd,CFR Cluj,2,1,W,,Sir Alex Ferguson,2009518
Alex Ferguson,2012-10-23,Man Utd,Braga,3,2,W,,Sir Alex Ferguson,2009535
Alex Ferguson,2012-11-07,Man Utd,Braga,3,1,W,,Sir Alex Ferguson,2009543
Alex Ferguson,2012-11-20,Man Utd,Galatasaray,0,1,L,,Sir Alex Ferguson,2009566
Alex Ferguson,2012-12-05,Man Utd,CFR Cluj,0,1,L,,Sir Alex Ferguson,2009574
Alex Ferguson,2013-02-13,Man Utd,Real Madrid,1,1,D,,,2009591
Alex Ferguson,2013-03-05,Man Utd,Real Madrid,1,2,L,,Sir Alex Ferguson,2009597
Pep Guardiola,2008-09-16,Barcelona,Sporting CP,3,1,W,,Pep Guardiola,302702
Pep Guardiola,2008-10-01,Barcelona,Shakhtar,2,1,W,,Pep Guardiola,302710
Pep Guardiola,2008-10-22,Barcelona,Basel,5,0,W,,Pep Guardiola,302726
Pep Guardiola,2008-11-04,Barcelona,Basel,1,1,D,,Pep Guardiola,302750
Pep Guardiola,2008-11-26,Barcelona,Sporting CP,5,2,W,,Pep Guardiola,302758
Pep Guardiola,2008-12-09,Barcelona,Shakhtar,2,3,L,,Pep Guardiola,302782
Pep Guardiola,2009-02-24,Barcelona,Lyon,1,1,D,,Pep Guardiola,302789
Pep Guardiola,2009-03-11,Barcelona,Lyon,5,2,W,,Pep Guardiola,302793
Pep Guardiola,2009-04-08,Barcelona,Bayern Munchen,4,0,W,,Pep Guardiola,302804
Pep Guardiola,2009-04-14,Barcelona,Bayern Munchen,1,1,D,,Tito Vilanova,302806
Pep Guardiola,2009-04-28,Barcelona,Chelsea,0,0,D,,Pep Guardiola,302809
Pep Guardiola,2009-05-06,Barcelona,Chelsea,1,1,D,,Pep Guardiola,302812
Pep Guardiola,2009-05-27,Barcelona,Man Utd,2,0,W,,,302813
Pep Guardiola,2009-09-16,Barcelona,Inter,0,0,D,,Pep Guardiola,2000366
Pep Guardiola,2009-09-29,Barcelona,Dynamo Kyiv,2,0,W,,Pep Guardiola,2000391
Pep Guardiola,2009-10-20,Barcelona,Rubin,1,2,L,,Pep Guardiola,2000406
Pep Guardiola,2009-11-04,Barcelona,Rubin,0,0,D,,Pep Guardiola,2000414
Pep Guardiola,2009-11-24,Barcelona,Inter,2,0,W,,Pep Guardiola,2000438
Pep Guardiola,2009-12-09,Barcelona,Dynamo Kyiv,2,1,W,,Pep Guardiola,2000447
Pep Guardiola,2010-02-23,Barcelona,Stuttgart,1,1,D,,Pep Guardiola,2000460
Pep Guardiola,2010-03-17,Barcelona,Stuttgart,4,0,W,,Pep Guardiola,2000472
Pep Guardiola,2010-03-31,Barcelona,Arsenal,2,2,D,,Pep Guardiola,2000478
Pep Guardiola,2010-04-06,Barcelona,Arsenal,4,1,W,,Pep Guardiola,2000480
Pep Guardiola,2010-04-20,Barcelona,Inter,1,3,L,,Pep Guardiola,2000487
Pep Guardiola,2010-04-28,Barcelona,Inter,1,0,W,,Pep Guardiola,2000484
Pep Guardiola,2010-09-14,Barcelona,Panathinaikos,5,1,W,,Pep Guardiola,2002831
Pep Guardiola,2010-09-29,Barcelona,Rubin,1,1,D,,Pep Guardiola,2002839
Pep Guardiola,2010-10-20,Barcelona,Copenhagen,2,0,W,,Pep Guardiola,2002856
Pep Guardiola,2010-11-02,Barcelona,Copenhagen,1,1,D,,Pep Guardiola,2002880
Pep Guardiola,2010-11-24,Barcelona,Panathinaikos,3,0,W,,Pep Guardiola,2002887
Pep Guardiola,2010-12-07,Barcelona,Rubin,2,0,W,,Pep Guardiola,2002911
Pep Guardiola,2011-02-16,Barcelona,Arsenal,1,2,L,,Pep Guardiola,2003758
Pep Guardiola,2011-03-08,Barcelona,Arsenal,3,1,W,,Pep Guardiola,2003764
Pep Guardiola,2011-04-06,Barcelona,Shakhtar,5,1,W,,Pep Guardiola,2007732
Pep Guardiola,2011-04-12,Barcelona,Shakhtar,1,0,W,,Pep Guardiola,2007734
Pep Guardiola,2011-04-27,Barcelona,Real Madrid,2,0,W,,Pep Guardiola,2007742
Pep Guardiola,2011-05-03,Barcelona,Real Madrid,1,1,D,,Pep Guardiola,2007745
Pep Guardiola,2011-05-28,Barcelona,Man Utd,3,1,W,,,2003352
Pep Guardiola,2011-09-13,Barcelona,Milan,2,2,D,,Pep Guardiola,2007575
Pep Guardiola,2011-09-28,Barcelona,BATE,5,0,W,,Pep Guardiola,2007599
Pep Guardiola,2011-10-19,Barcelona,Viktoria Plzen,2,0,W,,Pep Guardiola,2007616
Pep Guardiola,2011-11-01,Barcelona,Viktoria Plzen,4,0,W,,Pep Guardiola,2007624
Pep Guardiola,2011-11-23,Barcelona,Milan,3,2,W,,Pep Guardiola,2007647
Pep Guardiola,2011-12-06,Barcelona,BATE,4,0,W,,Pep Guardiola,2007655
Pep Guardiola,2012-02-14,Barcelona,Leverkusen,3,1,W,,Pep Guardiola,2007671
Pep Guardiola,2012-03-07,Barcelona,Leverkusen,7,1,W,,Pep Guardiola,2007677
Pep Guardiola,2012-03-28,Barcelona,Milan,0,0,D,,Pep Guardiola,2007686
Pep Guardiola,2012-04-03,Barcelona,Milan,3,1,W,,Pep Guardiola,2007684
Pep Guardiola,2012-04-18,Barcelona,Chelsea,0,1,L,,Pep Guardiola,2007689
Pep Guardiola,2012-04-24,Barcelona,Chelsea,2,2,D,,Pep Guardiola,2007692
Pep Guardiola,2013-09-17,Bayern Munchen,CSKA Moskva,3,0,W,,Pep Guardiola,2011773
Pep Guardiola,2013-10-02,Bayern Munchen,Man City,3,1,W,,Pep Guardiola,2011781
Pep Guardiola,2013-10-23,Bayern Munchen,Viktoria Plzen,5,0,W,,Pep Guardiola,2011798
Pep Guardiola,2013-11-05,Bayern Munchen,Viktoria Plzen,1,0,W,,Pep Guardiola,2011822
Pep Guardiola,2013-11-27,Bayern Munchen,CSKA Moskva,3,1,W,,Pep Guardiola,2011829
Pep Guardiola,2013-12-10,Bayern Munchen,Man City,2,3,L,,Pep Guardiola,2011853
Pep Guardiola,2014-02-19,Bayern Munchen,Arsenal,2,0,W,,,2011858
Pep Guardiola,2014-03-11,Bayern Munchen,Arsenal,1,1,D,,,2011864
Pep Guardiola,2014-04-01,Bayern Munchen,Man Utd,1,1,D,,Pep Guardiola,2011874
Pep Guardiola,2014-04-09,Bayern Munchen,Man Utd,3,1,W,,Pep Guardiola,2011876
Pep Guardiola,2014-04-23,Bayern Munchen,Real Madrid,0,1,L,,Pep Guardiola,2011880
Pep Guardiola,2014-04-29,Bayern Munchen,Real Madrid,0,4,L,,Pep Guardiola,2011881
Pep Guardiola,2014-09-17,Bayern Munchen,Man City,1,0,W,,Pep Guardiola,2014308
Pep Guardiola,2014-09-30,Bayern Munchen,CSKA Moskva,1,0,W,,Pep Guardiola,2014332
Pep Guardiola,2014-10-21,Bayern Munchen,Roma,7,1,W,,Pep Guardiola,2014348
Pep Guardiola,2014-11-05,Bayern Munchen,Roma,2,0,W,,Pep Guardiola,2014356
Pep Guardiola,2014-11-25,Bayern Munchen,Man City,2,3,L,,Pep Guardiola,2014380
Pep Guardiola,2014-12-10,Bayern Munchen,CSKA Moskva,3,0,W,,Pep Guardiola,2014388
Pep Guardiola,2015-02-17,Bayern Munchen,Shakhtar,0,0,D,,Pep Guardiola,2014410
Pep Guardiola,2015-03-11,Bayern Munchen,Shakhtar,7,0,W,,Pep Guardiola,2014416
Pep Guardiola,2015-04-15,Bayern Munchen,Porto,1,3,L,,Pep Guardiola,2014421
Pep Guardiola,2015-04-21,Bayern Munchen,Porto,6,1,W,,Pep Guardiola,2014423
Pep Guardiola,2015-05-06,Bayern Munchen,Barcelona,0,3,L,,Pep Guardiola,2014428
Pep Guardiola,2015-05-12,Bayern Munchen,Barcelona,3,2,W,,Pep Guardiola,2014429
Pep Guardiola,2015-09-16,Bayern Munchen,Olympiacos,3,0,W,,Pep Guardiola,2015676
Pep Guardiola,2015-09-29,Bayern Munchen,GNK Dinamo,5,0,W,,Pep Guardiola,2015683
Pep Guardiola,2015-10-20,Bayern Munchen,Arsenal,0,2,L,,Pep Guardiola,2015699
Pep Guardiola,2015-11-04,Bayern Munchen,Arsenal,5,1,W,,Pep Guardiola,2015723
Pep Guardiola,2015-11-24,Bayern Munchen,Olympiacos,4,0,W,,Pep Guardiola,2015732
Pep Guardiola,2015-12-09,Bayern Munchen,GNK Dinamo,2,0,W,,Pep Guardiola,2015755
Pep Guardiola,2016-02-23,Bayern Munchen,Juventus,2,2,D,,Pep Guardiola,2015767
Pep Guardiola,2016-03-16,Bayern Munchen,Juventus,4,2,W,,Pep Guardiola,2015773
Pep Guardiola,2016-04-05,Bayern Munchen,Benfica,1,0,W,,Pep Guardiola,2015778
Pep Guardiola,2016-04-13,Bayern Munchen,Benfica,2,2,D,,Pep Guardiola,2015784
Pep Guardiola,2016-04-27,Bayern Munchen,Atleti,0,1,L,,Pep Guardiola,2015786
Pep Guardiola,2016-05-03,Bayern Munchen,Atleti,2,1,W,,Pep Guardiola,2015787
Pep Guardiola,2016-09-14,Man City,Monchengladbach,4,0,W,,Pep Guardiola,2019287
Pep Guardiola,2016-09-28,Man City,Celtic,3,3,D,,Pep Guardiola,2019311
Pep Guardiola,2016-10-19,Man City,Barcelona,0,4,L,,Pep Guardiola,2019327
Pep Guardiola,2016-11-01,Man City,Barcelona,3,1,W,,Pep Guardiola,2019335
Pep Guardiola,2016-11-23,Man City,Monchengladbach,1,1,D,,Pep Guardiola,2019359
Pep Guardiola,2016-12-06,Man City,Celtic,1,1,D,,Pep Guardiola,2019367
Pep Guardiola,2017-02-21,Man City,Monaco,5,3,W,,Pep Guardiola,2019613
Pep Guardiola,2017-03-15,Man City,Monaco,1,3,L,,Pep Guardiola,2019623
Pep Guardiola,2017-09-13,Man City,Feyenoord,4,0,W,,Pep Guardiola,2021597
Pep Guardiola,2017-09-26,Man City,Shakhtar,2,0,W,,Pep Guardiola,2021606
Pep Guardiola,2017-10-17,Man City,Napoli,2,1,W,,Pep Guardiola,2021621
Pep Guardiola,2017-11-01,Man City,Napoli,4,2,W,,Pep Guardiola,2021645
Pep Guardiola,2017-11-21,Man City,Feyenoord,1,0,W,,Pep Guardiola,2021653
Pep Guardiola,2017-12-06,Man City,Shakhtar,1,2,L,,Pep Guardiola,2021678
Pep Guardiola,2018-02-13,Man City,Basel,4,0,W,,Pep Guardiola,2021684
Pep Guardiola,2018-03-07,Man City,Basel,1,2,L,,Pep Guardiola,2021694
Pep Guardiola,2018-04-04,Man City,Liverpool,0,3,L,,Pep Guardiola,2021702
Pep Guardiola,2018-04-10,Man City,Liverpool,1,2,L,,Pep Guardiola,2021704
Pep Guardiola,2018-09-19,Man City,Lyon,1,2,L,,,2025064
Pep Guardiola,2018-10-02,Man City,Hoffenheim,2,1,W,,Pep Guardiola,2025072
Pep Guardiola,2018-10-23,Man City,Shakhtar,3,0,W,,Pep Guardiola,2025088
Pep Guardiola,2018-11-07,Man City,Shakhtar,6,0,W,,Pep Guardiola,2025112
Pep Guardiola,2018-11-27,Man City,Lyon,2,2,D,,,2025120
Pep Guardiola,2018-12-12,Man City,Hoffenheim,2,1,W,,Pep Guardiola,2025144
Pep Guardiola,2019-02-20,Man City,Schalke,3,2,W,,Pep Guardiola,2026845
Pep Guardiola,2019-03-12,Man City,Schalke,7,0,W,,Pep Guardiola,2026855
Pep Guardiola,2019-04-09,Man City,Tottenham,0,1,L,,Pep Guardiola,2027151
Pep Guardiola,2019-04-17,Man City,Tottenham,4,3,W,,Pep Guardiola,2027153
Pep Guardiola,2019-09-18,Man City,Shakhtar,3,0,W,,Pep Guardiola,2027028
Pep Guardiola,2019-10-01,Man City,GNK Dinamo,2,0,W,,Pep Guardiola,2027053
Pep Guardiola,2019-10-22,Man City,Atalanta,5,1,W,,Pep Guardiola,2027068
Pep Guardiola,2019-11-06,Man City,Atalanta,1,1,D,,Pep Guardiola,2027076
Pep Guardiola,2019-11-26,Man City,Shakhtar,1,1,D,,Pep Guardiola,2027100
Pep Guardiola,2019-12-11,Man City,GNK Dinamo,4,1,W,,Pep Guardiola,2027109
Pep Guardiola,2020-02-26,Man City,Real Madrid,2,1,W,,Pep Guardiola,2027121
Pep Guardiola,2020-08-07,Man City,Real Madrid,2,1,W,,Pep Guardiola,2027131
Pep Guardiola,2020-08-15,Man City,Lyon,1,3,L,,Pep Guardiola,2030144
Pep Guardiola,2020-10-21,Man City,Porto,3,1,W,,Pep Guardiola,2029279
Pep Guardiola,2020-10-27,Man City,Marseille,3,0,W,,Pep Guardiola,2029402
Pep Guardiola,2020-11-03,Man City,Olympiacos,3,0,W,,Pep Guardiola,2029419
Pep Guardiola,2020-11-25,Man City,Olympiacos,1,0,W,,Pep Guardiola,2029427
Pep Guardiola,2020-12-01,Man City,Porto,0,0,D,,Pep Guardiola,2029450
Pep Guardiola,2020-12-09,Man City,Marseille,3,0,W,,Pep Guardiola,2029458
Pep Guardiola,2021-02-24,Man City,Monchengladbach,2,0,W,,Pep Guardiola,2029470
Pep Guardiola,2021-03-16,Man City,Monchengladbach,2,0,W,,Pep Guardiola,2029480
Pep Guardiola,2021-04-06,Man City,B. Dortmund,2,1,W,,Pep Guardiola,2029486
Pep Guardiola,2021-04-14,Man City,B. Dortmund,2,1,W,,Pep Guardiola,2029492
Pep Guardiola,2021-04-28,Man City,Paris,2,1,W,,Pep Guardiola,2029494
Pep Guardiola,2021-05-04,Man City,Paris,2,0,W,,Pep Guardiola,2029497
Pep Guardiola,2021-05-29,Man City,Chelsea,0,1,L,,Pep Guardiola,2029498
Pep Guardiola,2021-09-15,Man City,Leipzig,6,3,W,,Pep Guardiola,2032688
Pep Guardiola,2021-09-28,Man City,Paris,0,2,L,,Pep Guardiola,2032720
Pep Guardiola,2021-10-19,Man City,Club Brugge,5,1,W,,Pep Guardiola,2032641
Pep Guardiola,2021-11-03,Man City,Club Brugge,4,1,W,,Pep Guardiola,2032713
Pep Guardiola,2021-11-24,Man City,Paris,2,1,W,,Pep Guardiola,2032664
Pep Guardiola,2021-12-07,Man City,Leipzig,1,2,L,,Pep Guardiola,2032680
Pep Guardiola,2022-02-15,Man City,Sporting CP,5,0,W,,Pep Guardiola,2033897
Pep Guardiola,2022-03-09,Man City,Sporting CP,0,0,D,,Pep Guardiola,2033907
Pep Guardiola,2022-04-05,Man City,Atleti,1,0,W,,Pep Guardiola,2034654
Pep Guardiola,2022-04-13,Man City,Atleti,0,0,D,,Pep Guardiola,2034660
Pep Guardiola,2022-04-26,Man City,Real Madrid,4,3,W,,Pep Guardiola,2034662
Pep Guardiola,2022-05-04,Man City,Real Madrid,1,3,L,,Pep Guardiola,2034663
Pep Guardiola,2022-09-06,Man City,Sevilla,4,0,W,,Pep Guardiola,2035654
Pep Guardiola,2022-09-14,Man City,B. Dortmund,2,1,W,,Pep Guardiola,2035669
Pep Guardiola,2022-10-05,Man City,Copenhagen,5,0,W,,Pep Guardiola,2035685
Pep Guardiola,2022-10-11,Man City,Copenhagen,0,0,D,,Pep Guardiola,2035701
Pep Guardiola,2022-10-25,Man City,B. Dortmund,0,0,D,,Pep Guardiola,2035718
Pep Guardiola,2022-11-02,Man City,Sevilla,3,1,W,,Pep Guardiola,2035733
Pep Guardiola,2023-02-22,Man City,Leipzig,1,1,D,,Pep Guardiola,2036588
Pep Guardiola,2023-03-14,Man City,Leipzig,7,0,W,,Pep Guardiola,2036594
Pep Guardiola,2023-04-11,Man City,Bayern Munchen,3,0,W,,Pep Guardiola,2037770
Pep Guardiola,2023-04-19,Man City,Bayern Munchen,1,1,D,,Pep Guardiola,2037772
Pep Guardiola,2023-05-09,Man City,Real Madrid,1,1,D,,Pep Guardiola,2037797
Pep Guardiola,2023-05-17,Man City,Real Madrid,4,0,W,,Pep Guardiola,2037800
Pep Guardiola,2023-06-10,Man City,Inter,1,0,W,,Pep Guardiola,2037765
Pep Guardiola,2023-09-19,Man City,Crvena Zvezda,3,1,W,,Pep Guardiola,2039190
Pep Guardiola,2023-10-04,Man City,Leipzig,3,1,W,,Pep Guardiola,2039111
Pep Guardiola,2023-10-25,Man City,Young Boys,3,1,W,,Pep Guardiola,2039128
Pep Guardiola,2023-11-07,Man City,Young Boys,3,0,W,,Pep Guardiola,2039135
Pep Guardiola,2023-11-28,Man City,Leipzig,3,2,W,,Pep Guardiola,2039151
Pep Guardiola,2023-12-13,Man City,Crvena Zvezda,3,2,W,,Pep Guardiola,2039171
Pep Guardiola,2024-02-13,Man City,Copenhagen,3,1,W,,Pep Guardiola,2039915
Pep Guardiola,2024-03-06,Man City,Copenhagen,3,1,W,,Pep Guardiola,2039925
Pep Guardiola,2024-04-09,Man City,Real Madrid,3,3,D,,Pep Guardiola,2040494
Pep Guardiola,2024-04-17,Man City,Real Madrid,1,1,D,yes,Pep Guardiola,2040496
Pep Guardiola,2024-09-18,Man City,Inter,0,0,D,,Pep Guardiola,2042035
Pep Guardiola,2024-10-01,Man City,S. Bratislava,4,0,W,,Pep Guardiola,2041942
Pep Guardiola,2024-10-23,Man City,Sparta Praha,5,0,W,,Pep Guardiola,2041962
Pep Guardiola,2024-11-05,Man City,Sporting CP,1,4,L,,Pep Guardiola,2041974
Pep Guardiola,2024-11-26,Man City,Feyenoord,3,3,D,,Pep Guardiola,2041989
Pep Guardiola,2024-12-11,Man City,Juventus,0,2,L,,Pep Guardiola,2042018
Pep Guardiola,2025-01-22,Man City,Paris,2,4,L,,Pep Guardiola,2042044
Pep Guardiola,2025-01-29,Man City,Club Brugge,3,1,W,,Pep Guardiola,2042066
Pep Guardiola,2025-02-11,Man City,Real Madrid,2,3,L,,Pep Guardiola,2044474
Pep Guardiola,2025-02-19,Man City,Real Madrid,1,3,L,,Pep Guardiola,2044482
Pep Guardiola,2025-09-18,Man City,Napoli,2,0,W,,Pep Guardiola,2045915
Pep Guardiola,2025-10-01,Man City,Monaco,2,2,D,,Pep Guardiola,2045934
Pep Guardiola,2025-10-21,Man City,Villarreal,2,0,W,,Pep Guardiola,2045942
Pep Guardiola,2025-11-05,Man City,B. Dortmund,4,1,W,,Pep Guardiola,2045966
Pep Guardiola,2025-11-25,Man City,Leverkusen,0,2,L,,Pep Guardiola,2045975
Pep Guardiola,2025-12-10,Man City,Real Madrid,2,1,W,,Pep Guardiola,2046010
Pep Guardiola,2026-01-20,Man City,Bod/Glimt,1,3,L,,Pep Guardiola,2046017
Pep Guardiola,2026-01-28,Man City,Galatasaray,2,0,W,,Pep Guardiola,2046030
Pep Guardiola,2026-03-11,Man City,Real Madrid,0,3,L,,Pep Guardiola,2048049
Pep Guardiola,2026-03-17,Man City,Real Madrid,1,2,L,,Pep Guardiola,2048057
Arsene Wenger,1993-09-15,Monaco,AEK Athens,1,0,W,,,50260
Arsene Wenger,1993-09-29,Monaco,AEK Athens,1,1,D,,,50261
Arsene Wenger,1993-10-20,Monaco,Steaua Bucuresti,4,1,W,,,50373
Arsene Wenger,1993-11-03,Monaco,Steaua Bucuresti,0,1,L,,,50374
Arsene Wenger,1993-11-24,Monaco,Spartak Moskva,4,1,W,,,50435
Arsene Wenger,1993-12-08,Monaco,Barcelona,0,2,L,,,50449
Arsene Wenger,1994-03-02,Monaco,Galatasaray,3,0,W,,Arsene Wenger,50452
Arsene Wenger,1994-03-16,Monaco,Galatasaray,2,0,W,,,50454
Arsene Wenger,1994-03-30,Monaco,Spartak Moskva,0,0,D,,,50455
Arsene Wenger,1994-04-13,Monaco,Barcelona,0,1,L,,,50457
Arsene Wenger,1994-04-27,Monaco,Milan,0,3,L,,Arsene Wenger,51019
Arsene Wenger,1998-09-16,Arsenal,Lens,1,1,D,,Arsene Wenger,55720
Arsene Wenger,1998-09-30,Arsenal,Panathinaikos,2,1,W,,Arsene Wenger,55733
Arsene Wenger,1998-10-21,Arsenal,Dynamo Kyiv,1,1,D,,Arsene Wenger,55744
Arsene Wenger,1998-11-04,Arsenal,Dynamo Kyiv,1,3,L,,Arsene Wenger,55756
Arsene Wenger,1998-11-25,Arsenal,Lens,0,1,L,,Arsene Wenger,55768
Arsene Wenger,1998-12-09,Arsenal,Panathinaikos,3,1,W,,,55781
Arsene Wenger,1999-09-14,Arsenal,Fiorentina,0,0,D,,Arsene Wenger,57065
Arsene Wenger,1999-09-22,Arsenal,AIK,3,1,W,,Arsene Wenger,57066
Arsene Wenger,1999-09-29,Arsenal,Barcelona,1,1,D,,,57068
Arsene Wenger,1999-10-19,Arsenal,Barcelona,2,4,L,,Arsene Wenger,57070
Arsene Wenger,1999-10-27,Arsenal,Fiorentina,0,1,L,,,57073
Arsene Wenger,1999-11-02,Arsenal,AIK,3,2,W,,,57074
Arsene Wenger,2000-09-12,Arsenal,Sparta Praha,1,0,W,,Arsene Wenger,65924
Arsene Wenger,2000-09-20,Arsenal,Shakhtar,3,2,W,,,65927
Arsene Wenger,2000-09-27,Arsenal,Lazio,2,0,W,,Arsene Wenger,65928
Arsene Wenger,2000-10-17,Arsenal,Lazio,1,1,D,,Arsene Wenger,65930
Arsene Wenger,2000-10-25,Arsenal,Sparta Praha,4,2,W,,Arsene Wenger,65932
Arsene Wenger,2000-11-07,Arsenal,Shakhtar,0,3,L,,,65935
Arsene Wenger,2000-11-22,Arsenal,Spartak Moskva,1,4,L,,,66311
Arsene Wenger,2000-12-05,Arsenal,Bayern Munchen,2,2,D,,,66318
Arsene Wenger,2001-02-13,Arsenal,Lyon,1,0,W,,,66326
Arsene Wenger,2001-02-21,Arsenal,Lyon,1,1,D,,,66334
Arsene Wenger,2001-03-06,Arsenal,Spartak Moskva,1,0,W,,,66343
Arsene Wenger,2001-03-14,Arsenal,Bayern Munchen,0,1,L,,,66350
Arsene Wenger,2001-04-04,Arsenal,Valencia,2,1,W,,,67658
Arsene Wenger,2001-04-17,Arsenal,Valencia,0,1,L,,,67659
Arsene Wenger,2001-09-11,Arsenal,Mallorca,0,1,L,,Arsene Wenger,68176
Arsene Wenger,2001-09-19,Arsenal,Schalke,3,2,W,,,68177
Arsene Wenger,2001-09-26,Arsenal,Panathinaikos,0,1,L,,,68179
Arsene Wenger,2001-10-16,Arsenal,Panathinaikos,2,1,W,,,68181
Arsene Wenger,2001-10-24,Arsenal,Mallorca,3,1,W,,,68184
Arsene Wenger,2001-10-30,Arsenal,Schalke,1,3,L,,,68185
Arsene Wenger,2001-11-21,Arsenal,Deportivo,0,2,L,,,68651
Arsene Wenger,2001-12-04,Arsenal,Juventus,3,1,W,,,68652
Arsene Wenger,2002-02-19,Arsenal,Leverkusen,1,1,D,,,68654
Arsene Wenger,2002-02-27,Arsenal,Leverkusen,4,1,W,,,68656
Arsene Wenger,2002-03-12,Arsenal,Deportivo,0,2,L,,,68659
Arsene Wenger,2002-03-20,Arsenal,Juventus,0,1,L,,,68660
Arsene Wenger,2002-09-17,Arsenal,B. Dortmund,2,0,W,,,70066
Arsene Wenger,2002-09-25,Arsenal,PSV,4,0,W,,,70068
Arsene Wenger,2002-10-02,Arsenal,Auxerre,1,0,W,,,70070
Arsene Wenger,2002-10-22,Arsenal,Auxerre,1,2,L,,,70072
Arsene Wenger,2002-10-30,Arsenal,B. Dortmund,1,2,L,,,70074
Arsene Wenger,2002-11-12,Arsenal,PSV,0,0,D,,,70076
Arsene Wenger,2002-11-27,Arsenal,Roma,3,1,W,,Arsene Wenger,70439
Arsene Wenger,2002-12-10,Arsenal,Valencia,0,0,D,,,70442
Arsene Wenger,2003-02-18,Arsenal,Ajax,1,1,D,,,70443
Arsene Wenger,2003-02-26,Arsenal,Ajax,0,0,D,,,70445
Arsene Wenger,2003-03-11,Arsenal,Roma,1,1,D,,Arsene Wenger,70447
Arsene Wenger,2003-03-19,Arsenal,Valencia,1,2,L,,,70450
Arsene Wenger,2003-09-17,Arsenal,Inter,0,3,L,,,73332
Arsene Wenger,2003-09-30,Arsenal,Lokomotiv Moskva,0,0,D,,,73334
Arsene Wenger,2003-10-21,Arsenal,Dynamo Kyiv,1,2,L,,,73336
Arsene Wenger,2003-11-05,Arsenal,Dynamo Kyiv,1,0,W,,,73338
Arsene Wenger,2003-11-25,Arsenal,Inter,5,1,W,,,73340
Arsene Wenger,2003-12-10,Arsenal,Lokomotiv Moskva,2,0,W,,,73342
Arsene Wenger,2004-02-24,Arsenal,Celta,3,2,W,,,73813
Arsene Wenger,2004-03-10,Arsenal,Celta,2,0,W,,,73814
Arsene Wenger,2004-03-24,Arsenal,Chelsea,1,1,D,,,74856
Arsene Wenger,2004-04-06,Arsenal,Chelsea,1,2,L,,,74857
Arsene Wenger,2004-09-14,Arsenal,PSV,1,0,W,,,79505
Arsene Wenger,2004-09-29,Arsenal,Rosenborg,1,1,D,,,79507
Arsene Wenger,2004-10-20,Arsenal,Panathinaikos,2,2,D,,,79509
Arsene Wenger,2004-11-02,Arsenal,Panathinaikos,1,1,D,,,79511
Arsene Wenger,2004-11-24,Arsenal,PSV,1,1,D,,,79513
Arsene Wenger,2004-12-07,Arsenal,Rosenborg,5,1,W,,,79515
Arsene Wenger,2005-02-22,Arsenal,Bayern Munchen,1,3,L,,,79924
Arsene Wenger,2005-03-09,Arsenal,Bayern Munchen,1,0,W,,,79925
Arsene Wenger,2005-09-14,Arsenal,Thun,2,1,W,,,81695
Arsene Wenger,2005-09-27,Arsenal,Ajax,2,1,W,,,81711
Arsene Wenger,2005-10-18,Arsenal,Sparta Praha,2,0,W,,,81727
Arsene Wenger,2005-11-02,Arsenal,Sparta Praha,3,0,W,,,81743
Arsene Wenger,2005-11-22,Arsenal,Thun,1,0,W,,,81759
Arsene Wenger,2005-12-07,Arsenal,Ajax,0,0,D,,,81775
Arsene Wenger,2006-02-21,Arsenal,Real Madrid,1,0,W,,,82409
Arsene Wenger,2006-03-08,Arsenal,Real Madrid,0,0,D,,,82410
Arsene Wenger,2006-03-28,Arsenal,Juventus,2,0,W,,,84030
Arsene Wenger,2006-04-05,Arsenal,Juventus,0,0,D,,,84031
Arsene Wenger,2006-04-19,Arsenal,Villarreal,1,0,W,,,84073
Arsene Wenger,2006-04-25,Arsenal,Villarreal,0,0,D,,,84074
Arsene Wenger,2006-05-17,Arsenal,Barcelona,1,2,L,,,84101
Arsene Wenger,2006-09-13,Arsenal,Hamburg,2,1,W,,,84756
Arsene Wenger,2006-09-26,Arsenal,Porto,2,0,W,,,84771
Arsene Wenger,2006-10-17,Arsenal,CSKA Moskva,0,1,L,,,84787
Arsene Wenger,2006-11-01,Arsenal,CSKA Moskva,0,0,D,,,84803
Arsene Wenger,2006-11-21,Arsenal,Hamburg,3,1,W,,,84820
Arsene Wenger,2006-12-06,Arsenal,Porto,0,0,D,,,84835
Arsene Wenger,2007-02-20,Arsenal,PSV,0,1,L,,Arsene Wenger,85506
Arsene Wenger,2007-03-07,Arsenal,PSV,1,1,D,,Arsene Wenger,85507
Arsene Wenger,2007-09-19,Arsenal,Sevilla,3,0,W,,Arsene Wenger,301165
Arsene Wenger,2007-10-02,Arsenal,Steaua Bucuresti,1,0,W,,,301189
Arsene Wenger,2007-10-23,Arsenal,Slavia Praha,7,0,W,,Arsene Wenger,301206
Arsene Wenger,2007-11-07,Arsenal,Slavia Praha,0,0,D,,Arsene Wenger,301214
Arsene Wenger,2007-11-27,Arsenal,Sevilla,1,3,L,,Arsene Wenger,301237
Arsene Wenger,2007-12-12,Arsenal,Steaua Bucuresti,2,1,W,,,301245
Arsene Wenger,2008-02-20,Arsenal,Milan,0,0,D,,Arsene Wenger,301892
Arsene Wenger,2008-03-04,Arsenal,Milan,2,0,W,,Arsene Wenger,301896
Arsene Wenger,2008-04-02,Arsenal,Liverpool,1,1,D,,Arsene Wenger,301903
Arsene Wenger,2008-04-08,Arsenal,Liverpool,2,4,L,,Arsene Wenger,301910
Arsene Wenger,2008-09-17,Arsenal,Dynamo Kyiv,1,1,D,,Arsene Wenger,302694
Arsene Wenger,2008-09-30,Arsenal,Porto,4,0,W,,Arsene Wenger,302717
Arsene Wenger,2008-10-21,Arsenal,Fenerbahce,5,2,W,,Arsene Wenger,302733
Arsene Wenger,2008-11-05,Arsenal,Fenerbahce,0,0,D,,Arsene Wenger,302741
Arsene Wenger,2008-11-25,Arsenal,Dynamo Kyiv,1,0,W,,Arsene Wenger,302766
Arsene Wenger,2008-12-10,Arsenal,Porto,0,2,L,,Arsene Wenger,302773
Arsene Wenger,2009-02-24,Arsenal,Roma,1,0,W,,Arsene Wenger,302791
Arsene Wenger,2009-03-11,Arsenal,Roma,0,1,L,yes,Arsene Wenger,302795
Arsene Wenger,2009-04-07,Arsenal,Villarreal,1,1,D,,Arsene Wenger,302801
Arsene Wenger,2009-04-15,Arsenal,Villarreal,3,0,W,,Arsene Wenger,302807
Arsene Wenger,2009-04-29,Arsenal,Man Utd,0,1,L,,Arsene Wenger,302810
Arsene Wenger,2009-05-05,Arsenal,Man Utd,1,3,L,,Arsene Wenger,302811
Arsene Wenger,2009-09-16,Arsenal,Standard Liege,3,2,W,,Arsene Wenger,2000371
Arsene Wenger,2009-09-29,Arsenal,Olympiacos,2,0,W,,Arsene Wenger,2000394
Arsene Wenger,2009-10-20,Arsenal,AZ Alkmaar,1,1,D,,Arsene Wenger,2000410
Arsene Wenger,2009-11-04,Arsenal,AZ Alkmaar,4,1,W,,Arsene Wenger,2000418
Arsene Wenger,2009-11-24,Arsenal,Standard Liege,2,0,W,,Arsene Wenger,2000443
Arsene Wenger,2009-12-09,Arsenal,Olympiacos,0,1,L,,Arsene Wenger,2000450
Arsene Wenger,2010-02-17,Arsenal,Porto,1,2,L,,Arsene Wenger,2000466
Arsene Wenger,2010-03-09,Arsenal,Porto,5,0,W,,Arsene Wenger,2000470
Arsene Wenger,2010-03-31,Arsenal,Barcelona,2,2,D,,Arsene Wenger,2000478
Arsene Wenger,2010-04-06,Arsenal,Barcelona,1,4,L,,Arsene Wenger,2000480
Arsene Wenger,2010-09-15,Arsenal,Braga,6,0,W,,Arsene Wenger,2002823
Arsene Wenger,2010-09-28,Arsenal,Partizan,3,1,W,,Arsene Wenger,2002847
Arsene Wenger,2010-10-19,Arsenal,Shakhtar,5,1,W,,Arsene Wenger,2002864
Arsene Wenger,2010-11-03,Arsenal,Shakhtar,1,2,L,,Arsene Wenger,2002872
Arsene Wenger,2010-11-23,Arsenal,Braga,0,2,L,,Arsene Wenger,2002895
Arsene Wenger,2010-12-08,Arsenal,Partizan,3,1,W,,Arsene Wenger,2002903
Arsene Wenger,2011-02-16,Arsenal,Barcelona,2,1,W,,Arsene Wenger,2003758
Arsene Wenger,2011-03-08,Arsenal,Barcelona,1,3,L,,Arsene Wenger,2003764
Arsene Wenger,2011-09-13,Arsenal,B. Dortmund,1,1,D,,Pat Rice,2007572
Arsene Wenger,2011-09-28,Arsenal,Olympiacos,2,1,W,,Boro Primorac,2007595
Arsene Wenger,2011-10-19,Arsenal,Marseille,1,0,W,,Arsene Wenger,2007611
Arsene Wenger,2011-11-01,Arsenal,Marseille,0,0,D,,Arsene Wenger,2007619
Arsene Wenger,2011-11-23,Arsenal,B. Dortmund,2,1,W,,Arsene Wenger,2007644
Arsene Wenger,2011-12-06,Arsenal,Olympiacos,1,3,L,,Arsene Wenger,2007651
Arsene Wenger,2012-02-15,Arsenal,Milan,0,4,L,,Arsene Wenger,2007669
Arsene Wenger,2012-03-06,Arsenal,Milan,3,0,W,,Arsene Wenger,2007679
Arsene Wenger,2012-11-06,Arsenal,Schalke,2,2,D,,Arsene Wenger,2009546
Arsene Wenger,2012-11-21,Arsenal,Montpellier,2,0,W,,Arsene Wenger,2009554
Arsene Wenger,2012-12-04,Arsenal,Olympiacos,1,2,L,,Arsene Wenger,2009579
Arsene Wenger,2013-02-19,Arsenal,Bayern Munchen,1,3,L,,Arsene Wenger,2009588
Arsene Wenger,2013-03-13,Arsenal,Bayern Munchen,2,0,W,,Arsene Wenger,2009598
Arsene Wenger,2013-09-18,Arsenal,Marseille,2,1,W,,Arsene Wenger,2011761
Arsene Wenger,2013-10-01,Arsenal,Napoli,2,0,W,,Arsene Wenger,2011786
Arsene Wenger,2013-10-22,Arsenal,B. Dortmund,1,2,L,,Arsene Wenger,2011801
Arsene Wenger,2013-11-06,Arsenal,B. Dortmund,1,0,W,,Arsene Wenger,2011809
Arsene Wenger,2013-11-26,Arsenal,Marseille,2,0,W,,Arsene Wenger,2011833
Arsene Wenger,2013-12-11,Arsenal,Napoli,0,2,L,,Arsene Wenger,2011842
Arsene Wenger,2014-02-19,Arsenal,Bayern Munchen,0,2,L,,,2011858
Arsene Wenger,2014-03-11,Arsenal,Bayern Munchen,1,1,D,,,2011864
Arsene Wenger,2014-09-16,Arsenal,B. Dortmund,0,2,L,,Arsene Wenger,2014322
Arsene Wenger,2014-10-01,Arsenal,Galatasaray,4,1,W,,Arsene Wenger,2014329
Arsene Wenger,2014-10-22,Arsenal,Anderlecht,2,1,W,,Arsene Wenger,2014345
Arsene Wenger,2014-11-04,Arsenal,Anderlecht,3,3,D,,Arsene Wenger,2014369
Arsene Wenger,2014-11-26,Arsenal,B. Dortmund,2,0,W,,Arsene Wenger,2014378
Arsene Wenger,2014-12-09,Arsenal,Galatasaray,4,1,W,,Arsene Wenger,2014401
Arsene Wenger,2015-02-25,Arsenal,Monaco,1,3,L,,Arsene Wenger,2014405
Arsene Wenger,2015-03-17,Arsenal,Monaco,2,0,W,,Arsene Wenger,2014411
Arsene Wenger,2015-09-16,Arsenal,GNK Dinamo,1,2,L,,Arsene Wenger,2015675
Arsene Wenger,2015-09-29,Arsenal,Olympiacos,2,3,L,,Arsene Wenger,2015684
Arsene Wenger,2015-10-20,Arsenal,Bayern Munchen,2,0,W,,Arsene Wenger,2015699
Arsene Wenger,2015-11-04,Arsenal,Bayern Munchen,1,5,L,,Arsene Wenger,2015723
Arsene Wenger,2015-11-24,Arsenal,GNK Dinamo,3,0,W,,Arsene Wenger,2015731
Arsene Wenger,2015-12-09,Arsenal,Olympiacos,3,0,W,,Arsene Wenger,2015756
Arsene Wenger,2016-02-23,Arsenal,Barcelona,0,2,L,,Arsene Wenger,2015766
Arsene Wenger,2016-03-16,Arsenal,Barcelona,1,3,L,,Arsene Wenger,2015776
Arsene Wenger,2016-09-13,Arsenal,Paris,1,1,D,,Arsene Wenger,2019282
Arsene Wenger,2016-09-28,Arsenal,Basel,2,0,W,,Arsene Wenger,2019307
Arsene Wenger,2016-10-19,Arsenal,Ludogorets,6,0,W,,Arsene Wenger,2019322
Arsene Wenger,2016-11-01,Arsenal,Ludogorets,3,2,W,,Arsene Wenger,2019330
Arsene Wenger,2016-11-23,Arsenal,Paris,2,2,D,,Arsene Wenger,2019354
Arsene Wenger,2016-12-06,Arsenal,Basel,4,1,W,,Arsene Wenger,2019363
Arsene Wenger,2017-02-15,Arsenal,Bayern Munchen,1,5,L,,Arsene Wenger,2019618
Arsene Wenger,2017-03-07,Arsenal,Bayern Munchen,1,5,L,,Arsene Wenger,2019628
Jose Mourinho,2002-02-19,Porto,Real Madrid,0,1,L,,,68642
Jose Mourinho,2002-02-27,Porto,Real Madrid,1,2,L,,,68644
Jose Mourinho,2002-03-12,Porto,Panathinaikos,2,1,W,,,68647
Jose Mourinho,2002-03-20,Porto,Sparta Praha,0,2,L,,,68648
Jose Mourinho,2003-09-16,Porto,Partizan,1,1,D,,,73380
Jose Mourinho,2003-10-01,Porto,Real Madrid,1,3,L,,,73381
Jose Mourinho,2003-10-22,Porto,Marseille,3,2,W,,,73383
Jose Mourinho,2003-11-04,Porto,Marseille,1,0,W,,,73385
Jose Mourinho,2003-11-26,Porto,Partizan,2,1,W,,,73388
Jose Mourinho,2003-12-09,Porto,Real Madrid,1,1,D,,,73389
Jose Mourinho,2004-02-25,Porto,Man Utd,2,1,W,,,73809
Jose Mourinho,2004-03-09,Porto,Man Utd,1,1,D,,,73810
Jose Mourinho,2004-03-23,Porto,Lyon,2,0,W,,,74852
Jose Mourinho,2004-04-07,Porto,Lyon,2,2,D,,,74853
Jose Mourinho,2004-04-21,Porto,Deportivo,0,0,D,,,75418
Jose Mourinho,2004-05-04,Porto,Deportivo,1,0,W,,,75419
Jose Mourinho,2004-05-26,Porto,Monaco,3,0,W,,,75433
Jose Mourinho,2004-09-14,Chelsea,Paris,3,0,W,,,79540
Jose Mourinho,2004-09-29,Chelsea,Porto,3,1,W,,,79543
Jose Mourinho,2004-10-20,Chelsea,CSKA Moskva,2,0,W,,,79544
Jose Mourinho,2004-11-02,Chelsea,CSKA Moskva,1,0,W,,,79546
Jose Mourinho,2004-11-24,Chelsea,Paris,0,0,D,,,79548
Jose Mourinho,2004-12-07,Chelsea,Porto,1,2,L,,,79551
Jose Mourinho,2005-02-23,Chelsea,Barcelona,1,2,L,,,79928
Jose Mourinho,2005-03-08,Chelsea,Barcelona,4,2,W,,,79929
Jose Mourinho,2005-04-06,Chelsea,Bayern Munchen,4,2,W,,Baltemar Brito,80606
Jose Mourinho,2005-04-12,Chelsea,Bayern Munchen,2,3,L,,Baltemar Brito,80607
Jose Mourinho,2005-04-27,Chelsea,Liverpool,0,0,D,,,80759
Jose Mourinho,2005-05-03,Chelsea,Liverpool,0,1,L,,,80760
Jose Mourinho,2005-09-13,Chelsea,Anderlecht,1,0,W,,,81704
Jose Mourinho,2005-09-28,Chelsea,Liverpool,0,0,D,,,81720
Jose Mourinho,2005-10-19,Chelsea,Real Betis,4,0,W,,,81737
Jose Mourinho,2005-11-01,Chelsea,Real Betis,0,1,L,,,81753
Jose Mourinho,2005-11-23,Chelsea,Anderlecht,2,0,W,,,81768
Jose Mourinho,2005-12-06,Chelsea,Liverpool,0,0,D,,,81784
Jose Mourinho,2006-02-22,Chelsea,Barcelona,1,2,L,,,82407
Jose Mourinho,2006-03-07,Chelsea,Barcelona,1,1,D,,,82408
Jose Mourinho,2006-09-12,Chelsea,Bremen,2,0,W,,,84743
Jose Mourinho,2006-09-27,Chelsea,Levski Sofia,3,1,W,,,84759
Jose Mourinho,2006-10-18,Chelsea,Barcelona,1,0,W,,,84776
Jose Mourinho,2006-10-31,Chelsea,Barcelona,2,2,D,,,84792
Jose Mourinho,2006-11-22,Chelsea,Bremen,0,1,L,,,84807
Jose Mourinho,2006-12-05,Chelsea,Levski Sofia,2,0,W,,,84823
Jose Mourinho,2007-02-21,Chelsea,Porto,1,1,D,,Jose Mourinho,85516
Jose Mourinho,2007-03-06,Chelsea,Porto,2,1,W,,Jose Mourinho,85517
Jose Mourinho,2007-04-04,Chelsea,Valencia,1,1,D,,,300134
Jose Mourinho,2007-04-10,Chelsea,Valencia,2,1,W,,,300135
Jose Mourinho,2007-04-25,Chelsea,Liverpool,1,0,W,,,300136
Jose Mourinho,2007-05-01,Chelsea,Liverpool,0,1,L,yes,,300137
Jose Mourinho,2007-09-18,Chelsea,Rosenborg,1,1,D,,Jose Mourinho,301169
Jose Mourinho,2008-09-16,Inter,Panathinaikos,2,0,W,,Jose Mourinho,302699
Jose Mourinho,2008-10-01,Inter,Bremen,1,1,D,,Jose Mourinho,302708
Jose Mourinho,2008-10-22,Inter,Anorthosis,1,0,W,,Jose Mourinho,302723
Jose Mourinho,2008-11-04,Inter,Anorthosis,3,3,D,,Jose Mourinho,302747
Jose Mourinho,2008-11-26,Inter,Panathinaikos,0,1,L,,Jose Mourinho,302755
Jose Mourinho,2008-12-09,Inter,Bremen,1,2,L,,Jose Mourinho,302780
Jose Mourinho,2009-02-24,Inter,Man Utd,0,0,D,,Jose Mourinho,302792
Jose Mourinho,2009-03-11,Inter,Man Utd,0,2,L,,Jose Mourinho,302796
Jose Mourinho,2009-09-16,Inter,Barcelona,0,0,D,,Jose Mourinho,2000366
Jose Mourinho,2009-09-29,Inter,Rubin,1,1,D,,Jose Mourinho,2000390
Jose Mourinho,2009-10-20,Inter,Dynamo Kyiv,2,2,D,,Jose Mourinho,2000407
Jose Mourinho,2009-11-04,Inter,Dynamo Kyiv,2,1,W,,Jose Mourinho,2000415
Jose Mourinho,2009-11-24,Inter,Barcelona,0,2,L,,Jose Mourinho,2000438
Jose Mourinho,2009-12-09,Inter,Rubin,2,0,W,,Jose Mourinho,2000446
Jose Mourinho,2010-02-24,Inter,Chelsea,2,1,W,,Jose Mourinho,2000462
Jose Mourinho,2010-03-16,Inter,Chelsea,1,0,W,,Jose Mourinho,2000474
Jose Mourinho,2010-03-31,Inter,CSKA Moskva,1,0,W,,Jose Mourinho,2000479
Jose Mourinho,2010-04-06,Inter,CSKA Moskva,1,0,W,,Jose Mourinho,2000481
Jose Mourinho,2010-04-20,Inter,Barcelona,3,1,W,,Jose Mourinho,2000487
Jose Mourinho,2010-04-28,Inter,Barcelona,0,1,L,,Jose Mourinho,2000484
Jose Mourinho,2010-05-22,Inter,Bayern Munchen,2,0,W,,,2000488
Jose Mourinho,2010-09-15,Real Madrid,Ajax,2,0,W,,Jose Mourinho,2002821
Jose Mourinho,2010-09-28,Real Madrid,Auxerre,1,0,W,,Jose Mourinho,2002845
Jose Mourinho,2010-10-19,Real Madrid,Milan,2,0,W,,Jose Mourinho,2002862
Jose Mourinho,2010-11-03,Real Madrid,Milan,2,2,D,,Jose Mourinho,2002870
Jose Mourinho,2010-11-23,Real Madrid,Ajax,4,0,W,,Jose Mourinho,2002893
Jose Mourinho,2010-12-08,Real Madrid,Auxerre,4,0,W,,Aitor Karanka,2002901
Jose Mourinho,2011-02-22,Real Madrid,Lyon,1,1,D,,Jose Mourinho,2003757
Jose Mourinho,2011-03-16,Real Madrid,Lyon,3,0,W,,Jose Mourinho,2003763
Jose Mourinho,2011-04-05,Real Madrid,Tottenham,4,0,W,,Jose Mourinho,2007730
Jose Mourinho,2011-04-13,Real Madrid,Tottenham,1,0,W,,Jose Mourinho,2007736
Jose Mourinho,2011-04-27,Real Madrid,Barcelona,0,2,L,,Jose Mourinho,2007742
Jose Mourinho,2011-05-03,Real Madrid,Barcelona,1,1,D,,Aitor Karanka,2007745
Jose Mourinho,2011-09-14,Real Madrid,GNK Dinamo,1,0,W,,Aitor Karanka,2007583
Jose Mourinho,2011-09-27,Real Madrid,Ajax,3,0,W,,,2007592
Jose Mourinho,2011-10-18,Real Madrid,Lyon,4,0,W,,Jose Mourinho,2007607
Jose Mourinho,2011-11-02,Real Madrid,Lyon,2,0,W,,Jose Mourinho,2007631
Jose Mourinho,2011-11-22,Real Madrid,GNK Dinamo,6,2,W,,Jose Mourinho,2007639
Jose Mourinho,2011-12-07,Real Madrid,Ajax,3,0,W,,Jose Mourinho,2007664
Jose Mourinho,2012-02-21,Real Madrid,CSKA Moskva,1,1,D,,Jose Mourinho,2007672
Jose Mourinho,2012-03-14,Real Madrid,CSKA Moskva,4,1,W,,Jose Mourinho,2007678
Jose Mourinho,2012-03-27,Real Madrid,APOEL,3,0,W,,Jose Mourinho,2007681
Jose Mourinho,2012-04-04,Real Madrid,APOEL,5,2,W,,Jose Mourinho,2007687
Jose Mourinho,2012-04-17,Real Madrid,Bayern Munchen,1,2,L,,Jose Mourinho,2007690
Jose Mourinho,2012-04-25,Real Madrid,Bayern Munchen,2,1,W,yes,Jose Mourinho,2007691
Jose Mourinho,2012-09-18,Real Madrid,Man City,3,2,W,,Jose Mourinho,2009503
Jose Mourinho,2012-10-03,Real Madrid,Ajax,4,1,W,,Jose Mourinho,2009511
Jose Mourinho,2012-10-24,Real Madrid,B. Dortmund,1,2,L,,Jose Mourinho,2009527
Jose Mourinho,2012-11-06,Real Madrid,B. Dortmund,2,2,D,,Jose Mourinho,2009551
Jose Mourinho,2012-11-21,Real Madrid,Man City,1,1,D,,Jose Mourinho,2009559
Jose Mourinho,2012-12-04,Real Madrid,Ajax,4,1,W,,Jose Mourinho,2009583
Jose Mourinho,2013-02-13,Real Madrid,Man Utd,1,1,D,,,2009591
Jose Mourinho,2013-03-05,Real Madrid,Man Utd,2,1,W,,Jose Mourinho,2009597
Jose Mourinho,2013-04-03,Real Madrid,Galatasaray,3,0,W,,Jose Mourinho,2009601
Jose Mourinho,2013-04-09,Real Madrid,Galatasaray,2,3,L,,Jose Mourinho,2009607
Jose Mourinho,2013-04-24,Real Madrid,B. Dortmund,1,4,L,,Jose Mourinho,2009608
Jose Mourinho,2013-04-30,Real Madrid,B. Dortmund,2,0,W,,Jose Mourinho,2009611
Jose Mourinho,2013-09-18,Chelsea,Basel,1,2,L,,Jose Mourinho,2011760
Jose Mourinho,2013-10-01,Chelsea,Steaua Bucuresti,4,0,W,,,2011784
Jose Mourinho,2013-10-22,Chelsea,Schalke,3,0,W,,Jose Mourinho,2011800
Jose Mourinho,2013-11-06,Chelsea,Schalke,3,0,W,,Jose Mourinho,2011808
Jose Mourinho,2013-11-26,Chelsea,Basel,0,1,L,,Jose Mourinho,2011832
Jose Mourinho,2013-12-11,Chelsea,Steaua Bucuresti,1,0,W,,,2011840
Jose Mourinho,2014-02-26,Chelsea,Galatasaray,1,1,D,,,2011861
Jose Mourinho,2014-03-18,Chelsea,Galatasaray,2,0,W,,,2011867
Jose Mourinho,2014-04-02,Chelsea,Paris,1,3,L,,Jose Mourinho,2011873
Jose Mourinho,2014-04-08,Chelsea,Paris,2,0,W,,Jose Mourinho,2011875
Jose Mourinho,2014-04-22,Chelsea,Atleti,0,0,D,,Jose Mourinho,2011879
Jose Mourinho,2014-04-30,Chelsea,Atleti,1,3,L,,Jose Mourinho,2011882
Jose Mourinho,2014-09-17,Chelsea,Schalke,1,1,D,,Jose Mourinho,2014311
Jose Mourinho,2014-09-30,Chelsea,Sporting CP,1,0,W,,Jose Mourinho,2014335
Jose Mourinho,2014-10-21,Chelsea,Maribor,6,0,W,,Jose Mourinho,2014352
Jose Mourinho,2014-11-05,Chelsea,Maribor,1,1,D,,Jose Mourinho,2014360
Jose Mourinho,2014-11-25,Chelsea,Schalke,5,0,W,,Jose Mourinho,2014383
Jose Mourinho,2014-12-10,Chelsea,Sporting CP,3,1,W,,Jose Mourinho,2014391
Jose Mourinho,2015-02-17,Chelsea,Paris,1,1,D,,Jose Mourinho,2014403
Jose Mourinho,2015-03-11,Chelsea,Paris,2,2,D,,Jose Mourinho,2014413
Jose Mourinho,2015-09-16,Chelsea,M. Tel-Aviv,4,0,W,,Jose Mourinho,2015678
Jose Mourinho,2015-09-29,Chelsea,Porto,1,2,L,,Jose Mourinho,2015686
Jose Mourinho,2015-10-20,Chelsea,Dynamo Kyiv,0,0,D,,Jose Mourinho,2015702
Jose Mourinho,2015-11-04,Chelsea,Dynamo Kyiv,2,1,W,,Jose Mourinho,2015726
Jose Mourinho,2015-11-24,Chelsea,M. Tel-Aviv,4,0,W,,Jose Mourinho,2015734
Jose Mourinho,2015-12-09,Chelsea,Porto,2,0,W,,Jose Mourinho,2015758
Jose Mourinho,2017-09-12,Man Utd,Basel,3,0,W,,Jose Mourinho,2021588
Jose Mourinho,2017-09-27,Man Utd,CSKA Moskva,4,1,W,,Jose Mourinho,2021612
Jose Mourinho,2017-10-18,Man Utd,Benfica,1,0,W,,Jose Mourinho,2021628
Jose Mourinho,2017-10-31,Man Utd,Benfica,2,0,W,,Jose Mourinho,2021636
Jose Mourinho,2017-11-22,Man Utd,Basel,0,1,L,,Jose Mourinho,2021660
Jose Mourinho,2017-12-05,Man Utd,CSKA Moskva,2,1,W,,Jose Mourinho,2021668
Jose Mourinho,2018-02-21,Man Utd,Sevilla,0,0,D,,Jose Mourinho,2021688
Jose Mourinho,2018-03-13,Man Utd,Sevilla,1,2,L,,Jose Mourinho,2021698
Jose Mourinho,2018-09-19,Man Utd,Young Boys,3,0,W,,Jose Mourinho,2025067
Jose Mourinho,2018-10-02,Man Utd,Valencia,0,0,D,,Jose Mourinho,2025076
Jose Mourinho,2018-10-23,Man Utd,Juventus,0,1,L,,Jose Mourinho,2025091
Jose Mourinho,2018-11-07,Man Utd,Juventus,2,1,W,,Jose Mourinho,2025115
Jose Mourinho,2018-11-27,Man Utd,Young Boys,1,0,W,,Jose Mourinho,2025123
Jose Mourinho,2018-12-12,Man Utd,Valencia,1,2,L,,Jose Mourinho,2025148
Jose Mourinho,2019-11-26,Tottenham,Olympiacos,4,2,W,,Jose Mourinho,2027098
Jose Mourinho,2019-12-11,Tottenham,Bayern Munchen,1,3,L,,Jose Mourinho,2027107
Jose Mourinho,2020-02-19,Tottenham,Leipzig,0,1,L,,Jose Mourinho,2027122
Jose Mourinho,2020-03-10,Tottenham,Leipzig,0,3,L,,Jose Mourinho,2027128
Jose Mourinho,2025-09-30,Benfica,Chelsea,0,1,L,,Jose Mourinho,2045922
Jose Mourinho,2025-10-21,Benfica,Newcastle,0,3,L,,Jose Mourinho,2045946
Jose Mourinho,2025-11-05,Benfica,Leverkusen,0,1,L,,Jose Mourinho,2045968
Jose Mourinho,2025-11-25,Benfica,Ajax,2,0,W,,Jose Mourinho,2045978
Jose Mourinho,2025-12-10,Benfica,Napoli,2,0,W,,Jose Mourinho,2046004
Jose Mourinho,2026-01-21,Benfica,Juventus,0,2,L,,Jose Mourinho,2046022
Jose Mourinho,2026-01-28,Benfica,Real Madrid,4,2,W,,Jose Mourinho,2046037
Jose Mourinho,2026-02-17,Benfica,Real Madrid,0,1,L,,Jose Mourinho,2047763
Jose Mourinho,2026-02-25,Benfica,Real Madrid,1,2,L,,,2047771
Diego Simeone,2013-09-18,Atleti,Zenit,3,1,W,,Diego Simeone,2011764
Diego Simeone,2013-10-01,Atleti,Porto,2,1,W,,Diego Simeone,2011788
Diego Simeone,2013-10-22,Atleti,Austria Wien,3,0,W,,Diego Simeone,2011804
Diego Simeone,2013-11-06,Atleti,Austria Wien,4,0,W,,Diego Simeone,2011812
Diego Simeone,2013-11-26,Atleti,Zenit,1,1,D,,Diego Simeone,2011836
Diego Simeone,2013-12-11,Atleti,Porto,2,0,W,,Diego Simeone,2011844
Diego Simeone,2014-02-19,Atleti,Milan,1,0,W,,,2011859
Diego Simeone,2014-03-11,Atleti,Milan,4,1,W,,,2011869
Diego Simeone,2014-04-01,Atleti,Barcelona,1,1,D,,Diego Simeone,2011871
Diego Simeone,2014-04-09,Atleti,Barcelona,1,0,W,,Diego Simeone,2011877
Diego Simeone,2014-04-22,Atleti,Chelsea,0,0,D,,Diego Simeone,2011879
Diego Simeone,2014-04-30,Atleti,Chelsea,3,1,W,,Diego Simeone,2011882
Diego Simeone,2014-05-24,Atleti,Real Madrid,1,4,L,,,2011883
Diego Simeone,2014-09-16,Atleti,Olympiacos,2,3,L,,German Burgos,2014315
Diego Simeone,2014-10-01,Atleti,Juventus,1,0,W,,Diego Simeone,2014324
Diego Simeone,2014-10-22,Atleti,Malmo,5,0,W,,Diego Simeone,2014339
Diego Simeone,2014-11-04,Atleti,Malmo,2,0,W,,Diego Simeone,2014363
Diego Simeone,2014-11-26,Atleti,Olympiacos,4,0,W,,Diego Simeone,2014371
Diego Simeone,2014-12-09,Atleti,Juventus,0,0,D,,Diego Simeone,2014396
Diego Simeone,2015-02-25,Atleti,Leverkusen,0,1,L,,Diego Simeone,2014407
Diego Simeone,2015-03-17,Atleti,Leverkusen,1,0,W,yes,Diego Simeone,2014417
Diego Simeone,2015-04-14,Atleti,Real Madrid,0,0,D,,Diego Simeone,2014420
Diego Simeone,2015-04-22,Atleti,Real Madrid,0,1,L,,Diego Simeone,2014426
Diego Simeone,2015-09-15,Atleti,Galatasaray,2,0,W,,Diego Simeone,2015669
Diego Simeone,2015-09-30,Atleti,Benfica,1,2,L,,Diego Simeone,2015694
Diego Simeone,2015-10-21,Atleti,Astana,4,0,W,,Diego Simeone,2015709
Diego Simeone,2015-11-03,Atleti,Astana,0,0,D,,Diego Simeone,2015717
Diego Simeone,2015-11-25,Atleti,Galatasaray,2,0,W,,Diego Simeone,2015741
Diego Simeone,2015-12-08,Atleti,Benfica,2,1,W,,Diego Simeone,2015750
Diego Simeone,2016-02-24,Atleti,PSV,0,0,D,,Diego Simeone,2015768
Diego Simeone,2016-03-15,Atleti,PSV,0,0,D,yes,Diego Simeone,2015774
Diego Simeone,2016-04-05,Atleti,Barcelona,1,2,L,,Diego Simeone,2015779
Diego Simeone,2016-04-13,Atleti,Barcelona,2,0,W,,Diego Simeone,2015781
Diego Simeone,2016-04-27,Atleti,Bayern Munchen,1,0,W,,Diego Simeone,2015786
Diego Simeone,2016-05-03,Atleti,Bayern Munchen,1,2,L,,Diego Simeone,2015787
Diego Simeone,2016-05-28,Atleti,Real Madrid,1,1,D,yes,,2015789
Diego Simeone,2016-09-13,Atleti,PSV,1,0,W,,Diego Simeone,2019289
Diego Simeone,2016-09-28,Atleti,Bayern Munchen,1,0,W,,Diego Simeone,2019312
Diego Simeone,2016-10-19,Atleti,Rostov,1,0,W,,Diego Simeone,2019328
Diego Simeone,2016-11-01,Atleti,Rostov,2,1,W,,Diego Simeone,2019336
Diego Simeone,2016-11-23,Atleti,PSV,2,0,W,,Diego Simeone,2019361
Diego Simeone,2016-12-06,Atleti,Bayern Munchen,0,1,L,,Diego Simeone,2019368
Diego Simeone,2017-02-21,Atleti,Leverkusen,4,2,W,,Diego Simeone,2019620
Diego Simeone,2017-03-15,Atleti,Leverkusen,0,0,D,,Diego Simeone,2019626
Diego Simeone,2017-04-12,Atleti,Leicester,1,0,W,,Diego Simeone,2019629
Diego Simeone,2017-04-18,Atleti,Leicester,1,1,D,,Diego Simeone,2019635
Diego Simeone,2017-05-02,Atleti,Real Madrid,0,3,L,,Diego Simeone,2019638
Diego Simeone,2017-05-10,Atleti,Real Madrid,2,1,W,,Diego Simeone,2019639
Diego Simeone,2017-09-12,Atleti,Roma,0,0,D,,Diego Simeone,2021592
Diego Simeone,2017-09-27,Atleti,Chelsea,1,2,L,,Diego Simeone,2021615
Diego Simeone,2017-10-18,Atleti,Qarabag,0,0,D,,Diego Simeone,2021631
Diego Simeone,2017-10-31,Atleti,Qarabag,1,1,D,,Diego Simeone,2021639
Diego Simeone,2017-11-22,Atleti,Roma,2,0,W,,Diego Simeone,2021664
Diego Simeone,2017-12-05,Atleti,Chelsea,1,1,D,,Diego Simeone,2021671
Diego Simeone,2018-09-18,Atleti,Monaco,2,1,W,,,2025054
Diego Simeone,2018-10-03,Atleti,Club Brugge,3,1,W,,Diego Simeone,2025077
Diego Simeone,2018-10-24,Atleti,B. Dortmund,0,4,L,,Diego Simeone,2025093
Diego Simeone,2018-11-06,Atleti,B. Dortmund,2,0,W,,Diego Simeone,2025101
Diego Simeone,2018-11-28,Atleti,Monaco,2,0,W,,Diego Simeone,2025126
Diego Simeone,2018-12-11,Atleti,Club Brugge,0,0,D,,Diego Simeone,2025133
Diego Simeone,2019-02-20,Atleti,Juventus,2,0,W,,Diego Simeone,2026846
Diego Simeone,2019-03-12,Atleti,Juventus,0,3,L,,Diego Simeone,2026856
Diego Simeone,2019-09-18,Atleti,Juventus,2,2,D,,Diego Simeone,2027030
Diego Simeone,2019-10-01,Atleti,Lokomotiv Moskva,2,0,W,,Diego Simeone,2027054
Diego Simeone,2019-10-22,Atleti,Leverkusen,1,0,W,,Diego Simeone,2027071
Diego Simeone,2019-11-06,Atleti,Leverkusen,1,2,L,,Diego Simeone,2027079
Diego Simeone,2019-11-26,Atleti,Juventus,0,1,L,,Diego Simeone,2027102
Diego Simeone,2019-12-11,Atleti,Lokomotiv Moskva,2,0,W,,Diego Simeone,2027110
Diego Simeone,2020-02-18,Atleti,Liverpool,1,0,W,,Diego Simeone,2027125
Diego Simeone,2020-03-11,Atleti,Liverpool,3,2,W,,Diego Simeone,2027135
Diego Simeone,2020-08-13,Atleti,Leipzig,1,2,L,,Diego Simeone,2030145
Diego Simeone,2020-10-21,Atleti,Bayern Munchen,0,4,L,,Diego Simeone,2029276
Diego Simeone,2020-10-27,Atleti,Salzburg,3,2,W,,Diego Simeone,2029398
Diego Simeone,2020-11-03,Atleti,Lokomotiv Moskva,1,1,D,,Diego Simeone,2029414
Diego Simeone,2020-11-25,Atleti,Lokomotiv Moskva,0,0,D,,Diego Simeone,2029422
Diego Simeone,2020-12-01,Atleti,Bayern Munchen,1,1,D,,Diego Simeone,2029447
Diego Simeone,2020-12-09,Atleti,Salzburg,2,0,W,,Diego Simeone,2029454
Diego Simeone,2021-02-23,Atleti,Chelsea,0,1,L,,Diego Simeone,2029474
Diego Simeone,2021-03-17,Atleti,Chelsea,0,2,L,,Diego Simeone,2029484
Diego Simeone,2021-09-15,Atleti,Porto,0,0,D,,Diego Simeone,2032690
Diego Simeone,2021-09-28,Atleti,Milan,2,1,W,,Diego Simeone,2032643
Diego Simeone,2021-10-19,Atleti,Liverpool,2,3,L,,Diego Simeone,2032666
Diego Simeone,2021-11-03,Atleti,Liverpool,0,2,L,,Diego Simeone,2032722
Diego Simeone,2021-11-24,Atleti,Milan,0,1,L,,Diego Simeone,2032715
Diego Simeone,2021-12-07,Atleti,Porto,3,1,W,,Diego Simeone,2032682
Diego Simeone,2022-02-23,Atleti,Man Utd,1,1,D,,Diego Simeone,2033902
Diego Simeone,2022-03-15,Atleti,Man Utd,1,0,W,,Diego Simeone,2033908
Diego Simeone,2022-04-05,Atleti,Man City,0,1,L,,Diego Simeone,2034654
Diego Simeone,2022-04-13,Atleti,Man City,0,0,D,,Diego Simeone,2034660
Diego Simeone,2022-09-07,Atleti,Porto,2,1,W,,Diego Simeone,2035643
Diego Simeone,2022-09-13,Atleti,Leverkusen,0,2,L,,Diego Simeone,2035660
Diego Simeone,2022-10-04,Atleti,Club Brugge,0,2,L,,Diego Simeone,2035676
Diego Simeone,2022-10-12,Atleti,Club Brugge,0,0,D,,Diego Simeone,2035691
Diego Simeone,2022-10-26,Atleti,Leverkusen,2,2,D,,Diego Simeone,2035708
Diego Simeone,2022-11-01,Atleti,Porto,1,2,L,,Diego Simeone,2035723
Diego Simeone,2023-09-19,Atleti,Lazio,1,1,D,,Diego Simeone,2039187
Diego Simeone,2023-10-04,Atleti,Feyenoord,3,2,W,,Diego Simeone,2039106
Diego Simeone,2023-10-25,Atleti,Celtic,2,2,D,,Diego Simeone,2039124
Diego Simeone,2023-11-07,Atleti,Celtic,6,0,W,,Diego Simeone,2039132
Diego Simeone,2023-11-28,Atleti,Feyenoord,3,1,W,,Diego Simeone,2039148
Diego Simeone,2023-12-13,Atleti,Lazio,2,0,W,,Diego Simeone,2039172
Diego Simeone,2024-02-20,Atleti,Inter,0,1,L,,Diego Simeone,2039918
Diego Simeone,2024-03-13,Atleti,Inter,2,1,W,yes,Diego Simeone,2039928
Diego Simeone,2024-04-10,Atleti,B. Dortmund,2,1,W,,Diego Simeone,2040493
Diego Simeone,2024-04-16,Atleti,B. Dortmund,2,4,L,,Diego Simeone,2040499
Diego Simeone,2024-09-19,Atleti,Leipzig,2,1,W,,Diego Simeone,2042031
Diego Simeone,2024-10-02,Atleti,Benfica,0,4,L,,Diego Simeone,2041946
Diego Simeone,2024-10-23,Atleti,Lille,1,3,L,,Diego Simeone,2041965
Diego Simeone,2024-11-06,Atleti,Paris,2,1,W,,Diego Simeone,2041981
Diego Simeone,2024-11-26,Atleti,Sparta Praha,6,0,W,,Diego Simeone,2041997
Diego Simeone,2024-12-11,Atleti,S. Bratislava,3,1,W,,Diego Simeone,2042017
Diego Simeone,2025-01-21,Atleti,Leverkusen,2,1,W,,Diego Simeone,2042058
Diego Simeone,2025-01-29,Atleti,Salzburg,4,1,W,,Diego Simeone,2042074
Diego Simeone,2025-03-04,Atleti,Real Madrid,1,2,L,,Diego Simeone,2044818
Diego Simeone,2025-03-12,Atleti,Real Madrid,1,0,W,yes,Diego Simeone,2044778
Diego Simeone,2025-09-17,Atleti,Liverpool,2,3,L,,Diego Simeone,2045911
Diego Simeone,2025-09-30,Atleti,Frankfurt,5,1,W,,,2045923
Diego Simeone,2025-10-21,Atleti,Arsenal,0,4,L,,Diego Simeone,2045940
Diego Simeone,2025-11-04,Atleti,Union SG,3,1,W,,Diego Simeone,2045959
Diego Simeone,2025-11-26,Atleti,Inter,2,1,W,,Diego Simeone,2045987
Diego Simeone,2025-12-09,Atleti,PSV,3,2,W,,Diego Simeone,2045998
Diego Simeone,2026-01-21,Atleti,Galatasaray,1,1,D,,Diego Simeone,2046025
Diego Simeone,2026-01-28,Atleti,Bod/Glimt,1,2,L,,Diego Simeone,2046036
Diego Simeone,2026-02-18,Atleti,Club Brugge,3,3,D,,Diego Simeone,2047767
Diego Simeone,2026-02-24,Atleti,Club Brugge,4,1,W,,Diego Simeone,2047775
Diego Simeone,2026-03-10,Atleti,Tottenham,5,2,W,,Diego Simeone,2048052
Diego Simeone,2026-03-18,Atleti,Tottenham,2,3,L,,Diego Simeone,2048060
Diego Simeone,2026-04-08,Atleti,Barcelona,2,0,W,,Diego Simeone,2048065
Diego Simeone,2026-04-14,Atleti,Barcelona,1,2,L,,Diego Simeone,2048067
Diego Simeone,2026-04-29,Atleti,Arsenal,1,1,D,,Diego Simeone,2048071
Diego Simeone,2026-05-05,Atleti,Arsenal,0,1,L,,Diego Simeone,2048074
Mircea Lucescu,1998-12-09,Inter,Sturm Graz,2,0,W,,Mircea Lucescu,55777
Mircea Lucescu,1999-03-03,Inter,Man Utd,0,2,L,,Mircea Lucescu,56075
Mircea Lucescu,1999-03-17,Inter,Man Utd,1,1,D,,,56076
Mircea Lucescu,2000-09-12,Galatasaray,Monaco,3,2,W,,,65948
Mircea Lucescu,2000-09-20,Galatasaray,Sturm Graz,0,3,L,,,65950
Mircea Lucescu,2000-09-27,Galatasaray,Rangers,3,2,W,,Mircea Lucescu,65953
Mircea Lucescu,2000-10-17,Galatasaray,Rangers,0,0,D,,Mircea Lucescu,65955
Mircea Lucescu,2000-10-25,Galatasaray,Monaco,2,4,L,,,65956
Mircea Lucescu,2000-11-07,Galatasaray,Sturm Graz,2,2,D,,,65958
Mircea Lucescu,2000-11-21,Galatasaray,Milan,2,2,D,,,66308
Mircea Lucescu,2000-12-06,Galatasaray,Paris,1,0,W,,,66317
Mircea Lucescu,2001-02-14,Galatasaray,Deportivo,1,0,W,,Mircea Lucescu,66324
Mircea Lucescu,2001-02-20,Galatasaray,Deportivo,0,2,L,,Mircea Lucescu,66332
Mircea Lucescu,2001-03-07,Galatasaray,Milan,2,0,W,,,66340
Mircea Lucescu,2001-03-13,Galatasaray,Paris,0,2,L,,,66349
Mircea Lucescu,2001-04-03,Galatasaray,Real Madrid,3,2,W,,Mircea Lucescu,67654
Mircea Lucescu,2001-04-18,Galatasaray,Real Madrid,0,3,L,,,67655
Mircea Lucescu,2001-09-11,Galatasaray,Lazio,1,0,W,,,68188
Mircea Lucescu,2001-09-19,Galatasaray,PSV,1,3,L,,,68190
Mircea Lucescu,2001-09-26,Galatasaray,Nantes,1,0,W,,,68192
Mircea Lucescu,2001-10-16,Galatasaray,Nantes,0,0,D,,,68194
Mircea Lucescu,2001-10-24,Galatasaray,Lazio,0,1,L,,,68196
Mircea Lucescu,2001-10-30,Galatasaray,PSV,2,0,W,,,68198
Mircea Lucescu,2001-11-20,Galatasaray,Roma,1,1,D,,Mircea Lucescu,68627
Mircea Lucescu,2001-12-05,Galatasaray,Barcelona,2,2,D,,,68629
Mircea Lucescu,2002-02-20,Galatasaray,Liverpool,0,0,D,,,68631
Mircea Lucescu,2002-02-26,Galatasaray,Liverpool,1,1,D,,,68633
Mircea Lucescu,2002-03-13,Galatasaray,Roma,1,1,D,,Mircea Lucescu,68635
Mircea Lucescu,2002-03-19,Galatasaray,Barcelona,0,1,L,,,68637
Mircea Lucescu,2003-09-16,Besiktas,Lazio,0,2,L,,,73392
Mircea Lucescu,2003-10-01,Besiktas,Chelsea,2,0,W,,,73394
Mircea Lucescu,2003-10-22,Besiktas,Sparta Praha,1,2,L,,,73396
Mircea Lucescu,2003-11-04,Besiktas,Sparta Praha,1,0,W,,,73398
Mircea Lucescu,2003-11-26,Besiktas,Lazio,1,1,D,,Mircea Lucescu,73400
Mircea Lucescu,2003-12-09,Besiktas,Chelsea,0,2,L,,,73402
Mircea Lucescu,2004-09-14,Shakhtar,Milan,0,1,L,,,79516
Mircea Lucescu,2004-09-29,Shakhtar,Barcelona,0,3,L,,,79518
Mircea Lucescu,2004-10-20,Shakhtar,Celtic,3,0,W,,,79521
Mircea Lucescu,2004-11-02,Shakhtar,Celtic,0,1,L,,,79523
Mircea Lucescu,2004-11-24,Shakhtar,Milan,0,4,L,,,79524
Mircea Lucescu,2004-12-07,Shakhtar,Barcelona,2,0,W,,,79526
Mircea Lucescu,2006-09-12,Shakhtar,Roma,0,4,L,,,84750
Mircea Lucescu,2006-09-27,Shakhtar,Olympiacos,2,2,D,,,84765
Mircea Lucescu,2006-10-18,Shakhtar,Valencia,0,2,L,,,84781
Mircea Lucescu,2006-10-31,Shakhtar,Valencia,2,2,D,,,84797
Mircea Lucescu,2006-11-22,Shakhtar,Roma,1,0,W,,,84814
Mircea Lucescu,2006-12-05,Shakhtar,Olympiacos,1,1,D,,,84829
Mircea Lucescu,2007-09-18,Shakhtar,Celtic,2,0,W,,Mircea Lucescu,301174
Mircea Lucescu,2007-10-03,Shakhtar,Benfica,1,0,W,,Mircea Lucescu,301182
Mircea Lucescu,2007-10-24,Shakhtar,Milan,1,4,L,,Mircea Lucescu,301198
Mircea Lucescu,2007-11-06,Shakhtar,Milan,0,3,L,,Mircea Lucescu,301222
Mircea Lucescu,2007-11-28,Shakhtar,Celtic,1,2,L,,Mircea Lucescu,301230
Mircea Lucescu,2007-12-04,Shakhtar,Benfica,1,2,L,,Mircea Lucescu,301254
Mircea Lucescu,2008-09-16,Shakhtar,Basel,2,1,W,,Mircea Lucescu,302701
Mircea Lucescu,2008-10-01,Shakhtar,Barcelona,1,2,L,,Mircea Lucescu,302710
Mircea Lucescu,2008-10-22,Shakhtar,Sporting CP,0,1,L,,Mircea Lucescu,302725
Mircea Lucescu,2008-11-04,Shakhtar,Sporting CP,0,1,L,,Mircea Lucescu,302749
Mircea Lucescu,2008-11-26,Shakhtar,Basel,5,0,W,,Mircea Lucescu,302757
Mircea Lucescu,2008-12-09,Shakhtar,Barcelona,3,2,W,,Mircea Lucescu,302782
Mircea Lucescu,2010-09-15,Shakhtar,Partizan,1,0,W,,Mircea Lucescu,2002824
Mircea Lucescu,2010-09-28,Shakhtar,Braga,3,0,W,,Mircea Lucescu,2002848
Mircea Lucescu,2010-10-19,Shakhtar,Arsenal,1,5,L,,Mircea Lucescu,2002864
Mircea Lucescu,2010-11-03,Shakhtar,Arsenal,2,1,W,,Mircea Lucescu,2002872
Mircea Lucescu,2010-11-23,Shakhtar,Partizan,3,0,W,,Mircea Lucescu,2002896
Mircea Lucescu,2010-12-08,Shakhtar,Braga,2,0,W,,Mircea Lucescu,2002904
Mircea Lucescu,2011-02-16,Shakhtar,Roma,3,2,W,,Mircea Lucescu,2003751
Mircea Lucescu,2011-03-08,Shakhtar,Roma,3,0,W,,Mircea Lucescu,2003761
Mircea Lucescu,2011-04-06,Shakhtar,Barcelona,1,5,L,,Mircea Lucescu,2007732
Mircea Lucescu,2011-04-12,Shakhtar,Barcelona,0,1,L,,Mircea Lucescu,2007734
Mircea Lucescu,2011-09-13,Shakhtar,Porto,1,2,L,,Mircea Lucescu,2007573
Mircea Lucescu,2011-09-28,Shakhtar,APOEL,1,1,D,,Mircea Lucescu,2007598
Mircea Lucescu,2011-10-19,Shakhtar,Zenit,2,2,D,,Mircea Lucescu,2007613
Mircea Lucescu,2011-11-01,Shakhtar,Zenit,0,1,L,,Mircea Lucescu,2007621
Mircea Lucescu,2011-11-23,Shakhtar,Porto,0,2,L,,Mircea Lucescu,2007645
Mircea Lucescu,2011-12-06,Shakhtar,APOEL,2,0,W,,Mircea Lucescu,2007654
Mircea Lucescu,2012-09-19,Shakhtar,Nordsjlland,2,0,W,,Mircea Lucescu,2009488
Mircea Lucescu,2012-10-02,Shakhtar,Juventus,1,1,D,,Mircea Lucescu,2009512
Mircea Lucescu,2012-10-23,Shakhtar,Chelsea,2,1,W,,Mircea Lucescu,2009529
Mircea Lucescu,2012-11-07,Shakhtar,Chelsea,2,3,L,,Mircea Lucescu,2009537
Mircea Lucescu,2012-11-20,Shakhtar,Nordsjlland,5,2,W,,Mircea Lucescu,2009560
Mircea Lucescu,2012-12-05,Shakhtar,Juventus,0,1,L,,Mircea Lucescu,2009568
Mircea Lucescu,2013-02-13,Shakhtar,B. Dortmund,2,2,D,,Mircea Lucescu,2009589
Mircea Lucescu,2013-03-05,Shakhtar,B. Dortmund,0,3,L,,Mircea Lucescu,2009599
Mircea Lucescu,2013-09-17,Shakhtar,Real Sociedad,2,0,W,,Mircea Lucescu,2011768
Mircea Lucescu,2013-10-02,Shakhtar,Man Utd,1,1,D,,Mircea Lucescu,2011775
Mircea Lucescu,2013-10-23,Shakhtar,Leverkusen,0,4,L,,Mircea Lucescu,2011791
Mircea Lucescu,2013-11-05,Shakhtar,Leverkusen,0,0,D,,Mircea Lucescu,2011815
Mircea Lucescu,2013-11-27,Shakhtar,Real Sociedad,4,0,W,,Mircea Lucescu,2011824
Mircea Lucescu,2013-12-10,Shakhtar,Man Utd,0,1,L,,Mircea Lucescu,2011847
Mircea Lucescu,2014-09-17,Shakhtar,Athletic Club,0,0,D,,Mircea Lucescu,2014314
Mircea Lucescu,2014-09-30,Shakhtar,Porto,2,2,D,,Mircea Lucescu,2014337
Mircea Lucescu,2014-10-21,Shakhtar,BATE,7,0,W,,Mircea Lucescu,2014353
Mircea Lucescu,2014-11-05,Shakhtar,BATE,5,0,W,,Mircea Lucescu,2014361
Mircea Lucescu,2014-11-25,Shakhtar,Athletic Club,0,1,L,,Mircea Lucescu,2014386
Mircea Lucescu,2014-12-10,Shakhtar,Porto,1,1,D,,Mircea Lucescu,2014393
Mircea Lucescu,2015-02-17,Shakhtar,Bayern Munchen,0,0,D,,Mircea Lucescu,2014410
Mircea Lucescu,2015-03-11,Shakhtar,Bayern Munchen,0,7,L,,Mircea Lucescu,2014416
Mircea Lucescu,2015-09-15,Shakhtar,Real Madrid,0,4,L,,Mircea Lucescu,2015666
Mircea Lucescu,2015-09-30,Shakhtar,Paris,0,3,L,,Mircea Lucescu,2015689
Mircea Lucescu,2015-10-21,Shakhtar,Malmo,0,1,L,,Mircea Lucescu,2015705
Mircea Lucescu,2015-11-03,Shakhtar,Malmo,4,0,W,,Mircea Lucescu,2015713
Mircea Lucescu,2015-11-25,Shakhtar,Real Madrid,3,4,L,,Mircea Lucescu,2015738
Mircea Lucescu,2015-12-08,Shakhtar,Paris,0,2,L,,Mircea Lucescu,2015745
Mircea Lucescu,2020-10-20,Dynamo Kyiv,Juventus,0,2,L,,Mircea Lucescu,2029387
Mircea Lucescu,2020-10-28,Dynamo Kyiv,Ferencvaros,2,2,D,,Mircea Lucescu,2029395
Mircea Lucescu,2020-11-04,Dynamo Kyiv,Barcelona,1,2,L,,Mircea Lucescu,2029411
Mircea Lucescu,2020-11-24,Dynamo Kyiv,Barcelona,0,4,L,,Mircea Lucescu,2029435
Mircea Lucescu,2020-12-02,Dynamo Kyiv,Juventus,0,3,L,,Mircea Lucescu,2029443
Mircea Lucescu,2020-12-08,Dynamo Kyiv,Ferencvaros,1,0,W,,Mircea Lucescu,2029467
Mircea Lucescu,2021-09-14,Dynamo Kyiv,Benfica,0,0,D,,Mircea Lucescu,2032729
Mircea Lucescu,2021-09-29,Dynamo Kyiv,Bayern Munchen,0,5,L,,Mircea Lucescu,2032705
Mircea Lucescu,2021-10-20,Dynamo Kyiv,Barcelona,0,1,L,,Mircea Lucescu,2032673
Mircea Lucescu,2021-11-02,Dynamo Kyiv,Barcelona,0,1,L,,Mircea Lucescu,2032697
Mircea Lucescu,2021-11-23,Dynamo Kyiv,Bayern Munchen,1,2,L,,Mircea Lucescu,2032649
Mircea Lucescu,2021-12-08,Dynamo Kyiv,Benfica,0,2,L,,Mircea Lucescu,2032657
Jurgen Klopp,2011-09-13,B. Dortmund,Arsenal,1,1,D,,Jurgen Klopp,2007572
Jurgen Klopp,2011-09-28,B. Dortmund,Marseille,0,3,L,,Jurgen Klopp,2007596
Jurgen Klopp,2011-10-19,B. Dortmund,Olympiacos,1,3,L,,Jurgen Klopp,2007612
Jurgen Klopp,2011-11-01,B. Dortmund,Olympiacos,1,0,W,,Jurgen Klopp,2007620
Jurgen Klopp,2011-11-23,B. Dortmund,Arsenal,1,2,L,,Jurgen Klopp,2007644
Jurgen Klopp,2011-12-06,B. Dortmund,Marseille,2,3,L,,Jurgen Klopp,2007652
Jurgen Klopp,2012-09-18,B. Dortmund,Ajax,1,0,W,,Jurgen Klopp,2009502
Jurgen Klopp,2012-10-03,B. Dortmund,Man City,1,1,D,,Jurgen Klopp,2009510
Jurgen Klopp,2012-10-24,B. Dortmund,Real Madrid,2,1,W,,Jurgen Klopp,2009527
Jurgen Klopp,2012-11-06,B. Dortmund,Real Madrid,2,2,D,,Jurgen Klopp,2009551
Jurgen Klopp,2012-11-21,B. Dortmund,Ajax,4,1,W,,Jurgen Klopp,2009558
Jurgen Klopp,2012-12-04,B. Dortmund,Man City,1,0,W,,Jurgen Klopp,2009582
Jurgen Klopp,2013-02-13,B. Dortmund,Shakhtar,2,2,D,,Jurgen Klopp,2009589
Jurgen Klopp,2013-03-05,B. Dortmund,Shakhtar,3,0,W,,Jurgen Klopp,2009599
Jurgen Klopp,2013-04-03,B. Dortmund,Malaga,0,0,D,,Jurgen Klopp,2009600
Jurgen Klopp,2013-04-09,B. Dortmund,Malaga,3,2,W,,Jurgen Klopp,2009606
Jurgen Klopp,2013-04-24,B. Dortmund,Real Madrid,4,1,W,,Jurgen Klopp,2009608
Jurgen Klopp,2013-04-30,B. Dortmund,Real Madrid,0,2,L,,Jurgen Klopp,2009611
Jurgen Klopp,2013-05-25,B. Dortmund,Bayern Munchen,1,2,L,,,2009612
Jurgen Klopp,2013-09-18,B. Dortmund,Napoli,1,2,L,,Jurgen Klopp,2011762
Jurgen Klopp,2013-10-01,B. Dortmund,Marseille,3,0,W,,,2011785
Jurgen Klopp,2013-10-22,B. Dortmund,Arsenal,2,1,W,,,2011801
Jurgen Klopp,2013-11-06,B. Dortmund,Arsenal,0,1,L,,Jurgen Klopp,2011809
Jurgen Klopp,2013-11-26,B. Dortmund,Napoli,3,1,W,,Jurgen Klopp,2011834
Jurgen Klopp,2013-12-11,B. Dortmund,Marseille,2,1,W,,Jurgen Klopp,2011841
Jurgen Klopp,2014-02-25,B. Dortmund,Zenit,4,2,W,,,2011857
Jurgen Klopp,2014-03-19,B. Dortmund,Zenit,1,2,L,,,2011863
Jurgen Klopp,2014-04-02,B. Dortmund,Real Madrid,0,3,L,,Jurgen Klopp,2011872
Jurgen Klopp,2014-04-08,B. Dortmund,Real Madrid,2,0,W,,Jurgen Klopp,2011878
Jurgen Klopp,2014-09-16,B. Dortmund,Arsenal,2,0,W,,Jurgen Klopp,2014322
Jurgen Klopp,2014-10-01,B. Dortmund,Anderlecht,3,0,W,,Jurgen Klopp,2014330
Jurgen Klopp,2014-10-22,B. Dortmund,Galatasaray,4,0,W,,Jurgen Klopp,2014346
Jurgen Klopp,2014-11-04,B. Dortmund,Galatasaray,4,1,W,,Jurgen Klopp,2014370
Jurgen Klopp,2014-11-26,B. Dortmund,Arsenal,0,2,L,,Jurgen Klopp,2014378
Jurgen Klopp,2014-12-09,B. Dortmund,Anderlecht,1,1,D,,Jurgen Klopp,2014402
Jurgen Klopp,2015-02-24,B. Dortmund,Juventus,1,2,L,,Jurgen Klopp,2014408
Jurgen Klopp,2015-03-18,B. Dortmund,Juventus,0,3,L,,Jurgen Klopp,2014418
Jurgen Klopp,2017-09-13,Liverpool,Sevilla,2,2,D,,Jurgen Klopp,2021596
Jurgen Klopp,2017-09-26,Liverpool,Spartak Moskva,1,1,D,,Jurgen Klopp,2021604
Jurgen Klopp,2017-10-17,Liverpool,Maribor,7,0,W,,Jurgen Klopp,2021620
Jurgen Klopp,2017-11-01,Liverpool,Maribor,3,0,W,,Jurgen Klopp,2021644
Jurgen Klopp,2017-11-21,Liverpool,Sevilla,3,3,D,,Jurgen Klopp,2021652
Jurgen Klopp,2017-12-06,Liverpool,Spartak Moskva,7,0,W,,Jurgen Klopp,2021676
Jurgen Klopp,2018-02-14,Liverpool,Porto,5,0,W,,Jurgen Klopp,2021687
Jurgen Klopp,2018-03-06,Liverpool,Porto,0,0,D,,Jurgen Klopp,2021697
Jurgen Klopp,2018-04-04,Liverpool,Man City,3,0,W,,Jurgen Klopp,2021702
Jurgen Klopp,2018-04-10,Liverpool,Man City,2,1,W,,Jurgen Klopp,2021704
Jurgen Klopp,2018-04-24,Liverpool,Roma,5,2,W,,Jurgen Klopp,2021707
Jurgen Klopp,2018-05-02,Liverpool,Roma,2,4,L,,Jurgen Klopp,2021710
Jurgen Klopp,2018-05-26,Liverpool,Real Madrid,1,3,L,,,2021711
Jurgen Klopp,2018-09-18,Liverpool,Paris,3,2,W,,Jurgen Klopp,2025057
Jurgen Klopp,2018-10-03,Liverpool,Napoli,0,1,L,,Jurgen Klopp,2025081
Jurgen Klopp,2018-10-24,Liverpool,Crvena Zvezda,4,0,W,,Jurgen Klopp,2025098
Jurgen Klopp,2018-11-06,Liverpool,Crvena Zvezda,0,2,L,,Jurgen Klopp,2025106
Jurgen Klopp,2018-11-28,Liverpool,Paris,1,2,L,,Jurgen Klopp,2025129
Jurgen Klopp,2018-12-11,Liverpool,Napoli,1,0,W,,Jurgen Klopp,2025137
Jurgen Klopp,2019-02-19,Liverpool,Bayern Munchen,0,0,D,,Jurgen Klopp,2026848
Jurgen Klopp,2019-03-13,Liverpool,Bayern Munchen,3,1,W,,Jurgen Klopp,2026854
Jurgen Klopp,2019-04-09,Liverpool,Porto,2,0,W,,Jurgen Klopp,2027150
Jurgen Klopp,2019-04-17,Liverpool,Porto,4,1,W,,Jurgen Klopp,2027156
Jurgen Klopp,2019-05-01,Liverpool,Barcelona,0,3,L,,Jurgen Klopp,2027157
Jurgen Klopp,2019-05-07,Liverpool,Barcelona,4,0,W,,Jurgen Klopp,2027160
Jurgen Klopp,2019-06-01,Liverpool,Tottenham,2,0,W,,,2025486
Jurgen Klopp,2019-09-17,Liverpool,Napoli,0,2,L,,Jurgen Klopp,2027033
Jurgen Klopp,2019-10-02,Liverpool,Salzburg,4,3,W,,Jurgen Klopp,2027040
Jurgen Klopp,2019-10-23,Liverpool,Genk,4,1,W,,Jurgen Klopp,2027056
Jurgen Klopp,2019-11-05,Liverpool,Genk,2,1,W,,,2027080
Jurgen Klopp,2019-11-27,Liverpool,Napoli,1,1,D,,Jurgen Klopp,2027089
Jurgen Klopp,2019-12-10,Liverpool,Salzburg,2,0,W,,Jurgen Klopp,2027112
Jurgen Klopp,2020-02-18,Liverpool,Atleti,0,1,L,,Jurgen Klopp,2027125
Jurgen Klopp,2020-03-11,Liverpool,Atleti,2,3,L,,Jurgen Klopp,2027135
Jurgen Klopp,2020-10-21,Liverpool,Ajax,1,0,W,,Jurgen Klopp,2029282
Jurgen Klopp,2020-10-27,Liverpool,Midtjylland,2,0,W,,Jurgen Klopp,2029404
Jurgen Klopp,2020-11-03,Liverpool,Atalanta,5,0,W,,Jurgen Klopp,2029420
Jurgen Klopp,2020-11-25,Liverpool,Atalanta,0,2,L,,Jurgen Klopp,2029428
Jurgen Klopp,2020-12-01,Liverpool,Ajax,1,0,W,,Jurgen Klopp,2029453
Jurgen Klopp,2020-12-09,Liverpool,Midtjylland,1,1,D,,Jurgen Klopp,2029460
Jurgen Klopp,2021-02-16,Liverpool,Leipzig,2,0,W,,Jurgen Klopp,2029475
Jurgen Klopp,2021-03-10,Liverpool,Leipzig,2,0,W,,Jurgen Klopp,2029485
Jurgen Klopp,2021-04-06,Liverpool,Real Madrid,1,3,L,,Jurgen Klopp,2029489
Jurgen Klopp,2021-04-14,Liverpool,Real Madrid,0,0,D,,Jurgen Klopp,2029491
Jurgen Klopp,2021-09-15,Liverpool,Milan,3,2,W,,Jurgen Klopp,2032683
Jurgen Klopp,2021-09-28,Liverpool,Porto,5,1,W,,Jurgen Klopp,2032714
Jurgen Klopp,2021-10-19,Liverpool,Atleti,3,2,W,,Jurgen Klopp,2032666
Jurgen Klopp,2021-11-03,Liverpool,Atleti,2,0,W,,Jurgen Klopp,2032722
Jurgen Klopp,2021-11-24,Liverpool,Porto,2,0,W,,Jurgen Klopp,2032642
Jurgen Klopp,2021-12-07,Liverpool,Milan,2,1,W,,Jurgen Klopp,2032691
Jurgen Klopp,2022-02-16,Liverpool,Inter,2,0,W,,Jurgen Klopp,2033898
Jurgen Klopp,2022-03-08,Liverpool,Inter,0,1,L,,Jurgen Klopp,2033904
Jurgen Klopp,2022-04-05,Liverpool,Benfica,3,1,W,,Jurgen Klopp,2034656
Jurgen Klopp,2022-04-13,Liverpool,Benfica,3,3,D,,Jurgen Klopp,2034658
Jurgen Klopp,2022-04-27,Liverpool,Villarreal,2,0,W,,Jurgen Klopp,2034661
Jurgen Klopp,2022-05-03,Liverpool,Villarreal,3,2,W,,Jurgen Klopp,2034664
Jurgen Klopp,2022-05-28,Liverpool,Real Madrid,0,1,L,,Jurgen Klopp,2034586
Jurgen Klopp,2022-09-07,Liverpool,Napoli,1,4,L,,Jurgen Klopp,2035642
Jurgen Klopp,2022-09-13,Liverpool,Ajax,2,1,W,,Jurgen Klopp,2035657
Jurgen Klopp,2022-10-04,Liverpool,Rangers,2,0,W,,Jurgen Klopp,2035673
Jurgen Klopp,2022-10-12,Liverpool,Rangers,7,1,W,,Jurgen Klopp,2035690
Jurgen Klopp,2022-10-26,Liverpool,Ajax,3,0,W,,Jurgen Klopp,2035706
Jurgen Klopp,2022-11-01,Liverpool,Napoli,2,0,W,,Jurgen Klopp,2035721
Jurgen Klopp,2023-02-21,Liverpool,Real Madrid,2,5,L,,Jurgen Klopp,2036586
Jurgen Klopp,2023-03-15,Liverpool,Real Madrid,0,1,L,,Jurgen Klopp,2036596
Massimiliano Allegri,2010-09-15,Milan,Auxerre,2,0,W,,Massimiliano Allegri,2002822
Massimiliano Allegri,2010-09-28,Milan,Ajax,1,1,D,,Massimiliano Allegri,2002846
Massimiliano Allegri,2010-10-19,Milan,Real Madrid,0,2,L,,Massimiliano Allegri,2002862
Massimiliano Allegri,2010-11-03,Milan,Real Madrid,2,2,D,,Massimiliano Allegri,2002870
Massimiliano Allegri,2010-11-23,Milan,Auxerre,2,0,W,,Massimiliano Allegri,2002894
Massimiliano Allegri,2010-12-08,Milan,Ajax,0,2,L,,Massimiliano Allegri,2002902
Massimiliano Allegri,2011-02-15,Milan,Tottenham,0,1,L,,Massimiliano Allegri,2003752
Massimiliano Allegri,2011-03-09,Milan,Tottenham,0,0,D,,Massimiliano Allegri,2003762
Massimiliano Allegri,2011-09-13,Milan,Barcelona,2,2,D,,Massimiliano Allegri,2007575
Massimiliano Allegri,2011-09-28,Milan,Viktoria Plzen,2,0,W,,Massimiliano Allegri,2007600
Massimiliano Allegri,2011-10-19,Milan,BATE,2,0,W,,Massimiliano Allegri,2007615
Massimiliano Allegri,2011-11-01,Milan,BATE,1,1,D,,Massimiliano Allegri,2007623
Massimiliano Allegri,2011-11-23,Milan,Barcelona,2,3,L,,Massimiliano Allegri,2007647
Massimiliano Allegri,2011-12-06,Milan,Viktoria Plzen,2,2,D,,Massimiliano Allegri,2007656
Massimiliano Allegri,2012-02-15,Milan,Arsenal,4,0,W,,Massimiliano Allegri,2007669
Massimiliano Allegri,2012-03-06,Milan,Arsenal,0,3,L,,Massimiliano Allegri,2007679
Massimiliano Allegri,2012-03-28,Milan,Barcelona,0,0,D,,Massimiliano Allegri,2007686
Massimiliano Allegri,2012-04-03,Milan,Barcelona,1,3,L,,Massimiliano Allegri,2007684
Massimiliano Allegri,2012-09-18,Milan,Anderlecht,0,0,D,,Massimiliano Allegri,2009501
Massimiliano Allegri,2012-10-03,Milan,Zenit,3,2,W,,Massimiliano Allegri,2009509
Massimiliano Allegri,2012-10-24,Milan,Malaga,0,1,L,,Massimiliano Allegri,2009525
Massimiliano Allegri,2012-11-06,Milan,Malaga,1,1,D,,Massimiliano Allegri,2009549
Massimiliano Allegri,2012-11-21,Milan,Anderlecht,3,1,W,,Massimiliano Allegri,2009557
Massimiliano Allegri,2012-12-04,Milan,Zenit,0,1,L,,Massimiliano Allegri,2009581
Massimiliano Allegri,2013-02-20,Milan,Barcelona,2,0,W,,Massimiliano Allegri,2009590
Massimiliano Allegri,2013-03-12,Milan,Barcelona,0,4,L,,Massimiliano Allegri,2009596
Massimiliano Allegri,2013-09-18,Milan,Celtic,2,0,W,,Massimiliano Allegri,2011765
Massimiliano Allegri,2013-10-01,Milan,Ajax,1,1,D,,Massimiliano Allegri,2011789
Massimiliano Allegri,2013-10-22,Milan,Barcelona,1,1,D,,Massimiliano Allegri,2011806
Massimiliano Allegri,2013-11-06,Milan,Barcelona,1,3,L,,Massimiliano Allegri,2011814
Massimiliano Allegri,2013-11-26,Milan,Celtic,3,0,W,,Massimiliano Allegri,2011837
Massimiliano Allegri,2013-12-11,Milan,Ajax,0,0,D,,Massimiliano Allegri,2011845
Massimiliano Allegri,2014-09-16,Juventus,Malmo,2,0,W,,Massimiliano Allegri,2014316
Massimiliano Allegri,2014-10-01,Juventus,Atleti,0,1,L,,Massimiliano Allegri,2014324
Massimiliano Allegri,2014-10-22,Juventus,Olympiacos,0,1,L,,Massimiliano Allegri,2014340
Massimiliano Allegri,2014-11-04,Juventus,Olympiacos,3,2,W,,Massimiliano Allegri,2014364
Massimiliano Allegri,2014-11-26,Juventus,Malmo,2,0,W,,Massimiliano Allegri,2014372
Massimiliano Allegri,2014-12-09,Juventus,Atleti,0,0,D,,Massimiliano Allegri,2014396
Massimiliano Allegri,2015-02-24,Juventus,B. Dortmund,2,1,W,,Massimiliano Allegri,2014408
Massimiliano Allegri,2015-03-18,Juventus,B. Dortmund,3,0,W,,Massimiliano Allegri,2014418
Massimiliano Allegri,2015-04-14,Juventus,Monaco,1,0,W,,Massimiliano Allegri,2014422
Massimiliano Allegri,2015-04-22,Juventus,Monaco,0,0,D,,Massimiliano Allegri,2014424
Massimiliano Allegri,2015-05-05,Juventus,Real Madrid,2,1,W,,Massimiliano Allegri,2014427
Massimiliano Allegri,2015-05-13,Juventus,Real Madrid,1,1,D,,Massimiliano Allegri,2014430
Massimiliano Allegri,2015-06-06,Juventus,Barcelona,1,3,L,,,2015227
Massimiliano Allegri,2015-09-15,Juventus,Man City,2,1,W,,Massimiliano Allegri,2015671
Massimiliano Allegri,2015-09-30,Juventus,Sevilla,2,0,W,,Massimiliano Allegri,2015696
Massimiliano Allegri,2015-10-21,Juventus,Monchengladbach,0,0,D,,Massimiliano Allegri,2015711
Massimiliano Allegri,2015-11-03,Juventus,Monchengladbach,1,1,D,,Massimiliano Allegri,2015719
Massimiliano Allegri,2015-11-25,Juventus,Man City,1,0,W,,Massimiliano Allegri,2015743
Massimiliano Allegri,2015-12-08,Juventus,Sevilla,0,1,L,,Massimiliano Allegri,2015752
Massimiliano Allegri,2016-02-23,Juventus,Bayern Munchen,2,2,D,,Massimiliano Allegri,2015767
Massimiliano Allegri,2016-03-16,Juventus,Bayern Munchen,2,4,L,,Massimiliano Allegri,2015773
Massimiliano Allegri,2016-09-14,Juventus,Sevilla,0,0,D,,Massimiliano Allegri,2019297
Massimiliano Allegri,2016-09-27,Juventus,GNK Dinamo,4,0,W,,Massimiliano Allegri,2019305
Massimiliano Allegri,2016-10-18,Juventus,Lyon,1,0,W,,Massimiliano Allegri,2019321
Massimiliano Allegri,2016-11-02,Juventus,Lyon,1,1,D,,Massimiliano Allegri,2019345
Massimiliano Allegri,2016-11-22,Juventus,Sevilla,3,1,W,,Massimiliano Allegri,2019353
Massimiliano Allegri,2016-12-07,Juventus,GNK Dinamo,2,0,W,,Massimiliano Allegri,2019377
Massimiliano Allegri,2017-02-22,Juventus,Porto,2,0,W,,Massimiliano Allegri,2019619
Massimiliano Allegri,2017-03-14,Juventus,Porto,1,0,W,,Massimiliano Allegri,2019625
Massimiliano Allegri,2017-04-11,Juventus,Barcelona,3,0,W,,Massimiliano Allegri,2019632
Massimiliano Allegri,2017-04-19,Juventus,Barcelona,0,0,D,,Massimiliano Allegri,2019634
Massimiliano Allegri,2017-05-03,Juventus,Monaco,2,0,W,,Massimiliano Allegri,2019637
Massimiliano Allegri,2017-05-09,Juventus,Monaco,2,1,W,,Massimiliano Allegri,2019640
Massimiliano Allegri,2017-06-03,Juventus,Real Madrid,1,4,L,,,2019641
Massimiliano Allegri,2017-09-12,Juventus,Barcelona,0,3,L,,Massimiliano Allegri,2021593
Massimiliano Allegri,2017-09-27,Juventus,Olympiacos,2,0,W,,Massimiliano Allegri,2021618
Massimiliano Allegri,2017-10-18,Juventus,Sporting CP,2,1,W,,Massimiliano Allegri,2021633
Massimiliano Allegri,2017-10-31,Juventus,Sporting CP,1,1,D,,Massimiliano Allegri,2021641
Massimiliano Allegri,2017-11-22,Juventus,Barcelona,0,0,D,,Massimiliano Allegri,2021665
Massimiliano Allegri,2017-12-05,Juventus,Olympiacos,2,0,W,,Massimiliano Allegri,2021674
Massimiliano Allegri,2018-02-13,Juventus,Tottenham,2,2,D,,Massimiliano Allegri,2021683
Massimiliano Allegri,2018-03-07,Juventus,Tottenham,2,1,W,,Massimiliano Allegri,2021693
Massimiliano Allegri,2018-04-03,Juventus,Real Madrid,0,3,L,,Massimiliano Allegri,2021701
Massimiliano Allegri,2018-04-11,Juventus,Real Madrid,3,1,W,,Massimiliano Allegri,2021703
Massimiliano Allegri,2018-09-19,Juventus,Valencia,2,0,W,,Massimiliano Allegri,2025068
Massimiliano Allegri,2018-10-02,Juventus,Young Boys,3,0,W,,Massimiliano Allegri,2025075
Massimiliano Allegri,2018-10-23,Juventus,Man Utd,1,0,W,,Massimiliano Allegri,2025091
Massimiliano Allegri,2018-11-07,Juventus,Man Utd,1,2,L,,Massimiliano Allegri,2025115
Massimiliano Allegri,2018-11-27,Juventus,Valencia,1,0,W,,Massimiliano Allegri,2025124
Massimiliano Allegri,2018-12-12,Juventus,Young Boys,1,2,L,,Massimiliano Allegri,2025147
Massimiliano Allegri,2019-02-20,Juventus,Atleti,0,2,L,,Massimiliano Allegri,2026846
Massimiliano Allegri,2019-03-12,Juventus,Atleti,3,0,W,,Massimiliano Allegri,2026856
Massimiliano Allegri,2019-04-10,Juventus,Ajax,1,1,D,,Massimiliano Allegri,2027149
Massimiliano Allegri,2019-04-16,Juventus,Ajax,1,2,L,,Massimiliano Allegri,2027155
Massimiliano Allegri,2021-09-14,Juventus,Malmo,3,0,W,,Massimiliano Allegri,2032703
Massimiliano Allegri,2021-09-29,Juventus,Chelsea,1,0,W,,Massimiliano Allegri,2032734
Massimiliano Allegri,2021-10-20,Juventus,Zenit,1,0,W,,Massimiliano Allegri,2032710
Massimiliano Allegri,2021-11-02,Juventus,Zenit,4,2,W,,Massimiliano Allegri,2032654
Massimiliano Allegri,2021-11-23,Juventus,Chelsea,0,4,L,,Massimiliano Allegri,2032662
Massimiliano Allegri,2021-12-08,Juventus,Malmo,1,0,W,,Massimiliano Allegri,2032679
Massimiliano Allegri,2022-02-22,Juventus,Villarreal,1,1,D,,Massimiliano Allegri,2033903
Massimiliano Allegri,2022-03-16,Juventus,Villarreal,0,3,L,,Massimiliano Allegri,2033909
Massimiliano Allegri,2022-09-06,Juventus,Paris,1,2,L,,Massimiliano Allegri,2035655
Massimiliano Allegri,2022-09-14,Juventus,Benfica,1,2,L,,Massimiliano Allegri,2035671
Massimiliano Allegri,2022-10-05,Juventus,Maccabi Haifa,3,1,W,,Massimiliano Allegri,2035687
Massimiliano Allegri,2022-10-11,Juventus,Maccabi Haifa,0,2,L,,Massimiliano Allegri,2035703
Massimiliano Allegri,2022-10-25,Juventus,Benfica,3,4,L,,Massimiliano Allegri,2035720
Massimiliano Allegri,2022-11-02,Juventus,Paris,1,2,L,,Massimiliano Allegri,2035735
Louis van Gaal,1994-09-14,Ajax,Milan,2,0,W,,,51261
Louis van Gaal,1994-09-28,Ajax,AEK Athens,2,1,W,,,51263
Louis van Gaal,1994-10-19,Ajax,Salzburg,0,0,D,,,51265
Louis van Gaal,1994-11-02,Ajax,Salzburg,1,1,D,,,51267
Louis van Gaal,1994-11-23,Ajax,Milan,2,0,W,,Louis van Gaal,51269
Louis van Gaal,1994-12-07,Ajax,AEK Athens,2,0,W,,,51271
Louis van Gaal,1995-03-01,Ajax,Hajduk Split,0,0,D,,,51458
Louis van Gaal,1995-03-15,Ajax,Hajduk Split,3,0,W,,,51459
Louis van Gaal,1995-04-05,Ajax,Bayern Munchen,0,0,D,,,51602
Louis van Gaal,1995-04-19,Ajax,Bayern Munchen,5,2,W,,,51603
Louis van Gaal,1995-05-24,Ajax,Milan,1,0,W,,,51668
Louis van Gaal,1995-09-13,Ajax,Real Madrid,1,0,W,,,52144
Louis van Gaal,1995-09-27,Ajax,Ferencvaros,5,1,W,,,52146
Louis van Gaal,1995-10-18,Ajax,Grasshoppers,3,0,W,,,52148
Louis van Gaal,1995-11-01,Ajax,Grasshoppers,0,0,D,,,52151
Louis van Gaal,1995-11-22,Ajax,Real Madrid,2,0,W,,Louis van Gaal,52153
Louis van Gaal,1995-12-06,Ajax,Ferencvaros,4,0,W,,,52154
Louis van Gaal,1996-03-06,Ajax,B. Dortmund,2,0,W,,,52287
Louis van Gaal,1996-03-20,Ajax,B. Dortmund,1,0,W,,,52288
Louis van Gaal,1996-04-03,Ajax,Panathinaikos,0,1,L,,,52466
Louis van Gaal,1996-04-17,Ajax,Panathinaikos,3,0,W,,,52467
Louis van Gaal,1996-05-22,Ajax,Juventus,1,1,D,yes,,52534
Louis van Gaal,1996-09-11,Ajax,Auxerre,1,0,W,,Louis van Gaal,53094
Louis van Gaal,1996-09-25,Ajax,Grasshoppers,0,1,L,,Louis van Gaal,53097
Louis van Gaal,1996-10-16,Ajax,Rangers,4,1,W,,,53208
Louis van Gaal,1996-10-30,Ajax,Rangers,1,0,W,,,53210
Louis van Gaal,1996-11-20,Ajax,Auxerre,1,2,L,,,53212
Louis van Gaal,1996-12-04,Ajax,Grasshoppers,1,0,W,,Louis van Gaal,53215
Louis van Gaal,1997-03-05,Ajax,Atleti,1,1,D,,Louis van Gaal,53354
Louis van Gaal,1997-03-19,Ajax,Atleti,3,2,W,,Louis van Gaal,53355
Louis van Gaal,1997-04-09,Ajax,Juventus,1,2,L,,Louis van Gaal,53714
Louis van Gaal,1997-04-23,Ajax,Juventus,1,4,L,,Louis van Gaal,53715
Louis van Gaal,1997-09-17,Barcelona,Newcastle,2,3,L,,Louis van Gaal,54395
Louis van Gaal,1997-10-01,Barcelona,PSV,2,2,D,,Louis van Gaal,54406
Louis van Gaal,1997-10-22,Barcelona,Dynamo Kyiv,0,3,L,,Louis van Gaal,54436
Louis van Gaal,1997-11-05,Barcelona,Dynamo Kyiv,0,4,L,,Louis van Gaal,54438
Louis van Gaal,1997-11-26,Barcelona,Newcastle,1,0,W,,Louis van Gaal,54441
Louis van Gaal,1997-12-10,Barcelona,PSV,2,2,D,,Louis van Gaal,54442
Louis van Gaal,1998-09-16,Barcelona,Man Utd,3,3,D,,Louis van Gaal,55719
Louis van Gaal,1998-09-30,Barcelona,Brndby,2,0,W,,Louis van Gaal,55730
Louis van Gaal,1998-10-21,Barcelona,Bayern Munchen,0,1,L,,Louis van Gaal,55742
Louis van Gaal,1998-11-04,Barcelona,Bayern Munchen,1,2,L,,Louis van Gaal,55754
Louis van Gaal,1998-11-25,Barcelona,Man Utd,3,3,D,,Louis van Gaal,55767
Louis van Gaal,1998-12-09,Barcelona,Brndby,2,0,W,,Louis van Gaal,55778
Louis van Gaal,1999-09-14,Barcelona,AIK,2,1,W,,Louis van Gaal,57064
Louis van Gaal,1999-09-22,Barcelona,Fiorentina,4,2,W,,Louis van Gaal,57067
Louis van Gaal,1999-09-29,Barcelona,Arsenal,1,1,D,,,57068
Louis van Gaal,1999-10-19,Barcelona,Arsenal,4,2,W,,Louis van Gaal,57070
Louis van Gaal,1999-10-27,Barcelona,AIK,5,0,W,,,57072
Louis van Gaal,1999-11-02,Barcelona,Fiorentina,3,3,D,,,57075
Louis van Gaal,1999-11-23,Barcelona,Hertha,1,1,D,,Louis van Gaal,57591
Louis van Gaal,1999-12-08,Barcelona,Sparta Praha,5,0,W,,Louis van Gaal,57594
Louis van Gaal,2000-03-01,Barcelona,Porto,4,2,W,,,57595
Louis van Gaal,2000-03-07,Barcelona,Porto,2,0,W,,,57597
Louis van Gaal,2000-03-15,Barcelona,Hertha,3,1,W,,,57599
Louis van Gaal,2000-03-21,Barcelona,Sparta Praha,2,1,W,,Louis van Gaal,57601
Louis van Gaal,2000-04-05,Barcelona,Chelsea,1,3,L,,Louis van Gaal,63651
Louis van Gaal,2000-04-18,Barcelona,Chelsea,5,1,W,,Louis van Gaal,63652
Louis van Gaal,2000-05-02,Barcelona,Valencia,1,4,L,,Louis van Gaal,64410
Louis van Gaal,2000-05-10,Barcelona,Valencia,2,1,W,,Louis van Gaal,64411
Louis van Gaal,2002-09-18,Barcelona,Club Brugge,3,2,W,,Louis van Gaal,70150
Louis van Gaal,2002-09-24,Barcelona,Galatasaray,2,0,W,,,70152
Louis van Gaal,2002-10-01,Barcelona,Lokomotiv Moskva,3,1,W,,,70154
Louis van Gaal,2002-10-23,Barcelona,Lokomotiv Moskva,1,0,W,,,70156
Louis van Gaal,2002-10-29,Barcelona,Club Brugge,1,0,W,,Louis van Gaal,70158
Louis van Gaal,2002-11-13,Barcelona,Galatasaray,3,1,W,,,70160
Louis van Gaal,2002-11-27,Barcelona,Leverkusen,2,1,W,,,70427
Louis van Gaal,2002-12-11,Barcelona,Newcastle,3,1,W,,,70430
Louis van Gaal,2009-09-15,Bayern Munchen,Maccabi Haifa,3,0,W,,Louis van Gaal,2000373
Louis van Gaal,2009-09-30,Bayern Munchen,Juventus,0,0,D,,Louis van Gaal,2000380
Louis van Gaal,2009-10-21,Bayern Munchen,Bordeaux,1,2,L,,Louis van Gaal,2000396
Louis van Gaal,2009-11-03,Bayern Munchen,Bordeaux,0,2,L,,Louis van Gaal,2000420
Louis van Gaal,2009-11-25,Bayern Munchen,Maccabi Haifa,1,0,W,,Louis van Gaal,2000429
Louis van Gaal,2009-12-08,Bayern Munchen,Juventus,4,1,W,,Louis van Gaal,2000452
Louis van Gaal,2010-02-17,Bayern Munchen,Fiorentina,2,1,W,,Louis van Gaal,2000463
Louis van Gaal,2010-03-09,Bayern Munchen,Fiorentina,2,3,L,,Louis van Gaal,2000475
Louis van Gaal,2010-03-30,Bayern Munchen,Man Utd,2,1,W,,Louis van Gaal,2000477
Louis van Gaal,2010-04-07,Bayern Munchen,Man Utd,2,3,L,,Louis van Gaal,2000483
Louis van Gaal,2010-04-21,Bayern Munchen,Lyon,1,0,W,,Louis van Gaal,2000486
Louis van Gaal,2010-04-27,Bayern Munchen,Lyon,3,0,W,,Louis van Gaal,2000485
Louis van Gaal,2010-05-22,Bayern Munchen,Inter,0,2,L,,,2000488
Louis van Gaal,2010-09-15,Bayern Munchen,Roma,2,0,W,,Louis van Gaal,2002817
Louis van Gaal,2010-09-28,Bayern Munchen,Basel,2,1,W,,Louis van Gaal,2002841
Louis van Gaal,2010-10-19,Bayern Munchen,CFR Cluj,3,2,W,,Louis van Gaal,2002858
Louis van Gaal,2010-11-03,Bayern Munchen,CFR Cluj,4,0,W,,Louis van Gaal,2002866
Louis van Gaal,2010-11-23,Bayern Munchen,Roma,2,3,L,,Louis van Gaal,2002889
Louis van Gaal,2010-12-08,Bayern Munchen,Basel,3,0,W,,Louis van Gaal,2002897
Louis van Gaal,2011-02-23,Bayern Munchen,Inter,1,0,W,,Louis van Gaal,2003756
Louis van Gaal,2011-03-15,Bayern Munchen,Inter,2,3,L,,Louis van Gaal,2003766
Louis van Gaal,2015-09-15,Man Utd,PSV,1,2,L,,Louis van Gaal,2015668
Louis van Gaal,2015-09-30,Man Utd,Wolfsburg,2,1,W,,Louis van Gaal,2015691
Louis van Gaal,2015-10-21,Man Utd,CSKA Moskva,1,1,D,,Louis van Gaal,2015707
Louis van Gaal,2015-11-03,Man Utd,CSKA Moskva,1,0,W,,Louis van Gaal,2015715
Louis van Gaal,2015-11-25,Man Utd,PSV,0,0,D,,Louis van Gaal,2015740
Louis van Gaal,2015-12-08,Man Utd,Wolfsburg,2,3,L,,Louis van Gaal,2015747
Rafael Benitez,2002-09-17,Valencia,Liverpool,2,0,W,,,70077
Rafael Benitez,2002-09-25,Valencia,Spartak Moskva,3,0,W,,,70079
Rafael Benitez,2002-10-02,Valencia,Basel,6,2,W,,,70082
Rafael Benitez,2002-10-22,Valencia,Basel,2,2,D,,,70084
Rafael Benitez,2002-10-30,Valencia,Liverpool,1,0,W,,,70085
Rafael Benitez,2002-11-12,Valencia,Spartak Moskva,3,0,W,,,70087
Rafael Benitez,2002-11-27,Valencia,Ajax,1,1,D,,,70440
Rafael Benitez,2002-12-10,Valencia,Arsenal,0,0,D,,,70442
Rafael Benitez,2003-02-18,Valencia,Roma,1,0,W,,Rafael Benitez,70444
Rafael Benitez,2003-02-26,Valencia,Roma,0,3,L,,Rafael Benitez,70446
Rafael Benitez,2003-03-11,Valencia,Ajax,1,1,D,,,70448
Rafael Benitez,2003-03-19,Valencia,Arsenal,2,1,W,,,70450
Rafael Benitez,2003-04-09,Valencia,Inter,0,1,L,,,70969
Rafael Benitez,2003-04-22,Valencia,Inter,2,1,W,,,70970
Rafael Benitez,2004-09-15,Liverpool,Monaco,2,0,W,,,79456
Rafael Benitez,2004-09-28,Liverpool,Olympiacos,0,1,L,,,79458
Rafael Benitez,2004-10-19,Liverpool,Deportivo,0,0,D,,,79461
Rafael Benitez,2004-11-03,Liverpool,Deportivo,1,0,W,,,79463
Rafael Benitez,2004-11-23,Liverpool,Monaco,0,1,L,,,79464
Rafael Benitez,2004-12-08,Liverpool,Olympiacos,3,1,W,,,79466
Rafael Benitez,2005-02-22,Liverpool,Leverkusen,3,1,W,,,79920
Rafael Benitez,2005-03-09,Liverpool,Leverkusen,3,1,W,,,79921
Rafael Benitez,2005-04-05,Liverpool,Juventus,2,1,W,,,80600
Rafael Benitez,2005-04-13,Liverpool,Juventus,0,0,D,,,80601
Rafael Benitez,2005-04-27,Liverpool,Chelsea,0,0,D,,,80759
Rafael Benitez,2005-05-03,Liverpool,Chelsea,1,0,W,,,80760
Rafael Benitez,2005-05-25,Liverpool,Milan,3,3,D,yes,,80813
Rafael Benitez,2005-09-13,Liverpool,Real Betis,2,1,W,,,81705
Rafael Benitez,2005-09-28,Liverpool,Chelsea,0,0,D,,,81720
Rafael Benitez,2005-10-19,Liverpool,Anderlecht,1,0,W,,,81736
Rafael Benitez,2005-11-01,Liverpool,Anderlecht,3,0,W,,,81752
Rafael Benitez,2005-11-23,Liverpool,Real Betis,0,0,D,,,81769
Rafael Benitez,2005-12-06,Liverpool,Chelsea,0,0,D,,,81784
Rafael Benitez,2006-02-21,Liverpool,Benfica,0,1,L,,,82419
Rafael Benitez,2006-03-08,Liverpool,Benfica,0,2,L,,,82420
Rafael Benitez,2006-09-12,Liverpool,PSV,0,0,D,,,84748
Rafael Benitez,2006-09-27,Liverpool,Galatasaray,3,2,W,,,84763
Rafael Benitez,2006-10-18,Liverpool,Bordeaux,1,0,W,,,84779
Rafael Benitez,2006-10-31,Liverpool,Bordeaux,3,0,W,,,84795
Rafael Benitez,2006-11-22,Liverpool,PSV,2,0,W,,,84812
Rafael Benitez,2006-12-05,Liverpool,Galatasaray,2,3,L,,,84827
Rafael Benitez,2007-02-21,Liverpool,Barcelona,2,1,W,,Rafael Benitez,85514
Rafael Benitez,2007-03-06,Liverpool,Barcelona,0,1,L,,Rafael Benitez,85515
Rafael Benitez,2007-04-03,Liverpool,PSV,3,0,W,,,300130
Rafael Benitez,2007-04-11,Liverpool,PSV,1,0,W,,,300131
Rafael Benitez,2007-04-25,Liverpool,Chelsea,0,1,L,,,300136
Rafael Benitez,2007-05-01,Liverpool,Chelsea,1,0,W,yes,,300137
Rafael Benitez,2007-05-23,Liverpool,Milan,1,2,L,,,300099
Rafael Benitez,2007-09-18,Liverpool,Porto,1,1,D,,Rafael Benitez,301168
Rafael Benitez,2007-10-03,Liverpool,Marseille,0,1,L,,Rafael Benitez,301175
Rafael Benitez,2007-10-24,Liverpool,Besiktas,1,2,L,,,301191
Rafael Benitez,2007-11-06,Liverpool,Besiktas,8,0,W,,Rafael Benitez,301215
Rafael Benitez,2007-11-28,Liverpool,Porto,4,1,W,,,301224
Rafael Benitez,2007-12-11,Liverpool,Marseille,4,0,W,,Rafael Benitez,301247
Rafael Benitez,2008-02-19,Liverpool,Inter,2,0,W,,Rafael Benitez,301890
Rafael Benitez,2008-03-11,Liverpool,Inter,1,0,W,,Rafael Benitez,301902
Rafael Benitez,2008-04-02,Liverpool,Arsenal,1,1,D,,Rafael Benitez,301903
Rafael Benitez,2008-04-08,Liverpool,Arsenal,4,2,W,,Rafael Benitez,301910
Rafael Benitez,2008-04-22,Liverpool,Chelsea,1,1,D,,Rafael Benitez,301912
Rafael Benitez,2008-04-30,Liverpool,Chelsea,2,3,L,,Rafael Benitez,301913
Rafael Benitez,2008-09-16,Liverpool,Marseille,2,1,W,,Rafael Benitez,302704
Rafael Benitez,2008-10-01,Liverpool,PSV,3,1,W,,Rafael Benitez,302711
Rafael Benitez,2008-10-22,Liverpool,Atleti,1,1,D,,Rafael Benitez,302727
Rafael Benitez,2008-11-04,Liverpool,Atleti,1,1,D,,Rafael Benitez,302751
Rafael Benitez,2008-11-26,Liverpool,Marseille,1,0,W,,Rafael Benitez,302760
Rafael Benitez,2008-12-09,Liverpool,PSV,3,1,W,,Rafael Benitez,302783
Rafael Benitez,2009-02-25,Liverpool,Real Madrid,1,0,W,,Rafael Benitez,302790
Rafael Benitez,2009-03-10,Liverpool,Real Madrid,4,0,W,,Rafael Benitez,302794
Rafael Benitez,2009-04-08,Liverpool,Chelsea,1,3,L,,Rafael Benitez,302803
Rafael Benitez,2009-04-14,Liverpool,Chelsea,4,4,D,,Rafael Benitez,302805
Rafael Benitez,2009-09-16,Liverpool,Debrecen,1,0,W,,Rafael Benitez,2000364
Rafael Benitez,2009-09-29,Liverpool,Fiorentina,0,2,L,,Rafael Benitez,2000388
Rafael Benitez,2009-10-20,Liverpool,Lyon,1,2,L,,Rafael Benitez,2000405
Rafael Benitez,2009-11-04,Liverpool,Lyon,1,1,D,,Rafael Benitez,2000413
Rafael Benitez,2009-11-24,Liverpool,Debrecen,1,0,W,,Rafael Benitez,2000436
Rafael Benitez,2009-12-09,Liverpool,Fiorentina,1,2,L,,Rafael Benitez,2000444
Rafael Benitez,2010-09-14,Inter,Twente,2,2,D,,Rafael Benitez,2002825
Rafael Benitez,2010-09-29,Inter,Bremen,4,0,W,,Rafael Benitez,2002834
Rafael Benitez,2010-10-20,Inter,Tottenham,4,3,W,,Rafael Benitez,2002849
Rafael Benitez,2010-11-02,Inter,Tottenham,1,3,L,,Rafael Benitez,2002873
Rafael Benitez,2010-11-24,Inter,Twente,1,0,W,,Rafael Benitez,2002881
Rafael Benitez,2010-12-07,Inter,Bremen,0,3,L,,Rafael Benitez,2002906
Rafael Benitez,2012-12-05,Chelsea,Nordsjaelland,6,1,W,,Rafael Benitez,
Rafael Benitez,2013-09-18,Napoli,B. Dortmund,2,1,W,,Rafael Benitez,2011762
Rafael Benitez,2013-10-01,Napoli,Arsenal,0,2,L,,Rafael Benitez,2011786
Rafael Benitez,2013-10-22,Napoli,Marseille,2,1,W,,Rafael Benitez,2011802
Rafael Benitez,2013-11-06,Napoli,Marseille,3,2,W,,Rafael Benitez,2011810
Rafael Benitez,2013-11-26,Napoli,B. Dortmund,1,3,L,,Rafael Benitez,2011834
Rafael Benitez,2013-12-11,Napoli,Arsenal,2,0,W,,Rafael Benitez,2011842
Rafael Benitez,2015-09-15,Real Madrid,Shakhtar,4,0,W,,Rafael Benitez,2015666
Rafael Benitez,2015-09-30,Real Madrid,Malmo,2,0,W,,Rafael Benitez,2015690
Rafael Benitez,2015-10-21,Real Madrid,Paris,0,0,D,,Rafael Benitez,2015706
Rafael Benitez,2015-11-03,Real Madrid,Paris,1,0,W,,Rafael Benitez,2015714
Rafael Benitez,2015-11-25,Real Madrid,Shakhtar,4,3,W,,Rafael Benitez,2015738
Rafael Benitez,2015-12-08,Real Madrid,Malmo,8,0,W,,Rafael Benitez,2015746
Ottmar Hitzfeld,1995-09-13,B. Dortmund,Juventus,1,3,L,,,52132
Ottmar Hitzfeld,1995-09-27,B. Dortmund,Rangers,2,2,D,,,52134
Ottmar Hitzfeld,1995-10-18,B. Dortmund,Steaua Bucuresti,1,0,W,,,52136
Ottmar Hitzfeld,1995-11-01,B. Dortmund,Steaua Bucuresti,0,0,D,,,52139
Ottmar Hitzfeld,1995-11-22,B. Dortmund,Juventus,2,1,W,,,52141
Ottmar Hitzfeld,1995-12-06,B. Dortmund,Rangers,2,2,D,,,52142
Ottmar Hitzfeld,1996-03-06,B. Dortmund,Ajax,0,2,L,,,52287
Ottmar Hitzfeld,1996-03-20,B. Dortmund,Ajax,0,1,L,,,52288
Ottmar Hitzfeld,1996-09-11,B. Dortmund,Widzew,2,1,W,,,53099
Ottmar Hitzfeld,1996-09-25,B. Dortmund,Steaua Bucuresti,3,0,W,,,53101
Ottmar Hitzfeld,1996-10-16,B. Dortmund,Atleti,1,0,W,,,53217
Ottmar Hitzfeld,1996-10-30,B. Dortmund,Atleti,1,2,L,,Ottmar Hitzfeld,53219
Ottmar Hitzfeld,1996-11-20,B. Dortmund,Widzew,2,2,D,,,53221
Ottmar Hitzfeld,1996-12-04,B. Dortmund,Steaua Bucuresti,5,3,W,,,53223
Ottmar Hitzfeld,1997-03-05,B. Dortmund,Auxerre,3,1,W,,Ottmar Hitzfeld,53350
Ottmar Hitzfeld,1997-03-19,B. Dortmund,Auxerre,1,0,W,,Ottmar Hitzfeld,53351
Ottmar Hitzfeld,1997-04-09,B. Dortmund,Man Utd,1,0,W,,Ottmar Hitzfeld,53712
Ottmar Hitzfeld,1997-04-23,B. Dortmund,Man Utd,1,0,W,,Ottmar Hitzfeld,53713
Ottmar Hitzfeld,1997-05-28,B. Dortmund,Juventus,3,1,W,,,53915
Ottmar Hitzfeld,1998-09-16,Bayern Munchen,Brndby,1,2,L,,Ottmar Hitzfeld,55718
Ottmar Hitzfeld,1998-09-30,Bayern Munchen,Man Utd,2,2,D,,Ottmar Hitzfeld,55731
Ottmar Hitzfeld,1998-10-21,Bayern Munchen,Barcelona,1,0,W,,Ottmar Hitzfeld,55742
Ottmar Hitzfeld,1998-11-04,Bayern Munchen,Barcelona,2,1,W,,Ottmar Hitzfeld,55754
Ottmar Hitzfeld,1998-11-25,Bayern Munchen,Brndby,2,0,W,,Ottmar Hitzfeld,55766
Ottmar Hitzfeld,1998-12-09,Bayern Munchen,Man Utd,1,1,D,,,55779
Ottmar Hitzfeld,1999-03-03,Bayern Munchen,Kaiserslautern,2,0,W,,Ottmar Hitzfeld,56079
Ottmar Hitzfeld,1999-03-17,Bayern Munchen,Kaiserslautern,4,0,W,,,56080
Ottmar Hitzfeld,1999-04-07,Bayern Munchen,Dynamo Kyiv,3,3,D,,Ottmar Hitzfeld,56334
Ottmar Hitzfeld,1999-04-21,Bayern Munchen,Dynamo Kyiv,1,0,W,,,56335
Ottmar Hitzfeld,1999-05-26,Bayern Munchen,Man Utd,1,2,L,,,56379
Ottmar Hitzfeld,1999-09-15,Bayern Munchen,PSV,2,1,W,,Ottmar Hitzfeld,57112
Ottmar Hitzfeld,1999-09-21,Bayern Munchen,Rangers,1,1,D,,Ottmar Hitzfeld,57114
Ottmar Hitzfeld,1999-09-28,Bayern Munchen,Valencia,1,1,D,,Ottmar Hitzfeld,57117
Ottmar Hitzfeld,1999-10-20,Bayern Munchen,Valencia,1,1,D,,,57119
Ottmar Hitzfeld,1999-10-26,Bayern Munchen,PSV,1,2,L,,,57120
Ottmar Hitzfeld,1999-11-03,Bayern Munchen,Rangers,1,0,W,,Ottmar Hitzfeld,57123
Ottmar Hitzfeld,1999-11-24,Bayern Munchen,Rosenborg,1,1,D,,,57616
Ottmar Hitzfeld,1999-12-07,Bayern Munchen,Dynamo Kyiv,2,1,W,,,57617
Ottmar Hitzfeld,2000-02-29,Bayern Munchen,Real Madrid,4,2,W,,,57619
Ottmar Hitzfeld,2000-03-08,Bayern Munchen,Real Madrid,4,1,W,,,57621
Ottmar Hitzfeld,2000-03-14,Bayern Munchen,Rosenborg,2,1,W,,Ottmar Hitzfeld,57624
Ottmar Hitzfeld,2000-03-22,Bayern Munchen,Dynamo Kyiv,0,2,L,,Ottmar Hitzfeld,57625
Ottmar Hitzfeld,2000-04-04,Bayern Munchen,Porto,1,1,D,,,63649
Ottmar Hitzfeld,2000-04-19,Bayern Munchen,Porto,2,1,W,,Ottmar Hitzfeld,63650
Ottmar Hitzfeld,2000-05-03,Bayern Munchen,Real Madrid,0,2,L,,,64412
Ottmar Hitzfeld,2000-05-09,Bayern Munchen,Real Madrid,2,1,W,,Ottmar Hitzfeld,64413
Ottmar Hitzfeld,2000-09-13,Bayern Munchen,Helsingborg,3,1,W,,,65973
Ottmar Hitzfeld,2000-09-19,Bayern Munchen,Rosenborg,3,1,W,,,65974
Ottmar Hitzfeld,2000-09-26,Bayern Munchen,Paris,0,1,L,,,65976
Ottmar Hitzfeld,2000-10-18,Bayern Munchen,Paris,2,0,W,,,65978
Ottmar Hitzfeld,2000-10-24,Bayern Munchen,Helsingborg,0,0,D,,,65980
Ottmar Hitzfeld,2000-11-08,Bayern Munchen,Rosenborg,1,1,D,,,65982
Ottmar Hitzfeld,2000-11-22,Bayern Munchen,Lyon,1,0,W,,,66310
Ottmar Hitzfeld,2000-12-05,Bayern Munchen,Arsenal,2,2,D,,,66318
Ottmar Hitzfeld,2001-02-13,Bayern Munchen,Spartak Moskva,1,0,W,,,66327
Ottmar Hitzfeld,2001-02-21,Bayern Munchen,Spartak Moskva,3,0,W,,,66335
Ottmar Hitzfeld,2001-03-06,Bayern Munchen,Lyon,0,3,L,,,66342
Ottmar Hitzfeld,2001-03-14,Bayern Munchen,Arsenal,1,0,W,,,66350
Ottmar Hitzfeld,2001-04-03,Bayern Munchen,Man Utd,1,0,W,,,67652
Ottmar Hitzfeld,2001-04-18,Bayern Munchen,Man Utd,2,1,W,,,67653
Ottmar Hitzfeld,2001-05-01,Bayern Munchen,Real Madrid,1,0,W,,,67739
Ottmar Hitzfeld,2001-05-09,Bayern Munchen,Real Madrid,2,1,W,,,67740
Ottmar Hitzfeld,2001-05-23,Bayern Munchen,Valencia,1,1,D,yes,,67752
Ottmar Hitzfeld,2001-09-18,Bayern Munchen,Sparta Praha,0,0,D,,,68237
Ottmar Hitzfeld,2001-09-25,Bayern Munchen,Spartak Moskva,3,1,W,,,68239
Ottmar Hitzfeld,2001-10-10,Bayern Munchen,Feyenoord,2,2,D,,,68236
Ottmar Hitzfeld,2001-10-17,Bayern Munchen,Spartak Moskva,5,1,W,,,68241
Ottmar Hitzfeld,2001-10-23,Bayern Munchen,Feyenoord,3,1,W,,,68244
Ottmar Hitzfeld,2001-10-31,Bayern Munchen,Sparta Praha,1,0,W,,,68245
Ottmar Hitzfeld,2001-11-20,Bayern Munchen,Man Utd,1,1,D,,,68615
Ottmar Hitzfeld,2001-12-05,Bayern Munchen,Nantes,1,0,W,,,68617
Ottmar Hitzfeld,2002-02-20,Bayern Munchen,Boavista,0,0,D,,Ottmar Hitzfeld,68619
Ottmar Hitzfeld,2002-02-26,Bayern Munchen,Boavista,1,0,W,,Ottmar Hitzfeld,68621
Ottmar Hitzfeld,2002-03-13,Bayern Munchen,Man Utd,0,0,D,,,68623
Ottmar Hitzfeld,2002-03-19,Bayern Munchen,Nantes,2,1,W,,,68625
Ottmar Hitzfeld,2002-04-02,Bayern Munchen,Real Madrid,2,1,W,,,69245
Ottmar Hitzfeld,2002-04-10,Bayern Munchen,Real Madrid,0,2,L,,,69246
Ottmar Hitzfeld,2002-09-18,Bayern Munchen,Deportivo,2,3,L,,,70137
Ottmar Hitzfeld,2002-09-24,Bayern Munchen,Lens,1,1,D,,,70139
Ottmar Hitzfeld,2002-10-01,Bayern Munchen,Milan,1,2,L,,,70142
Ottmar Hitzfeld,2002-10-23,Bayern Munchen,Milan,1,2,L,,,70144
Ottmar Hitzfeld,2002-10-29,Bayern Munchen,Deportivo,1,2,L,,,70145
Ottmar Hitzfeld,2002-11-13,Bayern Munchen,Lens,3,3,D,,,70147
Ottmar Hitzfeld,2003-09-17,Bayern Munchen,Celtic,2,1,W,,,73320
Ottmar Hitzfeld,2003-09-30,Bayern Munchen,Anderlecht,1,1,D,,,73322
Ottmar Hitzfeld,2003-10-21,Bayern Munchen,Lyon,1,1,D,,,73324
Ottmar Hitzfeld,2003-11-05,Bayern Munchen,Lyon,1,2,L,,,73326
Ottmar Hitzfeld,2003-11-25,Bayern Munchen,Celtic,0,0,D,,,73328
Ottmar Hitzfeld,2003-12-10,Bayern Munchen,Anderlecht,1,0,W,,,73330
Ottmar Hitzfeld,2004-02-24,Bayern Munchen,Real Madrid,1,1,D,,,73815
Ottmar Hitzfeld,2004-03-10,Bayern Munchen,Real Madrid,0,1,L,,,73816
Ottmar Hitzfeld,2007-02-20,Bayern Munchen,Real Madrid,2,3,L,,Ottmar Hitzfeld,85510
Ottmar Hitzfeld,2007-03-07,Bayern Munchen,Real Madrid,2,1,W,,Ottmar Hitzfeld,85511
Ottmar Hitzfeld,2007-04-03,Bayern Munchen,Milan,2,2,D,,,300128
Ottmar Hitzfeld,2007-04-11,Bayern Munchen,Milan,0,2,L,,,300129
Luis Enrique,2014-09-17,Barcelona,APOEL,1,0,W,,Luis Enrique,2014309
Luis Enrique,2014-09-30,Barcelona,Paris,2,3,L,,Luis Enrique,2014333
Luis Enrique,2014-10-21,Barcelona,Ajax,3,1,W,,Luis Enrique,2014350
Luis Enrique,2014-11-05,Barcelona,Ajax,2,0,W,,Luis Enrique,2014358
Luis Enrique,2014-11-25,Barcelona,APOEL,4,0,W,,Luis Enrique,2014381
Luis Enrique,2014-12-10,Barcelona,Paris,3,1,W,,Luis Enrique,2014389
Luis Enrique,2015-02-24,Barcelona,Man City,2,1,W,,Luis Enrique,2014404
Luis Enrique,2015-03-18,Barcelona,Man City,1,0,W,,Luis Enrique,2014414
Luis Enrique,2015-04-15,Barcelona,Paris,3,1,W,,Luis Enrique,2014419
Luis Enrique,2015-04-21,Barcelona,Paris,2,0,W,,Luis Enrique,2014425
Luis Enrique,2015-05-06,Barcelona,Bayern Munchen,3,0,W,,Luis Enrique,2014428
Luis Enrique,2015-05-12,Barcelona,Bayern Munchen,2,3,L,,Luis Enrique,2014429
Luis Enrique,2015-06-06,Barcelona,Juventus,3,1,W,,,2015227
Luis Enrique,2015-09-16,Barcelona,Roma,1,1,D,,Luis Enrique,2015674
Luis Enrique,2015-09-29,Barcelona,Leverkusen,2,1,W,,Luis Enrique,2015681
Luis Enrique,2015-10-20,Barcelona,BATE,2,0,W,,Luis Enrique,2015697
Luis Enrique,2015-11-04,Barcelona,BATE,3,0,W,,Luis Enrique,2015721
Luis Enrique,2015-11-24,Barcelona,Roma,6,1,W,,Luis Enrique,2015730
Luis Enrique,2015-12-09,Barcelona,Leverkusen,1,1,D,,Luis Enrique,2015753
Luis Enrique,2016-02-23,Barcelona,Arsenal,2,0,W,,Luis Enrique,2015766
Luis Enrique,2016-03-16,Barcelona,Arsenal,3,1,W,,Luis Enrique,2015776
Luis Enrique,2016-04-05,Barcelona,Atleti,2,1,W,,Luis Enrique,2015779
Luis Enrique,2016-04-13,Barcelona,Atleti,0,2,L,,Luis Enrique,2015781
Luis Enrique,2016-09-13,Barcelona,Celtic,7,0,W,,Luis Enrique,2019286
Luis Enrique,2016-09-28,Barcelona,Monchengladbach,2,1,W,,Luis Enrique,2019310
Luis Enrique,2016-10-19,Barcelona,Man City,4,0,W,,Luis Enrique,2019327
Luis Enrique,2016-11-01,Barcelona,Man City,1,3,L,,Luis Enrique,2019335
Luis Enrique,2016-11-23,Barcelona,Celtic,2,0,W,,Luis Enrique,2019358
Luis Enrique,2016-12-06,Barcelona,Monchengladbach,4,0,W,,Luis Enrique,2019366
Luis Enrique,2017-02-14,Barcelona,Paris,0,4,L,,Luis Enrique,2019615
Luis Enrique,2017-03-08,Barcelona,Paris,6,1,W,,Luis Enrique,2019621
Luis Enrique,2017-04-11,Barcelona,Juventus,0,3,L,,Luis Enrique,2019632
Luis Enrique,2017-04-19,Barcelona,Juventus,0,0,D,,Luis Enrique,2019634
Luis Enrique,2023-09-19,Paris,B. Dortmund,2,0,W,,Luis Enrique,2039188
Luis Enrique,2023-10-04,Paris,Newcastle,1,4,L,,Luis Enrique,2039110
Luis Enrique,2023-10-25,Paris,Milan,3,0,W,,Luis Enrique,2039125
Luis Enrique,2023-11-07,Paris,Milan,1,2,L,,Luis Enrique,2039134
Luis Enrique,2023-11-28,Paris,Newcastle,1,1,D,,Luis Enrique,2039149
Luis Enrique,2023-12-13,Paris,B. Dortmund,1,1,D,,Luis Enrique,2039174
Luis Enrique,2024-02-14,Paris,Real Sociedad,2,0,W,,Luis Enrique,2039917
Luis Enrique,2024-03-05,Paris,Real Sociedad,2,1,W,,Luis Enrique,2039923
Luis Enrique,2024-04-10,Paris,Barcelona,2,3,L,,Luis Enrique,2040495
Luis Enrique,2024-04-16,Paris,Barcelona,4,1,W,,Luis Enrique,2040497
Luis Enrique,2024-05-01,Paris,B. Dortmund,0,1,L,,Luis Enrique,2040501
Luis Enrique,2024-05-07,Paris,B. Dortmund,0,1,L,,Luis Enrique,2040502
Luis Enrique,2024-09-18,Paris,Girona,1,0,W,,Luis Enrique,2042039
Luis Enrique,2024-10-01,Paris,Arsenal,0,2,L,,Luis Enrique,2041939
Luis Enrique,2024-10-22,Paris,PSV,1,1,D,,Luis Enrique,2041954
Luis Enrique,2024-11-06,Paris,Atleti,1,2,L,,Luis Enrique,2041981
Luis Enrique,2024-11-26,Paris,Bayern Munchen,0,1,L,,Luis Enrique,2041990
Luis Enrique,2024-12-10,Paris,Salzburg,3,0,W,,Luis Enrique,2042013
Luis Enrique,2025-01-22,Paris,Man City,4,2,W,,Luis Enrique,2042044
Luis Enrique,2025-01-29,Paris,Stuttgart,4,1,W,,Luis Enrique,2042052
Luis Enrique,2025-02-11,Paris,Brest,3,0,W,,Luis Enrique,2044472
Luis Enrique,2025-02-19,Paris,Brest,7,0,W,,Luis Enrique,2044480
Luis Enrique,2025-03-05,Paris,Liverpool,0,1,L,,Luis Enrique,2044816
Luis Enrique,2025-03-11,Paris,Liverpool,1,0,W,yes,Luis Enrique,2044776
Luis Enrique,2025-04-09,Paris,Aston Villa,3,1,W,,Luis Enrique,2044848
Luis Enrique,2025-04-15,Paris,Aston Villa,2,3,L,,Luis Enrique,2044854
Luis Enrique,2025-04-29,Paris,Arsenal,1,0,W,,Luis Enrique,2044857
Luis Enrique,2025-05-07,Paris,Arsenal,2,1,W,,Luis Enrique,2044858
Luis Enrique,2025-05-31,Paris,Inter,5,0,W,,Luis Enrique,2044466
Luis Enrique,2025-09-17,Paris,Atalanta,4,0,W,,Luis Enrique,2045909
Luis Enrique,2025-10-01,Paris,Barcelona,2,1,W,,Luis Enrique,2045938
Luis Enrique,2025-10-21,Paris,Leverkusen,7,2,W,,Luis Enrique,2045941
Luis Enrique,2025-11-04,Paris,Bayern Munchen,1,2,L,,Luis Enrique,2045957
Luis Enrique,2025-11-26,Paris,Tottenham,5,3,W,,Luis Enrique,2045984
Luis Enrique,2025-12-10,Paris,Athletic Club,0,0,D,,Luis Enrique,2046009
Luis Enrique,2026-01-20,Paris,Sporting CP,1,2,L,,Luis Enrique,2046015
Luis Enrique,2026-01-28,Paris,Newcastle,1,1,D,,Luis Enrique,2046029
Luis Enrique,2026-02-17,Paris,Monaco,3,2,W,,Luis Enrique,2047761
Luis Enrique,2026-02-25,Paris,Monaco,2,2,D,,Luis Enrique,2047769
Luis Enrique,2026-03-11,Paris,Chelsea,5,2,W,,Luis Enrique,2048047
Luis Enrique,2026-03-17,Paris,Chelsea,3,0,W,,Luis Enrique,2048055
Luis Enrique,2026-04-08,Paris,Liverpool,2,0,W,,Luis Enrique,2048063
Luis Enrique,2026-04-14,Paris,Liverpool,2,0,W,,Luis Enrique,2048069
Luis Enrique,2026-04-28,Paris,Bayern Munchen,5,4,W,,Luis Enrique,2048072
Luis Enrique,2026-05-06,Paris,Bayern Munchen,1,1,D,,Luis Enrique,2048073
Luis Enrique,2026-05-30,Paris,Arsenal,1,1,D,yes,Luis Enrique,2047742
Fabio Capello,1992-09-16,Milan,Olimpija,4,0,W,,,6576
Fabio Capello,1992-09-30,Milan,Olimpija,3,0,W,,,6577
Fabio Capello,1992-10-21,Milan,S. Bratislava,1,0,W,,,6632
Fabio Capello,1992-11-04,Milan,S. Bratislava,4,0,W,,,6633
Fabio Capello,1992-11-25,Milan,IFK Goteborg,4,0,W,,,6901
Fabio Capello,1992-12-09,Milan,PSV,2,1,W,,,6903
Fabio Capello,1993-03-03,Milan,Porto,1,0,W,,,6904
Fabio Capello,1993-03-17,Milan,Porto,1,0,W,,,6907
Fabio Capello,1993-04-07,Milan,IFK Goteborg,1,0,W,,,6908
Fabio Capello,1993-04-21,Milan,PSV,2,0,W,,,6911
Fabio Capello,1993-05-26,Milan,Marseille,0,1,L,,,50054
Fabio Capello,1993-09-15,Milan,Aarau,1,0,W,,,50282
Fabio Capello,1993-09-29,Milan,Aarau,0,0,D,,,50283
Fabio Capello,1993-10-20,Milan,Copenhagen,6,0,W,,,50377
Fabio Capello,1993-11-03,Milan,Copenhagen,1,0,W,,,50378
Fabio Capello,1993-11-24,Milan,Anderlecht,0,0,D,,,50436
Fabio Capello,1993-12-01,Milan,Porto,3,0,W,,,50439
Fabio Capello,1994-03-02,Milan,Bremen,2,1,W,,,50440
Fabio Capello,1994-03-16,Milan,Bremen,1,1,D,,,50442
Fabio Capello,1994-03-30,Milan,Anderlecht,0,0,D,,,50444
Fabio Capello,1994-04-13,Milan,Porto,0,0,D,,,50447
Fabio Capello,1994-04-27,Milan,Monaco,3,0,W,,,51019
Fabio Capello,1994-05-18,Milan,Barcelona,4,0,W,,,51078
Fabio Capello,1994-09-14,Milan,Ajax,0,2,L,,,51261
Fabio Capello,1994-09-28,Milan,Salzburg,3,0,W,,,51262
Fabio Capello,1994-10-19,Milan,AEK Athens,0,0,D,,,51264
Fabio Capello,1994-11-02,Milan,AEK Athens,2,1,W,,,51266
Fabio Capello,1994-11-23,Milan,Ajax,0,2,L,,,51269
Fabio Capello,1994-12-07,Milan,Salzburg,1,0,W,,,51270
Fabio Capello,1995-03-01,Milan,Benfica,2,0,W,,,51456
Fabio Capello,1995-03-15,Milan,Benfica,0,0,D,,,51457
Fabio Capello,1995-04-05,Milan,Paris,1,0,W,,,51604
Fabio Capello,1995-04-19,Milan,Paris,2,0,W,,,51605
Fabio Capello,1995-05-24,Milan,Ajax,0,1,L,,,51668
Fabio Capello,2001-09-11,Roma,Real Madrid,1,2,L,,,68151
Fabio Capello,2001-09-19,Roma,Anderlecht,0,0,D,,,68153
Fabio Capello,2001-09-26,Roma,Lokomotiv Moskva,2,1,W,,,68156
Fabio Capello,2001-10-16,Roma,Lokomotiv Moskva,1,0,W,,,68158
Fabio Capello,2001-10-24,Roma,Real Madrid,1,1,D,,,68159
Fabio Capello,2001-10-30,Roma,Anderlecht,1,1,D,,,68161
Fabio Capello,2001-11-20,Roma,Galatasaray,1,1,D,,,68627
Fabio Capello,2001-12-05,Roma,Liverpool,0,0,D,,,68628
Fabio Capello,2002-02-20,Roma,Barcelona,1,1,D,,,68630
Fabio Capello,2002-02-26,Roma,Barcelona,3,0,W,,,68632
Fabio Capello,2002-03-13,Roma,Galatasaray,1,1,D,,,68635
Fabio Capello,2002-03-19,Roma,Liverpool,0,2,L,,,68636
Fabio Capello,2002-09-17,Roma,Real Madrid,0,3,L,,,70090
Fabio Capello,2002-09-25,Roma,AEK Athens,0,0,D,,,70092
Fabio Capello,2002-10-02,Roma,Genk,1,0,W,,,70094
Fabio Capello,2002-10-22,Roma,Genk,0,0,D,,,70096
Fabio Capello,2002-10-30,Roma,Real Madrid,1,0,W,,,70098
Fabio Capello,2002-11-12,Roma,AEK Athens,1,1,D,,,70100
Fabio Capello,2002-11-27,Roma,Arsenal,1,3,L,,,70439
Fabio Capello,2002-12-10,Roma,Ajax,1,2,L,,,70441
Fabio Capello,2003-02-18,Roma,Valencia,0,1,L,,,70444
Fabio Capello,2003-02-26,Roma,Valencia,3,0,W,,,70446
Fabio Capello,2003-03-11,Roma,Arsenal,1,1,D,,,70447
Fabio Capello,2003-03-19,Roma,Ajax,1,1,D,,,70449
Fabio Capello,2004-09-15,Juventus,Ajax,1,0,W,,,79480
Fabio Capello,2004-09-28,Juventus,M. Tel-Aviv,1,0,W,,,79483
Fabio Capello,2004-10-19,Juventus,Bayern Munchen,1,0,W,,,79484
Fabio Capello,2004-11-03,Juventus,Bayern Munchen,1,0,W,,,79486
Fabio Capello,2004-11-23,Juventus,Ajax,1,0,W,,,79488
Fabio Capello,2004-12-08,Juventus,M. Tel-Aviv,1,1,D,,,79491
Fabio Capello,2005-02-22,Juventus,Real Madrid,0,1,L,,,79918
Fabio Capello,2005-03-09,Juventus,Real Madrid,2,0,W,,,79919
Fabio Capello,2005-04-05,Juventus,Liverpool,1,2,L,,,80600
Fabio Capello,2005-04-13,Juventus,Liverpool,0,0,D,,,80601
Fabio Capello,2005-09-14,Juventus,Club Brugge,2,1,W,,,81693
Fabio Capello,2005-09-27,Juventus,SK Rapid,3,0,W,,,81708
Fabio Capello,2005-10-18,Juventus,Bayern Munchen,1,2,L,,,81724
Fabio Capello,2005-11-02,Juventus,Bayern Munchen,2,1,W,,,81740
Fabio Capello,2005-11-22,Juventus,Club Brugge,1,0,W,,,81757
Fabio Capello,2005-12-07,Juventus,SK Rapid,3,1,W,,,81772
Fabio Capello,2006-02-22,Juventus,Bremen,2,3,L,,,82411
Fabio Capello,2006-03-07,Juventus,Bremen,2,1,W,,,82412
Fabio Capello,2006-03-28,Juventus,Arsenal,0,2,L,,,84030
Fabio Capello,2006-04-05,Juventus,Arsenal,0,0,D,,,84031
Fabio Capello,2006-09-13,Real Madrid,Lyon,0,2,L,,,84752
Fabio Capello,2006-09-26,Real Madrid,Dynamo Kyiv,5,1,W,,,84767
Fabio Capello,2006-10-17,Real Madrid,Steaua Bucuresti,4,1,W,,,84783
Fabio Capello,2006-11-01,Real Madrid,Steaua Bucuresti,1,0,W,,,84799
Fabio Capello,2006-11-21,Real Madrid,Lyon,2,2,D,,,84816
Fabio Capello,2006-12-06,Real Madrid,Dynamo Kyiv,2,2,D,,,84831
Fabio Capello,2007-02-20,Real Madrid,Bayern Munchen,3,2,W,,,85510
Fabio Capello,2007-03-07,Real Madrid,Bayern Munchen,1,2,L,,,85511
Thomas Tuchel,2016-09-14,B. Dortmund,Legia Warszawa,6,0,W,,Thomas Tuchel,2019293
Thomas Tuchel,2016-09-27,B. Dortmund,Real Madrid,2,2,D,,Thomas Tuchel,2019300
Thomas Tuchel,2016-10-18,B. Dortmund,Sporting CP,2,1,W,,Thomas Tuchel,2019316
Thomas Tuchel,2016-11-02,B. Dortmund,Sporting CP,1,0,W,,Thomas Tuchel,2019340
Thomas Tuchel,2016-11-22,B. Dortmund,Legia Warszawa,8,4,W,,Thomas Tuchel,2019349
Thomas Tuchel,2016-12-07,B. Dortmund,Real Madrid,2,2,D,,Thomas Tuchel,2019372
Thomas Tuchel,2017-02-14,B. Dortmund,Benfica,0,1,L,,Thomas Tuchel,2019617
Thomas Tuchel,2017-03-08,B. Dortmund,Benfica,4,0,W,,Thomas Tuchel,2019627
Thomas Tuchel,2017-04-12,B. Dortmund,Monaco,2,3,L,,Thomas Tuchel,2019630
Thomas Tuchel,2017-04-19,B. Dortmund,Monaco,1,3,L,,Thomas Tuchel,2019636
Thomas Tuchel,2018-09-18,Paris,Liverpool,2,3,L,,Thomas Tuchel,2025057
Thomas Tuchel,2018-10-03,Paris,Crvena Zvezda,6,1,W,,Thomas Tuchel,2025082
Thomas Tuchel,2018-10-24,Paris,Napoli,2,2,D,,Thomas Tuchel,2025097
Thomas Tuchel,2018-11-06,Paris,Napoli,1,1,D,,Thomas Tuchel,2025105
Thomas Tuchel,2018-11-28,Paris,Liverpool,2,1,W,,Thomas Tuchel,2025129
Thomas Tuchel,2018-12-11,Paris,Crvena Zvezda,4,1,W,,Thomas Tuchel,2025138
Thomas Tuchel,2019-02-12,Paris,Man Utd,2,0,W,,Thomas Tuchel,2026849
Thomas Tuchel,2019-03-06,Paris,Man Utd,1,3,L,,Thomas Tuchel,2026859
Thomas Tuchel,2019-09-18,Paris,Real Madrid,3,0,W,,Thomas Tuchel,2027025
Thomas Tuchel,2019-10-01,Paris,Galatasaray,1,0,W,,Thomas Tuchel,2027049
Thomas Tuchel,2019-10-22,Paris,Club Brugge,5,0,W,,,2027065
Thomas Tuchel,2019-11-06,Paris,Club Brugge,1,0,W,,Thomas Tuchel,2027073
Thomas Tuchel,2019-11-26,Paris,Real Madrid,2,2,D,,Thomas Tuchel,2027097
Thomas Tuchel,2019-12-11,Paris,Galatasaray,5,0,W,,Thomas Tuchel,2027105
Thomas Tuchel,2020-02-18,Paris,B. Dortmund,1,2,L,,Thomas Tuchel,2027120
Thomas Tuchel,2020-03-11,Paris,B. Dortmund,2,0,W,,Thomas Tuchel,2027130
Thomas Tuchel,2020-08-12,Paris,Atalanta,2,1,W,,Thomas Tuchel,2030147
Thomas Tuchel,2020-08-18,Paris,Leipzig,3,0,W,,Thomas Tuchel,2030148
Thomas Tuchel,2020-08-23,Paris,Bayern Munchen,0,1,L,,,2030150
Thomas Tuchel,2020-10-20,Chelsea,Sevilla,0,0,D,,Frank Lampard,2029382
Thomas Tuchel,2020-10-28,Chelsea,Krasnodar,4,0,W,,Frank Lampard,2029390
Thomas Tuchel,2020-11-04,Chelsea,Rennes,3,0,W,,Frank Lampard,2029407
Thomas Tuchel,2020-11-24,Chelsea,Rennes,2,1,W,,Frank Lampard,2029431
Thomas Tuchel,2020-12-02,Chelsea,Sevilla,4,0,W,,Frank Lampard,2029438
Thomas Tuchel,2020-12-08,Chelsea,Krasnodar,1,1,D,,Frank Lampard,2029462
Thomas Tuchel,2021-02-23,Chelsea,Atleti,1,0,W,,Thomas Tuchel,2029474
Thomas Tuchel,2021-03-17,Chelsea,Atleti,2,0,W,,Thomas Tuchel,2029484
Thomas Tuchel,2021-04-07,Chelsea,Porto,2,0,W,,Thomas Tuchel,2029487
Thomas Tuchel,2021-04-13,Chelsea,Porto,0,1,L,,Thomas Tuchel,2029493
Thomas Tuchel,2021-04-27,Chelsea,Real Madrid,1,1,D,,Thomas Tuchel,2029495
Thomas Tuchel,2021-05-05,Chelsea,Real Madrid,2,0,W,,Thomas Tuchel,2029496
Thomas Tuchel,2021-05-29,Chelsea,Man City,1,0,W,,Thomas Tuchel,2029498
Thomas Tuchel,2021-09-14,Chelsea,Zenit,1,0,W,,Thomas Tuchel,2032702
Thomas Tuchel,2021-09-29,Chelsea,Juventus,0,1,L,,Thomas Tuchel,2032734
Thomas Tuchel,2021-10-20,Chelsea,Malmo,4,0,W,,Thomas Tuchel,2032711
Thomas Tuchel,2021-11-02,Chelsea,Malmo,1,0,W,,Thomas Tuchel,2032655
Thomas Tuchel,2021-11-23,Chelsea,Juventus,4,0,W,,Thomas Tuchel,2032662
Thomas Tuchel,2021-12-08,Chelsea,Zenit,3,3,D,,Thomas Tuchel,2032678
Thomas Tuchel,2022-02-22,Chelsea,Lille,2,0,W,,Thomas Tuchel,2033901
Thomas Tuchel,2022-03-16,Chelsea,Lille,2,1,W,,Thomas Tuchel,2033911
Thomas Tuchel,2022-04-06,Chelsea,Real Madrid,1,3,L,,Thomas Tuchel,2034653
Thomas Tuchel,2022-04-12,Chelsea,Real Madrid,3,2,W,,Thomas Tuchel,2034659
Thomas Tuchel,2022-09-06,Chelsea,GNK Dinamo,0,1,L,,Thomas Tuchel,2035649
Thomas Tuchel,2023-04-11,Bayern Munchen,Man City,0,3,L,,Thomas Tuchel,2037770
Thomas Tuchel,2023-04-19,Bayern Munchen,Man City,1,1,D,,Thomas Tuchel,2037772
Thomas Tuchel,2023-09-20,Bayern Munchen,Man Utd,4,3,W,,,2039178
Thomas Tuchel,2023-10-03,Bayern Munchen,Copenhagen,2,1,W,,Thomas Tuchel,2039101
Thomas Tuchel,2023-10-24,Bayern Munchen,Galatasaray,3,1,W,,Thomas Tuchel,2039114
Thomas Tuchel,2023-11-08,Bayern Munchen,Galatasaray,2,1,W,,Thomas Tuchel,2039140
Thomas Tuchel,2023-11-29,Bayern Munchen,Copenhagen,0,0,D,,Thomas Tuchel,2039156
Thomas Tuchel,2023-12-12,Bayern Munchen,Man Utd,1,0,W,,Thomas Tuchel,2039164
Thomas Tuchel,2024-02-14,Bayern Munchen,Lazio,0,1,L,,Thomas Tuchel,2039916
Thomas Tuchel,2024-03-05,Bayern Munchen,Lazio,3,0,W,,Thomas Tuchel,2039922
Thomas Tuchel,2024-04-09,Bayern Munchen,Arsenal,2,2,D,,Thomas Tuchel,2040492
Thomas Tuchel,2024-04-17,Bayern Munchen,Arsenal,1,0,W,,Thomas Tuchel,2040498
Thomas Tuchel,2024-04-30,Bayern Munchen,Real Madrid,2,2,D,,Thomas Tuchel,2040500
Thomas Tuchel,2024-05-08,Bayern Munchen,Real Madrid,1,2,L,,Thomas Tuchel,2040503
Marcello Lippi,1995-09-13,Juventus,B. Dortmund,3,1,W,,,52132
Marcello Lippi,1995-09-27,Juventus,Steaua Bucuresti,3,0,W,,,52135
Marcello Lippi,1995-10-18,Juventus,Rangers,4,1,W,,,52137
Marcello Lippi,1995-11-01,Juventus,Rangers,4,0,W,,Marcello Lippi,52138
Marcello Lippi,1995-11-22,Juventus,B. Dortmund,1,2,L,,,52141
Marcello Lippi,1995-12-06,Juventus,Steaua Bucuresti,0,0,D,,,52143
Marcello Lippi,1996-03-06,Juventus,Real Madrid,0,1,L,,,52289
Marcello Lippi,1996-03-20,Juventus,Real Madrid,2,0,W,,,52290
Marcello Lippi,1996-04-03,Juventus,Nantes,2,0,W,,,52468
Marcello Lippi,1996-04-17,Juventus,Nantes,2,3,L,,,52469
Marcello Lippi,1996-05-22,Juventus,Ajax,1,1,D,yes,,52534
Marcello Lippi,1996-09-11,Juventus,Man Utd,1,0,W,,,53103
Marcello Lippi,1996-09-25,Juventus,Fenerbahce,1,0,W,,,53105
Marcello Lippi,1996-10-16,Juventus,SK Rapid,1,1,D,,,53225
Marcello Lippi,1996-10-30,Juventus,SK Rapid,5,0,W,,,53227
Marcello Lippi,1996-11-20,Juventus,Man Utd,1,0,W,,,53229
Marcello Lippi,1996-12-04,Juventus,Fenerbahce,2,0,W,,,53231
Marcello Lippi,1997-03-05,Juventus,Rosenborg,1,1,D,,Marcello Lippi,53356
Marcello Lippi,1997-03-19,Juventus,Rosenborg,2,0,W,,Marcello Lippi,53357
Marcello Lippi,1997-04-09,Juventus,Ajax,2,1,W,,Marcello Lippi,53714
Marcello Lippi,1997-04-23,Juventus,Ajax,4,1,W,,Marcello Lippi,53715
Marcello Lippi,1997-05-28,Juventus,B. Dortmund,1,3,L,,,53915
Marcello Lippi,1997-09-17,Juventus,Feyenoord,5,1,W,,Marcello Lippi,54393
Marcello Lippi,1997-10-01,Juventus,Man Utd,2,3,L,,Marcello Lippi,54405
Marcello Lippi,1997-10-22,Juventus,Kosice,1,0,W,,Marcello Lippi,54429
Marcello Lippi,1997-11-05,Juventus,Kosice,3,2,W,,Marcello Lippi,54431
Marcello Lippi,1997-11-26,Juventus,Feyenoord,0,2,L,,Marcello Lippi,54433
Marcello Lippi,1997-12-10,Juventus,Man Utd,1,0,W,,Marcello Lippi,54435
Marcello Lippi,1998-03-04,Juventus,Dynamo Kyiv,1,1,D,,,54564
Marcello Lippi,1998-03-18,Juventus,Dynamo Kyiv,4,1,W,,Marcello Lippi,54565
Marcello Lippi,1998-04-01,Juventus,Monaco,4,1,W,,Marcello Lippi,54817
Marcello Lippi,1998-04-15,Juventus,Monaco,2,3,L,,,54818
Marcello Lippi,1998-05-20,Juventus,Real Madrid,0,1,L,,,54859
Marcello Lippi,1998-09-16,Juventus,Galatasaray,2,2,D,,Marcello Lippi,55715
Marcello Lippi,1998-09-30,Juventus,Rosenborg,1,1,D,,Marcello Lippi,55727
Marcello Lippi,1998-10-21,Juventus,Athletic Club,0,0,D,,Marcello Lippi,55739
Marcello Lippi,1998-11-04,Juventus,Athletic Club,1,1,D,,Marcello Lippi,55751
Marcello Lippi,1998-12-02,Juventus,Galatasaray,1,1,D,,,55763
Marcello Lippi,1998-12-09,Juventus,Rosenborg,2,0,W,,Marcello Lippi,55775
Marcello Lippi,2001-09-18,Juventus,Celtic,3,2,W,,Marcello Lippi,68201
Marcello Lippi,2001-09-25,Juventus,Rosenborg,1,1,D,,,68203
Marcello Lippi,2001-10-10,Juventus,Porto,0,0,D,,,68200
Marcello Lippi,2001-10-17,Juventus,Rosenborg,1,0,W,,,68205
Marcello Lippi,2001-10-23,Juventus,Porto,3,1,W,,,68208
Marcello Lippi,2001-10-31,Juventus,Celtic,3,4,L,,Marcello Lippi,68209
Marcello Lippi,2001-11-29,Juventus,Leverkusen,4,0,W,,,68650
Marcello Lippi,2001-12-04,Juventus,Arsenal,1,3,L,,,68652
Marcello Lippi,2002-02-19,Juventus,Deportivo,0,0,D,,,68655
Marcello Lippi,2002-02-27,Juventus,Deportivo,0,2,L,,,68657
Marcello Lippi,2002-03-12,Juventus,Leverkusen,1,3,L,,,68658
Marcello Lippi,2002-03-20,Juventus,Arsenal,1,0,W,,,68660
Marcello Lippi,2002-09-18,Juventus,Feyenoord,1,1,D,,,70113
Marcello Lippi,2002-09-24,Juventus,Dynamo Kyiv,5,0,W,,,70116
Marcello Lippi,2002-10-01,Juventus,Newcastle,2,0,W,,,70117
Marcello Lippi,2002-10-23,Juventus,Newcastle,0,1,L,,,70119
Marcello Lippi,2002-10-29,Juventus,Feyenoord,2,0,W,,,70121
Marcello Lippi,2002-11-13,Juventus,Dynamo Kyiv,2,1,W,,,70124
Marcello Lippi,2002-11-26,Juventus,Deportivo,2,2,D,,,70464
Marcello Lippi,2002-12-11,Juventus,Basel,4,0,W,,,70465
Marcello Lippi,2003-02-19,Juventus,Man Utd,1,2,L,,,70467
Marcello Lippi,2003-02-25,Juventus,Man Utd,0,3,L,,,70469
Marcello Lippi,2003-03-12,Juventus,Deportivo,3,2,W,,,70472
Marcello Lippi,2003-03-18,Juventus,Basel,1,2,L,,,70473
Marcello Lippi,2003-04-09,Juventus,Barcelona,1,1,D,,,70973
Marcello Lippi,2003-04-22,Juventus,Barcelona,2,1,W,,,70974
Marcello Lippi,2003-05-06,Juventus,Real Madrid,1,2,L,,,71036
Marcello Lippi,2003-05-14,Juventus,Real Madrid,3,1,W,,,71037
Marcello Lippi,2003-05-28,Juventus,Milan,0,0,D,yes,,71176
Marcello Lippi,2003-09-17,Juventus,Galatasaray,2,1,W,,,73355
Marcello Lippi,2003-09-30,Juventus,Olympiacos,2,1,W,,,73357
Marcello Lippi,2003-10-21,Juventus,Real Sociedad,4,2,W,,,73360
Marcello Lippi,2003-11-05,Juventus,Real Sociedad,0,0,D,,,73362
Marcello Lippi,2003-12-02,Juventus,Galatasaray,0,2,L,,,73363
Marcello Lippi,2003-12-10,Juventus,Olympiacos,7,0,W,,,73365
Marcello Lippi,2004-02-25,Juventus,Deportivo,0,1,L,,,73819
Marcello Lippi,2004-03-09,Juventus,Deportivo,0,1,L,,,73820
Luciano Spalletti,2006-09-12,Roma,Shakhtar,4,0,W,,,84750
Luciano Spalletti,2006-09-27,Roma,Valencia,1,2,L,,,84766
Luciano Spalletti,2006-10-18,Roma,Olympiacos,1,0,W,,,84782
Luciano Spalletti,2006-10-31,Roma,Olympiacos,1,1,D,,,84798
Luciano Spalletti,2006-11-22,Roma,Shakhtar,0,1,L,,,84814
Luciano Spalletti,2006-12-05,Roma,Valencia,1,0,W,,,84830
Luciano Spalletti,2007-02-21,Roma,Lyon,0,0,D,,Luciano Spalletti,85512
Luciano Spalletti,2007-03-06,Roma,Lyon,2,0,W,,Luciano Spalletti,85513
Luciano Spalletti,2007-04-04,Roma,Man Utd,2,1,W,,,300132
Luciano Spalletti,2007-04-10,Roma,Man Utd,1,7,L,,,300133
Luciano Spalletti,2007-09-19,Roma,Dynamo Kyiv,2,0,W,,Luciano Spalletti,301161
Luciano Spalletti,2007-10-02,Roma,Man Utd,0,1,L,,Luciano Spalletti,301185
Luciano Spalletti,2007-10-23,Roma,Sporting CP,2,1,W,,Luciano Spalletti,301202
Luciano Spalletti,2007-11-07,Roma,Sporting CP,2,2,D,,,301210
Luciano Spalletti,2007-11-27,Roma,Dynamo Kyiv,4,1,W,,Luciano Spalletti,301233
Luciano Spalletti,2007-12-12,Roma,Man Utd,1,1,D,,Luciano Spalletti,301241
Luciano Spalletti,2008-02-19,Roma,Real Madrid,2,1,W,,Luciano Spalletti,301891
Luciano Spalletti,2008-03-05,Roma,Real Madrid,2,1,W,,Luciano Spalletti,301895
Luciano Spalletti,2008-04-01,Roma,Man Utd,0,2,L,,Luciano Spalletti,301904
Luciano Spalletti,2008-04-09,Roma,Man Utd,0,1,L,,Luciano Spalletti,301909
Luciano Spalletti,2008-09-16,Roma,CFR Cluj,1,2,L,,Luciano Spalletti,302698
Luciano Spalletti,2008-10-01,Roma,Bordeaux,3,1,W,,Luciano Spalletti,302706
Luciano Spalletti,2008-10-22,Roma,Chelsea,0,1,L,,Luciano Spalletti,302722
Luciano Spalletti,2008-11-04,Roma,Chelsea,3,1,W,,Luciano Spalletti,302746
Luciano Spalletti,2008-11-26,Roma,CFR Cluj,3,1,W,,Luciano Spalletti,302754
Luciano Spalletti,2008-12-09,Roma,Bordeaux,2,0,W,,Luciano Spalletti,302778
Luciano Spalletti,2009-02-24,Roma,Arsenal,0,1,L,,Luciano Spalletti,302791
Luciano Spalletti,2009-03-11,Roma,Arsenal,1,0,W,yes,Luciano Spalletti,302795
Luciano Spalletti,2011-09-13,Zenit,APOEL,1,2,L,,Luciano Spalletti,2007574
Luciano Spalletti,2011-09-28,Zenit,Porto,3,1,W,,Luciano Spalletti,2007597
Luciano Spalletti,2011-10-19,Zenit,Shakhtar,2,2,D,,Luciano Spalletti,2007613
Luciano Spalletti,2011-11-01,Zenit,Shakhtar,1,0,W,,Luciano Spalletti,2007621
Luciano Spalletti,2011-11-23,Zenit,APOEL,0,0,D,,Luciano Spalletti,2007646
Luciano Spalletti,2011-12-06,Zenit,Porto,0,0,D,,Luciano Spalletti,2007653
Luciano Spalletti,2012-02-15,Zenit,Benfica,3,2,W,,Luciano Spalletti,2007667
Luciano Spalletti,2012-03-06,Zenit,Benfica,0,2,L,,Luciano Spalletti,2007673
Luciano Spalletti,2012-09-18,Zenit,Malaga,0,3,L,,Luciano Spalletti,2009500
Luciano Spalletti,2012-10-03,Zenit,Milan,2,3,L,,Luciano Spalletti,2009509
Luciano Spalletti,2012-10-24,Zenit,Anderlecht,1,0,W,,Luciano Spalletti,2009524
Luciano Spalletti,2012-11-06,Zenit,Anderlecht,0,1,L,,Luciano Spalletti,2009548
Luciano Spalletti,2012-11-21,Zenit,Malaga,2,2,D,,Luciano Spalletti,2009556
Luciano Spalletti,2012-12-04,Zenit,Milan,1,0,W,,Luciano Spalletti,2009581
Luciano Spalletti,2013-09-18,Zenit,Atleti,1,3,L,,Luciano Spalletti,2011764
Luciano Spalletti,2013-10-01,Zenit,Austria Wien,0,0,D,,Luciano Spalletti,2011787
Luciano Spalletti,2013-10-22,Zenit,Porto,1,0,W,,Luciano Spalletti,2011803
Luciano Spalletti,2013-11-06,Zenit,Porto,1,1,D,,Luciano Spalletti,2011811
Luciano Spalletti,2013-11-26,Zenit,Atleti,1,1,D,,Luciano Spalletti,2011836
Luciano Spalletti,2013-12-11,Zenit,Austria Wien,1,4,L,,Luciano Spalletti,2011843
Luciano Spalletti,2014-02-25,Zenit,B. Dortmund,2,4,L,,,2011857
Luciano Spalletti,2016-02-17,Roma,Real Madrid,0,2,L,,Luciano Spalletti,2015762
Luciano Spalletti,2016-03-08,Roma,Real Madrid,0,2,L,,Luciano Spalletti,2015772
Luciano Spalletti,2018-09-18,Inter,Tottenham,2,1,W,,Luciano Spalletti,2025056
Luciano Spalletti,2018-10-03,Inter,PSV,2,1,W,,Luciano Spalletti,2025080
Luciano Spalletti,2018-10-24,Inter,Barcelona,0,2,L,,Luciano Spalletti,2025096
Luciano Spalletti,2018-11-06,Inter,Barcelona,1,1,D,,Luciano Spalletti,2025104
Luciano Spalletti,2018-11-28,Inter,Tottenham,0,1,L,,Luciano Spalletti,2025128
Luciano Spalletti,2018-12-11,Inter,PSV,1,1,D,,Luciano Spalletti,2025136
Luciano Spalletti,2022-09-07,Napoli,Liverpool,4,1,W,,Luciano Spalletti,2035642
Luciano Spalletti,2022-09-14,Napoli,Rangers,3,0,W,,Luciano Spalletti,2035658
Luciano Spalletti,2022-10-04,Napoli,Ajax,6,1,W,,Luciano Spalletti,2035674
Luciano Spalletti,2022-10-12,Napoli,Ajax,4,2,W,,Luciano Spalletti,2035689
Luciano Spalletti,2022-10-26,Napoli,Rangers,3,0,W,,Luciano Spalletti,2035705
Luciano Spalletti,2022-11-01,Napoli,Liverpool,0,2,L,,Luciano Spalletti,2035721
Luciano Spalletti,2023-02-21,Napoli,Frankfurt,2,0,W,,Luciano Spalletti,2036587
Luciano Spalletti,2023-03-15,Napoli,Frankfurt,3,0,W,,Luciano Spalletti,2036597
Luciano Spalletti,2023-04-12,Napoli,Milan,0,1,L,,Luciano Spalletti,2037771
Luciano Spalletti,2023-04-18,Napoli,Milan,1,1,D,,Luciano Spalletti,2037773
Luciano Spalletti,2025-11-04,Juventus,Sporting CP,1,1,D,,Luciano Spalletti,2045960
Luciano Spalletti,2025-11-25,Juventus,Bod/Glimt,3,2,W,,Luciano Spalletti,2045981
Luciano Spalletti,2025-12-10,Juventus,Pafos,2,0,W,,Luciano Spalletti,2046006
Luciano Spalletti,2026-01-21,Juventus,Benfica,2,0,W,,Luciano Spalletti,2046022
Luciano Spalletti,2026-01-28,Juventus,Monaco,0,0,D,,Luciano Spalletti,2046043
Luciano Spalletti,2026-02-17,Juventus,Galatasaray,2,5,L,,Luciano Spalletti,2047762
Luciano Spalletti,2026-02-25,Juventus,Galatasaray,3,2,W,,Luciano Spalletti,2047770
Zinedine Zidane,2016-02-17,Real Madrid,Roma,2,0,W,,Zinedine Zidane,2015762
Zinedine Zidane,2016-03-08,Real Madrid,Roma,2,0,W,,Zinedine Zidane,2015772
Zinedine Zidane,2016-04-06,Real Madrid,Wolfsburg,0,2,L,,Zinedine Zidane,2015777
Zinedine Zidane,2016-04-12,Real Madrid,Wolfsburg,3,0,W,,Zinedine Zidane,2015783
Zinedine Zidane,2016-04-26,Real Madrid,Man City,0,0,D,,Zinedine Zidane,2015785
Zinedine Zidane,2016-05-04,Real Madrid,Man City,1,0,W,,Zinedine Zidane,2015788
Zinedine Zidane,2016-05-28,Real Madrid,Atleti,1,1,D,yes,,2015789
Zinedine Zidane,2016-09-14,Real Madrid,Sporting CP,2,1,W,,Zinedine Zidane,2019292
Zinedine Zidane,2016-09-27,Real Madrid,B. Dortmund,2,2,D,,Zinedine Zidane,2019300
Zinedine Zidane,2016-10-18,Real Madrid,Legia Warszawa,5,1,W,,Zinedine Zidane,2019317
Zinedine Zidane,2016-11-02,Real Madrid,Legia Warszawa,3,3,D,,Zinedine Zidane,2019341
Zinedine Zidane,2016-11-22,Real Madrid,Sporting CP,2,1,W,,Zinedine Zidane,2019348
Zinedine Zidane,2016-12-07,Real Madrid,B. Dortmund,2,2,D,,Zinedine Zidane,2019372
Zinedine Zidane,2017-02-15,Real Madrid,Napoli,3,1,W,,Zinedine Zidane,2019614
Zinedine Zidane,2017-03-07,Real Madrid,Napoli,3,1,W,,Zinedine Zidane,2019624
Zinedine Zidane,2017-04-12,Real Madrid,Bayern Munchen,2,1,W,,Zinedine Zidane,2019631
Zinedine Zidane,2017-04-18,Real Madrid,Bayern Munchen,4,2,W,,Zinedine Zidane,2019633
Zinedine Zidane,2017-05-02,Real Madrid,Atleti,3,0,W,,Zinedine Zidane,2019638
Zinedine Zidane,2017-05-10,Real Madrid,Atleti,1,2,L,,Zinedine Zidane,2019639
Zinedine Zidane,2017-06-03,Real Madrid,Juventus,4,1,W,,,2019641
Zinedine Zidane,2017-09-13,Real Madrid,APOEL,3,0,W,,Zinedine Zidane,2021601
Zinedine Zidane,2017-09-26,Real Madrid,B. Dortmund,3,1,W,,Zinedine Zidane,2021609
Zinedine Zidane,2017-10-17,Real Madrid,Tottenham,1,1,D,,Zinedine Zidane,2021626
Zinedine Zidane,2017-11-01,Real Madrid,Tottenham,1,3,L,,Zinedine Zidane,2021650
Zinedine Zidane,2017-11-21,Real Madrid,APOEL,6,0,W,,,2021657
Zinedine Zidane,2017-12-06,Real Madrid,B. Dortmund,3,2,W,,Zinedine Zidane,2021681
Zinedine Zidane,2018-02-14,Real Madrid,Paris,3,1,W,,Zinedine Zidane,2021689
Zinedine Zidane,2018-03-06,Real Madrid,Paris,2,1,W,,Zinedine Zidane,2021695
Zinedine Zidane,2018-04-03,Real Madrid,Juventus,3,0,W,,Zinedine Zidane,2021701
Zinedine Zidane,2018-04-11,Real Madrid,Juventus,1,3,L,,Zinedine Zidane,2021703
Zinedine Zidane,2018-04-25,Real Madrid,Bayern Munchen,2,1,W,,Zinedine Zidane,2021708
Zinedine Zidane,2018-05-01,Real Madrid,Bayern Munchen,2,2,D,,Zinedine Zidane,2021709
Zinedine Zidane,2018-05-26,Real Madrid,Liverpool,3,1,W,,,2021711
Zinedine Zidane,2019-09-18,Real Madrid,Paris,0,3,L,,Zinedine Zidane,2027025
Zinedine Zidane,2019-10-01,Real Madrid,Club Brugge,2,2,D,,Zinedine Zidane,2027048
Zinedine Zidane,2019-10-22,Real Madrid,Galatasaray,1,0,W,,Zinedine Zidane,2027064
Zinedine Zidane,2019-11-06,Real Madrid,Galatasaray,6,0,W,,Zinedine Zidane,2027072
Zinedine Zidane,2019-11-26,Real Madrid,Paris,2,2,D,,Zinedine Zidane,2027097
Zinedine Zidane,2019-12-11,Real Madrid,Club Brugge,3,1,W,,Zinedine Zidane,2027104
Zinedine Zidane,2020-02-26,Real Madrid,Man City,1,2,L,,Zinedine Zidane,2027121
Zinedine Zidane,2020-08-07,Real Madrid,Man City,1,2,L,,Zinedine Zidane,2027131
Zinedine Zidane,2020-10-21,Real Madrid,Shakhtar,2,3,L,,Zinedine Zidane,2029277
Zinedine Zidane,2020-10-27,Real Madrid,Monchengladbach,2,2,D,,Zinedine Zidane,2029400
Zinedine Zidane,2020-11-03,Real Madrid,Inter,3,2,W,,Zinedine Zidane,2029417
Zinedine Zidane,2020-11-25,Real Madrid,Inter,2,0,W,,Zinedine Zidane,2029425
Zinedine Zidane,2020-12-01,Real Madrid,Shakhtar,0,2,L,,Zinedine Zidane,2029448
Zinedine Zidane,2020-12-09,Real Madrid,Monchengladbach,2,0,W,,Zinedine Zidane,2029456
Zinedine Zidane,2021-02-24,Real Madrid,Atalanta,1,0,W,,Zinedine Zidane,2029473
Zinedine Zidane,2021-03-16,Real Madrid,Atalanta,3,1,W,,Zinedine Zidane,2029479
Zinedine Zidane,2021-04-06,Real Madrid,Liverpool,3,1,W,,Zinedine Zidane,2029489
Zinedine Zidane,2021-04-14,Real Madrid,Liverpool,0,0,D,,Zinedine Zidane,2029491
Zinedine Zidane,2021-04-27,Real Madrid,Chelsea,1,1,D,,Zinedine Zidane,2029495
Zinedine Zidane,2021-05-05,Real Madrid,Chelsea,0,2,L,,Zinedine Zidane,2029496
