date,round,home,away,home_goals,away_goals,home_pens,away_pens,uefa_match_id
1992-09-16,First round,M. Tel-Aviv,Club Brugge,0,1,,,6582
1992-09-16,First round,S. Bratislava,Ferencvaros,4,1,,,6247
1992-09-16,First round,Lahti,Dinamo Bucuresti,1,0,,,6243
1992-09-16,First round,AEK Athens,APOEL,1,1,,,6259
1992-09-16,First round,IFK Goteborg,Besiktas,2,0,,,6261
1992-09-16,First round,Lech Poznan,Skonto,2,0,,,6578
1992-09-16,First round,Austria Wien,CSKA Sofia,3,1,,,6249
1992-09-16,First round,Vikingur R.,CSKA Moskva,0,1,,,6255
1992-09-16,First round,Sion,Tavriya,4,1,,,6580
1992-09-16,First round,PSV,Zalgiris,6,0,,,6239
1992-09-16,First round,Stuttgart,Leeds,3,0,,,6735
1992-09-16,First round,Rangers,Lyngby,2,0,,,6245
1992-09-16,First round,US Luxembourg,Porto,1,4,,,6253
1992-09-16,First round,Glentoran,Marseille,0,5,,,6263
1992-09-16,First round,Milan,Olimpija,4,0,,,6576
1992-09-16,First round,Barcelona,Viking,1,0,,,6241
1992-09-30,First round,Dinamo Bucuresti,Lahti,2,0,,,6244
1992-09-30,First round,CSKA Moskva,Vikingur R.,4,2,,,6256
1992-09-30,First round,Skonto,Lech Poznan,0,0,,,6579
1992-09-30,First round,Zalgiris,PSV,0,2,,,6240
1992-09-30,First round,Tavriya,Sion,1,3,,,6581
1992-09-30,First round,CSKA Sofia,Austria Wien,3,2,,,6250
1992-09-30,First round,APOEL,AEK Athens,2,2,,,6260
1992-09-30,First round,Lyngby,Rangers,0,1,,,6246
1992-09-30,First round,Ferencvaros,S. Bratislava,0,0,,,6248
1992-09-30,First round,Marseille,Glentoran,3,0,,,6264
1992-09-30,First round,Besiktas,IFK Goteborg,2,1,,,6262
1992-09-30,First round,Viking,Barcelona,0,0,,,6242
1992-09-30,First round,Olimpija,Milan,0,3,,,6577
1992-09-30,First round,Club Brugge,M. Tel-Aviv,3,0,,,6583
1992-09-30,First round,Leeds,Stuttgart,3,0,,,6737
1992-09-30,First round,Porto,US Luxembourg,5,0,,,6254
1992-10-09,First round,Stuttgart,Leeds,1,2,,,6736
1992-10-21,Second round,Dinamo Bucuresti,Marseille,0,0,,,6634
1992-10-21,Second round,AEK Athens,PSV,1,0,,,6640
1992-10-21,Second round,CSKA Moskva,Barcelona,1,1,,,6642
1992-10-21,Second round,IFK Goteborg,Lech Poznan,1,0,,,6628
1992-10-21,Second round,S. Bratislava,Milan,0,1,,,6632
1992-10-21,Second round,Club Brugge,Austria Wien,2,0,,,6636
1992-10-21,Second round,Sion,Porto,2,2,,,6638
1992-10-21,Second round,Rangers,Leeds,2,1,,,6823
1992-11-04,Second round,Lech Poznan,IFK Goteborg,0,3,,,6629
1992-11-04,Second round,Marseille,Dinamo Bucuresti,2,0,,,6635
1992-11-04,Second round,Austria Wien,Club Brugge,3,1,,,6637
1992-11-04,Second round,PSV,AEK Athens,3,0,,,6641
1992-11-04,Second round,Milan,S. Bratislava,4,0,,,6633
1992-11-04,Second round,Barcelona,CSKA Moskva,2,3,,,6643
1992-11-04,Second round,Leeds,Rangers,1,2,,,6824
1992-11-04,Second round,Porto,Sion,4,0,,,6639
1992-11-25,UEFA Champions League,Club Brugge,CSKA Moskva,1,0,,,6864
1992-11-25,UEFA Champions League,Milan,IFK Goteborg,4,0,,,6901
1992-11-25,UEFA Champions League,Porto,PSV,2,2,,,6900
1992-11-25,UEFA Champions League,Rangers,Marseille,2,2,,,6865
1992-12-09,UEFA Champions League,Marseille,Club Brugge,3,0,,,6866
1992-12-09,UEFA Champions League,CSKA Moskva,Rangers,0,1,,,6867
1992-12-09,UEFA Champions League,IFK Goteborg,Porto,1,0,,,6902
1992-12-09,UEFA Champions League,PSV,Milan,1,2,,,6903
1993-03-03,UEFA Champions League,Club Brugge,Rangers,1,1,,,6868
1993-03-03,UEFA Champions League,CSKA Moskva,Marseille,1,1,,,6869
1993-03-03,UEFA Champions League,PSV,IFK Goteborg,1,3,,,6905
1993-03-03,UEFA Champions League,Porto,Milan,0,1,,,6904
1993-03-17,UEFA Champions League,Marseille,CSKA Moskva,6,0,,,6872
1993-03-17,UEFA Champions League,IFK Goteborg,PSV,3,0,,,6906
1993-03-17,UEFA Champions League,Milan,Porto,1,0,,,6907
1993-03-17,UEFA Champions League,Rangers,Club Brugge,2,1,,,6874
1993-04-07,UEFA Champions League,Marseille,Rangers,1,1,,,6878
1993-04-07,UEFA Champions League,CSKA Moskva,Club Brugge,1,2,,,6881
1993-04-07,UEFA Champions League,IFK Goteborg,Milan,0,1,,,6908
1993-04-07,UEFA Champions League,PSV,Porto,0,1,,,6909
1993-04-21,UEFA Champions League,Club Brugge,Marseille,0,1,,,6884
1993-04-21,UEFA Champions League,Milan,PSV,2,0,,,6911
1993-04-21,UEFA Champions League,Rangers,CSKA Moskva,0,0,,,6890
1993-04-21,UEFA Champions League,Porto,IFK Goteborg,2,0,,,6910
1993-05-26,Final,Marseille,Milan,1,0,,,50054
1993-09-15,First round,Lech Poznan,Beitar,3,0,,,50252
1993-09-15,First round,HJK,Anderlecht,0,3,,,50270
1993-09-15,First round,Skonto,Spartak Moskva,0,5,,,50280
1993-09-15,First round,Dynamo Kyiv,Barcelona,3,1,,,50258
1993-09-15,First round,AIK,Sparta Praha,1,0,,,50266
1993-09-15,First round,Steaua Bucuresti,GNK Dinamo,1,2,,,50274
1993-09-15,First round,Rosenborg,Austria Wien,3,1,,,50276
1993-09-15,First round,Galatasaray,Cork,2,1,,,50254
1993-09-15,First round,Honved,Man Utd,2,3,,,50262
1993-09-15,First round,Monaco,AEK Athens,1,0,,,50260
1993-09-15,First round,Aarau,Milan,0,1,,,50282
1993-09-15,First round,Rangers,Levski Sofia,3,2,,,50264
1993-09-15,First round,IA,Feyenoord,1,0,,,50272
1993-09-15,First round,Porto,Floriana,2,0,,,50278
1993-09-16,First round,Bremen,Dinamo-Minsk,5,2,,,50256
1993-09-16,First round,Linfield,Copenhagen,3,0,,,50268
1993-09-28,First round,GNK Dinamo,Steaua Bucuresti,2,3,,,50275
1993-09-29,First round,Beitar,Lech Poznan,2,4,,,50253
1993-09-29,First round,Floriana,Porto,0,0,,,50279
1993-09-29,First round,Cork,Galatasaray,0,1,,,50255
1993-09-29,First round,Spartak Moskva,Skonto,4,0,,,50281
1993-09-29,First round,Dinamo-Minsk,Bremen,1,1,,,50257
1993-09-29,First round,Levski Sofia,Rangers,2,1,,,50265
1993-09-29,First round,Sparta Praha,AIK,2,0,,,50267
1993-09-29,First round,Austria Wien,Rosenborg,4,1,,,50277
1993-09-29,First round,AEK Athens,Monaco,1,1,,,50261
1993-09-29,First round,Copenhagen,Linfield,4,0,,,50269
1993-09-29,First round,Anderlecht,HJK,3,0,,,50271
1993-09-29,First round,Feyenoord,IA,3,0,,,50273
1993-09-29,First round,Milan,Aarau,0,0,,,50283
1993-09-29,First round,Barcelona,Dynamo Kyiv,4,1,,,50259
1993-09-29,First round,Man Utd,Honved,2,1,,,50263
1993-10-20,Second round,Sparta Praha,Anderlecht,0,1,,,50379
1993-10-20,Second round,Lech Poznan,Spartak Moskva,1,5,,,50383
1993-10-20,Second round,Levski Sofia,Bremen,2,2,,,50375
1993-10-20,Second round,Copenhagen,Milan,0,6,,,50377
1993-10-20,Second round,Monaco,Steaua Bucuresti,4,1,,,50373
1993-10-20,Second round,Barcelona,Austria Wien,3,0,,,50385
1993-10-20,Second round,Man Utd,Galatasaray,3,3,,,50381
1993-10-20,Second round,Porto,Feyenoord,1,0,,,50371
1993-11-03,Second round,Spartak Moskva,Lech Poznan,2,1,,,50384
1993-11-03,Second round,Steaua Bucuresti,Monaco,1,0,,,50374
1993-11-03,Second round,Galatasaray,Man Utd,0,0,,,50382
1993-11-03,Second round,Bremen,Levski Sofia,1,0,,,50376
1993-11-03,Second round,Austria Wien,Barcelona,1,2,,,50386
1993-11-03,Second round,Feyenoord,Porto,0,0,,,50372
1993-11-03,Second round,Anderlecht,Sparta Praha,4,2,,,50380
1993-11-03,Second round,Milan,Copenhagen,1,0,,,50378
1993-11-24,UEFA Champions League,Monaco,Spartak Moskva,4,1,,,50435
1993-11-24,UEFA Champions League,Anderlecht,Milan,0,0,,,50436
1993-11-24,UEFA Champions League,Porto,Bremen,3,2,,,50437
1993-11-24,UEFA Champions League,Galatasaray,Barcelona,0,0,,,50448
1993-12-01,UEFA Champions League,Milan,Porto,3,0,,,50439
1993-12-08,UEFA Champions League,Spartak Moskva,Galatasaray,0,0,,,50450
1993-12-08,UEFA Champions League,Bremen,Anderlecht,5,3,,,50438
1993-12-08,UEFA Champions League,Barcelona,Monaco,2,0,,,50449
1994-03-02,UEFA Champions League,Spartak Moskva,Barcelona,2,2,,,50451
1994-03-02,UEFA Champions League,Milan,Bremen,2,1,,,50440
1994-03-02,UEFA Champions League,Anderlecht,Porto,1,0,,,50441
1994-03-02,UEFA Champions League,Monaco,Galatasaray,3,0,,,50452
1994-03-16,UEFA Champions League,Bremen,Milan,1,1,,,50442
1994-03-16,UEFA Champions League,Barcelona,Spartak Moskva,5,1,,,50453
1994-03-16,UEFA Champions League,Galatasaray,Monaco,0,2,,,50454
1994-03-16,UEFA Champions League,Porto,Anderlecht,2,0,,,50443
1994-03-30,UEFA Champions League,Spartak Moskva,Monaco,0,0,,,50455
1994-03-30,UEFA Champions League,Milan,Anderlecht,0,0,,,50444
1994-03-30,UEFA Champions League,Bremen,Porto,0,5,,,50445
1994-03-30,UEFA Champions League,Barcelona,Galatasaray,3,0,,,50456
1994-04-13,UEFA Champions League,Anderlecht,Bremen,1,2,,,50446
1994-04-13,UEFA Champions League,Monaco,Barcelona,0,1,,,50457
1994-04-13,UEFA Champions League,Porto,Milan,0,0,,,50447
1994-04-13,UEFA Champions League,Galatasaray,Spartak Moskva,1,2,,,50458
1994-04-27,Semi-finals,Barcelona,Porto,3,0,,,51018
1994-04-27,Semi-finals,Milan,Monaco,3,0,,,51019
1994-05-18,Final,Milan,Barcelona,4,0,,,51078
1994-09-14,UEFA Champions League,Dynamo Kyiv,Spartak Moskva,3,2,,,51236
1994-09-14,UEFA Champions League,Barcelona,Galatasaray,2,1,,,51225
1994-09-14,UEFA Champions League,Paris,Bayern Munchen,2,0,,,51237
1994-09-14,UEFA Champions League,Hajduk Split,Benfica,0,0,,,51248
1994-09-14,UEFA Champions League,Anderlecht,Steaua Bucuresti,0,0,,,51249
1994-09-14,UEFA Champions League,Salzburg,AEK Athens,0,0,,,51260
1994-09-14,UEFA Champions League,Ajax,Milan,2,0,,,51261
1994-09-14,UEFA Champions League,Man Utd,IFK Goteborg,4,2,,,51224
1994-09-28,UEFA Champions League,Spartak Moskva,Paris,1,2,,,51239
1994-09-28,UEFA Champions League,Galatasaray,Man Utd,0,0,,,51226
1994-09-28,UEFA Champions League,Steaua Bucuresti,Hajduk Split,0,1,,,51250
1994-09-28,UEFA Champions League,IFK Goteborg,Barcelona,2,1,,,51227
1994-09-28,UEFA Champions League,Bayern Munchen,Dynamo Kyiv,1,0,,,51238
1994-09-28,UEFA Champions League,Milan,Salzburg,3,0,,,51262
1994-09-28,UEFA Champions League,AEK Athens,Ajax,1,2,,,51263
1994-09-28,UEFA Champions League,Benfica,Anderlecht,3,1,,,51251
1994-10-19,UEFA Champions League,Spartak Moskva,Bayern Munchen,1,1,,,51240
1994-10-19,UEFA Champions League,Dynamo Kyiv,Paris,1,2,,,51241
1994-10-19,UEFA Champions League,IFK Goteborg,Galatasaray,1,0,,,51228
1994-10-19,UEFA Champions League,Hajduk Split,Anderlecht,2,1,,,51253
1994-10-19,UEFA Champions League,AEK Athens,Milan,0,0,,,51264
1994-10-19,UEFA Champions League,Salzburg,Ajax,0,0,,,51265
1994-10-19,UEFA Champions League,Man Utd,Barcelona,2,2,,,51229
1994-10-19,UEFA Champions League,Benfica,Steaua Bucuresti,2,1,,,51252
1994-11-02,UEFA Champions League,Galatasaray,IFK Goteborg,0,1,,,51230
1994-11-02,UEFA Champions League,Barcelona,Man Utd,4,0,,,51231
1994-11-02,UEFA Champions League,Bayern Munchen,Spartak Moskva,2,2,,,51242
1994-11-02,UEFA Champions League,Paris,Dynamo Kyiv,1,0,,,51243
1994-11-02,UEFA Champions League,Steaua Bucuresti,Benfica,1,1,,,51254
1994-11-02,UEFA Champions League,Anderlecht,Hajduk Split,0,0,,,51255
1994-11-02,UEFA Champions League,Milan,AEK Athens,2,1,,,51266
1994-11-02,UEFA Champions League,Ajax,Salzburg,1,1,,,51267
1994-11-23,UEFA Champions League,Spartak Moskva,Dynamo Kyiv,1,0,,,51244
1994-11-23,UEFA Champions League,Galatasaray,Barcelona,2,1,,,51233
1994-11-23,UEFA Champions League,AEK Athens,Salzburg,1,3,,,51268
1994-11-23,UEFA Champions League,IFK Goteborg,Man Utd,3,1,,,51232
1994-11-23,UEFA Champions League,Bayern Munchen,Paris,0,1,,,51245
1994-11-23,UEFA Champions League,Steaua Bucuresti,Anderlecht,1,1,,,51257
1994-11-23,UEFA Champions League,Milan,Ajax,0,2,,,51269
1994-11-23,UEFA Champions League,Benfica,Hajduk Split,2,1,,,51256
1994-12-07,UEFA Champions League,Dynamo Kyiv,Bayern Munchen,1,4,,,51246
1994-12-07,UEFA Champions League,Barcelona,IFK Goteborg,1,1,,,51235
1994-12-07,UEFA Champions League,Paris,Spartak Moskva,4,1,,,51247
1994-12-07,UEFA Champions League,Hajduk Split,Steaua Bucuresti,1,4,,,51258
1994-12-07,UEFA Champions League,Anderlecht,Benfica,1,1,,,51259
1994-12-07,UEFA Champions League,Salzburg,Milan,0,1,,,51270
1994-12-07,UEFA Champions League,Ajax,AEK Athens,2,0,,,51271
1994-12-07,UEFA Champions League,Man Utd,Galatasaray,4,0,,,51234
1995-03-01,Quarter-finals,Bayern Munchen,IFK Goteborg,0,0,,,51452
1995-03-01,Quarter-finals,Hajduk Split,Ajax,0,0,,,51458
1995-03-01,Quarter-finals,Barcelona,Paris,1,1,,,51454
1995-03-01,Quarter-finals,Milan,Benfica,2,0,,,51456
1995-03-15,Quarter-finals,IFK Goteborg,Bayern Munchen,2,2,,,51453
1995-03-15,Quarter-finals,Ajax,Hajduk Split,3,0,,,51459
1995-03-15,Quarter-finals,Paris,Barcelona,2,1,,,51455
1995-03-15,Quarter-finals,Benfica,Milan,0,0,,,51457
1995-04-05,Semi-finals,Bayern Munchen,Ajax,0,0,,,51602
1995-04-05,Semi-finals,Paris,Milan,0,1,,,51604
1995-04-19,Semi-finals,Ajax,Bayern Munchen,5,2,,,51603
1995-04-19,Semi-finals,Milan,Paris,2,0,,,51605
1995-05-24,Final,Ajax,Milan,1,0,,,51668
1995-09-13,UEFA Champions League,Steaua Bucuresti,Rangers,1,0,,,52133
1995-09-13,UEFA Champions League,Nantes,Porto,0,0,,,52108
1995-09-13,UEFA Champions League,Legia Warszawa,Rosenborg,3,1,,,52120
1995-09-13,UEFA Champions League,B. Dortmund,Juventus,1,3,,,52132
1995-09-13,UEFA Champions League,Ajax,Real Madrid,1,0,,,52144
1995-09-13,UEFA Champions League,Grasshoppers,Ferencvaros,0,3,,,52145
1995-09-13,UEFA Champions League,Blackburn,Spartak Moskva,0,1,,,52121
1995-09-27,UEFA Champions League,Spartak Moskva,Legia Warszawa,2,1,,,52122
1995-09-27,UEFA Champions League,Panathinaikos,Nantes,3,1,,,52110
1995-09-27,UEFA Champions League,Rosenborg,Blackburn,2,1,,,52123
1995-09-27,UEFA Champions League,Juventus,Steaua Bucuresti,3,0,,,52135
1995-09-27,UEFA Champions League,Ferencvaros,Ajax,1,5,,,52146
1995-09-27,UEFA Champions League,Real Madrid,Grasshoppers,2,0,,,52147
1995-09-27,UEFA Champions League,Porto,AaB,2,0,,,52111
1995-09-27,UEFA Champions League,Rangers,B. Dortmund,2,2,,,52134
1995-10-18,UEFA Champions League,Nantes,AaB,3,1,,,52112
1995-10-18,UEFA Champions League,Legia Warszawa,Blackburn,1,0,,,52124
1995-10-18,UEFA Champions League,Rosenborg,Spartak Moskva,2,4,,,52125
1995-10-18,UEFA Champions League,B. Dortmund,Steaua Bucuresti,1,0,,,52136
1995-10-18,UEFA Champions League,Juventus,Rangers,4,1,,,52137
1995-10-18,UEFA Champions League,Ajax,Grasshoppers,3,0,,,52148
1995-10-18,UEFA Champions League,Real Madrid,Ferencvaros,6,1,,,52149
1995-10-18,UEFA Champions League,Porto,Panathinaikos,0,1,,,52113
1995-10-25,UEFA Champions League,AaB,Panathinaikos,2,1,,,52109
1995-11-01,UEFA Champions League,Spartak Moskva,Rosenborg,4,1,,,52126
1995-11-01,UEFA Champions League,Panathinaikos,Porto,0,0,,,52114
1995-11-01,UEFA Champions League,Steaua Bucuresti,B. Dortmund,0,0,,,52139
1995-11-01,UEFA Champions League,AaB,Nantes,0,2,,,52115
1995-11-01,UEFA Champions League,Ferencvaros,Real Madrid,1,1,,,52150
1995-11-01,UEFA Champions League,Grasshoppers,Ajax,0,0,,,52151
1995-11-01,UEFA Champions League,Blackburn,Legia Warszawa,0,0,,,52127
1995-11-01,UEFA Champions League,Rangers,Juventus,0,4,,,52138
1995-11-22,UEFA Champions League,Spartak Moskva,Blackburn,3,0,,,52128
1995-11-22,UEFA Champions League,Panathinaikos,AaB,2,0,,,52116
1995-11-22,UEFA Champions League,Rosenborg,Legia Warszawa,4,0,,,52129
1995-11-22,UEFA Champions League,Juventus,B. Dortmund,1,2,,,52141
1995-11-22,UEFA Champions League,Ferencvaros,Grasshoppers,3,3,,,52152
1995-11-22,UEFA Champions League,Real Madrid,Ajax,0,2,,,52153
1995-11-22,UEFA Champions League,Porto,Nantes,2,2,,,52117
1995-11-22,UEFA Champions League,Rangers,Steaua Bucuresti,1,1,,,52140
1995-12-06,UEFA Champions League,Steaua Bucuresti,Juventus,0,0,,,52143
1995-12-06,UEFA Champions League,Nantes,Panathinaikos,0,0,,,52118
1995-12-06,UEFA Champions League,AaB,Porto,2,2,,,52119
1995-12-06,UEFA Champions League,Legia Warszawa,Spartak Moskva,0,1,,,52130
1995-12-06,UEFA Champions League,B. Dortmund,Rangers,2,2,,,52142
1995-12-06,UEFA Champions League,Ajax,Ferencvaros,4,0,,,52154
1995-12-06,UEFA Champions League,Grasshoppers,Real Madrid,0,2,,,52155
1995-12-06,UEFA Champions League,Blackburn,Rosenborg,4,1,,,52131
1996-03-06,Quarter-finals,B. Dortmund,Ajax,0,2,,,52287
1996-03-06,Quarter-finals,Real Madrid,Juventus,1,0,,,52289
1996-03-06,Quarter-finals,Legia Warszawa,Panathinaikos,0,0,,,52291
1996-03-06,Quarter-finals,Nantes,Spartak Moskva,2,0,,,52293
1996-03-20,Quarter-finals,Spartak Moskva,Nantes,2,2,,,52294
1996-03-20,Quarter-finals,Panathinaikos,Legia Warszawa,3,0,,,52292
1996-03-20,Quarter-finals,Ajax,B. Dortmund,1,0,,,52288
1996-03-20,Quarter-finals,Juventus,Real Madrid,2,0,,,52290
1996-04-03,Semi-finals,Ajax,Panathinaikos,0,1,,,52466
1996-04-03,Semi-finals,Juventus,Nantes,2,0,,,52468
1996-04-17,Semi-finals,Panathinaikos,Ajax,0,3,,,52467
1996-04-17,Semi-finals,Nantes,Juventus,3,2,,,52469
1996-05-22,Final,Ajax,Juventus,1,1,2,4,52534
1996-09-11,UEFA Champions League,Auxerre,Ajax,0,1,,,53094
1996-09-11,UEFA Champions League,Grasshoppers,Rangers,3,0,,,53095
1996-09-11,UEFA Champions League,Atleti,Steaua Bucuresti,4,0,,,53098
1996-09-11,UEFA Champions League,B. Dortmund,Widzew,2,1,,,53099
1996-09-11,UEFA Champions League,SK Rapid,Fenerbahce,1,1,,,53102
1996-09-11,UEFA Champions League,Juventus,Man Utd,1,0,,,53103
1996-09-11,UEFA Champions League,IFK Goteborg,Rosenborg,2,3,,,53106
1996-09-11,UEFA Champions League,Milan,Porto,2,3,,,53107
1996-09-25,UEFA Champions League,Steaua Bucuresti,B. Dortmund,0,3,,,53101
1996-09-25,UEFA Champions League,Fenerbahce,Juventus,0,1,,,53105
1996-09-25,UEFA Champions League,Rangers,Auxerre,1,2,,,53096
1996-09-25,UEFA Champions League,Ajax,Grasshoppers,0,1,,,53097
1996-09-25,UEFA Champions League,Widzew,Atleti,1,4,,,53100
1996-09-25,UEFA Champions League,Rosenborg,Milan,1,4,,,53109
1996-09-25,UEFA Champions League,Man Utd,SK Rapid,2,0,,,53104
1996-09-25,UEFA Champions League,Porto,IFK Goteborg,2,1,,,53108
1996-10-16,UEFA Champions League,Steaua Bucuresti,Widzew,1,0,,,53216
1996-10-16,UEFA Champions League,Fenerbahce,Man Utd,0,2,,,53224
1996-10-16,UEFA Champions League,Ajax,Rangers,4,1,,,53208
1996-10-16,UEFA Champions League,Auxerre,Grasshoppers,1,0,,,53209
1996-10-16,UEFA Champions League,Atleti,B. Dortmund,0,1,,,53217
1996-10-16,UEFA Champions League,SK Rapid,Juventus,1,1,,,53225
1996-10-16,UEFA Champions League,Rosenborg,Porto,0,1,,,53232
1996-10-16,UEFA Champions League,IFK Goteborg,Milan,2,1,,,53233
1996-10-30,UEFA Champions League,Rangers,Ajax,0,1,,,53210
1996-10-30,UEFA Champions League,Grasshoppers,Auxerre,3,1,,,53211
1996-10-30,UEFA Champions League,Widzew,Steaua Bucuresti,2,0,,,53218
1996-10-30,UEFA Champions League,B. Dortmund,Atleti,1,2,,,53219
1996-10-30,UEFA Champions League,Juventus,SK Rapid,5,0,,,53227
1996-10-30,UEFA Champions League,Milan,IFK Goteborg,4,2,,,53235
1996-10-30,UEFA Champions League,Man Utd,Fenerbahce,0,1,,,53226
1996-10-30,UEFA Champions League,Porto,Rosenborg,3,0,,,53234
1996-11-20,UEFA Champions League,Steaua Bucuresti,Atleti,1,1,,,53220
1996-11-20,UEFA Champions League,Fenerbahce,SK Rapid,1,0,,,53228
1996-11-20,UEFA Champions League,Ajax,Auxerre,1,2,,,53212
1996-11-20,UEFA Champions League,Rangers,Grasshoppers,2,1,,,53213
1996-11-20,UEFA Champions League,Widzew,B. Dortmund,2,2,,,53221
1996-11-20,UEFA Champions League,Rosenborg,IFK Goteborg,1,0,,,53236
1996-11-20,UEFA Champions League,Man Utd,Juventus,0,1,,,53229
1996-11-20,UEFA Champions League,Porto,Milan,1,1,,,53237
1996-12-04,UEFA Champions League,Auxerre,Rangers,2,1,,,53214
1996-12-04,UEFA Champions League,Grasshoppers,Ajax,0,1,,,53215
1996-12-04,UEFA Champions League,Atleti,Widzew,1,0,,,53222
1996-12-04,UEFA Champions League,B. Dortmund,Steaua Bucuresti,5,3,,,53223
1996-12-04,UEFA Champions League,SK Rapid,Man Utd,0,2,,,53230
1996-12-04,UEFA Champions League,Juventus,Fenerbahce,2,0,,,53231
1996-12-04,UEFA Champions League,IFK Goteborg,Porto,0,2,,,53238
1996-12-04,UEFA Champions League,Milan,Rosenborg,1,2,,,53239
1997-03-05,Quarter-finals,B. Dortmund,Auxerre,3,1,,,53350
1997-03-05,Quarter-finals,Ajax,Atleti,1,1,,,53354
1997-03-05,Quarter-finals,Rosenborg,Juventus,1,1,,,53356
1997-03-05,Quarter-finals,Man Utd,Porto,4,0,,,53352
1997-03-19,Quarter-finals,Auxerre,B. Dortmund,0,1,,,53351
1997-03-19,Quarter-finals,Atleti,Ajax,2,3,,,53355
1997-03-19,Quarter-finals,Juventus,Rosenborg,2,0,,,53357
1997-03-19,Quarter-finals,Porto,Man Utd,0,0,,,53353
1997-04-09,Semi-finals,B. Dortmund,Man Utd,1,0,,,53712
1997-04-09,Semi-finals,Ajax,Juventus,1,2,,,53714
1997-04-23,Semi-finals,Juventus,Ajax,4,1,,,53715
1997-04-23,Semi-finals,Man Utd,B. Dortmund,0,1,,,53713
1997-05-28,Final,B. Dortmund,Juventus,3,1,,,53915
1997-09-17,UEFA Champions League,Galatasaray,B. Dortmund,0,1,,,54391
1997-09-17,UEFA Champions League,Sparta Praha,Parma,0,0,,,54390
1997-09-17,UEFA Champions League,Kosice,Man Utd,0,3,,,54392
1997-09-17,UEFA Champions League,Juventus,Feyenoord,5,1,,,54393
1997-09-17,UEFA Champions League,PSV,Dynamo Kyiv,1,3,,,54394
1997-09-17,UEFA Champions League,Newcastle,Barcelona,3,2,,,54395
1997-09-17,UEFA Champions League,Real Madrid,Rosenborg,4,1,,,54396
1997-09-17,UEFA Champions League,Olympiacos,Porto,1,0,,,54397
1997-09-17,UEFA Champions League,Bayern Munchen,Besiktas,2,0,,,54398
1997-09-17,UEFA Champions League,Paris,IFK Goteborg,3,0,,,54399
1997-09-17,UEFA Champions League,Sporting CP,Monaco,3,0,,,54400
1997-09-17,UEFA Champions League,Leverkusen,Lierse,1,0,,,54401
1997-10-01,UEFA Champions League,B. Dortmund,Sparta Praha,4,1,,,54402
1997-10-01,UEFA Champions League,Parma,Galatasaray,2,0,,,54403
1997-10-01,UEFA Champions League,Feyenoord,Kosice,2,0,,,54404
1997-10-01,UEFA Champions League,Man Utd,Juventus,3,2,,,54405
1997-10-01,UEFA Champions League,Barcelona,PSV,2,2,,,54406
1997-10-01,UEFA Champions League,Dynamo Kyiv,Newcastle,2,2,,,54407
1997-10-01,UEFA Champions League,Porto,Real Madrid,0,2,,,54408
1997-10-01,UEFA Champions League,Rosenborg,Olympiacos,5,1,,,54409
1997-10-01,UEFA Champions League,IFK Goteborg,Bayern Munchen,1,3,,,54410
1997-10-01,UEFA Champions League,Besiktas,Paris,3,1,,,54411
1997-10-01,UEFA Champions League,Lierse,Sporting CP,1,1,,,54412
1997-10-01,UEFA Champions League,Monaco,Leverkusen,4,0,,,54413
1997-10-22,UEFA Champions League,Parma,B. Dortmund,1,0,,,54420
1997-10-22,UEFA Champions League,Sparta Praha,Galatasaray,3,0,,,54421
1997-10-22,UEFA Champions League,Man Utd,Feyenoord,2,1,,,54428
1997-10-22,UEFA Champions League,Kosice,Juventus,0,1,,,54429
1997-10-22,UEFA Champions League,Dynamo Kyiv,Barcelona,3,0,,,54436
1997-10-22,UEFA Champions League,PSV,Newcastle,1,0,,,54437
1997-10-22,UEFA Champions League,Rosenborg,Porto,2,0,,,54444
1997-10-22,UEFA Champions League,Real Madrid,Olympiacos,5,1,,,54445
1997-10-22,UEFA Champions League,Besiktas,IFK Goteborg,1,0,,,54452
1997-10-22,UEFA Champions League,Bayern Munchen,Paris,5,1,,,54453
1997-10-22,UEFA Champions League,Monaco,Lierse,5,1,,,54460
1997-10-22,UEFA Champions League,Sporting CP,Leverkusen,0,2,,,54461
1997-11-05,UEFA Champions League,B. Dortmund,Parma,2,0,,,54422
1997-11-05,UEFA Champions League,Galatasaray,Sparta Praha,2,0,,,54423
1997-11-05,UEFA Champions League,Feyenoord,Man Utd,1,3,,,54430
1997-11-05,UEFA Champions League,Juventus,Kosice,3,2,,,54431
1997-11-05,UEFA Champions League,Barcelona,Dynamo Kyiv,0,4,,,54438
1997-11-05,UEFA Champions League,Newcastle,PSV,0,2,,,54439
1997-11-05,UEFA Champions League,Porto,Rosenborg,1,1,,,54446
1997-11-05,UEFA Champions League,Olympiacos,Real Madrid,0,0,,,54447
1997-11-05,UEFA Champions League,Paris,Bayern Munchen,3,1,,,54455
1997-11-05,UEFA Champions League,Lierse,Monaco,0,1,,,54462
1997-11-05,UEFA Champions League,Leverkusen,Sporting CP,4,1,,,54463
1997-11-26,UEFA Champions League,Feyenoord,Juventus,2,0,,,54433
1997-11-26,UEFA Champions League,Barcelona,Newcastle,1,0,,,54441
1997-11-26,UEFA Champions League,Besiktas,Bayern Munchen,0,2,,,54456
1997-11-26,UEFA Champions League,IFK Goteborg,Paris,0,1,,,54457
1997-11-26,UEFA Champions League,Monaco,Sporting CP,3,2,,,54464
1997-11-26,UEFA Champions League,Lierse,Leverkusen,0,2,,,54465
1997-11-27,UEFA Champions League,Parma,Sparta Praha,2,2,,,54424
1997-11-27,UEFA Champions League,B. Dortmund,Galatasaray,4,1,,,54425
1997-11-27,UEFA Champions League,Man Utd,Kosice,3,0,,,54432
1997-11-27,UEFA Champions League,Dynamo Kyiv,PSV,1,1,,,54440
1997-11-27,UEFA Champions League,Rosenborg,Real Madrid,2,0,,,54448
1997-11-27,UEFA Champions League,Porto,Olympiacos,2,1,,,54449
1997-12-10,UEFA Champions League,Sparta Praha,B. Dortmund,0,3,,,54426
1997-12-10,UEFA Champions League,Galatasaray,Parma,1,1,,,54427
1997-12-10,UEFA Champions League,Kosice,Feyenoord,0,1,,,54434
1997-12-10,UEFA Champions League,Juventus,Man Utd,1,0,,,54435
1997-12-10,UEFA Champions League,PSV,Barcelona,2,2,,,54442
1997-12-10,UEFA Champions League,Newcastle,Dynamo Kyiv,2,0,,,54443
1997-12-10,UEFA Champions League,Real Madrid,Porto,4,0,,,54450
1997-12-10,UEFA Champions League,Olympiacos,Rosenborg,2,2,,,54451
1997-12-10,UEFA Champions League,Bayern Munchen,IFK Goteborg,0,1,,,54458
1997-12-10,UEFA Champions League,Paris,Besiktas,2,1,,,54459
1997-12-10,UEFA Champions League,Sporting CP,Lierse,2,1,,,54466
1997-12-10,UEFA Champions League,Leverkusen,Monaco,2,2,,,54467
1998-03-04,Quarter-finals,Leverkusen,Real Madrid,1,1,,,54562
1998-03-04,Quarter-finals,Juventus,Dynamo Kyiv,1,1,,,54564
1998-03-04,Quarter-finals,Bayern Munchen,B. Dortmund,0,0,,,54566
1998-03-04,Quarter-finals,Monaco,Man Utd,0,0,,,54568
1998-03-18,Quarter-finals,Real Madrid,Leverkusen,3,0,,,54563
1998-03-18,Quarter-finals,Dynamo Kyiv,Juventus,1,4,,,54565
1998-03-18,Quarter-finals,B. Dortmund,Bayern Munchen,1,0,,,54567
1998-03-18,Quarter-finals,Man Utd,Monaco,1,1,,,54569
1998-04-01,Semi-finals,Juventus,Monaco,4,1,,,54817
1998-04-01,Semi-finals,Real Madrid,B. Dortmund,2,0,,,54819
1998-04-15,Semi-finals,Monaco,Juventus,3,2,,,54818
1998-04-15,Semi-finals,B. Dortmund,Real Madrid,0,0,,,54820
1998-05-20,Final,Juventus,Real Madrid,0,1,,,54859
1998-09-16,UEFA Champions League,Porto,Olympiacos,2,2,,,55712
1998-09-16,UEFA Champions League,GNK Dinamo,Ajax,0,0,,,55713
1998-09-16,UEFA Champions League,Athletic Club,Rosenborg,1,1,,,55714
1998-09-16,UEFA Champions League,Juventus,Galatasaray,2,2,,,55715
1998-09-16,UEFA Champions League,Real Madrid,Inter,2,0,,,55716
1998-09-16,UEFA Champions League,Sturm Graz,Spartak Moskva,0,2,,,55717
1998-09-16,UEFA Champions League,Brndby,Bayern Munchen,2,1,,,55718
1998-09-16,UEFA Champions League,Man Utd,Barcelona,3,3,,,55719
1998-09-16,UEFA Champions League,Lens,Arsenal,1,1,,,55720
1998-09-16,UEFA Champions League,Panathinaikos,Dynamo Kyiv,2,1,,,55721
1998-09-16,UEFA Champions League,PSV,HJK,2,1,,,55722
1998-09-16,UEFA Champions League,Kaiserslautern,Benfica,1,0,,,55723
1998-09-30,UEFA Champions League,Spartak Moskva,Real Madrid,2,1,,,55728
1998-09-30,UEFA Champions League,Ajax,Porto,2,1,,,55724
1998-09-30,UEFA Champions League,Olympiacos,GNK Dinamo,2,0,,,55725
1998-09-30,UEFA Champions League,Galatasaray,Athletic Club,2,1,,,55726
1998-09-30,UEFA Champions League,Rosenborg,Juventus,1,1,,,55727
1998-09-30,UEFA Champions League,Inter,Sturm Graz,1,0,,,55729
1998-09-30,UEFA Champions League,Barcelona,Brndby,2,0,,,55730
1998-09-30,UEFA Champions League,Bayern Munchen,Man Utd,2,2,,,55731
1998-09-30,UEFA Champions League,Dynamo Kyiv,Lens,1,1,,,55732
1998-09-30,UEFA Champions League,Arsenal,Panathinaikos,2,1,,,55733
1998-09-30,UEFA Champions League,Benfica,PSV,2,1,,,55734
1998-09-30,UEFA Champions League,HJK,Kaiserslautern,0,0,,,55735
1998-10-21,UEFA Champions League,Olympiacos,Ajax,1,0,,,55736
1998-10-21,UEFA Champions League,Porto,GNK Dinamo,3,0,,,55737
1998-10-21,UEFA Champions League,Rosenborg,Galatasaray,3,0,,,55738
1998-10-21,UEFA Champions League,Athletic Club,Juventus,0,0,,,55739
1998-10-21,UEFA Champions League,Inter,Spartak Moskva,2,1,,,55740
1998-10-21,UEFA Champions League,Real Madrid,Sturm Graz,6,1,,,55741
1998-10-21,UEFA Champions League,Bayern Munchen,Barcelona,1,0,,,55742
1998-10-21,UEFA Champions League,Brndby,Man Utd,2,6,,,55743
1998-10-21,UEFA Champions League,Arsenal,Dynamo Kyiv,1,1,,,55744
1998-10-21,UEFA Champions League,Lens,Panathinaikos,1,0,,,55745
1998-10-21,UEFA Champions League,HJK,Benfica,2,0,,,55746
1998-10-21,UEFA Champions League,PSV,Kaiserslautern,1,2,,,55747
1998-11-04,UEFA Champions League,Spartak Moskva,Inter,1,1,,,55752
1998-11-04,UEFA Champions League,Ajax,Olympiacos,2,0,,,55748
1998-11-04,UEFA Champions League,GNK Dinamo,Porto,3,1,,,55749
1998-11-04,UEFA Champions League,Galatasaray,Rosenborg,3,0,,,55750
1998-11-04,UEFA Champions League,Juventus,Athletic Club,1,1,,,55751
1998-11-04,UEFA Champions League,Barcelona,Bayern Munchen,1,2,,,55754
1998-11-04,UEFA Champions League,Man Utd,Brndby,5,0,,,55755
1998-11-04,UEFA Champions League,Dynamo Kyiv,Arsenal,3,1,,,55756
1998-11-04,UEFA Champions League,Panathinaikos,Lens,1,0,,,55757
1998-11-04,UEFA Champions League,Benfica,HJK,2,2,,,55758
1998-11-04,UEFA Champions League,Kaiserslautern,PSV,3,1,,,55759
1998-11-05,UEFA Champions League,Sturm Graz,Real Madrid,1,5,,,55753
1998-11-25,UEFA Champions League,Spartak Moskva,Sturm Graz,0,0,,,55765
1998-11-25,UEFA Champions League,Dynamo Kyiv,Panathinaikos,2,1,,,55769
1998-11-25,UEFA Champions League,HJK,PSV,1,3,,,55770
1998-11-25,UEFA Champions League,Olympiacos,Porto,2,1,,,55760
1998-11-25,UEFA Champions League,Ajax,GNK Dinamo,0,1,,,55761
1998-11-25,UEFA Champions League,Rosenborg,Athletic Club,2,1,,,55762
1998-11-25,UEFA Champions League,Inter,Real Madrid,3,1,,,55764
1998-11-25,UEFA Champions League,Bayern Munchen,Brndby,2,0,,,55766
1998-11-25,UEFA Champions League,Barcelona,Man Utd,3,3,,,55767
1998-11-25,UEFA Champions League,Arsenal,Lens,0,1,,,55768
1998-11-25,UEFA Champions League,Benfica,Kaiserslautern,2,1,,,55771
1998-12-02,UEFA Champions League,Galatasaray,Juventus,1,1,,,55763
1998-12-09,UEFA Champions League,Porto,Ajax,3,0,,,55772
1998-12-09,UEFA Champions League,GNK Dinamo,Olympiacos,1,1,,,55773
1998-12-09,UEFA Champions League,Athletic Club,Galatasaray,1,0,,,55774
1998-12-09,UEFA Champions League,Juventus,Rosenborg,2,0,,,55775
1998-12-09,UEFA Champions League,Real Madrid,Spartak Moskva,2,1,,,55776
1998-12-09,UEFA Champions League,Sturm Graz,Inter,0,2,,,55777
1998-12-09,UEFA Champions League,Brndby,Barcelona,0,2,,,55778
1998-12-09,UEFA Champions League,Man Utd,Bayern Munchen,1,1,,,55779
1998-12-09,UEFA Champions League,Lens,Dynamo Kyiv,1,3,,,55780
1998-12-09,UEFA Champions League,Panathinaikos,Arsenal,1,3,,,55781
1998-12-09,UEFA Champions League,PSV,Benfica,2,2,,,55782
1998-12-09,UEFA Champions League,Kaiserslautern,HJK,5,2,,,55783
1999-03-03,Quarter-finals,Real Madrid,Dynamo Kyiv,1,1,,,56073
1999-03-03,Quarter-finals,Man Utd,Inter,2,0,,,56075
1999-03-03,Quarter-finals,Juventus,Olympiacos,2,1,,,56077
1999-03-03,Quarter-finals,Bayern Munchen,Kaiserslautern,2,0,,,56079
1999-03-17,Quarter-finals,Dynamo Kyiv,Real Madrid,2,0,,,56074
1999-03-17,Quarter-finals,Inter,Man Utd,1,1,,,56076
1999-03-17,Quarter-finals,Olympiacos,Juventus,1,1,,,56078
1999-03-17,Quarter-finals,Kaiserslautern,Bayern Munchen,0,4,,,56080
1999-04-07,Semi-finals,Man Utd,Juventus,1,1,,,56332
1999-04-07,Semi-finals,Dynamo Kyiv,Bayern Munchen,3,3,,,56334
1999-04-21,Semi-finals,Juventus,Man Utd,2,3,,,56333
1999-04-21,Semi-finals,Bayern Munchen,Dynamo Kyiv,1,0,,,56335
1999-05-26,Final,Man Utd,Bayern Munchen,2,1,,,56379
1999-09-14,First group match stage,Leverkusen,Lazio,1,1,,,57052
1999-09-14,First group match stage,Dynamo Kyiv,Maribor,0,1,,,57053
1999-09-14,First group match stage,AIK,Barcelona,1,2,,,57064
1999-09-14,First group match stage,Fiorentina,Arsenal,0,0,,,57065
1999-09-14,First group match stage,Boavista,Rosenborg,0,3,,,57076
1999-09-14,First group match stage,Feyenoord,B. Dortmund,1,1,,,57077
1999-09-14,First group match stage,Man Utd,GNK Dinamo,0,0,,,57088
1999-09-14,First group match stage,Marseille,Sturm Graz,2,0,,,57089
1999-09-15,First group match stage,Olympiacos,Real Madrid,3,3,,,57100
1999-09-15,First group match stage,Molde,Porto,0,1,,,57101
1999-09-15,First group match stage,Bayern Munchen,PSV,2,1,,,57112
1999-09-15,First group match stage,Valencia,Rangers,2,0,,,57113
1999-09-15,First group match stage,Sparta Praha,Bordeaux,0,0,,,57124
1999-09-15,First group match stage,Willem II,Spartak Moskva,1,3,,,57125
1999-09-15,First group match stage,Chelsea,Milan,0,0,,,57136
1999-09-15,First group match stage,Galatasaray,Hertha,2,2,,,57137
1999-09-21,First group match stage,Spartak Moskva,Sparta Praha,1,1,,,57126
1999-09-21,First group match stage,Porto,Olympiacos,2,0,,,57102
1999-09-21,First group match stage,Real Madrid,Molde,4,1,,,57103
1999-09-21,First group match stage,Rangers,Bayern Munchen,1,1,,,57114
1999-09-21,First group match stage,PSV,Valencia,1,1,,,57115
1999-09-21,First group match stage,Bordeaux,Willem II,3,2,,,57127
1999-09-21,First group match stage,Hertha,Chelsea,2,1,,,57138
1999-09-21,First group match stage,Milan,Galatasaray,2,1,,,57139
1999-09-22,First group match stage,Maribor,Leverkusen,0,2,,,57054
1999-09-22,First group match stage,Lazio,Dynamo Kyiv,2,1,,,57055
1999-09-22,First group match stage,Arsenal,AIK,3,1,,,57066
1999-09-22,First group match stage,Barcelona,Fiorentina,4,2,,,57067
1999-09-22,First group match stage,B. Dortmund,Boavista,3,1,,,57078
1999-09-22,First group match stage,Rosenborg,Feyenoord,2,2,,,57079
1999-09-22,First group match stage,Sturm Graz,Man Utd,0,3,,,57090
1999-09-22,First group match stage,GNK Dinamo,Marseille,1,2,,,57091
1999-09-28,First group match stage,Real Madrid,Porto,3,1,,,57104
1999-09-28,First group match stage,Olympiacos,Molde,3,1,,,57105
1999-09-28,First group match stage,PSV,Rangers,0,1,,,57116
1999-09-28,First group match stage,Bayern Munchen,Valencia,1,1,,,57117
1999-09-28,First group match stage,Bordeaux,Spartak Moskva,2,1,,,57128
1999-09-28,First group match stage,Sparta Praha,Willem II,4,0,,,57129
1999-09-28,First group match stage,Milan,Hertha,1,1,,,57140
1999-09-28,First group match stage,Chelsea,Galatasaray,1,0,,,57141
1999-09-29,First group match stage,Lazio,Maribor,4,0,,,57056
1999-09-29,First group match stage,Leverkusen,Dynamo Kyiv,1,1,,,57057
1999-09-29,First group match stage,Barcelona,Arsenal,1,1,,,57068
1999-09-29,First group match stage,AIK,Fiorentina,0,0,,,57069
1999-09-29,First group match stage,Rosenborg,B. Dortmund,2,2,,,57080
1999-09-29,First group match stage,Boavista,Feyenoord,1,1,,,57081
1999-09-29,First group match stage,GNK Dinamo,Sturm Graz,3,0,,,57092
1999-09-29,First group match stage,Man Utd,Marseille,2,1,,,57093
1999-10-19,First group match stage,Maribor,Lazio,0,4,,,57058
1999-10-19,First group match stage,Dynamo Kyiv,Leverkusen,4,2,,,57059
1999-10-19,First group match stage,Arsenal,Barcelona,2,4,,,57070
1999-10-19,First group match stage,Fiorentina,AIK,3,0,,,57071
1999-10-19,First group match stage,B. Dortmund,Rosenborg,0,3,,,57082
1999-10-19,First group match stage,Feyenoord,Boavista,1,1,,,57083
1999-10-19,First group match stage,Sturm Graz,GNK Dinamo,1,0,,,57094
1999-10-19,First group match stage,Marseille,Man Utd,1,0,,,57095
1999-10-20,First group match stage,Spartak Moskva,Bordeaux,1,2,,,57130
1999-10-20,First group match stage,Porto,Real Madrid,2,1,,,57106
1999-10-20,First group match stage,Molde,Olympiacos,3,2,,,57107
1999-10-20,First group match stage,Rangers,PSV,4,1,,,57118
1999-10-20,First group match stage,Valencia,Bayern Munchen,1,1,,,57119
1999-10-20,First group match stage,Willem II,Sparta Praha,3,4,,,57131
1999-10-20,First group match stage,Hertha,Milan,1,0,,,57142
1999-10-20,First group match stage,Galatasaray,Chelsea,0,5,,,57143
1999-10-26,First group match stage,Spartak Moskva,Willem II,1,1,,,57133
1999-10-26,First group match stage,Real Madrid,Olympiacos,3,0,,,57108
1999-10-26,First group match stage,Porto,Molde,3,1,,,57109
1999-10-26,First group match stage,PSV,Bayern Munchen,2,1,,,57120
1999-10-26,First group match stage,Rangers,Valencia,1,2,,,57121
1999-10-26,First group match stage,Bordeaux,Sparta Praha,0,0,,,57132
1999-10-26,First group match stage,Milan,Chelsea,1,1,,,57144
1999-10-26,First group match stage,Hertha,Galatasaray,1,4,,,57145
1999-10-27,First group match stage,Lazio,Leverkusen,1,1,,,57060
1999-10-27,First group match stage,Maribor,Dynamo Kyiv,1,2,,,57061
1999-10-27,First group match stage,Barcelona,AIK,5,0,,,57072
1999-10-27,First group match stage,Arsenal,Fiorentina,0,1,,,57073
1999-10-27,First group match stage,Rosenborg,Boavista,2,0,,,57084
1999-10-27,First group match stage,B. Dortmund,Feyenoord,1,1,,,57085
1999-10-27,First group match stage,GNK Dinamo,Man Utd,1,2,,,57096
1999-10-27,First group match stage,Sturm Graz,Marseille,3,2,,,57097
1999-11-02,First group match stage,Leverkusen,Maribor,0,0,,,57062
1999-11-02,First group match stage,Dynamo Kyiv,Lazio,0,1,,,57063
1999-11-02,First group match stage,AIK,Arsenal,2,3,,,57074
1999-11-02,First group match stage,Fiorentina,Barcelona,3,3,,,57075
1999-11-02,First group match stage,Boavista,B. Dortmund,1,0,,,57086
1999-11-02,First group match stage,Feyenoord,Rosenborg,1,0,,,57087
1999-11-02,First group match stage,Man Utd,Sturm Graz,2,1,,,57098
1999-11-02,First group match stage,Marseille,GNK Dinamo,2,2,,,57099
1999-11-03,First group match stage,Olympiacos,Porto,1,0,,,57110
1999-11-03,First group match stage,Molde,Real Madrid,0,1,,,57111
1999-11-03,First group match stage,Valencia,PSV,1,0,,,57122
1999-11-03,First group match stage,Bayern Munchen,Rangers,1,0,,,57123
1999-11-03,First group match stage,Sparta Praha,Spartak Moskva,5,2,,,57134
1999-11-03,First group match stage,Willem II,Bordeaux,0,0,,,57135
1999-11-03,First group match stage,Chelsea,Hertha,2,0,,,57146
1999-11-03,First group match stage,Galatasaray,Milan,3,2,,,57147
1999-11-23,Second group match stage,Hertha,Barcelona,1,1,,,57591
1999-11-23,Second group match stage,Sparta Praha,Porto,0,2,,,57592
1999-11-23,Second group match stage,Fiorentina,Man Utd,2,0,,,57603
1999-11-23,Second group match stage,Valencia,Bordeaux,3,0,,,57604
1999-11-24,Second group match stage,Dynamo Kyiv,Real Madrid,1,2,,,57615
1999-11-24,Second group match stage,Rosenborg,Bayern Munchen,1,1,,,57616
1999-11-24,Second group match stage,Marseille,Lazio,0,2,,,57627
1999-11-24,Second group match stage,Chelsea,Feyenoord,3,1,,,57628
1999-12-07,Second group match stage,Bayern Munchen,Dynamo Kyiv,2,1,,,57617
1999-12-07,Second group match stage,Real Madrid,Rosenborg,3,1,,,57618
1999-12-07,Second group match stage,Feyenoord,Marseille,3,0,,,57629
1999-12-07,Second group match stage,Lazio,Chelsea,0,0,,,57630
1999-12-08,Second group match stage,Porto,Hertha,1,0,,,57593
1999-12-08,Second group match stage,Barcelona,Sparta Praha,5,0,,,57594
1999-12-08,Second group match stage,Bordeaux,Fiorentina,0,0,,,57605
1999-12-08,Second group match stage,Man Utd,Valencia,3,0,,,57606
2000-02-29,Second group match stage,Dynamo Kyiv,Rosenborg,2,1,,,57620
2000-02-29,Second group match stage,Real Madrid,Bayern Munchen,2,4,,,57619
2000-02-29,Second group match stage,Lazio,Feyenoord,1,2,,,57631
2000-02-29,Second group match stage,Marseille,Chelsea,1,0,,,57632
2000-03-01,Second group match stage,Barcelona,Porto,4,2,,,57595
2000-03-01,Second group match stage,Hertha,Sparta Praha,1,1,,,57596
2000-03-01,Second group match stage,Fiorentina,Valencia,1,0,,,57608
2000-03-01,Second group match stage,Man Utd,Bordeaux,2,0,,,57607
2000-03-07,Second group match stage,Porto,Barcelona,0,2,,,57597
2000-03-07,Second group match stage,Sparta Praha,Hertha,1,0,,,57598
2000-03-07,Second group match stage,Bordeaux,Man Utd,1,2,,,57609
2000-03-07,Second group match stage,Valencia,Fiorentina,2,0,,,57610
2000-03-08,Second group match stage,Bayern Munchen,Real Madrid,4,1,,,57621
2000-03-08,Second group match stage,Rosenborg,Dynamo Kyiv,1,2,,,57622
2000-03-08,Second group match stage,Feyenoord,Lazio,0,0,,,57633
2000-03-08,Second group match stage,Chelsea,Marseille,1,0,,,57634
2000-03-14,Second group match stage,Real Madrid,Dynamo Kyiv,2,2,,,57623
2000-03-14,Second group match stage,Bayern Munchen,Rosenborg,2,1,,,57624
2000-03-14,Second group match stage,Lazio,Marseille,5,1,,,57635
2000-03-14,Second group match stage,Feyenoord,Chelsea,1,3,,,57636
2000-03-15,Second group match stage,Barcelona,Hertha,3,1,,,57599
2000-03-15,Second group match stage,Porto,Sparta Praha,2,2,,,57600
2000-03-15,Second group match stage,Man Utd,Fiorentina,3,1,,,57611
2000-03-15,Second group match stage,Bordeaux,Valencia,1,4,,,57612
2000-03-21,Second group match stage,Sparta Praha,Barcelona,1,2,,,57601
2000-03-21,Second group match stage,Hertha,Porto,0,1,,,57602
2000-03-21,Second group match stage,Fiorentina,Bordeaux,3,3,,,57613
2000-03-21,Second group match stage,Valencia,Man Utd,0,0,,,57614
2000-03-22,Second group match stage,Dynamo Kyiv,Bayern Munchen,2,0,,,57625
2000-03-22,Second group match stage,Rosenborg,Real Madrid,0,1,,,57626
2000-03-22,Second group match stage,Marseille,Feyenoord,0,0,,,57637
2000-03-22,Second group match stage,Chelsea,Lazio,1,2,,,57638
2000-04-04,Quarter-finals,Real Madrid,Man Utd,0,0,,,63647
2000-04-04,Quarter-finals,Porto,Bayern Munchen,1,1,,,63649
2000-04-05,Quarter-finals,Chelsea,Barcelona,3,1,,,63651
2000-04-05,Quarter-finals,Valencia,Lazio,5,2,,,63653
2000-04-18,Quarter-finals,Barcelona,Chelsea,5,1,,,63652
2000-04-18,Quarter-finals,Lazio,Valencia,1,0,,,63654
2000-04-19,Quarter-finals,Man Utd,Real Madrid,2,3,,,63648
2000-04-19,Quarter-finals,Bayern Munchen,Porto,2,1,,,63650
2000-05-02,Semi-finals,Valencia,Barcelona,4,1,,,64410
2000-05-03,Semi-finals,Real Madrid,Bayern Munchen,2,0,,,64412
2000-05-09,Semi-finals,Bayern Munchen,Real Madrid,2,1,,,64413
2000-05-10,Semi-finals,Barcelona,Valencia,2,1,,,64411
2000-05-24,Final,Real Madrid,Valencia,3,0,,,64833
2000-09-12,First group match stage,Spartak Moskva,Leverkusen,2,0,,,65912
2000-09-12,First group match stage,Sporting CP,Real Madrid,2,2,,,65913
2000-09-12,First group match stage,Sparta Praha,Arsenal,0,1,,,65924
2000-09-12,First group match stage,Shakhtar,Lazio,0,3,,,65925
2000-09-12,First group match stage,Valencia,Olympiacos,2,1,,,65936
2000-09-12,First group match stage,Lyon,Heerenveen,3,1,,,65937
2000-09-12,First group match stage,Galatasaray,Monaco,3,2,,,65948
2000-09-12,First group match stage,Rangers,Sturm Graz,5,0,,,65949
2000-09-13,First group match stage,Hamburg,Juventus,4,4,,,65960
2000-09-13,First group match stage,Panathinaikos,Deportivo,1,1,,,65961
2000-09-13,First group match stage,Rosenborg,Paris,3,1,,,65972
2000-09-13,First group match stage,Helsingborg,Bayern Munchen,1,3,,,65973
2000-09-13,First group match stage,PSV,Dynamo Kyiv,2,1,,,65984
2000-09-13,First group match stage,Man Utd,Anderlecht,5,1,,,65985
2000-09-13,First group match stage,Barcelona,Leeds,4,0,,,65996
2000-09-13,First group match stage,Milan,Besiktas,4,1,,,65997
2000-09-19,First group match stage,Deportivo,Hamburg,2,1,,,65962
2000-09-19,First group match stage,Juventus,Panathinaikos,2,1,,,65963
2000-09-19,First group match stage,Bayern Munchen,Rosenborg,3,1,,,65974
2000-09-19,First group match stage,Paris,Helsingborg,4,1,,,65975
2000-09-19,First group match stage,Anderlecht,PSV,1,0,,,65986
2000-09-19,First group match stage,Dynamo Kyiv,Man Utd,0,0,,,65987
2000-09-19,First group match stage,Besiktas,Barcelona,3,0,,,65998
2000-09-19,First group match stage,Leeds,Milan,1,0,,,65999
2000-09-20,First group match stage,Real Madrid,Spartak Moskva,1,0,,,65914
2000-09-20,First group match stage,Leverkusen,Sporting CP,3,2,,,65915
2000-09-20,First group match stage,Lazio,Sparta Praha,3,0,,,65926
2000-09-20,First group match stage,Arsenal,Shakhtar,3,2,,,65927
2000-09-20,First group match stage,Heerenveen,Valencia,0,1,,,65938
2000-09-20,First group match stage,Olympiacos,Lyon,2,1,,,65939
2000-09-20,First group match stage,Sturm Graz,Galatasaray,3,0,,,65950
2000-09-20,First group match stage,Monaco,Rangers,0,1,,,65951
2000-09-26,First group match stage,Juventus,Deportivo,0,0,,,65964
2000-09-26,First group match stage,Hamburg,Panathinaikos,0,1,,,65965
2000-09-26,First group match stage,Paris,Bayern Munchen,1,0,,,65976
2000-09-26,First group match stage,Rosenborg,Helsingborg,6,1,,,65977
2000-09-26,First group match stage,Dynamo Kyiv,Anderlecht,4,0,,,65988
2000-09-26,First group match stage,PSV,Man Utd,3,1,,,65989
2000-09-26,First group match stage,Leeds,Besiktas,6,0,,,66000
2000-09-26,First group match stage,Barcelona,Milan,0,2,,,66001
2000-09-27,First group match stage,Spartak Moskva,Sporting CP,3,1,,,65917
2000-09-27,First group match stage,Leverkusen,Real Madrid,2,3,,,65916
2000-09-27,First group match stage,Arsenal,Lazio,2,0,,,65928
2000-09-27,First group match stage,Sparta Praha,Shakhtar,3,2,,,65929
2000-09-27,First group match stage,Olympiacos,Heerenveen,2,0,,,65940
2000-09-27,First group match stage,Valencia,Lyon,1,0,,,65941
2000-09-27,First group match stage,Monaco,Sturm Graz,5,0,,,65952
2000-09-27,First group match stage,Galatasaray,Rangers,3,2,,,65953
2000-10-17,First group match stage,Real Madrid,Leverkusen,5,3,,,65918
2000-10-17,First group match stage,Sporting CP,Spartak Moskva,0,3,,,65919
2000-10-17,First group match stage,Lazio,Arsenal,1,1,,,65930
2000-10-17,First group match stage,Shakhtar,Sparta Praha,2,1,,,65931
2000-10-17,First group match stage,Heerenveen,Olympiacos,1,0,,,65942
2000-10-17,First group match stage,Lyon,Valencia,1,2,,,65943
2000-10-17,First group match stage,Sturm Graz,Monaco,2,0,,,65954
2000-10-17,First group match stage,Rangers,Galatasaray,0,0,,,65955
2000-10-18,First group match stage,Deportivo,Juventus,1,1,,,65966
2000-10-18,First group match stage,Panathinaikos,Hamburg,0,0,,,65967
2000-10-18,First group match stage,Bayern Munchen,Paris,2,0,,,65978
2000-10-18,First group match stage,Helsingborg,Rosenborg,2,0,,,65979
2000-10-18,First group match stage,Anderlecht,Dynamo Kyiv,4,2,,,65990
2000-10-18,First group match stage,Man Utd,PSV,3,1,,,65991
2000-10-18,First group match stage,Besiktas,Leeds,0,0,,,66002
2000-10-18,First group match stage,Milan,Barcelona,3,3,,,66003
2000-10-24,First group match stage,Juventus,Hamburg,1,3,,,65968
2000-10-24,First group match stage,Deportivo,Panathinaikos,1,0,,,65969
2000-10-24,First group match stage,Bayern Munchen,Helsingborg,0,0,,,65980
2000-10-24,First group match stage,Paris,Rosenborg,7,2,,,65981
2000-10-24,First group match stage,Dynamo Kyiv,PSV,0,1,,,65992
2000-10-24,First group match stage,Anderlecht,Man Utd,2,1,,,65993
2000-10-24,First group match stage,Leeds,Barcelona,1,1,,,66004
2000-10-24,First group match stage,Besiktas,Milan,0,2,,,66005
2000-10-25,First group match stage,Leverkusen,Spartak Moskva,1,0,,,65920
2000-10-25,First group match stage,Real Madrid,Sporting CP,4,0,,,65921
2000-10-25,First group match stage,Arsenal,Sparta Praha,4,2,,,65932
2000-10-25,First group match stage,Lazio,Shakhtar,5,1,,,65933
2000-10-25,First group match stage,Olympiacos,Valencia,1,0,,,65944
2000-10-25,First group match stage,Heerenveen,Lyon,0,2,,,65945
2000-10-25,First group match stage,Monaco,Galatasaray,4,2,,,65956
2000-10-25,First group match stage,Sturm Graz,Rangers,2,0,,,65957
2000-11-07,First group match stage,Spartak Moskva,Real Madrid,1,0,,,65922
2000-11-07,First group match stage,Sporting CP,Leverkusen,0,0,,,65923
2000-11-07,First group match stage,Sparta Praha,Lazio,0,1,,,65934
2000-11-07,First group match stage,Shakhtar,Arsenal,3,0,,,65935
2000-11-07,First group match stage,Valencia,Heerenveen,1,1,,,65946
2000-11-07,First group match stage,Lyon,Olympiacos,1,0,,,65947
2000-11-07,First group match stage,Galatasaray,Sturm Graz,2,2,,,65958
2000-11-07,First group match stage,Rangers,Monaco,2,2,,,65959
2000-11-08,First group match stage,Hamburg,Deportivo,1,1,,,65970
2000-11-08,First group match stage,Panathinaikos,Juventus,3,1,,,65971
2000-11-08,First group match stage,Rosenborg,Bayern Munchen,1,1,,,65982
2000-11-08,First group match stage,Helsingborg,Paris,1,1,,,65983
2000-11-08,First group match stage,PSV,Anderlecht,2,3,,,65994
2000-11-08,First group match stage,Man Utd,Dynamo Kyiv,1,0,,,65995
2000-11-08,First group match stage,Barcelona,Besiktas,5,0,,,66006
2000-11-08,First group match stage,Milan,Leeds,1,1,,,66007
2000-11-21,Second group match stage,Valencia,Sturm Graz,2,0,,,66306
2000-11-21,Second group match stage,Man Utd,Panathinaikos,3,1,,,66307
2000-11-21,Second group match stage,Milan,Galatasaray,2,2,,,66308
2000-11-21,Second group match stage,Paris,Deportivo,1,3,,,66309
2000-11-22,Second group match stage,Spartak Moskva,Arsenal,4,1,,,66311
2000-11-22,Second group match stage,Bayern Munchen,Lyon,1,0,,,66310
2000-11-22,Second group match stage,Leeds,Real Madrid,0,2,,,66312
2000-11-22,Second group match stage,Anderlecht,Lazio,1,0,,,66313
2000-12-05,Second group match stage,Lyon,Spartak Moskva,3,0,,,66319
2000-12-05,Second group match stage,Lazio,Leeds,0,1,,,66320
2000-12-05,Second group match stage,Real Madrid,Anderlecht,4,1,,,66321
2000-12-05,Second group match stage,Arsenal,Bayern Munchen,2,2,,,66318
2000-12-06,Second group match stage,Panathinaikos,Valencia,0,0,,,66314
2000-12-06,Second group match stage,Sturm Graz,Man Utd,0,2,,,66315
2000-12-06,Second group match stage,Deportivo,Milan,0,1,,,66316
2000-12-06,Second group match stage,Galatasaray,Paris,1,0,,,66317
2001-02-13,Second group match stage,Lyon,Arsenal,0,1,,,66326
2001-02-13,Second group match stage,Bayern Munchen,Spartak Moskva,1,0,,,66327
2001-02-13,Second group match stage,Real Madrid,Lazio,3,2,,,66328
2001-02-13,Second group match stage,Leeds,Anderlecht,2,1,,,66329
2001-02-14,Second group match stage,Sturm Graz,Panathinaikos,2,0,,,66322
2001-02-14,Second group match stage,Valencia,Man Utd,0,0,,,66323
2001-02-14,Second group match stage,Galatasaray,Deportivo,1,0,,,66324
2001-02-14,Second group match stage,Milan,Paris,1,1,,,66325
2001-02-20,Second group match stage,Panathinaikos,Sturm Graz,1,2,,,66330
2001-02-20,Second group match stage,Man Utd,Valencia,1,1,,,66331
2001-02-20,Second group match stage,Deportivo,Galatasaray,2,0,,,66332
2001-02-20,Second group match stage,Paris,Milan,1,1,,,66333
2001-02-21,Second group match stage,Spartak Moskva,Bayern Munchen,0,3,,,66335
2001-02-21,Second group match stage,Arsenal,Lyon,1,1,,,66334
2001-02-21,Second group match stage,Lazio,Real Madrid,2,2,,,66336
2001-02-21,Second group match stage,Anderlecht,Leeds,1,4,,,66337
2001-03-06,Second group match stage,Lyon,Bayern Munchen,3,0,,,66342
2001-03-06,Second group match stage,Arsenal,Spartak Moskva,1,0,,,66343
2001-03-06,Second group match stage,Real Madrid,Leeds,3,2,,,66344
2001-03-06,Second group match stage,Lazio,Anderlecht,2,1,,,66345
2001-03-07,Second group match stage,Sturm Graz,Valencia,0,5,,,66338
2001-03-07,Second group match stage,Panathinaikos,Man Utd,1,1,,,66339
2001-03-07,Second group match stage,Galatasaray,Milan,2,0,,,66340
2001-03-07,Second group match stage,Deportivo,Paris,4,3,,,66341
2001-03-13,Second group match stage,Valencia,Panathinaikos,2,1,,,66346
2001-03-13,Second group match stage,Man Utd,Sturm Graz,3,0,,,66347
2001-03-13,Second group match stage,Milan,Deportivo,1,1,,,66348
2001-03-13,Second group match stage,Paris,Galatasaray,2,0,,,66349
2001-03-14,Second group match stage,Bayern Munchen,Arsenal,1,0,,,66350
2001-03-14,Second group match stage,Spartak Moskva,Lyon,1,1,,,66351
2001-03-14,Second group match stage,Leeds,Lazio,3,3,,,66352
2001-03-14,Second group match stage,Anderlecht,Real Madrid,2,0,,,66353
2001-04-03,Quarter-finals,Man Utd,Bayern Munchen,0,1,,,67652
2001-04-03,Quarter-finals,Galatasaray,Real Madrid,3,2,,,67654
2001-04-04,Quarter-finals,Leeds,Deportivo,3,0,,,67656
2001-04-04,Quarter-finals,Arsenal,Valencia,2,1,,,67658
2001-04-17,Quarter-finals,Deportivo,Leeds,2,0,,,67657
2001-04-17,Quarter-finals,Valencia,Arsenal,1,0,,,67659
2001-04-18,Quarter-finals,Bayern Munchen,Man Utd,2,1,,,67653
2001-04-18,Quarter-finals,Real Madrid,Galatasaray,3,0,,,67655
2001-05-01,Semi-finals,Real Madrid,Bayern Munchen,0,1,,,67739
2001-05-02,Semi-finals,Leeds,Valencia,0,0,,,67737
2001-05-08,Semi-finals,Valencia,Leeds,3,0,,,67738
2001-05-09,Semi-finals,Bayern Munchen,Real Madrid,2,1,,,67740
2001-05-23,Final,Bayern Munchen,Valencia,1,1,5,4,67752
2001-09-11,First group match stage,Lokomotiv Moskva,Anderlecht,1,1,,,68152
2001-09-11,First group match stage,Roma,Real Madrid,1,2,,,68151
2001-09-11,First group match stage,Liverpool,Boavista,1,1,,,68163
2001-09-11,First group match stage,Dynamo Kyiv,B. Dortmund,2,2,,,68164
2001-09-11,First group match stage,Schalke,Panathinaikos,0,2,,,68175
2001-09-11,First group match stage,Mallorca,Arsenal,1,0,,,68176
2001-09-11,First group match stage,Nantes,PSV,4,1,,,68187
2001-09-11,First group match stage,Galatasaray,Lazio,1,0,,,68188
2001-09-18,First group match stage,Spartak Moskva,Feyenoord,2,2,,,68238
2001-09-18,First group match stage,Juventus,Celtic,3,2,,,68201
2001-09-18,First group match stage,Rosenborg,Porto,1,2,,,68202
2001-09-18,First group match stage,Lyon,Leverkusen,0,1,,,68213
2001-09-18,First group match stage,Fenerbahce,Barcelona,0,3,,,68214
2001-09-18,First group match stage,Man Utd,Lille,1,0,,,68225
2001-09-18,First group match stage,Deportivo,Olympiacos,2,2,,,68226
2001-09-18,First group match stage,Bayern Munchen,Sparta Praha,0,0,,,68237
2001-09-19,First group match stage,Anderlecht,Roma,0,0,,,68153
2001-09-19,First group match stage,Real Madrid,Lokomotiv Moskva,4,0,,,68154
2001-09-19,First group match stage,B. Dortmund,Liverpool,0,0,,,68165
2001-09-19,First group match stage,Boavista,Dynamo Kyiv,3,1,,,68166
2001-09-19,First group match stage,Arsenal,Schalke,3,2,,,68177
2001-09-19,First group match stage,Panathinaikos,Mallorca,2,0,,,68178
2001-09-19,First group match stage,Lazio,Nantes,1,3,,,68189
2001-09-19,First group match stage,PSV,Galatasaray,3,1,,,68190
2001-09-25,First group match stage,Spartak Moskva,Bayern Munchen,1,3,,,68239
2001-09-25,First group match stage,Rosenborg,Juventus,1,1,,,68203
2001-09-25,First group match stage,Celtic,Porto,1,0,,,68204
2001-09-25,First group match stage,Fenerbahce,Lyon,0,1,,,68215
2001-09-25,First group match stage,Leverkusen,Barcelona,2,1,,,68216
2001-09-25,First group match stage,Deportivo,Man Utd,2,1,,,68227
2001-09-25,First group match stage,Lille,Olympiacos,3,1,,,68228
2001-09-25,First group match stage,Sparta Praha,Feyenoord,4,0,,,68240
2001-09-26,First group match stage,Real Madrid,Anderlecht,4,1,,,68155
2001-09-26,First group match stage,Roma,Lokomotiv Moskva,2,1,,,68156
2001-09-26,First group match stage,Boavista,B. Dortmund,2,1,,,68167
2001-09-26,First group match stage,Liverpool,Dynamo Kyiv,1,0,,,68168
2001-09-26,First group match stage,Panathinaikos,Arsenal,1,0,,,68179
2001-09-26,First group match stage,Schalke,Mallorca,0,1,,,68180
2001-09-26,First group match stage,PSV,Lazio,1,0,,,68191
2001-09-26,First group match stage,Nantes,Galatasaray,0,1,,,68192
2001-10-10,First group match stage,Celtic,Rosenborg,1,0,,,68199
2001-10-10,First group match stage,Porto,Juventus,0,0,,,68200
2001-10-10,First group match stage,Leverkusen,Fenerbahce,2,1,,,68211
2001-10-10,First group match stage,Barcelona,Lyon,2,0,,,68212
2001-10-10,First group match stage,Lille,Deportivo,1,1,,,68223
2001-10-10,First group match stage,Olympiacos,Man Utd,0,2,,,68224
2001-10-10,First group match stage,Sparta Praha,Spartak Moskva,2,0,,,68235
2001-10-10,First group match stage,Feyenoord,Bayern Munchen,2,2,,,68236
2001-10-16,First group match stage,Lokomotiv Moskva,Roma,0,1,,,68158
2001-10-16,First group match stage,Anderlecht,Real Madrid,0,2,,,68157
2001-10-16,First group match stage,B. Dortmund,Boavista,2,1,,,68169
2001-10-16,First group match stage,Dynamo Kyiv,Liverpool,1,2,,,68170
2001-10-16,First group match stage,Arsenal,Panathinaikos,2,1,,,68181
2001-10-16,First group match stage,Mallorca,Schalke,0,4,,,68182
2001-10-16,First group match stage,Lazio,PSV,2,1,,,68193
2001-10-16,First group match stage,Galatasaray,Nantes,0,0,,,68194
2001-10-17,First group match stage,Juventus,Rosenborg,1,0,,,68205
2001-10-17,First group match stage,Porto,Celtic,3,0,,,68206
2001-10-17,First group match stage,Lyon,Fenerbahce,3,1,,,68217
2001-10-17,First group match stage,Barcelona,Leverkusen,2,1,,,68218
2001-10-17,First group match stage,Man Utd,Deportivo,2,3,,,68229
2001-10-17,First group match stage,Olympiacos,Lille,2,1,,,68230
2001-10-17,First group match stage,Bayern Munchen,Spartak Moskva,5,1,,,68241
2001-10-17,First group match stage,Feyenoord,Sparta Praha,0,2,,,68242
2001-10-23,First group match stage,Spartak Moskva,Sparta Praha,2,2,,,68243
2001-10-23,First group match stage,Rosenborg,Celtic,2,0,,,68207
2001-10-23,First group match stage,Juventus,Porto,3,1,,,68208
2001-10-23,First group match stage,Fenerbahce,Leverkusen,1,2,,,68219
2001-10-23,First group match stage,Lyon,Barcelona,2,3,,,68220
2001-10-23,First group match stage,Deportivo,Lille,1,1,,,68231
2001-10-23,First group match stage,Man Utd,Olympiacos,3,0,,,68232
2001-10-23,First group match stage,Bayern Munchen,Feyenoord,3,1,,,68244
2001-10-24,First group match stage,Real Madrid,Roma,1,1,,,68159
2001-10-24,First group match stage,Anderlecht,Lokomotiv Moskva,1,5,,,68160
2001-10-24,First group match stage,Boavista,Liverpool,1,1,,,68171
2001-10-24,First group match stage,B. Dortmund,Dynamo Kyiv,1,0,,,68172
2001-10-24,First group match stage,Panathinaikos,Schalke,2,0,,,68183
2001-10-24,First group match stage,Arsenal,Mallorca,3,1,,,68184
2001-10-24,First group match stage,PSV,Nantes,0,0,,,68195
2001-10-24,First group match stage,Lazio,Galatasaray,1,0,,,68196
2001-10-30,First group match stage,Roma,Anderlecht,1,1,,,68161
2001-10-30,First group match stage,Lokomotiv Moskva,Real Madrid,2,0,,,68162
2001-10-30,First group match stage,Liverpool,B. Dortmund,2,0,,,68173
2001-10-30,First group match stage,Dynamo Kyiv,Boavista,1,0,,,68174
2001-10-30,First group match stage,Schalke,Arsenal,3,1,,,68185
2001-10-30,First group match stage,Mallorca,Panathinaikos,1,0,,,68186
2001-10-30,First group match stage,Nantes,Lazio,1,0,,,68197
2001-10-30,First group match stage,Galatasaray,PSV,2,0,,,68198
2001-10-31,First group match stage,Celtic,Juventus,4,3,,,68209
2001-10-31,First group match stage,Porto,Rosenborg,1,0,,,68210
2001-10-31,First group match stage,Leverkusen,Lyon,2,4,,,68221
2001-10-31,First group match stage,Barcelona,Fenerbahce,1,0,,,68222
2001-10-31,First group match stage,Lille,Man Utd,1,1,,,68233
2001-10-31,First group match stage,Olympiacos,Deportivo,1,1,,,68234
2001-10-31,First group match stage,Sparta Praha,Bayern Munchen,0,1,,,68245
2001-10-31,First group match stage,Feyenoord,Spartak Moskva,2,1,,,68246
2001-11-20,Second group match stage,Boavista,Nantes,1,0,,,68614
2001-11-20,Second group match stage,Bayern Munchen,Man Utd,1,1,,,68615
2001-11-20,Second group match stage,Liverpool,Barcelona,1,3,,,68626
2001-11-20,Second group match stage,Galatasaray,Roma,1,1,,,68627
2001-11-21,Second group match stage,Sparta Praha,Real Madrid,2,3,,,68638
2001-11-21,Second group match stage,Panathinaikos,Porto,0,0,,,68639
2001-11-21,Second group match stage,Deportivo,Arsenal,2,0,,,68651
2001-11-29,Second group match stage,Juventus,Leverkusen,4,0,,,68650
2001-12-04,Second group match stage,Porto,Sparta Praha,0,1,,,68640
2001-12-04,Second group match stage,Real Madrid,Panathinaikos,3,0,,,68641
2001-12-04,Second group match stage,Arsenal,Juventus,3,1,,,68652
2001-12-04,Second group match stage,Leverkusen,Deportivo,3,0,,,68653
2001-12-05,Second group match stage,Man Utd,Boavista,3,0,,,68616
2001-12-05,Second group match stage,Nantes,Bayern Munchen,0,1,,,68617
2001-12-05,Second group match stage,Roma,Liverpool,0,0,,,68628
2001-12-05,Second group match stage,Barcelona,Galatasaray,2,2,,,68629
2002-02-19,Second group match stage,Real Madrid,Porto,1,0,,,68642
2002-02-19,Second group match stage,Sparta Praha,Panathinaikos,0,2,,,68643
2002-02-19,Second group match stage,Leverkusen,Arsenal,1,1,,,68654
2002-02-19,Second group match stage,Juventus,Deportivo,0,0,,,68655
2002-02-20,Second group match stage,Nantes,Man Utd,1,1,,,68618
2002-02-20,Second group match stage,Boavista,Bayern Munchen,0,0,,,68619
2002-02-20,Second group match stage,Barcelona,Roma,1,1,,,68630
2002-02-20,Second group match stage,Liverpool,Galatasaray,0,0,,,68631
2002-02-26,Second group match stage,Man Utd,Nantes,5,1,,,68620
2002-02-26,Second group match stage,Bayern Munchen,Boavista,1,0,,,68621
2002-02-26,Second group match stage,Roma,Barcelona,3,0,,,68632
2002-02-26,Second group match stage,Galatasaray,Liverpool,1,1,,,68633
2002-02-27,Second group match stage,Porto,Real Madrid,1,2,,,68644
2002-02-27,Second group match stage,Panathinaikos,Sparta Praha,2,1,,,68645
2002-02-27,Second group match stage,Arsenal,Leverkusen,4,1,,,68656
2002-02-27,Second group match stage,Deportivo,Juventus,2,0,,,68657
2002-03-12,Second group match stage,Real Madrid,Sparta Praha,3,0,,,68646
2002-03-12,Second group match stage,Porto,Panathinaikos,2,1,,,68647
2002-03-12,Second group match stage,Leverkusen,Juventus,3,1,,,68658
2002-03-12,Second group match stage,Arsenal,Deportivo,0,2,,,68659
2002-03-13,Second group match stage,Nantes,Boavista,1,1,,,68622
2002-03-13,Second group match stage,Man Utd,Bayern Munchen,0,0,,,68623
2002-03-13,Second group match stage,Barcelona,Liverpool,0,0,,,68634
2002-03-13,Second group match stage,Roma,Galatasaray,1,1,,,68635
2002-03-19,Second group match stage,Boavista,Man Utd,0,3,,,68624
2002-03-19,Second group match stage,Bayern Munchen,Nantes,2,1,,,68625
2002-03-19,Second group match stage,Liverpool,Roma,2,0,,,68636
2002-03-19,Second group match stage,Galatasaray,Barcelona,0,1,,,68637
2002-03-20,Second group match stage,Sparta Praha,Porto,2,0,,,68648
2002-03-20,Second group match stage,Panathinaikos,Real Madrid,2,2,,,68649
2002-03-20,Second group match stage,Juventus,Arsenal,1,0,,,68660
2002-03-20,Second group match stage,Deportivo,Leverkusen,1,3,,,68661
2002-04-02,Quarter-finals,Bayern Munchen,Real Madrid,2,1,,,69245
2002-04-02,Quarter-finals,Deportivo,Man Utd,0,2,,,69247
2002-04-03,Quarter-finals,Panathinaikos,Barcelona,1,0,,,69243
2002-04-03,Quarter-finals,Liverpool,Leverkusen,1,0,,,69249
2002-04-09,Quarter-finals,Barcelona,Panathinaikos,3,1,,,69244
2002-04-09,Quarter-finals,Leverkusen,Liverpool,4,2,,,69250
2002-04-10,Quarter-finals,Real Madrid,Bayern Munchen,2,0,,,69246
2002-04-10,Quarter-finals,Man Utd,Deportivo,3,2,,,69248
2002-04-23,Semi-finals,Barcelona,Real Madrid,0,2,,,69451
2002-04-24,Semi-finals,Man Utd,Leverkusen,2,2,,,69453
2002-04-30,Semi-finals,Leverkusen,Man Utd,1,1,,,69454
2002-05-01,Semi-finals,Real Madrid,Barcelona,1,1,,,69452
2002-05-15,Final,Leverkusen,Real Madrid,1,2,,,69489
2002-09-17,First group stage,Auxerre,PSV,0,0,,,70065
2002-09-17,First group stage,Arsenal,B. Dortmund,2,0,,,70066
2002-09-17,First group stage,Valencia,Liverpool,2,0,,,70077
2002-09-17,First group stage,Basel,Spartak Moskva,2,0,,,70078
2002-09-17,First group stage,Genk,AEK Athens,0,0,,,70089
2002-09-17,First group stage,Roma,Real Madrid,0,3,,,70090
2002-09-17,First group stage,Rosenborg,Inter,2,2,,,70101
2002-09-17,First group stage,Ajax,Lyon,2,1,,,70102
2002-09-18,First group stage,Lokomotiv Moskva,Galatasaray,0,2,,,70149
2002-09-18,First group stage,Feyenoord,Juventus,1,1,,,70113
2002-09-18,First group stage,Dynamo Kyiv,Newcastle,2,0,,,70114
2002-09-18,First group stage,Man Utd,Maccabi Haifa,5,2,,,70125
2002-09-18,First group stage,Olympiacos,Leverkusen,6,2,,,70126
2002-09-18,First group stage,Bayern Munchen,Deportivo,2,3,,,70137
2002-09-18,First group stage,Milan,Lens,2,1,,,70138
2002-09-18,First group stage,Barcelona,Club Brugge,3,2,,,70150
2002-09-24,First group stage,Juventus,Dynamo Kyiv,5,0,,,70116
2002-09-24,First group stage,Leverkusen,Man Utd,1,2,,,70127
2002-09-24,First group stage,Maccabi Haifa,Olympiacos,3,0,,,70128
2002-09-24,First group stage,Lens,Bayern Munchen,1,1,,,70139
2002-09-24,First group stage,Deportivo,Milan,0,4,,,70140
2002-09-24,First group stage,Club Brugge,Lokomotiv Moskva,0,0,,,70151
2002-09-24,First group stage,Galatasaray,Barcelona,0,2,,,70152
2002-09-24,First group stage,Newcastle,Feyenoord,0,1,,,70115
2002-09-25,First group stage,Spartak Moskva,Valencia,0,3,,,70079
2002-09-25,First group stage,B. Dortmund,Auxerre,2,1,,,70067
2002-09-25,First group stage,PSV,Arsenal,0,4,,,70068
2002-09-25,First group stage,Liverpool,Basel,1,1,,,70080
2002-09-25,First group stage,Real Madrid,Genk,6,0,,,70091
2002-09-25,First group stage,AEK Athens,Roma,0,0,,,70092
2002-09-25,First group stage,Lyon,Rosenborg,5,0,,,70103
2002-09-25,First group stage,Inter,Ajax,1,0,,,70104
2002-10-01,First group stage,Lokomotiv Moskva,Barcelona,1,3,,,70154
2002-10-01,First group stage,Juventus,Newcastle,2,0,,,70117
2002-10-01,First group stage,Feyenoord,Dynamo Kyiv,0,0,,,70118
2002-10-01,First group stage,Maccabi Haifa,Leverkusen,0,2,,,70129
2002-10-01,First group stage,Man Utd,Olympiacos,4,0,,,70130
2002-10-01,First group stage,Deportivo,Lens,3,1,,,70141
2002-10-01,First group stage,Bayern Munchen,Milan,1,2,,,70142
2002-10-01,First group stage,Galatasaray,Club Brugge,0,0,,,70153
2002-10-02,First group stage,PSV,B. Dortmund,1,3,,,70069
2002-10-02,First group stage,Auxerre,Arsenal,0,1,,,70070
2002-10-02,First group stage,Liverpool,Spartak Moskva,5,0,,,70081
2002-10-02,First group stage,Valencia,Basel,6,2,,,70082
2002-10-02,First group stage,AEK Athens,Real Madrid,3,3,,,70093
2002-10-02,First group stage,Genk,Roma,0,1,,,70094
2002-10-02,First group stage,Inter,Lyon,1,2,,,70105
2002-10-02,First group stage,Rosenborg,Ajax,0,0,,,70106
2002-10-22,First group stage,Spartak Moskva,Liverpool,1,3,,,70083
2002-10-22,First group stage,B. Dortmund,PSV,1,1,,,70071
2002-10-22,First group stage,Arsenal,Auxerre,1,2,,,70072
2002-10-22,First group stage,Basel,Valencia,2,2,,,70084
2002-10-22,First group stage,Real Madrid,AEK Athens,2,2,,,70095
2002-10-22,First group stage,Roma,Genk,0,0,,,70096
2002-10-22,First group stage,Lyon,Inter,3,3,,,70107
2002-10-22,First group stage,Ajax,Rosenborg,1,1,,,70108
2002-10-23,First group stage,Dynamo Kyiv,Feyenoord,2,0,,,70120
2002-10-23,First group stage,Leverkusen,Maccabi Haifa,2,1,,,70131
2002-10-23,First group stage,Olympiacos,Man Utd,2,3,,,70132
2002-10-23,First group stage,Lens,Deportivo,3,1,,,70143
2002-10-23,First group stage,Milan,Bayern Munchen,2,1,,,70144
2002-10-23,First group stage,Club Brugge,Galatasaray,3,1,,,70155
2002-10-23,First group stage,Barcelona,Lokomotiv Moskva,1,0,,,70156
2002-10-23,First group stage,Newcastle,Juventus,1,0,,,70119
2002-10-29,First group stage,Juventus,Feyenoord,2,0,,,70121
2002-10-29,First group stage,Maccabi Haifa,Man Utd,3,0,,,70133
2002-10-29,First group stage,Leverkusen,Olympiacos,2,0,,,70134
2002-10-29,First group stage,Deportivo,Bayern Munchen,2,1,,,70145
2002-10-29,First group stage,Lens,Milan,2,1,,,70146
2002-10-29,First group stage,Galatasaray,Lokomotiv Moskva,1,2,,,70157
2002-10-29,First group stage,Club Brugge,Barcelona,0,1,,,70158
2002-10-29,First group stage,Newcastle,Dynamo Kyiv,2,1,,,70122
2002-10-30,First group stage,PSV,Auxerre,3,0,,,70073
2002-10-30,First group stage,B. Dortmund,Arsenal,2,1,,,70074
2002-10-30,First group stage,Liverpool,Valencia,0,1,,,70085
2002-10-30,First group stage,AEK Athens,Genk,1,1,,,70097
2002-10-30,First group stage,Real Madrid,Roma,0,1,,,70098
2002-10-30,First group stage,Inter,Rosenborg,3,0,,,70109
2002-10-30,First group stage,Lyon,Ajax,0,2,,,70110
2002-11-05,First group stage,Spartak Moskva,Basel,0,2,,,70086
2002-11-12,First group stage,Auxerre,B. Dortmund,1,0,,,70075
2002-11-12,First group stage,Arsenal,PSV,0,0,,,70076
2002-11-12,First group stage,Valencia,Spartak Moskva,3,0,,,70087
2002-11-12,First group stage,Basel,Liverpool,3,3,,,70088
2002-11-12,First group stage,Genk,Real Madrid,1,1,,,70099
2002-11-12,First group stage,Roma,AEK Athens,1,1,,,70100
2002-11-12,First group stage,Rosenborg,Lyon,1,1,,,70111
2002-11-12,First group stage,Ajax,Inter,1,2,,,70112
2002-11-13,First group stage,Lokomotiv Moskva,Club Brugge,2,0,,,70159
2002-11-13,First group stage,Barcelona,Galatasaray,3,1,,,70160
2002-11-13,First group stage,Feyenoord,Newcastle,2,3,,,70123
2002-11-13,First group stage,Dynamo Kyiv,Juventus,1,2,,,70124
2002-11-13,First group stage,Man Utd,Leverkusen,2,0,,,70135
2002-11-13,First group stage,Olympiacos,Maccabi Haifa,3,3,,,70136
2002-11-13,First group stage,Bayern Munchen,Lens,3,3,,,70147
2002-11-13,First group stage,Milan,Deportivo,1,2,,,70148
2002-11-26,Second group stage,Lokomotiv Moskva,B. Dortmund,1,2,,,70452
2002-11-26,Second group stage,Milan,Real Madrid,1,0,,,70451
2002-11-26,Second group stage,Basel,Man Utd,1,3,,,70463
2002-11-26,Second group stage,Deportivo,Juventus,2,2,,,70464
2002-11-27,Second group stage,Leverkusen,Barcelona,1,2,,,70427
2002-11-27,Second group stage,Newcastle,Inter,1,4,,,70428
2002-11-27,Second group stage,Roma,Arsenal,1,3,,,70439
2002-11-27,Second group stage,Valencia,Ajax,1,1,,,70440
2002-12-10,Second group stage,Inter,Leverkusen,3,2,,,70429
2002-12-10,Second group stage,Ajax,Roma,2,1,,,70441
2002-12-10,Second group stage,Arsenal,Valencia,0,0,,,70442
2002-12-11,Second group stage,Barcelona,Newcastle,3,1,,,70430
2002-12-11,Second group stage,B. Dortmund,Milan,0,1,,,70453
2002-12-11,Second group stage,Real Madrid,Lokomotiv Moskva,2,2,,,70454
2002-12-11,Second group stage,Juventus,Basel,4,0,,,70465
2002-12-11,Second group stage,Man Utd,Deportivo,2,0,,,70466
2003-02-18,Second group stage,Barcelona,Inter,3,0,,,70431
2003-02-18,Second group stage,Leverkusen,Newcastle,1,3,,,70432
2003-02-18,Second group stage,Arsenal,Ajax,1,1,,,70443
2003-02-18,Second group stage,Roma,Valencia,0,1,,,70444
2003-02-19,Second group stage,Real Madrid,B. Dortmund,2,1,,,70455
2003-02-19,Second group stage,Milan,Lokomotiv Moskva,1,0,,,70456
2003-02-19,Second group stage,Man Utd,Juventus,2,1,,,70467
2003-02-19,Second group stage,Basel,Deportivo,1,0,,,70468
2003-02-25,Second group stage,Lokomotiv Moskva,Milan,0,1,,,70458
2003-02-25,Second group stage,B. Dortmund,Real Madrid,1,1,,,70457
2003-02-25,Second group stage,Juventus,Man Utd,0,3,,,70469
2003-02-25,Second group stage,Deportivo,Basel,1,0,,,70470
2003-02-26,Second group stage,Inter,Barcelona,0,0,,,70433
2003-02-26,Second group stage,Newcastle,Leverkusen,3,1,,,70434
2003-02-26,Second group stage,Ajax,Arsenal,0,0,,,70445
2003-02-26,Second group stage,Valencia,Roma,0,3,,,70446
2003-03-11,Second group stage,Barcelona,Leverkusen,2,0,,,70435
2003-03-11,Second group stage,Inter,Newcastle,2,2,,,70436
2003-03-11,Second group stage,Arsenal,Roma,1,1,,,70447
2003-03-11,Second group stage,Ajax,Valencia,1,1,,,70448
2003-03-12,Second group stage,Real Madrid,Milan,3,1,,,70459
2003-03-12,Second group stage,B. Dortmund,Lokomotiv Moskva,3,0,,,70460
2003-03-12,Second group stage,Man Utd,Basel,1,1,,,70471
2003-03-12,Second group stage,Juventus,Deportivo,3,2,,,70472
2003-03-18,Second group stage,Milan,B. Dortmund,0,1,,,70461
2003-03-18,Second group stage,Lokomotiv Moskva,Real Madrid,0,1,,,70462
2003-03-18,Second group stage,Basel,Juventus,2,1,,,70473
2003-03-18,Second group stage,Deportivo,Man Utd,2,0,,,70474
2003-03-19,Second group stage,Leverkusen,Inter,0,2,,,70437
2003-03-19,Second group stage,Newcastle,Barcelona,0,2,,,70438
2003-03-19,Second group stage,Roma,Ajax,1,1,,,70449
2003-03-19,Second group stage,Valencia,Arsenal,2,1,,,70450
2003-04-08,Quarter-finals,Real Madrid,Man Utd,3,1,,,70967
2003-04-08,Quarter-finals,Ajax,Milan,0,0,,,70971
2003-04-09,Quarter-finals,Inter,Valencia,1,0,,,70969
2003-04-09,Quarter-finals,Juventus,Barcelona,1,1,,,70973
2003-04-22,Quarter-finals,Valencia,Inter,2,1,,,70970
2003-04-22,Quarter-finals,Barcelona,Juventus,1,2,,,70974
2003-04-23,Quarter-finals,Man Utd,Real Madrid,4,3,,,70968
2003-04-23,Quarter-finals,Milan,Ajax,3,2,,,70972
2003-05-06,Semi-finals,Real Madrid,Juventus,2,1,,,71036
2003-05-07,Semi-finals,Milan,Inter,0,0,,,71038
2003-05-13,Semi-finals,Inter,Milan,1,1,,,71039
2003-05-14,Semi-finals,Juventus,Real Madrid,3,1,,,71037
2003-05-28,Final,Juventus,Milan,0,0,2,3,71176
2003-09-16,Group stage,Rangers,Stuttgart,2,1,,,73367
2003-09-16,Group stage,Man Utd,Panathinaikos,5,0,,,73368
2003-09-16,Group stage,Real Madrid,Marseille,4,2,,,73379
2003-09-16,Group stage,Partizan,Porto,1,1,,,73380
2003-09-16,Group stage,Sparta Praha,Chelsea,0,1,,,73391
2003-09-16,Group stage,Besiktas,Lazio,0,2,,,73392
2003-09-16,Group stage,Milan,Ajax,1,0,,,73403
2003-09-16,Group stage,Club Brugge,Celta,1,1,,,73404
2003-09-17,Group stage,Lyon,Anderlecht,1,0,,,73319
2003-09-17,Group stage,Bayern Munchen,Celtic,2,1,,,73320
2003-09-17,Group stage,Dynamo Kyiv,Lokomotiv Moskva,2,0,,,73331
2003-09-17,Group stage,Arsenal,Inter,0,3,,,73332
2003-09-17,Group stage,AEK Athens,Deportivo,1,1,,,73343
2003-09-17,Group stage,PSV,Monaco,1,2,,,73344
2003-09-17,Group stage,Juventus,Galatasaray,2,1,,,73355
2003-09-17,Group stage,Real Sociedad,Olympiacos,1,0,,,73356
2003-09-30,Group stage,Lokomotiv Moskva,Arsenal,0,0,,,73334
2003-09-30,Group stage,Celtic,Lyon,2,0,,,73321
2003-09-30,Group stage,Anderlecht,Bayern Munchen,1,1,,,73322
2003-09-30,Group stage,Inter,Dynamo Kyiv,2,1,,,73333
2003-09-30,Group stage,Monaco,AEK Athens,4,0,,,73345
2003-09-30,Group stage,Deportivo,PSV,2,0,,,73346
2003-09-30,Group stage,Olympiacos,Juventus,1,2,,,73357
2003-09-30,Group stage,Galatasaray,Real Sociedad,1,2,,,73358
2003-10-01,Group stage,Panathinaikos,Rangers,1,1,,,73369
2003-10-01,Group stage,Stuttgart,Man Utd,2,1,,,73370
2003-10-01,Group stage,Porto,Real Madrid,1,3,,,73381
2003-10-01,Group stage,Marseille,Partizan,3,0,,,73382
2003-10-01,Group stage,Lazio,Sparta Praha,2,2,,,73393
2003-10-01,Group stage,Chelsea,Besiktas,0,2,,,73394
2003-10-01,Group stage,Celta,Milan,0,0,,,73405
2003-10-01,Group stage,Ajax,Club Brugge,2,0,,,73406
2003-10-21,Group stage,Lokomotiv Moskva,Inter,3,0,,,73335
2003-10-21,Group stage,Anderlecht,Celtic,1,0,,,73323
2003-10-21,Group stage,Lyon,Bayern Munchen,1,1,,,73324
2003-10-21,Group stage,Dynamo Kyiv,Arsenal,2,1,,,73336
2003-10-21,Group stage,Deportivo,Monaco,1,0,,,73347
2003-10-21,Group stage,AEK Athens,PSV,0,1,,,73348
2003-10-21,Group stage,Galatasaray,Olympiacos,1,0,,,73359
2003-10-21,Group stage,Juventus,Real Sociedad,4,2,,,73360
2003-10-22,Group stage,Stuttgart,Panathinaikos,2,0,,,73371
2003-10-22,Group stage,Rangers,Man Utd,0,1,,,73372
2003-10-22,Group stage,Marseille,Porto,2,3,,,73383
2003-10-22,Group stage,Real Madrid,Partizan,1,0,,,73384
2003-10-22,Group stage,Chelsea,Lazio,2,1,,,73395
2003-10-22,Group stage,Sparta Praha,Besiktas,2,1,,,73396
2003-10-22,Group stage,Ajax,Celta,1,0,,,73407
2003-10-22,Group stage,Milan,Club Brugge,0,1,,,73408
2003-11-04,Group stage,Panathinaikos,Stuttgart,1,3,,,73373
2003-11-04,Group stage,Man Utd,Rangers,3,0,,,73374
2003-11-04,Group stage,Porto,Marseille,1,0,,,73385
2003-11-04,Group stage,Partizan,Real Madrid,0,0,,,73386
2003-11-04,Group stage,Lazio,Chelsea,0,4,,,73397
2003-11-04,Group stage,Besiktas,Sparta Praha,1,0,,,73398
2003-11-04,Group stage,Celta,Ajax,3,2,,,73409
2003-11-04,Group stage,Club Brugge,Milan,0,1,,,73410
2003-11-05,Group stage,Celtic,Anderlecht,3,1,,,73325
2003-11-05,Group stage,Bayern Munchen,Lyon,1,2,,,73326
2003-11-05,Group stage,Inter,Lokomotiv Moskva,1,1,,,73337
2003-11-05,Group stage,Arsenal,Dynamo Kyiv,1,0,,,73338
2003-11-05,Group stage,Monaco,Deportivo,8,3,,,73349
2003-11-05,Group stage,PSV,AEK Athens,2,0,,,73350
2003-11-05,Group stage,Olympiacos,Galatasaray,3,0,,,73361
2003-11-05,Group stage,Real Sociedad,Juventus,0,0,,,73362
2003-11-25,Group stage,Lokomotiv Moskva,Dynamo Kyiv,3,2,,,73339
2003-11-25,Group stage,Anderlecht,Lyon,1,0,,,73327
2003-11-25,Group stage,Celtic,Bayern Munchen,0,0,,,73328
2003-11-25,Group stage,Inter,Arsenal,1,5,,,73340
2003-11-25,Group stage,Deportivo,AEK Athens,3,0,,,73351
2003-11-25,Group stage,Monaco,PSV,1,1,,,73352
2003-11-25,Group stage,Olympiacos,Real Sociedad,2,2,,,73364
2003-11-26,Group stage,Stuttgart,Rangers,1,0,,,73375
2003-11-26,Group stage,Panathinaikos,Man Utd,0,1,,,73376
2003-11-26,Group stage,Marseille,Real Madrid,1,2,,,73387
2003-11-26,Group stage,Porto,Partizan,2,1,,,73388
2003-11-26,Group stage,Chelsea,Sparta Praha,0,0,,,73399
2003-11-26,Group stage,Lazio,Besiktas,1,1,,,73400
2003-11-26,Group stage,Ajax,Milan,0,1,,,73411
2003-11-26,Group stage,Celta,Club Brugge,1,1,,,73412
2003-12-02,Group stage,Galatasaray,Juventus,2,0,,,73363
2003-12-09,Group stage,Rangers,Panathinaikos,1,3,,,73377
2003-12-09,Group stage,Man Utd,Stuttgart,2,0,,,73378
2003-12-09,Group stage,Real Madrid,Porto,1,1,,,73389
2003-12-09,Group stage,Partizan,Marseille,1,1,,,73390
2003-12-09,Group stage,Sparta Praha,Lazio,1,0,,,73401
2003-12-09,Group stage,Besiktas,Chelsea,0,2,,,73402
2003-12-09,Group stage,Milan,Celta,1,2,,,73413
2003-12-09,Group stage,Club Brugge,Ajax,2,1,,,73414
2003-12-10,Group stage,Lyon,Celtic,3,2,,,73329
2003-12-10,Group stage,Bayern Munchen,Anderlecht,1,0,,,73330
2003-12-10,Group stage,Dynamo Kyiv,Inter,1,1,,,73341
2003-12-10,Group stage,Arsenal,Lokomotiv Moskva,2,0,,,73342
2003-12-10,Group stage,AEK Athens,Monaco,0,0,,,73353
2003-12-10,Group stage,PSV,Deportivo,3,2,,,73354
2003-12-10,Group stage,Juventus,Olympiacos,7,0,,,73365
2003-12-10,Group stage,Real Sociedad,Galatasaray,1,1,,,73366
2004-02-24,First knock-out round,Lokomotiv Moskva,Monaco,2,1,,,73821
2004-02-24,First knock-out round,Celta,Arsenal,2,3,,,73813
2004-02-24,First knock-out round,Bayern Munchen,Real Madrid,1,1,,,73815
2004-02-24,First knock-out round,Sparta Praha,Milan,0,0,,,73817
2004-02-25,First knock-out round,Stuttgart,Chelsea,0,1,,,73807
2004-02-25,First knock-out round,Porto,Man Utd,2,1,,,73809
2004-02-25,First knock-out round,Real Sociedad,Lyon,0,1,,,73811
2004-02-25,First knock-out round,Deportivo,Juventus,1,0,,,73819
2004-03-09,First knock-out round,Chelsea,Stuttgart,0,0,,,73808
2004-03-09,First knock-out round,Man Utd,Porto,1,1,,,73810
2004-03-09,First knock-out round,Lyon,Real Sociedad,1,0,,,73812
2004-03-09,First knock-out round,Juventus,Deportivo,0,1,,,73820
2004-03-10,First knock-out round,Arsenal,Celta,2,0,,,73814
2004-03-10,First knock-out round,Real Madrid,Bayern Munchen,1,0,,,73816
2004-03-10,First knock-out round,Milan,Sparta Praha,4,1,,,73818
2004-03-10,First knock-out round,Monaco,Lokomotiv Moskva,1,0,,,73822
2004-03-23,Quarter-finals,Porto,Lyon,2,0,,,74852
2004-03-23,Quarter-finals,Milan,Deportivo,4,1,,,74858
2004-03-24,Quarter-finals,Real Madrid,Monaco,4,2,,,74854
2004-03-24,Quarter-finals,Chelsea,Arsenal,1,1,,,74856
2004-04-06,Quarter-finals,Monaco,Real Madrid,3,1,,,74855
2004-04-06,Quarter-finals,Arsenal,Chelsea,1,2,,,74857
2004-04-07,Quarter-finals,Lyon,Porto,2,2,,,74853
2004-04-07,Quarter-finals,Deportivo,Milan,4,0,,,74859
2004-04-20,Semi-finals,Monaco,Chelsea,3,1,,,75416
2004-04-21,Semi-finals,Porto,Deportivo,0,0,,,75418
2004-05-04,Semi-finals,Deportivo,Porto,0,1,,,75419
2004-05-05,Semi-finals,Chelsea,Monaco,2,2,,,75417
2004-05-26,Final,Monaco,Porto,0,3,,,75433
2004-09-14,Group stage,Panathinaikos,Rosenborg,2,1,,,79504
2004-09-14,Group stage,Arsenal,PSV,1,0,,,79505
2004-09-14,Group stage,Shakhtar,Milan,0,1,,,79516
2004-09-14,Group stage,Valencia,Anderlecht,2,0,,,79528
2004-09-14,Group stage,Inter,Bremen,2,0,,,79529
2004-09-14,Group stage,Paris,Chelsea,0,3,,,79540
2004-09-14,Group stage,Porto,CSKA Moskva,0,0,,,79541
2004-09-14,Group stage,Celtic,Barcelona,1,3,,,79517
2004-09-15,Group stage,Liverpool,Monaco,2,0,,,79456
2004-09-15,Group stage,Deportivo,Olympiacos,0,0,,,79457
2004-09-15,Group stage,Leverkusen,Real Madrid,3,0,,,79468
2004-09-15,Group stage,Ajax,Juventus,0,1,,,79480
2004-09-15,Group stage,M. Tel-Aviv,Bayern Munchen,0,1,,,79481
2004-09-15,Group stage,Fenerbahce,Sparta Praha,1,0,,,79492
2004-09-15,Group stage,Lyon,Man Utd,2,2,,,79493
2004-09-28,Group stage,Olympiacos,Liverpool,1,0,,,79458
2004-09-28,Group stage,Monaco,Deportivo,2,0,,,79459
2004-09-28,Group stage,Dynamo Kyiv,Leverkusen,4,2,,,79470
2004-09-28,Group stage,Real Madrid,Roma,4,2,,,79471
2004-09-28,Group stage,Bayern Munchen,Ajax,4,0,,,79482
2004-09-28,Group stage,Juventus,M. Tel-Aviv,1,0,,,79483
2004-09-28,Group stage,Man Utd,Fenerbahce,6,2,,,79494
2004-09-28,Group stage,Sparta Praha,Lyon,1,2,,,79495
2004-09-29,Group stage,CSKA Moskva,Paris,2,0,,,79542
2004-09-29,Group stage,PSV,Panathinaikos,1,0,,,79506
2004-09-29,Group stage,Rosenborg,Arsenal,1,1,,,79507
2004-09-29,Group stage,Barcelona,Shakhtar,3,0,,,79518
2004-09-29,Group stage,Milan,Celtic,3,1,,,79519
2004-09-29,Group stage,Bremen,Valencia,2,1,,,79530
2004-09-29,Group stage,Anderlecht,Inter,1,3,,,79531
2004-09-29,Group stage,Chelsea,Porto,3,1,,,79543
2004-10-19,Group stage,Monaco,Olympiacos,2,1,,,79460
2004-10-19,Group stage,Liverpool,Deportivo,0,0,,,79461
2004-10-19,Group stage,Real Madrid,Dynamo Kyiv,1,0,,,79472
2004-10-19,Group stage,Leverkusen,Roma,3,1,,,79473
2004-10-19,Group stage,Juventus,Bayern Munchen,1,0,,,79484
2004-10-19,Group stage,Ajax,M. Tel-Aviv,3,0,,,79485
2004-10-19,Group stage,Sparta Praha,Man Utd,0,0,,,79496
2004-10-19,Group stage,Fenerbahce,Lyon,1,3,,,79497
2004-10-20,Group stage,Rosenborg,PSV,1,2,,,79508
2004-10-20,Group stage,Panathinaikos,Arsenal,2,2,,,79509
2004-10-20,Group stage,Milan,Barcelona,1,0,,,79520
2004-10-20,Group stage,Shakhtar,Celtic,3,0,,,79521
2004-10-20,Group stage,Anderlecht,Bremen,1,2,,,79532
2004-10-20,Group stage,Valencia,Inter,1,5,,,79533
2004-10-20,Group stage,Chelsea,CSKA Moskva,2,0,,,79544
2004-10-20,Group stage,Paris,Porto,2,0,,,79545
2004-11-02,Group stage,CSKA Moskva,Chelsea,0,1,,,79546
2004-11-02,Group stage,PSV,Rosenborg,1,0,,,79510
2004-11-02,Group stage,Arsenal,Panathinaikos,1,1,,,79511
2004-11-02,Group stage,Barcelona,Milan,2,1,,,79522
2004-11-02,Group stage,Celtic,Shakhtar,1,0,,,79523
2004-11-02,Group stage,Bremen,Anderlecht,5,1,,,79534
2004-11-02,Group stage,Inter,Valencia,0,0,,,79535
2004-11-02,Group stage,Porto,Paris,0,0,,,79547
2004-11-03,Group stage,Olympiacos,Monaco,1,0,,,79462
2004-11-03,Group stage,Deportivo,Liverpool,0,1,,,79463
2004-11-03,Group stage,Dynamo Kyiv,Real Madrid,2,2,,,79474
2004-11-03,Group stage,Roma,Leverkusen,1,1,,,79475
2004-11-03,Group stage,Bayern Munchen,Juventus,0,1,,,79486
2004-11-03,Group stage,M. Tel-Aviv,Ajax,2,1,,,79487
2004-11-03,Group stage,Man Utd,Sparta Praha,4,1,,,79498
2004-11-03,Group stage,Lyon,Fenerbahce,4,2,,,79499
2004-11-23,Group stage,Monaco,Liverpool,1,0,,,79464
2004-11-23,Group stage,Olympiacos,Deportivo,1,0,,,79465
2004-11-23,Group stage,Real Madrid,Leverkusen,1,1,,,79476
2004-11-23,Group stage,Dynamo Kyiv,Roma,2,0,,,79477
2004-11-23,Group stage,Juventus,Ajax,1,0,,,79488
2004-11-23,Group stage,Bayern Munchen,M. Tel-Aviv,5,1,,,79489
2004-11-23,Group stage,Sparta Praha,Fenerbahce,0,1,,,79500
2004-11-23,Group stage,Man Utd,Lyon,2,1,,,79501
2004-11-24,Group stage,CSKA Moskva,Porto,0,1,,,79549
2004-11-24,Group stage,Rosenborg,Panathinaikos,2,2,,,79512
2004-11-24,Group stage,PSV,Arsenal,1,1,,,79513
2004-11-24,Group stage,Milan,Shakhtar,4,0,,,79524
2004-11-24,Group stage,Barcelona,Celtic,1,1,,,79525
2004-11-24,Group stage,Anderlecht,Valencia,1,2,,,79536
2004-11-24,Group stage,Bremen,Inter,1,1,,,79537
2004-11-24,Group stage,Chelsea,Paris,0,0,,,79548
2004-12-07,Group stage,Panathinaikos,PSV,4,1,,,79514
2004-12-07,Group stage,Arsenal,Rosenborg,5,1,,,79515
2004-12-07,Group stage,Shakhtar,Barcelona,2,0,,,79526
2004-12-07,Group stage,Celtic,Milan,0,0,,,79527
2004-12-07,Group stage,Valencia,Bremen,0,2,,,79538
2004-12-07,Group stage,Inter,Anderlecht,3,0,,,79539
2004-12-07,Group stage,Paris,CSKA Moskva,1,3,,,79550
2004-12-07,Group stage,Porto,Chelsea,2,1,,,79551
2004-12-08,Group stage,Liverpool,Olympiacos,3,1,,,79466
2004-12-08,Group stage,Deportivo,Monaco,0,5,,,79467
2004-12-08,Group stage,Leverkusen,Dynamo Kyiv,3,0,,,79478
2004-12-08,Group stage,Roma,Real Madrid,0,3,,,79479
2004-12-08,Group stage,Ajax,Bayern Munchen,2,2,,,79490
2004-12-08,Group stage,M. Tel-Aviv,Juventus,1,1,,,79491
2004-12-08,Group stage,Fenerbahce,Man Utd,3,0,,,79502
2004-12-08,Group stage,Lyon,Sparta Praha,5,0,,,79503
2005-02-22,First knock-out round,Real Madrid,Juventus,1,0,,,79918
2005-02-22,First knock-out round,Liverpool,Leverkusen,3,1,,,79920
2005-02-22,First knock-out round,PSV,Monaco,1,0,,,79922
2005-02-22,First knock-out round,Bayern Munchen,Arsenal,3,1,,,79924
2005-02-23,First knock-out round,Porto,Inter,1,1,,,79926
2005-02-23,First knock-out round,Barcelona,Chelsea,2,1,,,79928
2005-02-23,First knock-out round,Man Utd,Milan,0,1,,,79930
2005-02-23,First knock-out round,Bremen,Lyon,0,3,,,79932
2005-03-08,First knock-out round,Chelsea,Barcelona,4,2,,,79929
2005-03-08,First knock-out round,Milan,Man Utd,1,0,,,79931
2005-03-08,First knock-out round,Lyon,Bremen,7,2,,,79933
2005-03-09,First knock-out round,Juventus,Real Madrid,2,0,,,79919
2005-03-09,First knock-out round,Leverkusen,Liverpool,1,3,,,79921
2005-03-09,First knock-out round,Monaco,PSV,0,2,,,79923
2005-03-09,First knock-out round,Arsenal,Bayern Munchen,1,0,,,79925
2005-03-15,First knock-out round,Inter,Porto,3,1,,,79927
2005-04-05,Quarter-finals,Liverpool,Juventus,2,1,,,80600
2005-04-05,Quarter-finals,Lyon,PSV,1,1,,,80604
2005-04-06,Quarter-finals,Milan,Inter,2,0,,,80602
2005-04-06,Quarter-finals,Chelsea,Bayern Munchen,4,2,,,80606
2005-04-12,Quarter-finals,Inter,Milan,0,3,,,80603
2005-04-12,Quarter-finals,Bayern Munchen,Chelsea,3,2,,,80607
2005-04-13,Quarter-finals,Juventus,Liverpool,0,0,,,80601
2005-04-13,Quarter-finals,PSV,Lyon,1,1,4,2,80605
2005-04-26,Semi-finals,Milan,PSV,2,0,,,80757
2005-04-27,Semi-finals,Chelsea,Liverpool,0,0,,,80759
2005-05-03,Semi-finals,Liverpool,Chelsea,1,0,,,80760
2005-05-04,Semi-finals,PSV,Milan,3,1,,,80758
2005-05-25,Final,Milan,Liverpool,3,3,2,3,80813
2005-09-13,Group stage,Milan,Fenerbahce,3,1,,,81700
2005-09-13,Group stage,PSV,Schalke,1,0,,,81701
2005-09-13,Group stage,Lyon,Real Madrid,3,0,,,81702
2005-09-13,Group stage,Olympiacos,Rosenborg,1,3,,,81703
2005-09-13,Group stage,Chelsea,Anderlecht,1,0,,,81704
2005-09-13,Group stage,Real Betis,Liverpool,1,2,,,81705
2005-09-13,Group stage,Rangers,Porto,3,2,,,81706
2005-09-13,Group stage,Petrzalka,Inter,0,1,,,81707
2005-09-14,Group stage,SK Rapid,Bayern Munchen,0,1,,,81692
2005-09-14,Group stage,Club Brugge,Juventus,1,2,,,81693
2005-09-14,Group stage,Sparta Praha,Ajax,1,1,,,81694
2005-09-14,Group stage,Arsenal,Thun,2,1,,,81695
2005-09-14,Group stage,Udinese,Panathinaikos,3,0,,,81696
2005-09-14,Group stage,Bremen,Barcelona,0,2,,,81697
2005-09-14,Group stage,Villarreal,Man Utd,0,0,,,81698
2005-09-14,Group stage,Benfica,Lille,1,0,,,81699
2005-09-27,Group stage,Juventus,SK Rapid,3,0,,,81708
2005-09-27,Group stage,Bayern Munchen,Club Brugge,1,0,,,81709
2005-09-27,Group stage,Thun,Sparta Praha,1,0,,,81710
2005-09-27,Group stage,Ajax,Arsenal,1,2,,,81711
2005-09-27,Group stage,Barcelona,Udinese,4,1,,,81712
2005-09-27,Group stage,Panathinaikos,Bremen,2,1,,,81713
2005-09-27,Group stage,Lille,Villarreal,0,0,,,81714
2005-09-27,Group stage,Man Utd,Benfica,2,1,,,81715
2005-09-28,Group stage,Schalke,Milan,2,2,,,81716
2005-09-28,Group stage,Fenerbahce,PSV,3,0,,,81717
2005-09-28,Group stage,Rosenborg,Lyon,0,1,,,81718
2005-09-28,Group stage,Real Madrid,Olympiacos,2,1,,,81719
2005-09-28,Group stage,Liverpool,Chelsea,0,0,,,81720
2005-09-28,Group stage,Anderlecht,Real Betis,0,1,,,81721
2005-09-28,Group stage,Inter,Rangers,1,0,,,81722
2005-09-28,Group stage,Porto,Petrzalka,2,3,,,81723
2005-10-18,Group stage,Bayern Munchen,Juventus,2,1,,,81724
2005-10-18,Group stage,SK Rapid,Club Brugge,0,1,,,81725
2005-10-18,Group stage,Ajax,Thun,2,0,,,81726
2005-10-18,Group stage,Sparta Praha,Arsenal,0,2,,,81727
2005-10-18,Group stage,Panathinaikos,Barcelona,0,0,,,81728
2005-10-18,Group stage,Udinese,Bremen,1,1,,,81729
2005-10-18,Group stage,Man Utd,Lille,0,0,,,81730
2005-10-18,Group stage,Villarreal,Benfica,1,1,,,81731
2005-10-19,Group stage,Fenerbahce,Schalke,3,3,,,81732
2005-10-19,Group stage,Milan,PSV,0,0,,,81733
2005-10-19,Group stage,Real Madrid,Rosenborg,4,1,,,81734
2005-10-19,Group stage,Lyon,Olympiacos,2,1,,,81735
2005-10-19,Group stage,Anderlecht,Liverpool,0,1,,,81736
2005-10-19,Group stage,Chelsea,Real Betis,4,0,,,81737
2005-10-19,Group stage,Porto,Inter,2,0,,,81738
2005-10-19,Group stage,Rangers,Petrzalka,0,0,,,81739
2005-11-01,Group stage,Schalke,Fenerbahce,2,0,,,81748
2005-11-01,Group stage,PSV,Milan,1,0,,,81749
2005-11-01,Group stage,Rosenborg,Real Madrid,0,2,,,81750
2005-11-01,Group stage,Olympiacos,Lyon,1,4,,,81751
2005-11-01,Group stage,Liverpool,Anderlecht,3,0,,,81752
2005-11-01,Group stage,Real Betis,Chelsea,1,0,,,81753
2005-11-01,Group stage,Inter,Porto,2,1,,,81754
2005-11-01,Group stage,Petrzalka,Rangers,2,2,,,81755
2005-11-02,Group stage,Juventus,Bayern Munchen,2,1,,,81740
2005-11-02,Group stage,Club Brugge,SK Rapid,3,2,,,81741
2005-11-02,Group stage,Thun,Ajax,2,4,,,81742
2005-11-02,Group stage,Arsenal,Sparta Praha,3,0,,,81743
2005-11-02,Group stage,Barcelona,Panathinaikos,5,0,,,81744
2005-11-02,Group stage,Bremen,Udinese,4,3,,,81745
2005-11-02,Group stage,Lille,Man Utd,1,0,,,81746
2005-11-02,Group stage,Benfica,Villarreal,0,1,,,81747
2005-11-22,Group stage,Bayern Munchen,SK Rapid,4,0,,,81756
2005-11-22,Group stage,Juventus,Club Brugge,1,0,,,81757
2005-11-22,Group stage,Ajax,Sparta Praha,2,1,,,81758
2005-11-22,Group stage,Thun,Arsenal,0,1,,,81759
2005-11-22,Group stage,Panathinaikos,Udinese,1,2,,,81760
2005-11-22,Group stage,Barcelona,Bremen,3,1,,,81761
2005-11-22,Group stage,Man Utd,Villarreal,0,0,,,81762
2005-11-22,Group stage,Lille,Benfica,0,0,,,81763
2005-11-23,Group stage,Fenerbahce,Milan,0,4,,,81764
2005-11-23,Group stage,Schalke,PSV,3,0,,,81765
2005-11-23,Group stage,Real Madrid,Lyon,1,1,,,81766
2005-11-23,Group stage,Rosenborg,Olympiacos,1,1,,,81767
2005-11-23,Group stage,Anderlecht,Chelsea,0,2,,,81768
2005-11-23,Group stage,Liverpool,Real Betis,0,0,,,81769
2005-11-23,Group stage,Porto,Rangers,1,1,,,81770
2005-11-23,Group stage,Inter,Petrzalka,4,0,,,81771
2005-12-06,Group stage,Milan,Schalke,3,2,,,81780
2005-12-06,Group stage,PSV,Fenerbahce,2,0,,,81781
2005-12-06,Group stage,Lyon,Rosenborg,2,1,,,81782
2005-12-06,Group stage,Olympiacos,Real Madrid,2,1,,,81783
2005-12-06,Group stage,Chelsea,Liverpool,0,0,,,81784
2005-12-06,Group stage,Real Betis,Anderlecht,0,1,,,81785
2005-12-06,Group stage,Rangers,Inter,1,1,,,81786
2005-12-06,Group stage,Petrzalka,Porto,0,0,,,81787
2005-12-07,Group stage,SK Rapid,Juventus,1,3,,,81772
2005-12-07,Group stage,Club Brugge,Bayern Munchen,1,1,,,81773
2005-12-07,Group stage,Sparta Praha,Thun,0,0,,,81774
2005-12-07,Group stage,Arsenal,Ajax,0,0,,,81775
2005-12-07,Group stage,Udinese,Barcelona,0,2,,,81776
2005-12-07,Group stage,Bremen,Panathinaikos,5,1,,,81777
2005-12-07,Group stage,Villarreal,Lille,1,0,,,81778
2005-12-07,Group stage,Benfica,Man Utd,2,1,,,81779
2006-02-21,First knock-out round,Real Madrid,Arsenal,0,1,,,82409
2006-02-21,First knock-out round,Bayern Munchen,Milan,1,1,,,82413
2006-02-21,First knock-out round,PSV,Lyon,0,1,,,82415
2006-02-21,First knock-out round,Benfica,Liverpool,1,0,,,82419
2006-02-22,First knock-out round,Chelsea,Barcelona,1,2,,,82407
2006-02-22,First knock-out round,Bremen,Juventus,3,2,,,82411
2006-02-22,First knock-out round,Ajax,Inter,2,2,,,82417
2006-02-22,First knock-out round,Rangers,Villarreal,2,2,,,82421
2006-03-07,First knock-out round,Barcelona,Chelsea,1,1,,,82408
2006-03-07,First knock-out round,Juventus,Bremen,2,1,,,82412
2006-03-07,First knock-out round,Villarreal,Rangers,1,1,,,82422
2006-03-08,First knock-out round,Arsenal,Real Madrid,0,0,,,82410
2006-03-08,First knock-out round,Milan,Bayern Munchen,4,1,,,82414
2006-03-08,First knock-out round,Lyon,PSV,4,0,,,82416
2006-03-08,First knock-out round,Liverpool,Benfica,0,2,,,82420
2006-03-14,First knock-out round,Inter,Ajax,1,0,,,82418
2006-03-28,Quarter-finals,Benfica,Barcelona,0,0,,,84028
2006-03-28,Quarter-finals,Arsenal,Juventus,2,0,,,84030
2006-03-29,Quarter-finals,Lyon,Milan,0,0,,,84032
2006-03-29,Quarter-finals,Inter,Villarreal,2,1,,,84035
2006-04-04,Quarter-finals,Milan,Lyon,3,1,,,84033
2006-04-04,Quarter-finals,Villarreal,Inter,1,0,,,84036
2006-04-05,Quarter-finals,Barcelona,Benfica,2,0,,,84029
2006-04-05,Quarter-finals,Juventus,Arsenal,0,0,,,84031
2006-04-18,Semi-finals,Milan,Barcelona,0,1,,,84071
2006-04-19,Semi-finals,Arsenal,Villarreal,1,0,,,84073
2006-04-25,Semi-finals,Villarreal,Arsenal,0,0,,,84074
2006-04-26,Semi-finals,Barcelona,Milan,0,0,,,84072
2006-05-17,Final,Barcelona,Arsenal,2,1,,,84101
2006-09-12,Group stage,Chelsea,Bremen,2,0,,,84743
2006-09-12,Group stage,Barcelona,Levski Sofia,5,0,,,84744
2006-09-12,Group stage,Sporting CP,Inter,1,0,,,84745
2006-09-12,Group stage,Bayern Munchen,Spartak Moskva,4,0,,,84746
2006-09-12,Group stage,Galatasaray,Bordeaux,0,0,,,84747
2006-09-12,Group stage,PSV,Liverpool,0,0,,,84748
2006-09-12,Group stage,Olympiacos,Valencia,2,4,,,84749
2006-09-12,Group stage,Roma,Shakhtar,4,0,,,84750
2006-09-13,Group stage,Dynamo Kyiv,Steaua Bucuresti,1,4,,,84751
2006-09-13,Group stage,Lyon,Real Madrid,2,0,,,84752
2006-09-13,Group stage,Man Utd,Celtic,3,2,,,84753
2006-09-13,Group stage,Copenhagen,Benfica,0,0,,,84754
2006-09-13,Group stage,Porto,CSKA Moskva,0,0,,,84755
2006-09-13,Group stage,Hamburg,Arsenal,1,2,,,84756
2006-09-13,Group stage,Anderlecht,Lille,1,1,,,84757
2006-09-13,Group stage,Milan,AEK Athens,3,0,,,84758
2006-09-26,Group stage,CSKA Moskva,Hamburg,1,0,,,84772
2006-09-26,Group stage,Real Madrid,Dynamo Kyiv,5,1,,,84767
2006-09-26,Group stage,Steaua Bucuresti,Lyon,0,3,,,84768
2006-09-26,Group stage,Benfica,Man Utd,0,1,,,84769
2006-09-26,Group stage,Celtic,Copenhagen,1,0,,,84770
2006-09-26,Group stage,Arsenal,Porto,2,0,,,84771
2006-09-26,Group stage,AEK Athens,Anderlecht,1,1,,,84773
2006-09-26,Group stage,Lille,Milan,0,0,,,84774
2006-09-27,Group stage,Spartak Moskva,Sporting CP,1,1,,,84761
2006-09-27,Group stage,Levski Sofia,Chelsea,1,3,,,84759
2006-09-27,Group stage,Bremen,Barcelona,1,1,,,84760
2006-09-27,Group stage,Inter,Bayern Munchen,0,2,,,84762
2006-09-27,Group stage,Liverpool,Galatasaray,3,2,,,84763
2006-09-27,Group stage,Bordeaux,PSV,0,1,,,84764
2006-09-27,Group stage,Shakhtar,Olympiacos,2,2,,,84765
2006-09-27,Group stage,Valencia,Roma,2,1,,,84766
2006-10-17,Group stage,CSKA Moskva,Arsenal,1,0,,,84787
2006-10-17,Group stage,Steaua Bucuresti,Real Madrid,1,4,,,84783
2006-10-17,Group stage,Dynamo Kyiv,Lyon,0,3,,,84784
2006-10-17,Group stage,Celtic,Benfica,3,0,,,84785
2006-10-17,Group stage,Man Utd,Copenhagen,3,0,,,84786
2006-10-17,Group stage,Porto,Hamburg,4,1,,,84788
2006-10-17,Group stage,Lille,AEK Athens,3,1,,,84789
2006-10-17,Group stage,Anderlecht,Milan,0,1,,,84790
2006-10-18,Group stage,Bremen,Levski Sofia,2,0,,,84775
2006-10-18,Group stage,Chelsea,Barcelona,1,0,,,84776
2006-10-18,Group stage,Inter,Spartak Moskva,2,1,,,84777
2006-10-18,Group stage,Sporting CP,Bayern Munchen,0,1,,,84778
2006-10-18,Group stage,Bordeaux,Liverpool,0,1,,,84779
2006-10-18,Group stage,Galatasaray,PSV,1,2,,,84780
2006-10-18,Group stage,Valencia,Shakhtar,2,0,,,84781
2006-10-18,Group stage,Olympiacos,Roma,0,1,,,84782
2006-10-31,Group stage,Spartak Moskva,Inter,0,1,,,84793
2006-10-31,Group stage,Levski Sofia,Bremen,0,3,,,84791
2006-10-31,Group stage,Barcelona,Chelsea,2,2,,,84792
2006-10-31,Group stage,Bayern Munchen,Sporting CP,0,0,,,84794
2006-10-31,Group stage,Liverpool,Bordeaux,3,0,,,84795
2006-10-31,Group stage,PSV,Galatasaray,2,0,,,84796
2006-10-31,Group stage,Shakhtar,Valencia,2,2,,,84797
2006-10-31,Group stage,Roma,Olympiacos,1,1,,,84798
2006-11-01,Group stage,Real Madrid,Steaua Bucuresti,1,0,,,84799
2006-11-01,Group stage,Lyon,Dynamo Kyiv,1,0,,,84800
2006-11-01,Group stage,Benfica,Celtic,3,0,,,84801
2006-11-01,Group stage,Copenhagen,Man Utd,1,0,,,84802
2006-11-01,Group stage,Arsenal,CSKA Moskva,0,0,,,84803
2006-11-01,Group stage,Hamburg,Porto,1,3,,,84804
2006-11-01,Group stage,AEK Athens,Lille,1,0,,,84805
2006-11-01,Group stage,Milan,Anderlecht,4,1,,,84806
2006-11-21,Group stage,CSKA Moskva,Porto,0,2,,,84819
2006-11-21,Group stage,Steaua Bucuresti,Dynamo Kyiv,1,1,,,84815
2006-11-21,Group stage,Real Madrid,Lyon,2,2,,,84816
2006-11-21,Group stage,Celtic,Man Utd,1,0,,,84817
2006-11-21,Group stage,Benfica,Copenhagen,3,1,,,84818
2006-11-21,Group stage,Arsenal,Hamburg,3,1,,,84820
2006-11-21,Group stage,Lille,Anderlecht,2,2,,,84821
2006-11-21,Group stage,AEK Athens,Milan,1,0,,,84822
2006-11-22,Group stage,Spartak Moskva,Bayern Munchen,2,2,,,84810
2006-11-22,Group stage,Bremen,Chelsea,1,0,,,84807
2006-11-22,Group stage,Levski Sofia,Barcelona,0,2,,,84808
2006-11-22,Group stage,Inter,Sporting CP,1,0,,,84809
2006-11-22,Group stage,Bordeaux,Galatasaray,3,1,,,84811
2006-11-22,Group stage,Liverpool,PSV,2,0,,,84812
2006-11-22,Group stage,Valencia,Olympiacos,2,0,,,84813
2006-11-22,Group stage,Shakhtar,Roma,1,0,,,84814
2006-12-05,Group stage,Chelsea,Levski Sofia,2,0,,,84823
2006-12-05,Group stage,Barcelona,Bremen,2,0,,,84824
2006-12-05,Group stage,Sporting CP,Spartak Moskva,1,3,,,84825
2006-12-05,Group stage,Bayern Munchen,Inter,1,1,,,84826
2006-12-05,Group stage,Galatasaray,Liverpool,3,2,,,84827
2006-12-05,Group stage,PSV,Bordeaux,1,3,,,84828
2006-12-05,Group stage,Olympiacos,Shakhtar,1,1,,,84829
2006-12-05,Group stage,Roma,Valencia,1,0,,,84830
2006-12-06,Group stage,Dynamo Kyiv,Real Madrid,2,2,,,84831
2006-12-06,Group stage,Lyon,Steaua Bucuresti,1,1,,,84832
2006-12-06,Group stage,Man Utd,Benfica,3,1,,,84833
2006-12-06,Group stage,Copenhagen,Celtic,3,1,,,84834
2006-12-06,Group stage,Porto,Arsenal,0,0,,,84835
2006-12-06,Group stage,Hamburg,CSKA Moskva,3,2,,,84836
2006-12-06,Group stage,Anderlecht,AEK Athens,2,2,,,84837
2006-12-06,Group stage,Milan,Lille,0,2,,,84838
2007-02-20,First knock-out round,Celtic,Milan,0,0,,,85504
2007-02-20,First knock-out round,PSV,Arsenal,1,0,,,85506
2007-02-20,First knock-out round,Lille,Man Utd,0,1,,,85508
2007-02-20,First knock-out round,Real Madrid,Bayern Munchen,3,2,,,85510
2007-02-21,First knock-out round,Roma,Lyon,0,0,,,85512
2007-02-21,First knock-out round,Barcelona,Liverpool,1,2,,,85514
2007-02-21,First knock-out round,Porto,Chelsea,1,1,,,85516
2007-02-21,First knock-out round,Inter,Valencia,2,2,,,85518
2007-03-06,First knock-out round,Lyon,Roma,0,2,,,85513
2007-03-06,First knock-out round,Liverpool,Barcelona,0,1,,,85515
2007-03-06,First knock-out round,Chelsea,Porto,2,1,,,85517
2007-03-06,First knock-out round,Valencia,Inter,0,0,,,85519
2007-03-07,First knock-out round,Milan,Celtic,1,0,,,85505
2007-03-07,First knock-out round,Arsenal,PSV,1,1,,,85507
2007-03-07,First knock-out round,Man Utd,Lille,1,0,,,85509
2007-03-07,First knock-out round,Bayern Munchen,Real Madrid,2,1,,,85511
2007-04-03,Quarter-finals,Milan,Bayern Munchen,2,2,,,300128
2007-04-03,Quarter-finals,PSV,Liverpool,0,3,,,300130
2007-04-04,Quarter-finals,Roma,Man Utd,2,1,,,300132
2007-04-04,Quarter-finals,Chelsea,Valencia,1,1,,,300134
2007-04-10,Quarter-finals,Man Utd,Roma,7,1,,,300133
2007-04-10,Quarter-finals,Valencia,Chelsea,1,2,,,300135
2007-04-11,Quarter-finals,Bayern Munchen,Milan,0,2,,,300129
2007-04-11,Quarter-finals,Liverpool,PSV,1,0,,,300131
2007-04-24,Semi-finals,Man Utd,Milan,3,2,,,300138
2007-04-25,Semi-finals,Chelsea,Liverpool,1,0,,,300136
2007-05-01,Semi-finals,Liverpool,Chelsea,1,0,4,1,300137
2007-05-02,Semi-finals,Milan,Man Utd,3,0,,,300139
2007-05-23,Final,Milan,Liverpool,2,1,,,300099
2007-09-18,Group stage,Marseille,Besiktas,2,0,,,301167
2007-09-18,Group stage,Porto,Liverpool,1,1,,,301168
2007-09-18,Group stage,Chelsea,Rosenborg,1,1,,,301169
2007-09-18,Group stage,Schalke,Valencia,0,1,,,301170
2007-09-18,Group stage,Real Madrid,Bremen,2,1,,,301171
2007-09-18,Group stage,Olympiacos,Lazio,1,1,,,301172
2007-09-18,Group stage,Milan,Benfica,2,1,,,301173
2007-09-18,Group stage,Shakhtar,Celtic,2,0,,,301174
2007-09-19,Group stage,Rangers,Stuttgart,2,1,,,301159
2007-09-19,Group stage,Barcelona,Lyon,3,0,,,301160
2007-09-19,Group stage,Roma,Dynamo Kyiv,2,0,,,301161
2007-09-19,Group stage,Sporting CP,Man Utd,0,1,,,301162
2007-09-19,Group stage,PSV,CSKA Moskva,2,1,,,301163
2007-09-19,Group stage,Fenerbahce,Inter,1,0,,,301164
2007-09-19,Group stage,Arsenal,Sevilla,3,0,,,301165
2007-09-19,Group stage,Slavia Praha,Steaua Bucuresti,2,1,,,301166
2007-10-02,Group stage,CSKA Moskva,Fenerbahce,2,2,,,301188
2007-10-02,Group stage,Lyon,Rangers,0,3,,,301183
2007-10-02,Group stage,Stuttgart,Barcelona,0,2,,,301184
2007-10-02,Group stage,Man Utd,Roma,1,0,,,301185
2007-10-02,Group stage,Dynamo Kyiv,Sporting CP,1,2,,,301186
2007-10-02,Group stage,Inter,PSV,2,0,,,301187
2007-10-02,Group stage,Steaua Bucuresti,Arsenal,0,1,,,301189
2007-10-02,Group stage,Sevilla,Slavia Praha,4,2,,,301190
2007-10-03,Group stage,Liverpool,Marseille,0,1,,,301175
2007-10-03,Group stage,Besiktas,Porto,0,1,,,301176
2007-10-03,Group stage,Valencia,Chelsea,1,2,,,301177
2007-10-03,Group stage,Rosenborg,Schalke,0,2,,,301178
2007-10-03,Group stage,Lazio,Real Madrid,2,2,,,301179
2007-10-03,Group stage,Bremen,Olympiacos,1,3,,,301180
2007-10-03,Group stage,Celtic,Milan,2,1,,,301181
2007-10-03,Group stage,Benfica,Shakhtar,0,1,,,301182
2007-10-23,Group stage,CSKA Moskva,Inter,1,2,,,301203
2007-10-23,Group stage,Stuttgart,Lyon,0,2,,,301199
2007-10-23,Group stage,Rangers,Barcelona,0,0,,,301200
2007-10-23,Group stage,Dynamo Kyiv,Man Utd,2,4,,,301201
2007-10-23,Group stage,Roma,Sporting CP,2,1,,,301202
2007-10-23,Group stage,PSV,Fenerbahce,0,0,,,301204
2007-10-23,Group stage,Sevilla,Steaua Bucuresti,2,1,,,301205
2007-10-23,Group stage,Arsenal,Slavia Praha,7,0,,,301206
2007-10-24,Group stage,Besiktas,Liverpool,2,1,,,301191
2007-10-24,Group stage,Marseille,Porto,1,1,,,301192
2007-10-24,Group stage,Rosenborg,Valencia,2,0,,,301193
2007-10-24,Group stage,Chelsea,Schalke,2,0,,,301194
2007-10-24,Group stage,Bremen,Lazio,2,1,,,301195
2007-10-24,Group stage,Real Madrid,Olympiacos,4,2,,,301196
2007-10-24,Group stage,Benfica,Celtic,1,0,,,301197
2007-10-24,Group stage,Milan,Shakhtar,4,1,,,301198
2007-11-06,Group stage,Liverpool,Besiktas,8,0,,,301215
2007-11-06,Group stage,Porto,Marseille,2,1,,,301216
2007-11-06,Group stage,Valencia,Rosenborg,0,2,,,301217
2007-11-06,Group stage,Schalke,Chelsea,0,0,,,301218
2007-11-06,Group stage,Lazio,Bremen,2,1,,,301219
2007-11-06,Group stage,Olympiacos,Real Madrid,0,0,,,301220
2007-11-06,Group stage,Celtic,Benfica,1,0,,,301221
2007-11-06,Group stage,Shakhtar,Milan,0,3,,,301222
2007-11-07,Group stage,Lyon,Stuttgart,4,2,,,301207
2007-11-07,Group stage,Barcelona,Rangers,2,0,,,301208
2007-11-07,Group stage,Man Utd,Dynamo Kyiv,4,0,,,301209
2007-11-07,Group stage,Sporting CP,Roma,2,2,,,301210
2007-11-07,Group stage,Inter,CSKA Moskva,4,2,,,301211
2007-11-07,Group stage,Fenerbahce,PSV,2,0,,,301212
2007-11-07,Group stage,Steaua Bucuresti,Sevilla,0,2,,,301213
2007-11-07,Group stage,Slavia Praha,Arsenal,0,0,,,301214
2007-11-27,Group stage,CSKA Moskva,PSV,0,1,,,301235
2007-11-27,Group stage,Stuttgart,Rangers,3,2,,,301231
2007-11-27,Group stage,Lyon,Barcelona,2,2,,,301232
2007-11-27,Group stage,Dynamo Kyiv,Roma,1,4,,,301233
2007-11-27,Group stage,Man Utd,Sporting CP,2,1,,,301234
2007-11-27,Group stage,Inter,Fenerbahce,3,0,,,301236
2007-11-27,Group stage,Sevilla,Arsenal,3,1,,,301237
2007-11-27,Group stage,Steaua Bucuresti,Slavia Praha,1,1,,,301238
2007-11-28,Group stage,Besiktas,Marseille,2,1,,,301223
2007-11-28,Group stage,Liverpool,Porto,4,1,,,301224
2007-11-28,Group stage,Rosenborg,Chelsea,0,4,,,301225
2007-11-28,Group stage,Valencia,Schalke,0,0,,,301226
2007-11-28,Group stage,Bremen,Real Madrid,3,2,,,301227
2007-11-28,Group stage,Lazio,Olympiacos,1,2,,,301228
2007-11-28,Group stage,Benfica,Milan,1,1,,,301229
2007-11-28,Group stage,Celtic,Shakhtar,2,1,,,301230
2007-12-04,Group stage,Milan,Celtic,1,0,,,301253
2007-12-04,Group stage,Shakhtar,Benfica,1,2,,,301254
2007-12-11,Group stage,Marseille,Liverpool,0,4,,,301247
2007-12-11,Group stage,Porto,Besiktas,2,0,,,301248
2007-12-11,Group stage,Chelsea,Valencia,0,0,,,301249
2007-12-11,Group stage,Schalke,Rosenborg,3,1,,,301250
2007-12-11,Group stage,Real Madrid,Lazio,3,1,,,301251
2007-12-11,Group stage,Olympiacos,Bremen,3,0,,,301252
2007-12-12,Group stage,Rangers,Lyon,0,3,,,301239
2007-12-12,Group stage,Barcelona,Stuttgart,3,1,,,301240
2007-12-12,Group stage,Roma,Man Utd,1,1,,,301241
2007-12-12,Group stage,Sporting CP,Dynamo Kyiv,3,0,,,301242
2007-12-12,Group stage,PSV,Inter,0,1,,,301243
2007-12-12,Group stage,Fenerbahce,CSKA Moskva,3,1,,,301244
2007-12-12,Group stage,Arsenal,Steaua Bucuresti,2,1,,,301245
2007-12-12,Group stage,Slavia Praha,Sevilla,0,3,,,301246
2008-02-19,First knock-out round,Schalke,Porto,1,0,,,301889
2008-02-19,First knock-out round,Liverpool,Inter,2,0,,,301890
2008-02-19,First knock-out round,Roma,Real Madrid,2,1,,,301891
2008-02-19,First knock-out round,Olympiacos,Chelsea,0,0,,,301893
2008-02-20,First knock-out round,Celtic,Barcelona,2,3,,,301887
2008-02-20,First knock-out round,Lyon,Man Utd,1,1,,,301888
2008-02-20,First knock-out round,Arsenal,Milan,0,0,,,301892
2008-02-20,First knock-out round,Fenerbahce,Sevilla,3,2,,,301894
2008-03-04,First knock-out round,Milan,Arsenal,0,2,,,301896
2008-03-04,First knock-out round,Sevilla,Fenerbahce,3,2,2,3,301898
2008-03-04,First knock-out round,Barcelona,Celtic,1,0,,,301899
2008-03-04,First knock-out round,Man Utd,Lyon,1,0,,,301900
2008-03-05,First knock-out round,Real Madrid,Roma,1,2,,,301895
2008-03-05,First knock-out round,Chelsea,Olympiacos,3,0,,,301897
2008-03-05,First knock-out round,Porto,Schalke,1,0,1,4,301901
2008-03-11,First knock-out round,Inter,Liverpool,0,1,,,301902
2008-04-01,Quarter-finals,Roma,Man Utd,0,2,,,301904
2008-04-01,Quarter-finals,Schalke,Barcelona,0,1,,,301905
2008-04-02,Quarter-finals,Arsenal,Liverpool,1,1,,,301903
2008-04-02,Quarter-finals,Fenerbahce,Chelsea,2,1,,,301906
2008-04-08,Quarter-finals,Chelsea,Fenerbahce,2,0,,,301907
2008-04-08,Quarter-finals,Liverpool,Arsenal,4,2,,,301910
2008-04-09,Quarter-finals,Barcelona,Schalke,1,0,,,301908
2008-04-09,Quarter-finals,Man Utd,Roma,1,0,,,301909
2008-04-22,Semi-finals,Liverpool,Chelsea,1,1,,,301912
2008-04-23,Semi-finals,Barcelona,Man Utd,0,0,,,301911
2008-04-29,Semi-finals,Man Utd,Barcelona,1,0,,,301914
2008-04-30,Semi-finals,Chelsea,Liverpool,3,2,,,301913
2008-05-21,Final,Man Utd,Chelsea,1,1,6,5,301604
2008-09-16,Group stage,Chelsea,Bordeaux,4,0,,,302697
2008-09-16,Group stage,Roma,CFR Cluj,1,2,,,302698
2008-09-16,Group stage,Panathinaikos,Inter,0,2,,,302699
2008-09-16,Group stage,Bremen,Anorthosis,0,0,,,302700
2008-09-16,Group stage,Basel,Shakhtar,1,2,,,302701
2008-09-16,Group stage,Barcelona,Sporting CP,3,1,,,302702
2008-09-16,Group stage,PSV,Atleti,0,3,,,302703
2008-09-16,Group stage,Marseille,Liverpool,1,2,,,302704
2008-09-17,Group stage,Man Utd,Villarreal,0,0,,,302689
2008-09-17,Group stage,Celtic,AaB,0,0,,,302690
2008-09-17,Group stage,Steaua Bucuresti,Bayern Munchen,0,1,,,302691
2008-09-17,Group stage,Lyon,Fiorentina,2,2,,,302692
2008-09-17,Group stage,Porto,Fenerbahce,3,1,,,302693
2008-09-17,Group stage,Dynamo Kyiv,Arsenal,1,1,,,302694
2008-09-17,Group stage,Juventus,Zenit,1,0,,,302695
2008-09-17,Group stage,Real Madrid,BATE,2,0,,,302696
2008-09-30,Group stage,Zenit,Real Madrid,1,2,,,302720
2008-09-30,Group stage,AaB,Man Utd,0,3,,,302713
2008-09-30,Group stage,Villarreal,Celtic,1,0,,,302714
2008-09-30,Group stage,Fiorentina,Steaua Bucuresti,0,0,,,302715
2008-09-30,Group stage,Bayern Munchen,Lyon,1,1,,,302716
2008-09-30,Group stage,Arsenal,Porto,4,0,,,302717
2008-09-30,Group stage,Fenerbahce,Dynamo Kyiv,0,0,,,302718
2008-09-30,Group stage,BATE,Juventus,2,2,,,302719
2008-10-01,Group stage,CFR Cluj,Chelsea,0,0,,,302705
2008-10-01,Group stage,Bordeaux,Roma,1,3,,,302706
2008-10-01,Group stage,Anorthosis,Panathinaikos,3,1,,,302707
2008-10-01,Group stage,Inter,Bremen,1,1,,,302708
2008-10-01,Group stage,Sporting CP,Basel,2,0,,,302709
2008-10-01,Group stage,Shakhtar,Barcelona,1,2,,,302710
2008-10-01,Group stage,Liverpool,PSV,3,1,,,302711
2008-10-01,Group stage,Atleti,Marseille,2,1,,,302712
2008-10-21,Group stage,Zenit,BATE,1,1,,,302735
2008-10-21,Group stage,Villarreal,AaB,6,3,,,302729
2008-10-21,Group stage,Man Utd,Celtic,3,0,,,302730
2008-10-21,Group stage,Bayern Munchen,Fiorentina,3,0,,,302731
2008-10-21,Group stage,Steaua Bucuresti,Lyon,3,5,,,302732
2008-10-21,Group stage,Fenerbahce,Arsenal,2,5,,,302733
2008-10-21,Group stage,Porto,Dynamo Kyiv,0,1,,,302734
2008-10-21,Group stage,Juventus,Real Madrid,2,1,,,302736
2008-10-22,Group stage,Bordeaux,CFR Cluj,1,0,,,302721
2008-10-22,Group stage,Chelsea,Roma,1,0,,,302722
2008-10-22,Group stage,Inter,Anorthosis,1,0,,,302723
2008-10-22,Group stage,Panathinaikos,Bremen,2,2,,,302724
2008-10-22,Group stage,Shakhtar,Sporting CP,0,1,,,302725
2008-10-22,Group stage,Basel,Barcelona,0,5,,,302726
2008-10-22,Group stage,Atleti,Liverpool,1,1,,,302727
2008-10-22,Group stage,PSV,Marseille,2,0,,,302728
2008-11-04,Group stage,CFR Cluj,Bordeaux,1,2,,,302745
2008-11-04,Group stage,Roma,Chelsea,3,1,,,302746
2008-11-04,Group stage,Anorthosis,Inter,3,3,,,302747
2008-11-04,Group stage,Bremen,Panathinaikos,0,3,,,302748
2008-11-04,Group stage,Sporting CP,Shakhtar,1,0,,,302749
2008-11-04,Group stage,Barcelona,Basel,1,1,,,302750
2008-11-04,Group stage,Liverpool,Atleti,1,1,,,302751
2008-11-04,Group stage,Marseille,PSV,3,0,,,302752
2008-11-05,Group stage,AaB,Villarreal,2,2,,,302737
2008-11-05,Group stage,Celtic,Man Utd,1,1,,,302738
2008-11-05,Group stage,Fiorentina,Bayern Munchen,1,1,,,302739
2008-11-05,Group stage,Lyon,Steaua Bucuresti,2,0,,,302740
2008-11-05,Group stage,Arsenal,Fenerbahce,0,0,,,302741
2008-11-05,Group stage,Dynamo Kyiv,Porto,1,2,,,302742
2008-11-05,Group stage,BATE,Zenit,0,2,,,302743
2008-11-05,Group stage,Real Madrid,Juventus,0,2,,,302744
2008-11-25,Group stage,Zenit,Juventus,0,0,,,302767
2008-11-25,Group stage,Villarreal,Man Utd,0,0,,,302761
2008-11-25,Group stage,AaB,Celtic,2,1,,,302762
2008-11-25,Group stage,Bayern Munchen,Steaua Bucuresti,3,0,,,302763
2008-11-25,Group stage,Fiorentina,Lyon,1,2,,,302764
2008-11-25,Group stage,Fenerbahce,Porto,1,2,,,302765
2008-11-25,Group stage,Arsenal,Dynamo Kyiv,1,0,,,302766
2008-11-25,Group stage,BATE,Real Madrid,0,1,,,302768
2008-11-26,Group stage,Bordeaux,Chelsea,1,1,,,302753
2008-11-26,Group stage,CFR Cluj,Roma,1,3,,,302754
2008-11-26,Group stage,Inter,Panathinaikos,0,1,,,302755
2008-11-26,Group stage,Anorthosis,Bremen,2,2,,,302756
2008-11-26,Group stage,Shakhtar,Basel,5,0,,,302757
2008-11-26,Group stage,Sporting CP,Barcelona,2,5,,,302758
2008-11-26,Group stage,Atleti,PSV,2,1,,,302759
2008-11-26,Group stage,Liverpool,Marseille,1,0,,,302760
2008-12-09,Group stage,Chelsea,CFR Cluj,2,1,,,302777
2008-12-09,Group stage,Roma,Bordeaux,2,0,,,302778
2008-12-09,Group stage,Panathinaikos,Anorthosis,1,0,,,302779
2008-12-09,Group stage,Bremen,Inter,2,1,,,302780
2008-12-09,Group stage,Basel,Sporting CP,0,1,,,302781
2008-12-09,Group stage,Barcelona,Shakhtar,2,3,,,302782
2008-12-09,Group stage,PSV,Liverpool,1,3,,,302783
2008-12-09,Group stage,Marseille,Atleti,0,0,,,302784
2008-12-10,Group stage,Man Utd,AaB,2,2,,,302769
2008-12-10,Group stage,Celtic,Villarreal,2,0,,,302770
2008-12-10,Group stage,Steaua Bucuresti,Fiorentina,0,1,,,302771
2008-12-10,Group stage,Lyon,Bayern Munchen,2,3,,,302772
2008-12-10,Group stage,Porto,Arsenal,2,0,,,302773
2008-12-10,Group stage,Dynamo Kyiv,Fenerbahce,1,0,,,302774
2008-12-10,Group stage,Juventus,BATE,0,0,,,302775
2008-12-10,Group stage,Real Madrid,Zenit,3,0,,,302776
2009-02-24,First knock-out round,Atleti,Porto,2,2,,,302788
2009-02-24,First knock-out round,Lyon,Barcelona,1,1,,,302789
2009-02-24,First knock-out round,Arsenal,Roma,1,0,,,302791
2009-02-24,First knock-out round,Inter,Man Utd,0,0,,,302792
2009-02-25,First knock-out round,Chelsea,Juventus,1,0,,,302785
2009-02-25,First knock-out round,Villarreal,Panathinaikos,1,1,,,302786
2009-02-25,First knock-out round,Sporting CP,Bayern Munchen,0,5,,,302787
2009-02-25,First knock-out round,Real Madrid,Liverpool,0,1,,,302790
2009-03-10,First knock-out round,Liverpool,Real Madrid,4,0,,,302794
2009-03-10,First knock-out round,Juventus,Chelsea,2,2,,,302797
2009-03-10,First knock-out round,Panathinaikos,Villarreal,1,2,,,302798
2009-03-10,First knock-out round,Bayern Munchen,Sporting CP,7,1,,,302799
2009-03-11,First knock-out round,Barcelona,Lyon,5,2,,,302793
2009-03-11,First knock-out round,Roma,Arsenal,1,0,6,7,302795
2009-03-11,First knock-out round,Man Utd,Inter,2,0,,,302796
2009-03-11,First knock-out round,Porto,Atleti,0,0,,,302800
2009-04-07,Quarter-finals,Villarreal,Arsenal,1,1,,,302801
2009-04-07,Quarter-finals,Man Utd,Porto,2,2,,,302802
2009-04-08,Quarter-finals,Liverpool,Chelsea,1,3,,,302803
2009-04-08,Quarter-finals,Barcelona,Bayern Munchen,4,0,,,302804
2009-04-14,Quarter-finals,Chelsea,Liverpool,4,4,,,302805
2009-04-14,Quarter-finals,Bayern Munchen,Barcelona,1,1,,,302806
2009-04-15,Quarter-finals,Arsenal,Villarreal,3,0,,,302807
2009-04-15,Quarter-finals,Porto,Man Utd,0,1,,,302808
2009-04-28,Semi-finals,Barcelona,Chelsea,0,0,,,302809
2009-04-29,Semi-finals,Man Utd,Arsenal,1,0,,,302810
2009-05-05,Semi-finals,Arsenal,Man Utd,1,3,,,302811
2009-05-06,Semi-finals,Chelsea,Barcelona,1,1,,,302812
2009-05-27,Final,Barcelona,Man Utd,2,0,,,302813
2009-09-15,Group stage,Juventus,Bordeaux,1,1,,,2000372
2009-09-15,Group stage,Maccabi Haifa,Bayern Munchen,0,3,,,2000373
2009-09-15,Group stage,Zurich,Real Madrid,2,5,,,2000376
2009-09-15,Group stage,Marseille,Milan,1,2,,,2000377
2009-09-15,Group stage,Chelsea,Porto,1,0,,,2000378
2009-09-15,Group stage,Atleti,APOEL,0,0,,,2000379
2009-09-15,Group stage,Wolfsburg,CSKA Moskva,3,1,,,2000398
2009-09-15,Group stage,Besiktas,Man Utd,0,1,,,2000423
2009-09-16,Group stage,Liverpool,Debrecen,1,0,,,2000364
2009-09-16,Group stage,Lyon,Fiorentina,1,0,,,2000365
2009-09-16,Group stage,Inter,Barcelona,0,0,,,2000366
2009-09-16,Group stage,Dynamo Kyiv,Rubin,3,1,,,2000367
2009-09-16,Group stage,Stuttgart,Rangers,1,1,,,2000368
2009-09-16,Group stage,Sevilla,Unirea Urziceni,2,0,,,2000369
2009-09-16,Group stage,Olympiacos,AZ Alkmaar,1,0,,,2000370
2009-09-16,Group stage,Standard Liege,Arsenal,2,3,,,2000371
2009-09-29,Group stage,Rubin,Inter,1,1,,,2000390
2009-09-29,Group stage,Fiorentina,Liverpool,2,0,,,2000388
2009-09-29,Group stage,Debrecen,Lyon,0,4,,,2000389
2009-09-29,Group stage,Barcelona,Dynamo Kyiv,2,0,,,2000391
2009-09-29,Group stage,Unirea Urziceni,Stuttgart,1,1,,,2000392
2009-09-29,Group stage,Rangers,Sevilla,1,4,,,2000393
2009-09-29,Group stage,Arsenal,Olympiacos,2,0,,,2000394
2009-09-29,Group stage,AZ Alkmaar,Standard Liege,1,1,,,2000395
2009-09-30,Group stage,CSKA Moskva,Besiktas,2,1,,,2000431
2009-09-30,Group stage,Man Utd,Wolfsburg,2,1,,,2000374
2009-09-30,Group stage,Bayern Munchen,Juventus,0,0,,,2000380
2009-09-30,Group stage,Bordeaux,Maccabi Haifa,1,0,,,2000381
2009-09-30,Group stage,Milan,Zurich,0,1,,,2000384
2009-09-30,Group stage,Real Madrid,Marseille,3,0,,,2000385
2009-09-30,Group stage,APOEL,Chelsea,0,1,,,2000386
2009-09-30,Group stage,Porto,Atleti,2,0,,,2000387
2009-10-20,Group stage,Debrecen,Fiorentina,3,4,,,2000404
2009-10-20,Group stage,Liverpool,Lyon,1,2,,,2000405
2009-10-20,Group stage,Barcelona,Rubin,1,2,,,2000406
2009-10-20,Group stage,Inter,Dynamo Kyiv,2,2,,,2000407
2009-10-20,Group stage,Rangers,Unirea Urziceni,1,4,,,2000408
2009-10-20,Group stage,Stuttgart,Sevilla,1,3,,,2000409
2009-10-20,Group stage,AZ Alkmaar,Arsenal,1,1,,,2000410
2009-10-20,Group stage,Olympiacos,Standard Liege,2,1,,,2000411
2009-10-21,Group stage,CSKA Moskva,Man Utd,0,1,,,2000454
2009-10-21,Group stage,Bordeaux,Bayern Munchen,2,1,,,2000396
2009-10-21,Group stage,Juventus,Maccabi Haifa,1,0,,,2000397
2009-10-21,Group stage,Real Madrid,Milan,2,3,,,2000400
2009-10-21,Group stage,Zurich,Marseille,0,1,,,2000401
2009-10-21,Group stage,Porto,APOEL,2,1,,,2000402
2009-10-21,Group stage,Chelsea,Atleti,4,0,,,2000403
2009-10-21,Group stage,Wolfsburg,Besiktas,0,0,,,2000455
2009-11-03,Group stage,Man Utd,CSKA Moskva,3,3,,,2000382
2009-11-03,Group stage,Besiktas,Wolfsburg,0,3,,,2000383
2009-11-03,Group stage,Bayern Munchen,Bordeaux,0,2,,,2000420
2009-11-03,Group stage,Maccabi Haifa,Juventus,0,1,,,2000421
2009-11-03,Group stage,Milan,Real Madrid,1,1,,,2000424
2009-11-03,Group stage,Marseille,Zurich,6,1,,,2000425
2009-11-03,Group stage,APOEL,Porto,0,1,,,2000426
2009-11-03,Group stage,Atleti,Chelsea,2,2,,,2000427
2009-11-04,Group stage,Rubin,Barcelona,0,0,,,2000414
2009-11-04,Group stage,Fiorentina,Debrecen,5,2,,,2000412
2009-11-04,Group stage,Lyon,Liverpool,1,1,,,2000413
2009-11-04,Group stage,Dynamo Kyiv,Inter,1,2,,,2000415
2009-11-04,Group stage,Unirea Urziceni,Rangers,1,1,,,2000416
2009-11-04,Group stage,Sevilla,Stuttgart,1,1,,,2000417
2009-11-04,Group stage,Arsenal,AZ Alkmaar,4,1,,,2000418
2009-11-04,Group stage,Standard Liege,Olympiacos,2,0,,,2000419
2009-11-24,Group stage,Rubin,Dynamo Kyiv,0,0,,,2000439
2009-11-24,Group stage,Debrecen,Liverpool,0,1,,,2000436
2009-11-24,Group stage,Fiorentina,Lyon,1,0,,,2000437
2009-11-24,Group stage,Barcelona,Inter,2,0,,,2000438
2009-11-24,Group stage,Rangers,Stuttgart,0,2,,,2000440
2009-11-24,Group stage,Unirea Urziceni,Sevilla,1,0,,,2000441
2009-11-24,Group stage,AZ Alkmaar,Olympiacos,0,0,,,2000442
2009-11-24,Group stage,Arsenal,Standard Liege,2,0,,,2000443
2009-11-25,Group stage,CSKA Moskva,Wolfsburg,2,1,,,2000422
2009-11-25,Group stage,Man Utd,Besiktas,0,1,,,2000399
2009-11-25,Group stage,Bordeaux,Juventus,2,0,,,2000428
2009-11-25,Group stage,Bayern Munchen,Maccabi Haifa,1,0,,,2000429
2009-11-25,Group stage,Real Madrid,Zurich,1,0,,,2000432
2009-11-25,Group stage,Milan,Marseille,1,1,,,2000433
2009-11-25,Group stage,Porto,Chelsea,0,1,,,2000434
2009-11-25,Group stage,APOEL,Atleti,1,1,,,2000435
2009-12-08,Group stage,Besiktas,CSKA Moskva,1,2,,,2000375
2009-12-08,Group stage,Wolfsburg,Man Utd,1,3,,,2000430
2009-12-08,Group stage,Juventus,Bayern Munchen,1,4,,,2000452
2009-12-08,Group stage,Maccabi Haifa,Bordeaux,0,1,,,2000453
2009-12-08,Group stage,Zurich,Milan,1,1,,,2000456
2009-12-08,Group stage,Marseille,Real Madrid,1,3,,,2000457
2009-12-08,Group stage,Chelsea,APOEL,2,2,,,2000458
2009-12-08,Group stage,Atleti,Porto,0,3,,,2000459
2009-12-09,Group stage,Liverpool,Fiorentina,1,2,,,2000444
2009-12-09,Group stage,Lyon,Debrecen,4,0,,,2000445
2009-12-09,Group stage,Inter,Rubin,2,0,,,2000446
2009-12-09,Group stage,Dynamo Kyiv,Barcelona,1,2,,,2000447
2009-12-09,Group stage,Stuttgart,Unirea Urziceni,3,1,,,2000448
2009-12-09,Group stage,Sevilla,Rangers,1,0,,,2000449
2009-12-09,Group stage,Olympiacos,Arsenal,1,0,,,2000450
2009-12-09,Group stage,Standard Liege,AZ Alkmaar,1,1,,,2000451
2010-02-16,First knock-out round,Lyon,Real Madrid,1,0,,,2000465
2010-02-16,First knock-out round,Milan,Man Utd,2,3,,,2000467
2010-02-17,First knock-out round,Bayern Munchen,Fiorentina,2,1,,,2000463
2010-02-17,First knock-out round,Porto,Arsenal,2,1,,,2000466
2010-02-23,First knock-out round,Stuttgart,Barcelona,1,1,,,2000460
2010-02-23,First knock-out round,Olympiacos,Bordeaux,0,1,,,2000461
2010-02-24,First knock-out round,CSKA Moskva,Sevilla,1,1,,,2000464
2010-02-24,First knock-out round,Inter,Chelsea,2,1,,,2000462
2010-03-09,First knock-out round,Arsenal,Porto,5,0,,,2000470
2010-03-09,First knock-out round,Fiorentina,Bayern Munchen,3,2,,,2000475
2010-03-10,First knock-out round,Real Madrid,Lyon,1,1,,,2000469
2010-03-10,First knock-out round,Man Utd,Milan,4,0,,,2000471
2010-03-16,First knock-out round,Sevilla,CSKA Moskva,1,2,,,2000468
2010-03-16,First knock-out round,Chelsea,Inter,0,1,,,2000474
2010-03-17,First knock-out round,Barcelona,Stuttgart,4,0,,,2000472
2010-03-17,First knock-out round,Bordeaux,Olympiacos,2,1,,,2000473
2010-03-30,Quarter-finals,Lyon,Bordeaux,3,1,,,2000476
2010-03-30,Quarter-finals,Bayern Munchen,Man Utd,2,1,,,2000477
2010-03-31,Quarter-finals,Arsenal,Barcelona,2,2,,,2000478
2010-03-31,Quarter-finals,Inter,CSKA Moskva,1,0,,,2000479
2010-04-06,Quarter-finals,CSKA Moskva,Inter,0,1,,,2000481
2010-04-06,Quarter-finals,Barcelona,Arsenal,4,1,,,2000480
2010-04-07,Quarter-finals,Bordeaux,Lyon,1,0,,,2000482
2010-04-07,Quarter-finals,Man Utd,Bayern Munchen,3,2,,,2000483
2010-04-20,Semi-finals,Inter,Barcelona,3,1,,,2000487
2010-04-21,Semi-finals,Bayern Munchen,Lyon,1,0,,,2000486
2010-04-27,Semi-finals,Lyon,Bayern Munchen,0,3,,,2000485
2010-04-28,Semi-finals,Barcelona,Inter,1,0,,,2000484
2010-05-22,Final,Bayern Munchen,Inter,0,2,,,2000488
2010-09-14,Group stage,Twente,Inter,2,2,,,2002825
2010-09-14,Group stage,Bremen,Tottenham,2,2,,,2002826
2010-09-14,Group stage,Lyon,Schalke,1,0,,,2002827
2010-09-14,Group stage,Benfica,H. Tel-Aviv,2,0,,,2002828
2010-09-14,Group stage,Man Utd,Rangers,0,0,,,2002829
2010-09-14,Group stage,Bursaspor,Valencia,0,4,,,2002830
2010-09-14,Group stage,Barcelona,Panathinaikos,5,1,,,2002831
2010-09-14,Group stage,Copenhagen,Rubin,1,0,,,2002832
2010-09-15,Group stage,Bayern Munchen,Roma,2,0,,,2002817
2010-09-15,Group stage,CFR Cluj,Basel,2,1,,,2002818
2010-09-15,Group stage,Marseille,Spartak Moskva,0,1,,,2002819
2010-09-15,Group stage,Zilina,Chelsea,1,4,,,2002820
2010-09-15,Group stage,Real Madrid,Ajax,2,0,,,2002821
2010-09-15,Group stage,Milan,Auxerre,2,0,,,2002822
2010-09-15,Group stage,Arsenal,Braga,6,0,,,2002823
2010-09-15,Group stage,Shakhtar,Partizan,1,0,,,2002824
2010-09-28,Group stage,Spartak Moskva,Zilina,3,0,,,2002844
2010-09-28,Group stage,Basel,Bayern Munchen,1,2,,,2002841
2010-09-28,Group stage,Roma,CFR Cluj,2,1,,,2002842
2010-09-28,Group stage,Chelsea,Marseille,2,0,,,2002843
2010-09-28,Group stage,Auxerre,Real Madrid,0,1,,,2002845
2010-09-28,Group stage,Ajax,Milan,1,1,,,2002846
2010-09-28,Group stage,Partizan,Arsenal,1,3,,,2002847
2010-09-28,Group stage,Braga,Shakhtar,0,3,,,2002848
2010-09-29,Group stage,Rubin,Barcelona,1,1,,,2002839
2010-09-29,Group stage,Tottenham,Twente,4,1,,,2002833
2010-09-29,Group stage,Inter,Bremen,4,0,,,2002834
2010-09-29,Group stage,H. Tel-Aviv,Lyon,1,3,,,2002835
2010-09-29,Group stage,Schalke,Benfica,2,0,,,2002836
2010-09-29,Group stage,Valencia,Man Utd,0,1,,,2002837
2010-09-29,Group stage,Rangers,Bursaspor,1,0,,,2002838
2010-09-29,Group stage,Panathinaikos,Copenhagen,0,2,,,2002840
2010-10-19,Group stage,Spartak Moskva,Chelsea,0,2,,,2002859
2010-10-19,Group stage,Roma,Basel,1,3,,,2002857
2010-10-19,Group stage,Bayern Munchen,CFR Cluj,3,2,,,2002858
2010-10-19,Group stage,Marseille,Zilina,1,0,,,2002860
2010-10-19,Group stage,Ajax,Auxerre,2,1,,,2002861
2010-10-19,Group stage,Real Madrid,Milan,2,0,,,2002862
2010-10-19,Group stage,Braga,Partizan,2,0,,,2002863
2010-10-19,Group stage,Arsenal,Shakhtar,5,1,,,2002864
2010-10-20,Group stage,Inter,Tottenham,4,3,,,2002849
2010-10-20,Group stage,Twente,Bremen,1,1,,,2002850
2010-10-20,Group stage,Schalke,H. Tel-Aviv,3,1,,,2002851
2010-10-20,Group stage,Lyon,Benfica,2,0,,,2002852
2010-10-20,Group stage,Rangers,Valencia,1,1,,,2002853
2010-10-20,Group stage,Man Utd,Bursaspor,1,0,,,2002854
2010-10-20,Group stage,Panathinaikos,Rubin,0,0,,,2002855
2010-10-20,Group stage,Barcelona,Copenhagen,2,0,,,2002856
2010-11-02,Group stage,Rubin,Panathinaikos,0,0,,,2002879
2010-11-02,Group stage,Tottenham,Inter,3,1,,,2002873
2010-11-02,Group stage,Bremen,Twente,0,2,,,2002874
2010-11-02,Group stage,H. Tel-Aviv,Schalke,0,0,,,2002875
2010-11-02,Group stage,Benfica,Lyon,4,3,,,2002876
2010-11-02,Group stage,Valencia,Rangers,3,0,,,2002877
2010-11-02,Group stage,Bursaspor,Man Utd,0,3,,,2002878
2010-11-02,Group stage,Copenhagen,Barcelona,1,1,,,2002880
2010-11-03,Group stage,Basel,Roma,2,3,,,2002865
2010-11-03,Group stage,CFR Cluj,Bayern Munchen,0,4,,,2002866
2010-11-03,Group stage,Chelsea,Spartak Moskva,4,1,,,2002867
2010-11-03,Group stage,Zilina,Marseille,0,7,,,2002868
2010-11-03,Group stage,Auxerre,Ajax,2,1,,,2002869
2010-11-03,Group stage,Milan,Real Madrid,2,2,,,2002870
2010-11-03,Group stage,Partizan,Braga,0,1,,,2002871
2010-11-03,Group stage,Shakhtar,Arsenal,2,1,,,2002872
2010-11-23,Group stage,Spartak Moskva,Marseille,0,3,,,2002891
2010-11-23,Group stage,Roma,Bayern Munchen,3,2,,,2002889
2010-11-23,Group stage,Basel,CFR Cluj,1,0,,,2002890
2010-11-23,Group stage,Chelsea,Zilina,2,1,,,2002892
2010-11-23,Group stage,Ajax,Real Madrid,0,4,,,2002893
2010-11-23,Group stage,Auxerre,Milan,0,2,,,2002894
2010-11-23,Group stage,Braga,Arsenal,2,0,,,2002895
2010-11-23,Group stage,Partizan,Shakhtar,0,3,,,2002896
2010-11-24,Group stage,Rubin,Copenhagen,1,0,,,2002888
2010-11-24,Group stage,Inter,Twente,1,0,,,2002881
2010-11-24,Group stage,Tottenham,Bremen,3,0,,,2002882
2010-11-24,Group stage,Schalke,Lyon,3,0,,,2002883
2010-11-24,Group stage,H. Tel-Aviv,Benfica,3,0,,,2002884
2010-11-24,Group stage,Rangers,Man Utd,0,1,,,2002885
2010-11-24,Group stage,Valencia,Bursaspor,6,1,,,2002886
2010-11-24,Group stage,Panathinaikos,Barcelona,0,3,,,2002887
2010-12-07,Group stage,Twente,Tottenham,3,3,,,2002905
2010-12-07,Group stage,Bremen,Inter,3,0,,,2002906
2010-12-07,Group stage,Lyon,H. Tel-Aviv,2,2,,,2002907
2010-12-07,Group stage,Benfica,Schalke,1,2,,,2002908
2010-12-07,Group stage,Man Utd,Valencia,1,1,,,2002909
2010-12-07,Group stage,Bursaspor,Rangers,1,1,,,2002910
2010-12-07,Group stage,Barcelona,Rubin,2,0,,,2002911
2010-12-07,Group stage,Copenhagen,Panathinaikos,3,1,,,2002912
2010-12-08,Group stage,Bayern Munchen,Basel,3,0,,,2002897
2010-12-08,Group stage,CFR Cluj,Roma,1,1,,,2002898
2010-12-08,Group stage,Marseille,Chelsea,1,0,,,2002899
2010-12-08,Group stage,Zilina,Spartak Moskva,1,2,,,2002900
2010-12-08,Group stage,Real Madrid,Auxerre,4,0,,,2002901
2010-12-08,Group stage,Milan,Ajax,0,2,,,2002902
2010-12-08,Group stage,Arsenal,Partizan,3,1,,,2002903
2010-12-08,Group stage,Shakhtar,Braga,2,0,,,2002904
2011-02-15,Round of 16,Milan,Tottenham,0,1,,,2003752
2011-02-15,Round of 16,Valencia,Schalke,1,1,,,2003755
2011-02-16,Round of 16,Roma,Shakhtar,2,3,,,2003751
2011-02-16,Round of 16,Arsenal,Barcelona,2,1,,,2003758
2011-02-22,Round of 16,Copenhagen,Chelsea,0,2,,,2003754
2011-02-22,Round of 16,Lyon,Real Madrid,1,1,,,2003757
2011-02-23,Round of 16,Marseille,Man Utd,0,0,,,2003753
2011-02-23,Round of 16,Inter,Bayern Munchen,0,1,,,2003756
2011-03-08,Round of 16,Shakhtar,Roma,3,0,,,2003761
2011-03-08,Round of 16,Barcelona,Arsenal,3,1,,,2003764
2011-03-09,Round of 16,Tottenham,Milan,0,0,,,2003762
2011-03-09,Round of 16,Schalke,Valencia,3,1,,,2003765
2011-03-15,Round of 16,Man Utd,Marseille,2,1,,,2003759
2011-03-15,Round of 16,Bayern Munchen,Inter,2,3,,,2003766
2011-03-16,Round of 16,Chelsea,Copenhagen,0,0,,,2003760
2011-03-16,Round of 16,Real Madrid,Lyon,3,0,,,2003763
2011-04-05,Quarter-finals,Real Madrid,Tottenham,4,0,,,2007730
2011-04-05,Quarter-finals,Inter,Schalke,2,5,,,2007733
2011-04-06,Quarter-finals,Chelsea,Man Utd,0,1,,,2007731
2011-04-06,Quarter-finals,Barcelona,Shakhtar,5,1,,,2007732
2011-04-12,Quarter-finals,Shakhtar,Barcelona,0,1,,,2007734
2011-04-12,Quarter-finals,Man Utd,Chelsea,2,1,,,2007737
2011-04-13,Quarter-finals,Schalke,Inter,2,1,,,2007735
2011-04-13,Quarter-finals,Tottenham,Real Madrid,0,1,,,2007736
2011-04-26,Semi-finals,Schalke,Man Utd,0,2,,,2007743
2011-04-27,Semi-finals,Real Madrid,Barcelona,0,2,,,2007742
2011-05-03,Semi-finals,Barcelona,Real Madrid,1,1,,,2007745
2011-05-04,Semi-finals,Man Utd,Schalke,4,1,,,2007744
2011-05-28,Final,Barcelona,Man Utd,3,1,,,2003352
2011-09-13,Group stage,Chelsea,Leverkusen,2,0,,,2007569
2011-09-13,Group stage,Genk,Valencia,0,0,,,2007570
2011-09-13,Group stage,Olympiacos,Marseille,0,1,,,2007571
2011-09-13,Group stage,B. Dortmund,Arsenal,1,1,,,2007572
2011-09-13,Group stage,Porto,Shakhtar,2,1,,,2007573
2011-09-13,Group stage,APOEL,Zenit,2,1,,,2007574
2011-09-13,Group stage,Barcelona,Milan,2,2,,,2007575
2011-09-13,Group stage,Viktoria Plzen,BATE,1,1,,,2007576
2011-09-14,Group stage,Man City,Napoli,1,1,,,2007577
2011-09-14,Group stage,Villarreal,Bayern Munchen,0,2,,,2007578
2011-09-14,Group stage,Lille,CSKA Moskva,2,2,,,2007579
2011-09-14,Group stage,Inter,Trabzonspor,0,1,,,2007580
2011-09-14,Group stage,Basel,Otelul,2,1,,,2007581
2011-09-14,Group stage,Benfica,Man Utd,1,1,,,2007582
2011-09-14,Group stage,GNK Dinamo,Real Madrid,0,1,,,2007583
2011-09-14,Group stage,Ajax,Lyon,0,0,,,2007584
2011-09-27,Group stage,CSKA Moskva,Inter,2,3,,,2007588
2011-09-27,Group stage,Bayern Munchen,Man City,2,0,,,2007585
2011-09-27,Group stage,Napoli,Villarreal,2,0,,,2007586
2011-09-27,Group stage,Trabzonspor,Lille,1,1,,,2007587
2011-09-27,Group stage,Man Utd,Basel,3,3,,,2007589
2011-09-27,Group stage,Otelul,Benfica,0,1,,,2007590
2011-09-27,Group stage,Lyon,GNK Dinamo,2,0,,,2007591
2011-09-27,Group stage,Real Madrid,Ajax,3,0,,,2007592
2011-09-28,Group stage,Zenit,Porto,3,1,,,2007597
2011-09-28,Group stage,Valencia,Chelsea,1,1,,,2007593
2011-09-28,Group stage,Leverkusen,Genk,2,0,,,2007594
2011-09-28,Group stage,Arsenal,Olympiacos,2,1,,,2007595
2011-09-28,Group stage,Marseille,B. Dortmund,3,0,,,2007596
2011-09-28,Group stage,Shakhtar,APOEL,1,1,,,2007598
2011-09-28,Group stage,BATE,Barcelona,0,5,,,2007599
2011-09-28,Group stage,Milan,Viktoria Plzen,2,0,,,2007600
2011-10-18,Group stage,CSKA Moskva,Trabzonspor,3,0,,,2007603
2011-10-18,Group stage,Napoli,Bayern Munchen,1,1,,,2007601
2011-10-18,Group stage,Man City,Villarreal,2,1,,,2007602
2011-10-18,Group stage,Lille,Inter,0,1,,,2007604
2011-10-18,Group stage,Otelul,Man Utd,0,2,,,2007605
2011-10-18,Group stage,Basel,Benfica,0,2,,,2007606
2011-10-18,Group stage,Real Madrid,Lyon,4,0,,,2007607
2011-10-18,Group stage,GNK Dinamo,Ajax,0,2,,,2007608
2011-10-19,Group stage,Leverkusen,Valencia,2,1,,,2007609
2011-10-19,Group stage,Chelsea,Genk,5,0,,,2007610
2011-10-19,Group stage,Marseille,Arsenal,0,1,,,2007611
2011-10-19,Group stage,Olympiacos,B. Dortmund,3,1,,,2007612
2011-10-19,Group stage,Shakhtar,Zenit,2,2,,,2007613
2011-10-19,Group stage,Porto,APOEL,1,1,,,2007614
2011-10-19,Group stage,Milan,BATE,2,0,,,2007615
2011-10-19,Group stage,Barcelona,Viktoria Plzen,2,0,,,2007616
2011-11-01,Group stage,Zenit,Shakhtar,1,0,,,2007621
2011-11-01,Group stage,BATE,Milan,1,1,,,2007623
2011-11-01,Group stage,Valencia,Leverkusen,3,1,,,2007617
2011-11-01,Group stage,Genk,Chelsea,1,1,,,2007618
2011-11-01,Group stage,Arsenal,Marseille,0,0,,,2007619
2011-11-01,Group stage,B. Dortmund,Olympiacos,1,0,,,2007620
2011-11-01,Group stage,APOEL,Porto,2,1,,,2007622
2011-11-01,Group stage,Viktoria Plzen,Barcelona,0,4,,,2007624
2011-11-02,Group stage,Bayern Munchen,Napoli,3,2,,,2007625
2011-11-02,Group stage,Villarreal,Man City,0,3,,,2007626
2011-11-02,Group stage,Trabzonspor,CSKA Moskva,0,0,,,2007627
2011-11-02,Group stage,Inter,Lille,2,1,,,2007628
2011-11-02,Group stage,Man Utd,Otelul,2,0,,,2007629
2011-11-02,Group stage,Benfica,Basel,1,1,,,2007630
2011-11-02,Group stage,Lyon,Real Madrid,0,2,,,2007631
2011-11-02,Group stage,Ajax,GNK Dinamo,4,0,,,2007632
2011-11-22,Group stage,CSKA Moskva,Lille,0,2,,,2007635
2011-11-22,Group stage,Napoli,Man City,2,1,,,2007633
2011-11-22,Group stage,Bayern Munchen,Villarreal,3,1,,,2007634
2011-11-22,Group stage,Trabzonspor,Inter,1,1,,,2007636
2011-11-22,Group stage,Otelul,Basel,2,3,,,2007637
2011-11-22,Group stage,Man Utd,Benfica,2,2,,,2007638
2011-11-22,Group stage,Real Madrid,GNK Dinamo,6,2,,,2007639
2011-11-22,Group stage,Lyon,Ajax,0,0,,,2007640
2011-11-23,Group stage,Zenit,APOEL,0,0,,,2007646
2011-11-23,Group stage,BATE,Viktoria Plzen,0,1,,,2007648
2011-11-23,Group stage,Leverkusen,Chelsea,2,1,,,2007641
2011-11-23,Group stage,Valencia,Genk,7,0,,,2007642
2011-11-23,Group stage,Marseille,Olympiacos,0,1,,,2007643
2011-11-23,Group stage,Arsenal,B. Dortmund,2,1,,,2007644
2011-11-23,Group stage,Shakhtar,Porto,0,2,,,2007645
2011-11-23,Group stage,Milan,Barcelona,2,3,,,2007647
2011-12-06,Group stage,Chelsea,Valencia,3,0,,,2007649
2011-12-06,Group stage,Genk,Leverkusen,1,1,,,2007650
2011-12-06,Group stage,Olympiacos,Arsenal,3,1,,,2007651
2011-12-06,Group stage,B. Dortmund,Marseille,2,3,,,2007652
2011-12-06,Group stage,Porto,Zenit,0,0,,,2007653
2011-12-06,Group stage,APOEL,Shakhtar,0,2,,,2007654
2011-12-06,Group stage,Barcelona,BATE,4,0,,,2007655
2011-12-06,Group stage,Viktoria Plzen,Milan,2,2,,,2007656
2011-12-07,Group stage,Man City,Bayern Munchen,2,0,,,2007657
2011-12-07,Group stage,Villarreal,Napoli,0,2,,,2007658
2011-12-07,Group stage,Lille,Trabzonspor,0,0,,,2007659
2011-12-07,Group stage,Inter,CSKA Moskva,1,2,,,2007660
2011-12-07,Group stage,Basel,Man Utd,2,1,,,2007661
2011-12-07,Group stage,Benfica,Otelul,1,0,,,2007662
2011-12-07,Group stage,GNK Dinamo,Lyon,1,7,,,2007663
2011-12-07,Group stage,Ajax,Real Madrid,0,3,,,2007664
2012-02-14,Round of 16,Lyon,APOEL,1,0,,,2007665
2012-02-14,Round of 16,Leverkusen,Barcelona,1,3,,,2007671
2012-02-15,Round of 16,Zenit,Benfica,3,2,,,2007667
2012-02-15,Round of 16,Milan,Arsenal,4,0,,,2007669
2012-02-21,Round of 16,CSKA Moskva,Real Madrid,1,1,,,2007672
2012-02-21,Round of 16,Napoli,Chelsea,3,1,,,2007666
2012-02-22,Round of 16,Marseille,Inter,1,0,,,2007668
2012-02-22,Round of 16,Basel,Bayern Munchen,1,0,,,2007670
2012-03-06,Round of 16,Benfica,Zenit,2,0,,,2007673
2012-03-06,Round of 16,Arsenal,Milan,3,0,,,2007679
2012-03-07,Round of 16,APOEL,Lyon,1,0,4,3,2007675
2012-03-07,Round of 16,Barcelona,Leverkusen,7,1,,,2007677
2012-03-13,Round of 16,Inter,Marseille,2,1,,,2007674
2012-03-13,Round of 16,Bayern Munchen,Basel,7,0,,,2007680
2012-03-14,Round of 16,Chelsea,Napoli,4,1,,,2007676
2012-03-14,Round of 16,Real Madrid,CSKA Moskva,4,1,,,2007678
2012-03-27,Quarter-finals,APOEL,Real Madrid,0,3,,,2007681
2012-03-27,Quarter-finals,Benfica,Chelsea,0,1,,,2007683
2012-03-28,Quarter-finals,Marseille,Bayern Munchen,0,2,,,2007682
2012-03-28,Quarter-finals,Milan,Barcelona,0,0,,,2007686
2012-04-03,Quarter-finals,Barcelona,Milan,3,1,,,2007684
2012-04-03,Quarter-finals,Bayern Munchen,Marseille,2,0,,,2007688
2012-04-04,Quarter-finals,Chelsea,Benfica,2,1,,,2007685
2012-04-04,Quarter-finals,Real Madrid,APOEL,5,2,,,2007687
2012-04-17,Semi-finals,Bayern Munchen,Real Madrid,2,1,,,2007690
2012-04-18,Semi-finals,Chelsea,Barcelona,1,0,,,2007689
2012-04-24,Semi-finals,Barcelona,Chelsea,2,2,,,2007692
2012-04-25,Semi-finals,Real Madrid,Bayern Munchen,2,1,1,3,2007691
2012-05-19,Final,Bayern Munchen,Chelsea,1,1,3,4,2007693
2012-09-18,Group stage,GNK Dinamo,Porto,0,2,,,2009496
2012-09-18,Group stage,Paris,Dynamo Kyiv,4,1,,,2009497
2012-09-18,Group stage,Montpellier,Arsenal,1,2,,,2009498
2012-09-18,Group stage,Olympiacos,Schalke,1,2,,,2009499
2012-09-18,Group stage,Malaga,Zenit,3,0,,,2009500
2012-09-18,Group stage,Milan,Anderlecht,0,0,,,2009501
2012-09-18,Group stage,B. Dortmund,Ajax,1,0,,,2009502
2012-09-18,Group stage,Real Madrid,Man City,3,2,,,2009503
2012-09-19,Group stage,Shakhtar,Nordsjlland,2,0,,,2009488
2012-09-19,Group stage,Chelsea,Juventus,2,2,,,2009489
2012-09-19,Group stage,Lille,BATE,1,3,,,2009490
2012-09-19,Group stage,Bayern Munchen,Valencia,2,1,,,2009491
2012-09-19,Group stage,Barcelona,Spartak Moskva,3,2,,,2009492
2012-09-19,Group stage,Celtic,Benfica,0,0,,,2009493
2012-09-19,Group stage,Man Utd,Galatasaray,1,0,,,2009494
2012-09-19,Group stage,Braga,CFR Cluj,0,2,,,2009495
2012-10-02,Group stage,Spartak Moskva,Celtic,2,3,,,2009517
2012-10-02,Group stage,Juventus,Shakhtar,1,1,,,2009512
2012-10-02,Group stage,Nordsjlland,Chelsea,0,4,,,2009513
2012-10-02,Group stage,Valencia,Lille,2,0,,,2009514
2012-10-02,Group stage,BATE,Bayern Munchen,3,1,,,2009515
2012-10-02,Group stage,Benfica,Barcelona,0,2,,,2009516
2012-10-02,Group stage,CFR Cluj,Man Utd,1,2,,,2009518
2012-10-02,Group stage,Galatasaray,Braga,0,2,,,2009519
2012-10-03,Group stage,Zenit,Milan,2,3,,,2009509
2012-10-03,Group stage,Dynamo Kyiv,GNK Dinamo,2,0,,,2009504
2012-10-03,Group stage,Porto,Paris,1,0,,,2009505
2012-10-03,Group stage,Schalke,Montpellier,2,2,,,2009506
2012-10-03,Group stage,Arsenal,Olympiacos,3,1,,,2009507
2012-10-03,Group stage,Anderlecht,Malaga,0,3,,,2009508
2012-10-03,Group stage,Man City,B. Dortmund,1,1,,,2009510
2012-10-03,Group stage,Ajax,Real Madrid,1,4,,,2009511
2012-10-23,Group stage,Spartak Moskva,Benfica,2,1,,,2009532
2012-10-23,Group stage,Nordsjlland,Juventus,1,1,,,2009528
2012-10-23,Group stage,Shakhtar,Chelsea,2,1,,,2009529
2012-10-23,Group stage,BATE,Valencia,0,3,,,2009530
2012-10-23,Group stage,Lille,Bayern Munchen,0,1,,,2009531
2012-10-23,Group stage,Barcelona,Celtic,2,1,,,2009533
2012-10-23,Group stage,Galatasaray,CFR Cluj,1,1,,,2009534
2012-10-23,Group stage,Man Utd,Braga,3,2,,,2009535
2012-10-24,Group stage,Zenit,Anderlecht,1,0,,,2009524
2012-10-24,Group stage,Porto,Dynamo Kyiv,3,2,,,2009520
2012-10-24,Group stage,GNK Dinamo,Paris,0,2,,,2009521
2012-10-24,Group stage,Arsenal,Schalke,0,2,,,2009522
2012-10-24,Group stage,Montpellier,Olympiacos,1,2,,,2009523
2012-10-24,Group stage,Malaga,Milan,1,0,,,2009525
2012-10-24,Group stage,Ajax,Man City,3,1,,,2009526
2012-10-24,Group stage,B. Dortmund,Real Madrid,2,1,,,2009527
2012-11-06,Group stage,Dynamo Kyiv,Porto,0,0,,,2009544
2012-11-06,Group stage,Paris,GNK Dinamo,4,0,,,2009545
2012-11-06,Group stage,Schalke,Arsenal,2,2,,,2009546
2012-11-06,Group stage,Olympiacos,Montpellier,3,1,,,2009547
2012-11-06,Group stage,Anderlecht,Zenit,1,0,,,2009548
2012-11-06,Group stage,Milan,Malaga,1,1,,,2009549
2012-11-06,Group stage,Man City,Ajax,2,2,,,2009550
2012-11-06,Group stage,Real Madrid,B. Dortmund,2,2,,,2009551
2012-11-07,Group stage,Juventus,Nordsjlland,4,0,,,2009536
2012-11-07,Group stage,Chelsea,Shakhtar,3,2,,,2009537
2012-11-07,Group stage,Valencia,BATE,4,2,,,2009538
2012-11-07,Group stage,Bayern Munchen,Lille,6,1,,,2009539
2012-11-07,Group stage,Benfica,Spartak Moskva,2,0,,,2009540
2012-11-07,Group stage,Celtic,Barcelona,2,1,,,2009541
2012-11-07,Group stage,CFR Cluj,Galatasaray,1,3,,,2009542
2012-11-07,Group stage,Braga,Man Utd,1,3,,,2009543
2012-11-20,Group stage,BATE,Lille,0,2,,,2009562
2012-11-20,Group stage,Spartak Moskva,Barcelona,0,3,,,2009564
2012-11-20,Group stage,Nordsjlland,Shakhtar,2,5,,,2009560
2012-11-20,Group stage,Juventus,Chelsea,3,0,,,2009561
2012-11-20,Group stage,Valencia,Bayern Munchen,1,1,,,2009563
2012-11-20,Group stage,Benfica,Celtic,2,1,,,2009565
2012-11-20,Group stage,Galatasaray,Man Utd,1,0,,,2009566
2012-11-20,Group stage,CFR Cluj,Braga,3,1,,,2009567
2012-11-21,Group stage,Zenit,Malaga,2,2,,,2009556
2012-11-21,Group stage,Porto,GNK Dinamo,3,0,,,2009552
2012-11-21,Group stage,Dynamo Kyiv,Paris,0,2,,,2009553
2012-11-21,Group stage,Arsenal,Montpellier,2,0,,,2009554
2012-11-21,Group stage,Schalke,Olympiacos,1,0,,,2009555
2012-11-21,Group stage,Anderlecht,Milan,1,3,,,2009557
2012-11-21,Group stage,Ajax,B. Dortmund,1,4,,,2009558
2012-11-21,Group stage,Man City,Real Madrid,1,1,,,2009559
2012-12-04,Group stage,GNK Dinamo,Dynamo Kyiv,1,1,,,2009576
2012-12-04,Group stage,Paris,Porto,2,1,,,2009577
2012-12-04,Group stage,Montpellier,Schalke,1,1,,,2009578
2012-12-04,Group stage,Olympiacos,Arsenal,2,1,,,2009579
2012-12-04,Group stage,Malaga,Anderlecht,2,2,,,2009580
2012-12-04,Group stage,Milan,Zenit,0,1,,,2009581
2012-12-04,Group stage,B. Dortmund,Man City,1,0,,,2009582
2012-12-04,Group stage,Real Madrid,Ajax,4,1,,,2009583
2012-12-05,Group stage,Shakhtar,Juventus,0,1,,,2009568
2012-12-05,Group stage,Chelsea,Nordsjlland,6,1,,,2009569
2012-12-05,Group stage,Lille,Valencia,0,1,,,2009570
2012-12-05,Group stage,Bayern Munchen,BATE,4,1,,,2009571
2012-12-05,Group stage,Barcelona,Benfica,0,0,,,2009572
2012-12-05,Group stage,Celtic,Spartak Moskva,2,1,,,2009573
2012-12-05,Group stage,Man Utd,CFR Cluj,0,1,,,2009574
2012-12-05,Group stage,Braga,Galatasaray,1,2,,,2009575
2013-02-12,Round of 16,Celtic,Juventus,0,3,,,2009585
2013-02-12,Round of 16,Valencia,Paris,1,2,,,2009586
2013-02-13,Round of 16,Shakhtar,B. Dortmund,2,2,,,2009589
2013-02-13,Round of 16,Real Madrid,Man Utd,1,1,,,2009591
2013-02-19,Round of 16,Porto,Malaga,1,0,,,2009587
2013-02-19,Round of 16,Arsenal,Bayern Munchen,1,3,,,2009588
2013-02-20,Round of 16,Galatasaray,Schalke,1,1,,,2009584
2013-02-20,Round of 16,Milan,Barcelona,2,0,,,2009590
2013-03-05,Round of 16,Man Utd,Real Madrid,1,2,,,2009597
2013-03-05,Round of 16,B. Dortmund,Shakhtar,3,0,,,2009599
2013-03-06,Round of 16,Paris,Valencia,1,1,,,2009592
2013-03-06,Round of 16,Juventus,Celtic,2,0,,,2009595
2013-03-12,Round of 16,Schalke,Galatasaray,2,3,,,2009594
2013-03-12,Round of 16,Barcelona,Milan,4,0,,,2009596
2013-03-13,Round of 16,Malaga,Porto,2,0,,,2009593
2013-03-13,Round of 16,Bayern Munchen,Arsenal,0,2,,,2009598
2013-04-02,Quarter-finals,Paris,Barcelona,2,2,,,2009602
2013-04-02,Quarter-finals,Bayern Munchen,Juventus,2,0,,,2009603
2013-04-03,Quarter-finals,Malaga,B. Dortmund,0,0,,,2009600
2013-04-03,Quarter-finals,Real Madrid,Galatasaray,3,0,,,2009601
2013-04-09,Quarter-finals,B. Dortmund,Malaga,3,2,,,2009606
2013-04-09,Quarter-finals,Galatasaray,Real Madrid,3,2,,,2009607
2013-04-10,Quarter-finals,Barcelona,Paris,1,1,,,2009604
2013-04-10,Quarter-finals,Juventus,Bayern Munchen,0,2,,,2009605
2013-04-23,Semi-finals,Bayern Munchen,Barcelona,4,0,,,2009609
2013-04-24,Semi-finals,B. Dortmund,Real Madrid,4,1,,,2009608
2013-04-30,Semi-finals,Real Madrid,B. Dortmund,2,0,,,2009611
2013-05-01,Semi-finals,Barcelona,Bayern Munchen,0,3,,,2009610
2013-05-25,Final,B. Dortmund,Bayern Munchen,1,2,,,2009612
2013-09-17,Group stage,Man Utd,Leverkusen,4,2,,,2011767
2013-09-17,Group stage,Real Sociedad,Shakhtar,0,2,,,2011768
2013-09-17,Group stage,Galatasaray,Real Madrid,1,6,,,2011769
2013-09-17,Group stage,Copenhagen,Juventus,1,1,,,2011770
2013-09-17,Group stage,Benfica,Anderlecht,2,0,,,2011771
2013-09-17,Group stage,Olympiacos,Paris,1,4,,,2011772
2013-09-17,Group stage,Bayern Munchen,CSKA Moskva,3,0,,,2011773
2013-09-17,Group stage,Viktoria Plzen,Man City,0,3,,,2011774
2013-09-18,Group stage,Schalke,Steaua Bucuresti,3,0,,,2011759
2013-09-18,Group stage,Chelsea,Basel,1,2,,,2011760
2013-09-18,Group stage,Marseille,Arsenal,1,2,,,2011761
2013-09-18,Group stage,Napoli,B. Dortmund,2,1,,,2011762
2013-09-18,Group stage,Austria Wien,Porto,0,1,,,2011763
2013-09-18,Group stage,Atleti,Zenit,3,1,,,2011764
2013-09-18,Group stage,Milan,Celtic,2,0,,,2011765
2013-09-18,Group stage,Barcelona,Ajax,4,0,,,2011766
2013-10-01,Group stage,Zenit,Austria Wien,0,0,,,2011787
2013-10-01,Group stage,Basel,Schalke,0,1,,,2011783
2013-10-01,Group stage,Steaua Bucuresti,Chelsea,0,4,,,2011784
2013-10-01,Group stage,B. Dortmund,Marseille,3,0,,,2011785
2013-10-01,Group stage,Arsenal,Napoli,2,0,,,2011786
2013-10-01,Group stage,Porto,Atleti,1,2,,,2011788
2013-10-01,Group stage,Ajax,Milan,1,1,,,2011789
2013-10-01,Group stage,Celtic,Barcelona,0,1,,,2011790
2013-10-02,Group stage,CSKA Moskva,Viktoria Plzen,3,2,,,2011782
2013-10-02,Group stage,Shakhtar,Man Utd,1,1,,,2011775
2013-10-02,Group stage,Leverkusen,Real Sociedad,2,1,,,2011776
2013-10-02,Group stage,Juventus,Galatasaray,2,2,,,2011777
2013-10-02,Group stage,Real Madrid,Copenhagen,4,0,,,2011778
2013-10-02,Group stage,Paris,Benfica,3,0,,,2011779
2013-10-02,Group stage,Anderlecht,Olympiacos,0,3,,,2011780
2013-10-02,Group stage,Man City,Bayern Munchen,1,3,,,2011781
2013-10-22,Group stage,Steaua Bucuresti,Basel,1,1,,,2011799
2013-10-22,Group stage,Schalke,Chelsea,0,3,,,2011800
2013-10-22,Group stage,Arsenal,B. Dortmund,1,2,,,2011801
2013-10-22,Group stage,Marseille,Napoli,1,2,,,2011802
2013-10-22,Group stage,Porto,Zenit,0,1,,,2011803
2013-10-22,Group stage,Austria Wien,Atleti,0,3,,,2011804
2013-10-22,Group stage,Celtic,Ajax,2,1,,,2011805
2013-10-22,Group stage,Milan,Barcelona,1,1,,,2011806
2013-10-23,Group stage,CSKA Moskva,Man City,1,2,,,2011797
2013-10-23,Group stage,Leverkusen,Shakhtar,4,0,,,2011791
2013-10-23,Group stage,Man Utd,Real Sociedad,1,0,,,2011792
2013-10-23,Group stage,Real Madrid,Juventus,2,1,,,2011793
2013-10-23,Group stage,Galatasaray,Copenhagen,3,1,,,2011794
2013-10-23,Group stage,Anderlecht,Paris,0,5,,,2011795
2013-10-23,Group stage,Benfica,Olympiacos,1,1,,,2011796
2013-10-23,Group stage,Bayern Munchen,Viktoria Plzen,5,0,,,2011798
2013-11-05,Group stage,Shakhtar,Leverkusen,0,0,,,2011815
2013-11-05,Group stage,Real Sociedad,Man Utd,0,0,,,2011816
2013-11-05,Group stage,Juventus,Real Madrid,2,2,,,2011817
2013-11-05,Group stage,Copenhagen,Galatasaray,1,0,,,2011818
2013-11-05,Group stage,Paris,Anderlecht,1,1,,,2011819
2013-11-05,Group stage,Olympiacos,Benfica,1,0,,,2011820
2013-11-05,Group stage,Man City,CSKA Moskva,5,2,,,2011821
2013-11-05,Group stage,Viktoria Plzen,Bayern Munchen,0,1,,,2011822
2013-11-06,Group stage,Zenit,Porto,1,1,,,2011811
2013-11-06,Group stage,Basel,Steaua Bucuresti,1,1,,,2011807
2013-11-06,Group stage,Chelsea,Schalke,3,0,,,2011808
2013-11-06,Group stage,B. Dortmund,Arsenal,0,1,,,2011809
2013-11-06,Group stage,Napoli,Marseille,3,2,,,2011810
2013-11-06,Group stage,Atleti,Austria Wien,4,0,,,2011812
2013-11-06,Group stage,Ajax,Celtic,1,0,,,2011813
2013-11-06,Group stage,Barcelona,Milan,3,1,,,2011814
2013-11-26,Group stage,Zenit,Atleti,1,1,,,2011836
2013-11-26,Group stage,Steaua Bucuresti,Schalke,0,0,,,2011831
2013-11-26,Group stage,Basel,Chelsea,1,0,,,2011832
2013-11-26,Group stage,Arsenal,Marseille,2,0,,,2011833
2013-11-26,Group stage,B. Dortmund,Napoli,3,1,,,2011834
2013-11-26,Group stage,Porto,Austria Wien,1,1,,,2011835
2013-11-26,Group stage,Celtic,Milan,0,3,,,2011837
2013-11-26,Group stage,Ajax,Barcelona,2,1,,,2011838
2013-11-27,Group stage,CSKA Moskva,Bayern Munchen,1,3,,,2011829
2013-11-27,Group stage,Leverkusen,Man Utd,0,5,,,2011823
2013-11-27,Group stage,Shakhtar,Real Sociedad,4,0,,,2011824
2013-11-27,Group stage,Real Madrid,Galatasaray,4,1,,,2011825
2013-11-27,Group stage,Juventus,Copenhagen,3,1,,,2011826
2013-11-27,Group stage,Anderlecht,Benfica,2,3,,,2011827
2013-11-27,Group stage,Paris,Olympiacos,2,1,,,2011828
2013-11-27,Group stage,Man City,Viktoria Plzen,4,2,,,2011830
2013-12-10,Group stage,Man Utd,Shakhtar,1,0,,,2011847
2013-12-10,Group stage,Real Sociedad,Leverkusen,0,1,,,2011848
2013-12-10,Group stage,Copenhagen,Real Madrid,0,2,,,2011850
2013-12-10,Group stage,Benfica,Paris,2,1,,,2011851
2013-12-10,Group stage,Olympiacos,Anderlecht,3,1,,,2011852
2013-12-10,Group stage,Bayern Munchen,Man City,2,3,,,2011853
2013-12-10,Group stage,Viktoria Plzen,CSKA Moskva,2,1,,,2011854
2013-12-11,Group stage,Galatasaray,Juventus,1,0,,,2011849
2013-12-11,Group stage,Schalke,Basel,2,0,,,2011839
2013-12-11,Group stage,Chelsea,Steaua Bucuresti,1,0,,,2011840
2013-12-11,Group stage,Marseille,B. Dortmund,1,2,,,2011841
2013-12-11,Group stage,Napoli,Arsenal,2,0,,,2011842
2013-12-11,Group stage,Austria Wien,Zenit,4,1,,,2011843
2013-12-11,Group stage,Atleti,Porto,2,0,,,2011844
2013-12-11,Group stage,Milan,Ajax,0,0,,,2011845
2013-12-11,Group stage,Barcelona,Celtic,6,1,,,2011846
2014-02-18,Round of 16,Man City,Barcelona,0,2,,,2011855
2014-02-18,Round of 16,Leverkusen,Paris,0,4,,,2011860
2014-02-19,Round of 16,Arsenal,Bayern Munchen,0,2,,,2011858
2014-02-19,Round of 16,Milan,Atleti,0,1,,,2011859
2014-02-25,Round of 16,Zenit,B. Dortmund,2,4,,,2011857
2014-02-25,Round of 16,Olympiacos,Man Utd,2,0,,,2011856
2014-02-26,Round of 16,Galatasaray,Chelsea,1,1,,,2011861
2014-02-26,Round of 16,Schalke,Real Madrid,1,6,,,2011862
2014-03-11,Round of 16,Bayern Munchen,Arsenal,1,1,,,2011864
2014-03-11,Round of 16,Atleti,Milan,4,1,,,2011869
2014-03-12,Round of 16,Barcelona,Man City,2,1,,,2011865
2014-03-12,Round of 16,Paris,Leverkusen,2,1,,,2011870
2014-03-18,Round of 16,Chelsea,Galatasaray,2,0,,,2011867
2014-03-18,Round of 16,Real Madrid,Schalke,3,1,,,2011868
2014-03-19,Round of 16,B. Dortmund,Zenit,1,2,,,2011863
2014-03-19,Round of 16,Man Utd,Olympiacos,3,0,,,2011866
2014-04-01,Quarter-finals,Barcelona,Atleti,1,1,,,2011871
2014-04-01,Quarter-finals,Man Utd,Bayern Munchen,1,1,,,2011874
2014-04-02,Quarter-finals,Real Madrid,B. Dortmund,3,0,,,2011872
2014-04-02,Quarter-finals,Paris,Chelsea,3,1,,,2011873
2014-04-08,Quarter-finals,Chelsea,Paris,2,0,,,2011875
2014-04-08,Quarter-finals,B. Dortmund,Real Madrid,2,0,,,2011878
2014-04-09,Quarter-finals,Bayern Munchen,Man Utd,3,1,,,2011876
2014-04-09,Quarter-finals,Atleti,Barcelona,1,0,,,2011877
2014-04-22,Semi-finals,Atleti,Chelsea,0,0,,,2011879
2014-04-23,Semi-finals,Real Madrid,Bayern Munchen,1,0,,,2011880
2014-04-29,Semi-finals,Bayern Munchen,Real Madrid,0,4,,,2011881
2014-04-30,Semi-finals,Chelsea,Atleti,1,3,,,2011882
2014-05-24,Final,Real Madrid,Atleti,4,1,,,2011883
2014-09-16,Group stage,Olympiacos,Atleti,3,2,,,2014315
2014-09-16,Group stage,Juventus,Malmo,2,0,,,2014316
2014-09-16,Group stage,Liverpool,Ludogorets,2,1,,,2014317
2014-09-16,Group stage,Real Madrid,Basel,5,1,,,2014318
2014-09-16,Group stage,Monaco,Leverkusen,1,0,,,2014319
2014-09-16,Group stage,Benfica,Zenit,0,2,,,2014320
2014-09-16,Group stage,Galatasaray,Anderlecht,1,1,,,2014321
2014-09-16,Group stage,B. Dortmund,Arsenal,2,0,,,2014322
2014-09-17,Group stage,Roma,CSKA Moskva,5,1,,,2014307
2014-09-17,Group stage,Bayern Munchen,Man City,1,0,,,2014308
2014-09-17,Group stage,Barcelona,APOEL,1,0,,,2014309
2014-09-17,Group stage,Ajax,Paris,1,1,,,2014310
2014-09-17,Group stage,Chelsea,Schalke,1,1,,,2014311
2014-09-17,Group stage,Maribor,Sporting CP,1,1,,,2014312
2014-09-17,Group stage,Porto,BATE,6,0,,,2014313
2014-09-17,Group stage,Athletic Club,Shakhtar,0,0,,,2014314
2014-09-30,Group stage,CSKA Moskva,Bayern Munchen,0,1,,,2014332
2014-09-30,Group stage,Man City,Roma,1,1,,,2014331
2014-09-30,Group stage,Paris,Barcelona,3,2,,,2014333
2014-09-30,Group stage,APOEL,Ajax,1,1,,,2014334
2014-09-30,Group stage,Sporting CP,Chelsea,0,1,,,2014335
2014-09-30,Group stage,Schalke,Maribor,1,1,,,2014336
2014-09-30,Group stage,Shakhtar,Porto,2,2,,,2014337
2014-09-30,Group stage,BATE,Athletic Club,2,1,,,2014338
2014-10-01,Group stage,Zenit,Monaco,0,0,,,2014327
2014-10-01,Group stage,Malmo,Olympiacos,2,0,,,2014323
2014-10-01,Group stage,Atleti,Juventus,1,0,,,2014324
2014-10-01,Group stage,Basel,Liverpool,1,0,,,2014325
2014-10-01,Group stage,Ludogorets,Real Madrid,1,2,,,2014326
2014-10-01,Group stage,Leverkusen,Benfica,3,1,,,2014328
2014-10-01,Group stage,Arsenal,Galatasaray,4,1,,,2014329
2014-10-01,Group stage,Anderlecht,B. Dortmund,0,3,,,2014330
2014-10-21,Group stage,CSKA Moskva,Man City,2,2,,,2014347
2014-10-21,Group stage,Roma,Bayern Munchen,1,7,,,2014348
2014-10-21,Group stage,APOEL,Paris,0,1,,,2014349
2014-10-21,Group stage,Barcelona,Ajax,3,1,,,2014350
2014-10-21,Group stage,Schalke,Sporting CP,4,3,,,2014351
2014-10-21,Group stage,Chelsea,Maribor,6,0,,,2014352
2014-10-21,Group stage,BATE,Shakhtar,0,7,,,2014353
2014-10-21,Group stage,Porto,Athletic Club,2,1,,,2014354
2014-10-22,Group stage,Atleti,Malmo,5,0,,,2014339
2014-10-22,Group stage,Olympiacos,Juventus,1,0,,,2014340
2014-10-22,Group stage,Ludogorets,Basel,1,0,,,2014341
2014-10-22,Group stage,Liverpool,Real Madrid,0,3,,,2014342
2014-10-22,Group stage,Leverkusen,Zenit,2,0,,,2014343
2014-10-22,Group stage,Monaco,Benfica,0,0,,,2014344
2014-10-22,Group stage,Anderlecht,Arsenal,1,2,,,2014345
2014-10-22,Group stage,Galatasaray,B. Dortmund,0,4,,,2014346
2014-11-04,Group stage,Zenit,Leverkusen,1,2,,,2014367
2014-11-04,Group stage,Malmo,Atleti,0,2,,,2014363
2014-11-04,Group stage,Juventus,Olympiacos,3,2,,,2014364
2014-11-04,Group stage,Basel,Ludogorets,4,0,,,2014365
2014-11-04,Group stage,Real Madrid,Liverpool,1,0,,,2014366
2014-11-04,Group stage,Benfica,Monaco,1,0,,,2014368
2014-11-04,Group stage,Arsenal,Anderlecht,3,3,,,2014369
2014-11-04,Group stage,B. Dortmund,Galatasaray,4,1,,,2014370
2014-11-05,Group stage,Man City,CSKA Moskva,1,2,,,2014355
2014-11-05,Group stage,Bayern Munchen,Roma,2,0,,,2014356
2014-11-05,Group stage,Paris,APOEL,1,0,,,2014357
2014-11-05,Group stage,Ajax,Barcelona,0,2,,,2014358
2014-11-05,Group stage,Sporting CP,Schalke,4,2,,,2014359
2014-11-05,Group stage,Maribor,Chelsea,1,1,,,2014360
2014-11-05,Group stage,Shakhtar,BATE,5,0,,,2014361
2014-11-05,Group stage,Athletic Club,Porto,0,2,,,2014362
2014-11-25,Group stage,CSKA Moskva,Roma,1,1,,,2014379
2014-11-25,Group stage,BATE,Porto,0,3,,,2014385
2014-11-25,Group stage,Man City,Bayern Munchen,3,2,,,2014380
2014-11-25,Group stage,APOEL,Barcelona,0,4,,,2014381
2014-11-25,Group stage,Paris,Ajax,3,1,,,2014382
2014-11-25,Group stage,Schalke,Chelsea,0,5,,,2014383
2014-11-25,Group stage,Sporting CP,Maribor,3,1,,,2014384
2014-11-25,Group stage,Shakhtar,Athletic Club,0,1,,,2014386
2014-11-26,Group stage,Zenit,Benfica,1,0,,,2014376
2014-11-26,Group stage,Atleti,Olympiacos,4,0,,,2014371
2014-11-26,Group stage,Malmo,Juventus,0,2,,,2014372
2014-11-26,Group stage,Ludogorets,Liverpool,2,2,,,2014373
2014-11-26,Group stage,Basel,Real Madrid,0,1,,,2014374
2014-11-26,Group stage,Leverkusen,Monaco,0,1,,,2014375
2014-11-26,Group stage,Anderlecht,Galatasaray,2,0,,,2014377
2014-11-26,Group stage,Arsenal,B. Dortmund,2,0,,,2014378
2014-12-09,Group stage,Olympiacos,Malmo,4,2,,,2014395
2014-12-09,Group stage,Juventus,Atleti,0,0,,,2014396
2014-12-09,Group stage,Liverpool,Basel,1,1,,,2014397
2014-12-09,Group stage,Real Madrid,Ludogorets,4,0,,,2014398
2014-12-09,Group stage,Monaco,Zenit,2,0,,,2014399
2014-12-09,Group stage,Benfica,Leverkusen,0,0,,,2014400
2014-12-09,Group stage,Galatasaray,Arsenal,1,4,,,2014401
2014-12-09,Group stage,B. Dortmund,Anderlecht,1,1,,,2014402
2014-12-10,Group stage,Roma,Man City,0,2,,,2014387
2014-12-10,Group stage,Bayern Munchen,CSKA Moskva,3,0,,,2014388
2014-12-10,Group stage,Barcelona,Paris,3,1,,,2014389
2014-12-10,Group stage,Ajax,APOEL,4,0,,,2014390
2014-12-10,Group stage,Chelsea,Sporting CP,3,1,,,2014391
2014-12-10,Group stage,Maribor,Schalke,0,1,,,2014392
2014-12-10,Group stage,Porto,Shakhtar,1,1,,,2014393
2014-12-10,Group stage,Athletic Club,BATE,2,0,,,2014394
2015-02-17,Round of 16,Paris,Chelsea,1,1,,,2014403
2015-02-17,Round of 16,Shakhtar,Bayern Munchen,0,0,,,2014410
2015-02-18,Round of 16,Basel,Porto,1,1,,,2014406
2015-02-18,Round of 16,Schalke,Real Madrid,0,2,,,2014409
2015-02-24,Round of 16,Man City,Barcelona,1,2,,,2014404
2015-02-24,Round of 16,Juventus,B. Dortmund,2,1,,,2014408
2015-02-25,Round of 16,Arsenal,Monaco,1,3,,,2014405
2015-02-25,Round of 16,Leverkusen,Atleti,1,0,,,2014407
2015-03-10,Round of 16,Porto,Basel,4,0,,,2014412
2015-03-10,Round of 16,Real Madrid,Schalke,3,4,,,2014415
2015-03-11,Round of 16,Chelsea,Paris,2,2,,,2014413
2015-03-11,Round of 16,Bayern Munchen,Shakhtar,7,0,,,2014416
2015-03-17,Round of 16,Monaco,Arsenal,0,2,,,2014411
2015-03-17,Round of 16,Atleti,Leverkusen,1,0,3,2,2014417
2015-03-18,Round of 16,Barcelona,Man City,1,0,,,2014414
2015-03-18,Round of 16,B. Dortmund,Juventus,0,3,,,2014418
2015-04-14,Quarter-finals,Atleti,Real Madrid,0,0,,,2014420
2015-04-14,Quarter-finals,Juventus,Monaco,1,0,,,2014422
2015-04-15,Quarter-finals,Paris,Barcelona,1,3,,,2014419
2015-04-15,Quarter-finals,Porto,Bayern Munchen,3,1,,,2014421
2015-04-21,Quarter-finals,Bayern Munchen,Porto,6,1,,,2014423
2015-04-21,Quarter-finals,Barcelona,Paris,2,0,,,2014425
2015-04-22,Quarter-finals,Monaco,Juventus,0,0,,,2014424
2015-04-22,Quarter-finals,Real Madrid,Atleti,1,0,,,2014426
2015-05-05,Semi-finals,Juventus,Real Madrid,2,1,,,2014427
2015-05-06,Semi-finals,Barcelona,Bayern Munchen,3,0,,,2014428
2015-05-12,Semi-finals,Bayern Munchen,Barcelona,3,2,,,2014429
2015-05-13,Semi-finals,Real Madrid,Juventus,1,1,,,2014430
2015-06-06,Final,Juventus,Barcelona,1,3,,,2015227
2015-09-15,Group stage,Paris,Malmo,2,0,,,2015665
2015-09-15,Group stage,Real Madrid,Shakhtar,4,0,,,2015666
2015-09-15,Group stage,Wolfsburg,CSKA Moskva,1,0,,,2015667
2015-09-15,Group stage,PSV,Man Utd,2,1,,,2015668
2015-09-15,Group stage,Galatasaray,Atleti,0,2,,,2015669
2015-09-15,Group stage,Man City,Juventus,1,2,,,2015671
2015-09-15,Group stage,Sevilla,Monchengladbach,3,0,,,2015672
2015-09-15,Group stage,Benfica,Astana,2,0,,,2015670
2015-09-16,Group stage,Leverkusen,BATE,4,1,,,2015673
2015-09-16,Group stage,Roma,Barcelona,1,1,,,2015674
2015-09-16,Group stage,GNK Dinamo,Arsenal,2,1,,,2015675
2015-09-16,Group stage,Olympiacos,Bayern Munchen,0,3,,,2015676
2015-09-16,Group stage,Dynamo Kyiv,Porto,2,2,,,2015677
2015-09-16,Group stage,Chelsea,M. Tel-Aviv,4,0,,,2015678
2015-09-16,Group stage,Valencia,Zenit,2,3,,,2015679
2015-09-16,Group stage,Gent,Lyon,1,1,,,2015680
2015-09-29,Group stage,Barcelona,Leverkusen,2,1,,,2015681
2015-09-29,Group stage,BATE,Roma,3,2,,,2015682
2015-09-29,Group stage,Bayern Munchen,GNK Dinamo,5,0,,,2015683
2015-09-29,Group stage,Arsenal,Olympiacos,2,3,,,2015684
2015-09-29,Group stage,M. Tel-Aviv,Dynamo Kyiv,0,2,,,2015685
2015-09-29,Group stage,Porto,Chelsea,2,1,,,2015686
2015-09-29,Group stage,Lyon,Valencia,0,1,,,2015687
2015-09-29,Group stage,Zenit,Gent,2,1,,,2015688
2015-09-30,Group stage,Astana,Galatasaray,2,2,,,2015693
2015-09-30,Group stage,Shakhtar,Paris,0,3,,,2015689
2015-09-30,Group stage,Malmo,Real Madrid,0,2,,,2015690
2015-09-30,Group stage,Man Utd,Wolfsburg,2,1,,,2015691
2015-09-30,Group stage,CSKA Moskva,PSV,3,2,,,2015692
2015-09-30,Group stage,Atleti,Benfica,1,2,,,2015694
2015-09-30,Group stage,Monchengladbach,Man City,1,2,,,2015695
2015-09-30,Group stage,Juventus,Sevilla,2,0,,,2015696
2015-10-20,Group stage,BATE,Barcelona,0,2,,,2015697
2015-10-20,Group stage,Leverkusen,Roma,4,4,,,2015698
2015-10-20,Group stage,Arsenal,Bayern Munchen,2,0,,,2015699
2015-10-20,Group stage,GNK Dinamo,Olympiacos,0,1,,,2015700
2015-10-20,Group stage,Porto,M. Tel-Aviv,2,0,,,2015701
2015-10-20,Group stage,Dynamo Kyiv,Chelsea,0,0,,,2015702
2015-10-20,Group stage,Zenit,Lyon,3,1,,,2015703
2015-10-20,Group stage,Valencia,Gent,2,1,,,2015704
2015-10-21,Group stage,Malmo,Shakhtar,1,0,,,2015705
2015-10-21,Group stage,Paris,Real Madrid,0,0,,,2015706
2015-10-21,Group stage,CSKA Moskva,Man Utd,1,1,,,2015707
2015-10-21,Group stage,Wolfsburg,PSV,2,0,,,2015708
2015-10-21,Group stage,Atleti,Astana,4,0,,,2015709
2015-10-21,Group stage,Galatasaray,Benfica,2,1,,,2015710
2015-10-21,Group stage,Juventus,Monchengladbach,0,0,,,2015711
2015-10-21,Group stage,Man City,Sevilla,2,1,,,2015712
2015-11-03,Group stage,Astana,Atleti,0,0,,,2015717
2015-11-03,Group stage,Shakhtar,Malmo,4,0,,,2015713
2015-11-03,Group stage,Real Madrid,Paris,1,0,,,2015714
2015-11-03,Group stage,Man Utd,CSKA Moskva,1,0,,,2015715
2015-11-03,Group stage,PSV,Wolfsburg,2,0,,,2015716
2015-11-03,Group stage,Benfica,Galatasaray,2,1,,,2015718
2015-11-03,Group stage,Monchengladbach,Juventus,1,1,,,2015719
2015-11-03,Group stage,Sevilla,Man City,1,3,,,2015720
2015-11-04,Group stage,Barcelona,BATE,3,0,,,2015721
2015-11-04,Group stage,Roma,Leverkusen,3,2,,,2015722
2015-11-04,Group stage,Bayern Munchen,Arsenal,5,1,,,2015723
2015-11-04,Group stage,Olympiacos,GNK Dinamo,2,1,,,2015724
2015-11-04,Group stage,M. Tel-Aviv,Porto,1,3,,,2015725
2015-11-04,Group stage,Chelsea,Dynamo Kyiv,2,1,,,2015726
2015-11-04,Group stage,Lyon,Zenit,0,2,,,2015727
2015-11-04,Group stage,Gent,Valencia,1,0,,,2015728
2015-11-24,Group stage,BATE,Leverkusen,1,1,,,2015729
2015-11-24,Group stage,Zenit,Valencia,2,0,,,2015735
2015-11-24,Group stage,Barcelona,Roma,6,1,,,2015730
2015-11-24,Group stage,Arsenal,GNK Dinamo,3,0,,,2015731
2015-11-24,Group stage,Bayern Munchen,Olympiacos,4,0,,,2015732
2015-11-24,Group stage,Porto,Dynamo Kyiv,0,2,,,2015733
2015-11-24,Group stage,M. Tel-Aviv,Chelsea,0,4,,,2015734
2015-11-24,Group stage,Lyon,Gent,1,2,,,2015736
2015-11-25,Group stage,Astana,Benfica,2,2,,,2015742
2015-11-25,Group stage,CSKA Moskva,Wolfsburg,0,2,,,2015739
2015-11-25,Group stage,Malmo,Paris,0,5,,,2015737
2015-11-25,Group stage,Shakhtar,Real Madrid,3,4,,,2015738
2015-11-25,Group stage,Man Utd,PSV,0,0,,,2015740
2015-11-25,Group stage,Atleti,Galatasaray,2,0,,,2015741
2015-11-25,Group stage,Juventus,Man City,1,0,,,2015743
2015-11-25,Group stage,Monchengladbach,Sevilla,4,2,,,2015744
2015-12-08,Group stage,Paris,Shakhtar,2,0,,,2015745
2015-12-08,Group stage,Real Madrid,Malmo,8,0,,,2015746
2015-12-08,Group stage,Wolfsburg,Man Utd,3,2,,,2015747
2015-12-08,Group stage,PSV,CSKA Moskva,2,1,,,2015748
2015-12-08,Group stage,Galatasaray,Astana,1,1,,,2015749
2015-12-08,Group stage,Benfica,Atleti,1,2,,,2015750
2015-12-08,Group stage,Man City,Monchengladbach,4,2,,,2015751
2015-12-08,Group stage,Sevilla,Juventus,1,0,,,2015752
2015-12-09,Group stage,Leverkusen,Barcelona,1,1,,,2015753
2015-12-09,Group stage,Roma,BATE,0,0,,,2015754
2015-12-09,Group stage,GNK Dinamo,Bayern Munchen,0,2,,,2015755
2015-12-09,Group stage,Olympiacos,Arsenal,0,3,,,2015756
2015-12-09,Group stage,Dynamo Kyiv,M. Tel-Aviv,1,0,,,2015757
2015-12-09,Group stage,Chelsea,Porto,2,0,,,2015758
2015-12-09,Group stage,Valencia,Lyon,0,2,,,2015759
2015-12-09,Group stage,Gent,Zenit,2,1,,,2015760
2016-02-16,Round of 16,Benfica,Zenit,1,0,,,2015763
2016-02-16,Round of 16,Paris,Chelsea,2,1,,,2015765
2016-02-17,Round of 16,Gent,Wolfsburg,2,3,,,2015761
2016-02-17,Round of 16,Roma,Real Madrid,0,2,,,2015762
2016-02-23,Round of 16,Arsenal,Barcelona,0,2,,,2015766
2016-02-23,Round of 16,Juventus,Bayern Munchen,2,2,,,2015767
2016-02-24,Round of 16,Dynamo Kyiv,Man City,1,3,,,2015764
2016-02-24,Round of 16,PSV,Atleti,0,0,,,2015768
2016-03-08,Round of 16,Wolfsburg,Gent,1,0,,,2015771
2016-03-08,Round of 16,Real Madrid,Roma,2,0,,,2015772
2016-03-09,Round of 16,Zenit,Benfica,1,2,,,2015769
2016-03-09,Round of 16,Chelsea,Paris,1,2,,,2015775
2016-03-15,Round of 16,Man City,Dynamo Kyiv,0,0,,,2015770
2016-03-15,Round of 16,Atleti,PSV,0,0,8,7,2015774
2016-03-16,Round of 16,Bayern Munchen,Juventus,4,2,,,2015773
2016-03-16,Round of 16,Barcelona,Arsenal,3,1,,,2015776
2016-04-05,Quarter-finals,Bayern Munchen,Benfica,1,0,,,2015778
2016-04-05,Quarter-finals,Barcelona,Atleti,2,1,,,2015779
2016-04-06,Quarter-finals,Wolfsburg,Real Madrid,2,0,,,2015777
2016-04-06,Quarter-finals,Paris,Man City,2,2,,,2015780
2016-04-12,Quarter-finals,Man City,Paris,1,0,,,2015782
2016-04-12,Quarter-finals,Real Madrid,Wolfsburg,3,0,,,2015783
2016-04-13,Quarter-finals,Atleti,Barcelona,2,0,,,2015781
2016-04-13,Quarter-finals,Benfica,Bayern Munchen,2,2,,,2015784
2016-04-26,Semi-finals,Man City,Real Madrid,0,0,,,2015785
2016-04-27,Semi-finals,Atleti,Bayern Munchen,1,0,,,2015786
2016-05-03,Semi-finals,Bayern Munchen,Atleti,2,1,,,2015787
2016-05-04,Semi-finals,Real Madrid,Man City,1,0,,,2015788
2016-05-28,Final,Real Madrid,Atleti,1,1,5,3,2015789
2016-09-13,Group stage,Paris,Arsenal,1,1,,,2019282
2016-09-13,Group stage,Basel,Ludogorets,1,1,,,2019283
2016-09-13,Group stage,Dynamo Kyiv,Napoli,1,2,,,2019284
2016-09-13,Group stage,Benfica,Besiktas,1,1,,,2019285
2016-09-13,Group stage,Barcelona,Celtic,7,0,,,2019286
2016-09-13,Group stage,Bayern Munchen,Rostov,5,0,,,2019288
2016-09-13,Group stage,PSV,Atleti,0,1,,,2019289
2016-09-14,Group stage,Man City,Monchengladbach,4,0,,,2019287
2016-09-14,Group stage,Leverkusen,CSKA Moskva,2,2,,,2019290
2016-09-14,Group stage,Tottenham,Monaco,1,2,,,2019291
2016-09-14,Group stage,Real Madrid,Sporting CP,2,1,,,2019292
2016-09-14,Group stage,Legia Warszawa,B. Dortmund,0,6,,,2019293
2016-09-14,Group stage,Club Brugge,Leicester,0,3,,,2019294
2016-09-14,Group stage,Porto,Copenhagen,1,1,,,2019295
2016-09-14,Group stage,Lyon,GNK Dinamo,3,0,,,2019296
2016-09-14,Group stage,Juventus,Sevilla,0,0,,,2019297
2016-09-27,Group stage,Monaco,Leverkusen,1,1,,,2019298
2016-09-27,Group stage,CSKA Moskva,Tottenham,0,1,,,2019299
2016-09-27,Group stage,B. Dortmund,Real Madrid,2,2,,,2019300
2016-09-27,Group stage,Sporting CP,Legia Warszawa,2,0,,,2019301
2016-09-27,Group stage,Copenhagen,Club Brugge,4,0,,,2019302
2016-09-27,Group stage,Leicester,Porto,1,0,,,2019303
2016-09-27,Group stage,Sevilla,Lyon,1,0,,,2019304
2016-09-27,Group stage,GNK Dinamo,Juventus,0,4,,,2019305
2016-09-28,Group stage,Ludogorets,Paris,1,3,,,2019306
2016-09-28,Group stage,Arsenal,Basel,2,0,,,2019307
2016-09-28,Group stage,Besiktas,Dynamo Kyiv,1,1,,,2019308
2016-09-28,Group stage,Napoli,Benfica,4,2,,,2019309
2016-09-28,Group stage,Monchengladbach,Barcelona,1,2,,,2019310
2016-09-28,Group stage,Celtic,Man City,3,3,,,2019311
2016-09-28,Group stage,Atleti,Bayern Munchen,1,0,,,2019312
2016-09-28,Group stage,Rostov,PSV,2,2,,,2019313
2016-10-18,Group stage,CSKA Moskva,Monaco,1,1,,,2019314
2016-10-18,Group stage,Leverkusen,Tottenham,0,0,,,2019315
2016-10-18,Group stage,Sporting CP,B. Dortmund,1,2,,,2019316
2016-10-18,Group stage,Real Madrid,Legia Warszawa,5,1,,,2019317
2016-10-18,Group stage,Leicester,Copenhagen,1,0,,,2019318
2016-10-18,Group stage,Club Brugge,Porto,1,2,,,2019319
2016-10-18,Group stage,GNK Dinamo,Sevilla,0,1,,,2019320
2016-10-18,Group stage,Lyon,Juventus,0,1,,,2019321
2016-10-19,Group stage,Arsenal,Ludogorets,6,0,,,2019322
2016-10-19,Group stage,Paris,Basel,3,0,,,2019323
2016-10-19,Group stage,Napoli,Besiktas,2,3,,,2019324
2016-10-19,Group stage,Dynamo Kyiv,Benfica,0,2,,,2019325
2016-10-19,Group stage,Celtic,Monchengladbach,0,2,,,2019326
2016-10-19,Group stage,Barcelona,Man City,4,0,,,2019327
2016-10-19,Group stage,Rostov,Atleti,0,1,,,2019328
2016-10-19,Group stage,Bayern Munchen,PSV,4,1,,,2019329
2016-11-01,Group stage,Besiktas,Napoli,1,1,,,2019332
2016-11-01,Group stage,Ludogorets,Arsenal,2,3,,,2019330
2016-11-01,Group stage,Basel,Paris,1,2,,,2019331
2016-11-01,Group stage,Benfica,Dynamo Kyiv,1,0,,,2019333
2016-11-01,Group stage,Monchengladbach,Celtic,1,1,,,2019334
2016-11-01,Group stage,Man City,Barcelona,3,1,,,2019335
2016-11-01,Group stage,Atleti,Rostov,2,1,,,2019336
2016-11-01,Group stage,PSV,Bayern Munchen,1,2,,,2019337
2016-11-02,Group stage,Monaco,CSKA Moskva,3,0,,,2019338
2016-11-02,Group stage,Tottenham,Leverkusen,0,1,,,2019339
2016-11-02,Group stage,B. Dortmund,Sporting CP,1,0,,,2019340
2016-11-02,Group stage,Legia Warszawa,Real Madrid,3,3,,,2019341
2016-11-02,Group stage,Copenhagen,Leicester,0,0,,,2019342
2016-11-02,Group stage,Porto,Club Brugge,1,0,,,2019343
2016-11-02,Group stage,Sevilla,GNK Dinamo,4,0,,,2019344
2016-11-02,Group stage,Juventus,Lyon,1,1,,,2019345
2016-11-22,Group stage,CSKA Moskva,Leverkusen,1,1,,,2019346
2016-11-22,Group stage,Monaco,Tottenham,2,1,,,2019347
2016-11-22,Group stage,Sporting CP,Real Madrid,1,2,,,2019348
2016-11-22,Group stage,B. Dortmund,Legia Warszawa,8,4,,,2019349
2016-11-22,Group stage,Leicester,Club Brugge,2,1,,,2019350
2016-11-22,Group stage,Copenhagen,Porto,0,0,,,2019351
2016-11-22,Group stage,GNK Dinamo,Lyon,0,1,,,2019352
2016-11-22,Group stage,Sevilla,Juventus,1,3,,,2019353
2016-11-23,Group stage,Rostov,Bayern Munchen,3,2,,,2019360
2016-11-23,Group stage,Besiktas,Benfica,3,3,,,2019357
2016-11-23,Group stage,Arsenal,Paris,2,2,,,2019354
2016-11-23,Group stage,Ludogorets,Basel,0,0,,,2019355
2016-11-23,Group stage,Napoli,Dynamo Kyiv,0,0,,,2019356
2016-11-23,Group stage,Celtic,Barcelona,0,2,,,2019358
2016-11-23,Group stage,Monchengladbach,Man City,1,1,,,2019359
2016-11-23,Group stage,Atleti,PSV,2,0,,,2019361
2016-12-06,Group stage,Paris,Ludogorets,2,2,,,2019362
2016-12-06,Group stage,Basel,Arsenal,1,4,,,2019363
2016-12-06,Group stage,Dynamo Kyiv,Besiktas,6,0,,,2019364
2016-12-06,Group stage,Benfica,Napoli,1,2,,,2019365
2016-12-06,Group stage,Barcelona,Monchengladbach,4,0,,,2019366
2016-12-06,Group stage,Man City,Celtic,1,1,,,2019367
2016-12-06,Group stage,Bayern Munchen,Atleti,1,0,,,2019368
2016-12-06,Group stage,PSV,Rostov,0,0,,,2019369
2016-12-07,Group stage,Leverkusen,Monaco,3,0,,,2019370
2016-12-07,Group stage,Tottenham,CSKA Moskva,3,1,,,2019371
2016-12-07,Group stage,Real Madrid,B. Dortmund,2,2,,,2019372
2016-12-07,Group stage,Legia Warszawa,Sporting CP,1,0,,,2019373
2016-12-07,Group stage,Club Brugge,Copenhagen,0,2,,,2019374
2016-12-07,Group stage,Porto,Leicester,5,0,,,2019375
2016-12-07,Group stage,Lyon,Sevilla,0,0,,,2019376
2016-12-07,Group stage,Juventus,GNK Dinamo,2,0,,,2019377
2017-02-14,Round of 16,Paris,Barcelona,4,0,,,2019615
2017-02-14,Round of 16,Benfica,B. Dortmund,1,0,,,2019617
2017-02-15,Round of 16,Real Madrid,Napoli,3,1,,,2019614
2017-02-15,Round of 16,Bayern Munchen,Arsenal,5,1,,,2019618
2017-02-21,Round of 16,Man City,Monaco,5,3,,,2019613
2017-02-21,Round of 16,Leverkusen,Atleti,2,4,,,2019620
2017-02-22,Round of 16,Sevilla,Leicester,2,1,,,2019616
2017-02-22,Round of 16,Porto,Juventus,0,2,,,2019619
2017-03-07,Round of 16,Napoli,Real Madrid,1,3,,,2019624
2017-03-07,Round of 16,Arsenal,Bayern Munchen,1,5,,,2019628
2017-03-08,Round of 16,Barcelona,Paris,6,1,,,2019621
2017-03-08,Round of 16,B. Dortmund,Benfica,4,0,,,2019627
2017-03-14,Round of 16,Leicester,Sevilla,2,0,,,2019622
2017-03-14,Round of 16,Juventus,Porto,1,0,,,2019625
2017-03-15,Round of 16,Monaco,Man City,3,1,,,2019623
2017-03-15,Round of 16,Atleti,Leverkusen,0,0,,,2019626
2017-04-11,Quarter-finals,Juventus,Barcelona,3,0,,,2019632
2017-04-12,Quarter-finals,B. Dortmund,Monaco,2,3,,,2019630
2017-04-12,Quarter-finals,Atleti,Leicester,1,0,,,2019629
2017-04-12,Quarter-finals,Bayern Munchen,Real Madrid,1,2,,,2019631
2017-04-18,Quarter-finals,Real Madrid,Bayern Munchen,4,2,,,2019633
2017-04-18,Quarter-finals,Leicester,Atleti,1,1,,,2019635
2017-04-19,Quarter-finals,Barcelona,Juventus,0,0,,,2019634
2017-04-19,Quarter-finals,Monaco,B. Dortmund,3,1,,,2019636
2017-05-02,Semi-finals,Real Madrid,Atleti,3,0,,,2019638
2017-05-03,Semi-finals,Monaco,Juventus,0,2,,,2019637
2017-05-09,Semi-finals,Juventus,Monaco,2,1,,,2019640
2017-05-10,Semi-finals,Atleti,Real Madrid,2,1,,,2019639
2017-06-03,Final,Juventus,Real Madrid,1,4,,,2019641
2017-09-12,Group stage,Benfica,CSKA Moskva,1,2,,,2021587
2017-09-12,Group stage,Man Utd,Basel,3,0,,,2021588
2017-09-12,Group stage,Bayern Munchen,Anderlecht,3,0,,,2021589
2017-09-12,Group stage,Celtic,Paris,0,5,,,2021590
2017-09-12,Group stage,Chelsea,Qarabag,6,0,,,2021591
2017-09-12,Group stage,Roma,Atleti,0,0,,,2021592
2017-09-12,Group stage,Barcelona,Juventus,3,0,,,2021593
2017-09-12,Group stage,Olympiacos,Sporting CP,2,3,,,2021594
2017-09-13,Group stage,Maribor,Spartak Moskva,1,1,,,2021595
2017-09-13,Group stage,Liverpool,Sevilla,2,2,,,2021596
2017-09-13,Group stage,Feyenoord,Man City,0,4,,,2021597
2017-09-13,Group stage,Shakhtar,Napoli,2,1,,,2021598
2017-09-13,Group stage,Leipzig,Monaco,1,1,,,2021599
2017-09-13,Group stage,Porto,Besiktas,1,3,,,2021600
2017-09-13,Group stage,Real Madrid,APOEL,3,0,,,2021601
2017-09-13,Group stage,Tottenham,B. Dortmund,3,1,,,2021602
2017-09-26,Group stage,Sevilla,Maribor,3,0,,,2021603
2017-09-26,Group stage,Spartak Moskva,Liverpool,1,1,,,2021604
2017-09-26,Group stage,Napoli,Feyenoord,3,1,,,2021605
2017-09-26,Group stage,Man City,Shakhtar,2,0,,,2021606
2017-09-26,Group stage,Besiktas,Leipzig,2,0,,,2021607
2017-09-26,Group stage,Monaco,Porto,0,3,,,2021608
2017-09-26,Group stage,B. Dortmund,Real Madrid,1,3,,,2021609
2017-09-26,Group stage,APOEL,Tottenham,0,3,,,2021610
2017-09-27,Group stage,Qarabag,Roma,1,2,,,2021616
2017-09-27,Group stage,Basel,Benfica,5,0,,,2021611
2017-09-27,Group stage,CSKA Moskva,Man Utd,1,4,,,2021612
2017-09-27,Group stage,Paris,Bayern Munchen,3,0,,,2021613
2017-09-27,Group stage,Anderlecht,Celtic,0,3,,,2021614
2017-09-27,Group stage,Atleti,Chelsea,1,2,,,2021615
2017-09-27,Group stage,Sporting CP,Barcelona,0,1,,,2021617
2017-09-27,Group stage,Juventus,Olympiacos,2,0,,,2021618
2017-10-17,Group stage,Spartak Moskva,Sevilla,5,1,,,2021619
2017-10-17,Group stage,Maribor,Liverpool,0,7,,,2021620
2017-10-17,Group stage,Man City,Napoli,2,1,,,2021621
2017-10-17,Group stage,Feyenoord,Shakhtar,1,2,,,2021622
2017-10-17,Group stage,Monaco,Besiktas,1,2,,,2021623
2017-10-17,Group stage,Leipzig,Porto,3,2,,,2021624
2017-10-17,Group stage,APOEL,B. Dortmund,1,1,,,2021625
2017-10-17,Group stage,Real Madrid,Tottenham,1,1,,,2021626
2017-10-18,Group stage,Qarabag,Atleti,0,0,,,2021631
2017-10-18,Group stage,CSKA Moskva,Basel,0,2,,,2021627
2017-10-18,Group stage,Benfica,Man Utd,0,1,,,2021628
2017-10-18,Group stage,Anderlecht,Paris,0,4,,,2021629
2017-10-18,Group stage,Bayern Munchen,Celtic,3,0,,,2021630
2017-10-18,Group stage,Chelsea,Roma,3,3,,,2021632
2017-10-18,Group stage,Juventus,Sporting CP,2,1,,,2021633
2017-10-18,Group stage,Barcelona,Olympiacos,3,1,,,2021634
2017-10-31,Group stage,Basel,CSKA Moskva,1,2,,,2021635
2017-10-31,Group stage,Man Utd,Benfica,2,0,,,2021636
2017-10-31,Group stage,Paris,Anderlecht,5,0,,,2021637
2017-10-31,Group stage,Celtic,Bayern Munchen,1,2,,,2021638
2017-10-31,Group stage,Atleti,Qarabag,1,1,,,2021639
2017-10-31,Group stage,Roma,Chelsea,3,0,,,2021640
2017-10-31,Group stage,Sporting CP,Juventus,1,1,,,2021641
2017-10-31,Group stage,Olympiacos,Barcelona,0,0,,,2021642
2017-11-01,Group stage,Besiktas,Monaco,1,1,,,2021647
2017-11-01,Group stage,Sevilla,Spartak Moskva,2,1,,,2021643
2017-11-01,Group stage,Liverpool,Maribor,3,0,,,2021644
2017-11-01,Group stage,Napoli,Man City,2,4,,,2021645
2017-11-01,Group stage,Shakhtar,Feyenoord,3,1,,,2021646
2017-11-01,Group stage,Porto,Leipzig,3,1,,,2021648
2017-11-01,Group stage,B. Dortmund,APOEL,1,1,,,2021649
2017-11-01,Group stage,Tottenham,Real Madrid,3,1,,,2021650
2017-11-21,Group stage,Spartak Moskva,Maribor,1,1,,,2021651
2017-11-21,Group stage,Besiktas,Porto,1,1,,,2021656
2017-11-21,Group stage,Sevilla,Liverpool,3,3,,,2021652
2017-11-21,Group stage,Man City,Feyenoord,1,0,,,2021653
2017-11-21,Group stage,Napoli,Shakhtar,3,0,,,2021654
2017-11-21,Group stage,Monaco,Leipzig,1,4,,,2021655
2017-11-21,Group stage,APOEL,Real Madrid,0,6,,,2021657
2017-11-21,Group stage,B. Dortmund,Tottenham,1,2,,,2021658
2017-11-22,Group stage,CSKA Moskva,Benfica,2,0,,,2021659
2017-11-22,Group stage,Qarabag,Chelsea,0,4,,,2021663
2017-11-22,Group stage,Basel,Man Utd,1,0,,,2021660
2017-11-22,Group stage,Anderlecht,Bayern Munchen,1,2,,,2021661
2017-11-22,Group stage,Paris,Celtic,7,1,,,2021662
2017-11-22,Group stage,Atleti,Roma,2,0,,,2021664
2017-11-22,Group stage,Juventus,Barcelona,0,0,,,2021665
2017-11-22,Group stage,Sporting CP,Olympiacos,3,1,,,2021666
2017-12-05,Group stage,Benfica,Basel,0,2,,,2021667
2017-12-05,Group stage,Man Utd,CSKA Moskva,2,1,,,2021668
2017-12-05,Group stage,Bayern Munchen,Paris,3,1,,,2021669
2017-12-05,Group stage,Celtic,Anderlecht,0,1,,,2021670
2017-12-05,Group stage,Chelsea,Atleti,1,1,,,2021671
2017-12-05,Group stage,Roma,Qarabag,1,0,,,2021672
2017-12-05,Group stage,Barcelona,Sporting CP,2,0,,,2021673
2017-12-05,Group stage,Olympiacos,Juventus,0,2,,,2021674
2017-12-06,Group stage,Maribor,Sevilla,1,1,,,2021675
2017-12-06,Group stage,Liverpool,Spartak Moskva,7,0,,,2021676
2017-12-06,Group stage,Feyenoord,Napoli,2,1,,,2021677
2017-12-06,Group stage,Shakhtar,Man City,2,1,,,2021678
2017-12-06,Group stage,Leipzig,Besiktas,1,2,,,2021679
2017-12-06,Group stage,Porto,Monaco,5,2,,,2021680
2017-12-06,Group stage,Real Madrid,B. Dortmund,3,2,,,2021681
2017-12-06,Group stage,Tottenham,APOEL,3,0,,,2021682
2018-02-13,Round of 16,Juventus,Tottenham,2,2,,,2021683
2018-02-13,Round of 16,Basel,Man City,0,4,,,2021684
2018-02-14,Round of 16,Porto,Liverpool,0,5,,,2021687
2018-02-14,Round of 16,Real Madrid,Paris,3,1,,,2021689
2018-02-20,Round of 16,Chelsea,Barcelona,1,1,,,2021685
2018-02-20,Round of 16,Bayern Munchen,Besiktas,5,0,,,2021686
2018-02-21,Round of 16,Sevilla,Man Utd,0,0,,,2021688
2018-02-21,Round of 16,Shakhtar,Roma,2,1,,,2021690
2018-03-06,Round of 16,Paris,Real Madrid,1,2,,,2021695
2018-03-06,Round of 16,Liverpool,Porto,0,0,,,2021697
2018-03-07,Round of 16,Tottenham,Juventus,1,2,,,2021693
2018-03-07,Round of 16,Man City,Basel,1,2,,,2021694
2018-03-13,Round of 16,Roma,Shakhtar,1,0,,,2021696
2018-03-13,Round of 16,Man Utd,Sevilla,1,2,,,2021698
2018-03-14,Round of 16,Besiktas,Bayern Munchen,1,3,,,2021692
2018-03-14,Round of 16,Barcelona,Chelsea,3,0,,,2021691
2018-04-03,Quarter-finals,Sevilla,Bayern Munchen,1,2,,,2021700
2018-04-03,Quarter-finals,Juventus,Real Madrid,0,3,,,2021701
2018-04-04,Quarter-finals,Barcelona,Roma,4,1,,,2021699
2018-04-04,Quarter-finals,Liverpool,Man City,3,0,,,2021702
2018-04-10,Quarter-finals,Man City,Liverpool,1,2,,,2021704
2018-04-10,Quarter-finals,Roma,Barcelona,3,0,,,2021705
2018-04-11,Quarter-finals,Real Madrid,Juventus,1,3,,,2021703
2018-04-11,Quarter-finals,Bayern Munchen,Sevilla,0,0,,,2021706
2018-04-24,Semi-finals,Liverpool,Roma,5,2,,,2021707
2018-04-25,Semi-finals,Bayern Munchen,Real Madrid,1,2,,,2021708
2018-05-01,Semi-finals,Real Madrid,Bayern Munchen,2,2,,,2021709
2018-05-02,Semi-finals,Roma,Liverpool,4,2,,,2021710
2018-05-26,Final,Real Madrid,Liverpool,3,1,,,2021711
2018-09-18,Group stage,Barcelona,PSV,4,0,,,2025055
2018-09-18,Group stage,Inter,Tottenham,2,1,,,2025056
2018-09-18,Group stage,Club Brugge,B. Dortmund,0,1,,,2025053
2018-09-18,Group stage,Monaco,Atleti,1,2,,,2025054
2018-09-18,Group stage,Liverpool,Paris,3,2,,,2025057
2018-09-18,Group stage,Crvena Zvezda,Napoli,0,0,,,2025058
2018-09-18,Group stage,Galatasaray,Lokomotiv Moskva,3,0,,,2025059
2018-09-18,Group stage,Schalke,Porto,1,1,,,2025060
2018-09-19,Group stage,Ajax,AEK Athens,3,0,,,2025061
2018-09-19,Group stage,Shakhtar,Hoffenheim,2,2,,,2025063
2018-09-19,Group stage,Benfica,Bayern Munchen,0,2,,,2025062
2018-09-19,Group stage,Man City,Lyon,1,2,,,2025064
2018-09-19,Group stage,Real Madrid,Roma,3,0,,,2025065
2018-09-19,Group stage,Viktoria Plzen,CSKA Moskva,2,2,,,2025066
2018-09-19,Group stage,Young Boys,Man Utd,0,3,,,2025067
2018-09-19,Group stage,Valencia,Juventus,0,2,,,2025068
2018-10-02,Group stage,Hoffenheim,Man City,1,2,,,2025072
2018-10-02,Group stage,Juventus,Young Boys,3,0,,,2025075
2018-10-02,Group stage,Bayern Munchen,Ajax,1,1,,,2025069
2018-10-02,Group stage,AEK Athens,Benfica,2,3,,,2025070
2018-10-02,Group stage,Lyon,Shakhtar,2,2,,,2025071
2018-10-02,Group stage,CSKA Moskva,Real Madrid,1,0,,,2025073
2018-10-02,Group stage,Roma,Viktoria Plzen,5,0,,,2025074
2018-10-02,Group stage,Man Utd,Valencia,0,0,,,2025076
2018-10-03,Group stage,Paris,Crvena Zvezda,6,1,,,2025082
2018-10-03,Group stage,Lokomotiv Moskva,Schalke,0,1,,,2025084
2018-10-03,Group stage,Atleti,Club Brugge,3,1,,,2025077
2018-10-03,Group stage,B. Dortmund,Monaco,3,0,,,2025078
2018-10-03,Group stage,Tottenham,Barcelona,2,4,,,2025079
2018-10-03,Group stage,PSV,Inter,1,2,,,2025080
2018-10-03,Group stage,Napoli,Liverpool,1,0,,,2025081
2018-10-03,Group stage,Porto,Galatasaray,1,0,,,2025083
2018-10-23,Group stage,AEK Athens,Bayern Munchen,0,2,,,2025085
2018-10-23,Group stage,Young Boys,Valencia,1,1,,,2025092
2018-10-23,Group stage,Ajax,Benfica,1,0,,,2025086
2018-10-23,Group stage,Hoffenheim,Lyon,3,3,,,2025087
2018-10-23,Group stage,Shakhtar,Man City,0,3,,,2025088
2018-10-23,Group stage,Roma,CSKA Moskva,3,0,,,2025089
2018-10-23,Group stage,Real Madrid,Viktoria Plzen,2,1,,,2025090
2018-10-23,Group stage,Man Utd,Juventus,0,1,,,2025091
2018-10-24,Group stage,Club Brugge,Monaco,1,1,,,2025094
2018-10-24,Group stage,PSV,Tottenham,2,2,,,2025095
2018-10-24,Group stage,B. Dortmund,Atleti,4,0,,,2025093
2018-10-24,Group stage,Barcelona,Inter,2,0,,,2025096
2018-10-24,Group stage,Paris,Napoli,2,2,,,2025097
2018-10-24,Group stage,Liverpool,Crvena Zvezda,4,0,,,2025098
2018-10-24,Group stage,Lokomotiv Moskva,Porto,1,3,,,2025099
2018-10-24,Group stage,Galatasaray,Schalke,0,0,,,2025100
2018-11-06,Group stage,Monaco,Club Brugge,0,4,,,2025102
2018-11-06,Group stage,Crvena Zvezda,Liverpool,2,0,,,2025106
2018-11-06,Group stage,Atleti,B. Dortmund,2,0,,,2025101
2018-11-06,Group stage,Tottenham,PSV,2,1,,,2025103
2018-11-06,Group stage,Inter,Barcelona,1,1,,,2025104
2018-11-06,Group stage,Napoli,Paris,1,1,,,2025105
2018-11-06,Group stage,Porto,Lokomotiv Moskva,4,1,,,2025107
2018-11-06,Group stage,Schalke,Galatasaray,2,0,,,2025108
2018-11-07,Group stage,CSKA Moskva,Roma,1,2,,,2025113
2018-11-07,Group stage,Valencia,Young Boys,3,1,,,2025116
2018-11-07,Group stage,Bayern Munchen,AEK Athens,2,0,,,2025109
2018-11-07,Group stage,Benfica,Ajax,1,1,,,2025110
2018-11-07,Group stage,Lyon,Hoffenheim,2,2,,,2025111
2018-11-07,Group stage,Man City,Shakhtar,6,0,,,2025112
2018-11-07,Group stage,Viktoria Plzen,Real Madrid,0,5,,,2025114
2018-11-07,Group stage,Juventus,Man Utd,1,2,,,2025115
2018-11-27,Group stage,AEK Athens,Ajax,0,2,,,2025117
2018-11-27,Group stage,CSKA Moskva,Viktoria Plzen,1,2,,,2025122
2018-11-27,Group stage,Bayern Munchen,Benfica,5,1,,,2025118
2018-11-27,Group stage,Hoffenheim,Shakhtar,2,3,,,2025119
2018-11-27,Group stage,Lyon,Man City,2,2,,,2025120
2018-11-27,Group stage,Roma,Real Madrid,0,2,,,2025121
2018-11-27,Group stage,Man Utd,Young Boys,1,0,,,2025123
2018-11-27,Group stage,Juventus,Valencia,1,0,,,2025124
2018-11-28,Group stage,Atleti,Monaco,2,0,,,2025126
2018-11-28,Group stage,Lokomotiv Moskva,Galatasaray,2,0,,,2025131
2018-11-28,Group stage,B. Dortmund,Club Brugge,0,0,,,2025125
2018-11-28,Group stage,PSV,Barcelona,1,2,,,2025127
2018-11-28,Group stage,Tottenham,Inter,1,0,,,2025128
2018-11-28,Group stage,Paris,Liverpool,2,1,,,2025129
2018-11-28,Group stage,Napoli,Crvena Zvezda,3,1,,,2025130
2018-11-28,Group stage,Porto,Schalke,3,1,,,2025132
2018-12-11,Group stage,Galatasaray,Porto,2,3,,,2025139
2018-12-11,Group stage,Schalke,Lokomotiv Moskva,1,0,,,2025140
2018-12-11,Group stage,Club Brugge,Atleti,0,0,,,2025133
2018-12-11,Group stage,Monaco,B. Dortmund,0,2,,,2025134
2018-12-11,Group stage,Barcelona,Tottenham,1,1,,,2025135
2018-12-11,Group stage,Inter,PSV,1,1,,,2025136
2018-12-11,Group stage,Liverpool,Napoli,1,0,,,2025137
2018-12-11,Group stage,Crvena Zvezda,Paris,1,4,,,2025138
2018-12-12,Group stage,Real Madrid,CSKA Moskva,0,3,,,2025145
2018-12-12,Group stage,Viktoria Plzen,Roma,2,1,,,2025146
2018-12-12,Group stage,Ajax,Bayern Munchen,3,3,,,2025141
2018-12-12,Group stage,Benfica,AEK Athens,1,0,,,2025142
2018-12-12,Group stage,Shakhtar,Lyon,1,1,,,2025143
2018-12-12,Group stage,Man City,Hoffenheim,2,1,,,2025144
2018-12-12,Group stage,Young Boys,Juventus,2,1,,,2025147
2018-12-12,Group stage,Valencia,Man Utd,2,1,,,2025148
2019-02-12,Round of 16,Man Utd,Paris,0,2,,,2026849
2019-02-12,Round of 16,Roma,Porto,2,1,,,2026852
2019-02-13,Round of 16,Ajax,Real Madrid,1,2,,,2026847
2019-02-13,Round of 16,Tottenham,B. Dortmund,3,0,,,2026850
2019-02-19,Round of 16,Liverpool,Bayern Munchen,0,0,,,2026848
2019-02-19,Round of 16,Lyon,Barcelona,0,0,,,2026851
2019-02-20,Round of 16,Schalke,Man City,2,3,,,2026845
2019-02-20,Round of 16,Atleti,Juventus,2,0,,,2026846
2019-03-05,Round of 16,Real Madrid,Ajax,1,4,,,2026853
2019-03-05,Round of 16,B. Dortmund,Tottenham,0,1,,,2026860
2019-03-06,Round of 16,Porto,Roma,3,1,,,2026858
2019-03-06,Round of 16,Paris,Man Utd,1,3,,,2026859
2019-03-12,Round of 16,Man City,Schalke,7,0,,,2026855
2019-03-12,Round of 16,Juventus,Atleti,3,0,,,2026856
2019-03-13,Round of 16,Bayern Munchen,Liverpool,1,3,,,2026854
2019-03-13,Round of 16,Barcelona,Lyon,5,1,,,2026857
2019-04-09,Quarter-finals,Liverpool,Porto,2,0,,,2027150
2019-04-09,Quarter-finals,Tottenham,Man City,1,0,,,2027151
2019-04-10,Quarter-finals,Ajax,Juventus,1,1,,,2027149
2019-04-10,Quarter-finals,Man Utd,Barcelona,0,1,,,2027152
2019-04-16,Quarter-finals,Barcelona,Man Utd,3,0,,,2027154
2019-04-16,Quarter-finals,Juventus,Ajax,1,2,,,2027155
2019-04-17,Quarter-finals,Man City,Tottenham,4,3,,,2027153
2019-04-17,Quarter-finals,Porto,Liverpool,1,4,,,2027156
2019-04-30,Semi-finals,Tottenham,Ajax,0,1,,,2027158
2019-05-01,Semi-finals,Barcelona,Liverpool,3,0,,,2027157
2019-05-07,Semi-finals,Liverpool,Barcelona,4,0,,,2027160
2019-05-08,Semi-finals,Ajax,Tottenham,2,3,,,2027159
2019-06-01,Final,Tottenham,Liverpool,0,2,,,2025486
2019-09-17,Group stage,Inter,Slavia Praha,1,1,,,2027034
2019-09-17,Group stage,Lyon,Zenit,1,1,,,2027037
2019-09-17,Group stage,Salzburg,Genk,6,2,,,2027032
2019-09-17,Group stage,Napoli,Liverpool,2,0,,,2027033
2019-09-17,Group stage,B. Dortmund,Barcelona,0,0,,,2027035
2019-09-17,Group stage,Benfica,Leipzig,1,2,,,2027036
2019-09-17,Group stage,Ajax,Lille,3,0,,,2027038
2019-09-17,Group stage,Chelsea,Valencia,0,1,,,2027039
2019-09-18,Group stage,Club Brugge,Galatasaray,0,0,,,2027024
2019-09-18,Group stage,Olympiacos,Tottenham,2,2,,,2027026
2019-09-18,Group stage,Paris,Real Madrid,3,0,,,2027025
2019-09-18,Group stage,Bayern Munchen,Crvena Zvezda,3,0,,,2027027
2019-09-18,Group stage,Shakhtar,Man City,0,3,,,2027028
2019-09-18,Group stage,GNK Dinamo,Atalanta,4,0,,,2027029
2019-09-18,Group stage,Atleti,Juventus,2,2,,,2027030
2019-09-18,Group stage,Leverkusen,Lokomotiv Moskva,1,2,,,2027031
2019-10-01,Group stage,Real Madrid,Club Brugge,2,2,,,2027048
2019-10-01,Group stage,Atalanta,Shakhtar,1,2,,,2027052
2019-10-01,Group stage,Galatasaray,Paris,0,1,,,2027049
2019-10-01,Group stage,Crvena Zvezda,Olympiacos,3,1,,,2027050
2019-10-01,Group stage,Tottenham,Bayern Munchen,2,7,,,2027051
2019-10-01,Group stage,Man City,GNK Dinamo,2,0,,,2027053
2019-10-01,Group stage,Lokomotiv Moskva,Atleti,0,2,,,2027054
2019-10-01,Group stage,Juventus,Leverkusen,3,0,,,2027055
2019-10-02,Group stage,Genk,Napoli,0,0,,,2027041
2019-10-02,Group stage,Slavia Praha,B. Dortmund,0,2,,,2027043
2019-10-02,Group stage,Liverpool,Salzburg,4,3,,,2027040
2019-10-02,Group stage,Barcelona,Inter,2,1,,,2027042
2019-10-02,Group stage,Zenit,Benfica,3,1,,,2027044
2019-10-02,Group stage,Leipzig,Lyon,0,2,,,2027045
2019-10-02,Group stage,Valencia,Ajax,0,3,,,2027046
2019-10-02,Group stage,Lille,Chelsea,1,2,,,2027047
2019-10-22,Group stage,Shakhtar,GNK Dinamo,2,2,,,2027069
2019-10-22,Group stage,Atleti,Leverkusen,1,0,,,2027071
2019-10-22,Group stage,Galatasaray,Real Madrid,0,1,,,2027064
2019-10-22,Group stage,Club Brugge,Paris,0,5,,,2027065
2019-10-22,Group stage,Tottenham,Crvena Zvezda,5,0,,,2027066
2019-10-22,Group stage,Olympiacos,Bayern Munchen,2,3,,,2027067
2019-10-22,Group stage,Man City,Atalanta,5,1,,,2027068
2019-10-22,Group stage,Juventus,Lokomotiv Moskva,2,1,,,2027070
2019-10-23,Group stage,Leipzig,Zenit,2,1,,,2027060
2019-10-23,Group stage,Ajax,Chelsea,0,1,,,2027063
2019-10-23,Group stage,Genk,Liverpool,1,4,,,2027056
2019-10-23,Group stage,Salzburg,Napoli,2,3,,,2027057
2019-10-23,Group stage,Slavia Praha,Barcelona,1,2,,,2027058
2019-10-23,Group stage,Inter,B. Dortmund,2,0,,,2027059
2019-10-23,Group stage,Benfica,Lyon,2,1,,,2027061
2019-10-23,Group stage,Lille,Valencia,1,1,,,2027062
2019-11-05,Group stage,Barcelona,Slavia Praha,0,0,,,2027082
2019-11-05,Group stage,Zenit,Leipzig,0,2,,,2027084
2019-11-05,Group stage,Liverpool,Genk,2,1,,,2027080
2019-11-05,Group stage,Napoli,Salzburg,1,1,,,2027081
2019-11-05,Group stage,B. Dortmund,Inter,3,2,,,2027083
2019-11-05,Group stage,Lyon,Benfica,3,1,,,2027085
2019-11-05,Group stage,Valencia,Lille,4,1,,,2027086
2019-11-05,Group stage,Chelsea,Ajax,4,4,,,2027087
2019-11-06,Group stage,Bayern Munchen,Olympiacos,2,0,,,2027075
2019-11-06,Group stage,Lokomotiv Moskva,Juventus,1,2,,,2027078
2019-11-06,Group stage,Real Madrid,Galatasaray,6,0,,,2027072
2019-11-06,Group stage,Paris,Club Brugge,1,0,,,2027073
2019-11-06,Group stage,Crvena Zvezda,Tottenham,0,4,,,2027074
2019-11-06,Group stage,Atalanta,Man City,1,1,,,2027076
2019-11-06,Group stage,GNK Dinamo,Shakhtar,3,3,,,2027077
2019-11-06,Group stage,Leverkusen,Atleti,2,1,,,2027079
2019-11-26,Group stage,Galatasaray,Club Brugge,1,1,,,2027096
2019-11-26,Group stage,Lokomotiv Moskva,Leverkusen,0,2,,,2027103
2019-11-26,Group stage,Real Madrid,Paris,2,2,,,2027097
2019-11-26,Group stage,Tottenham,Olympiacos,4,2,,,2027098
2019-11-26,Group stage,Crvena Zvezda,Bayern Munchen,0,6,,,2027099
2019-11-26,Group stage,Man City,Shakhtar,1,1,,,2027100
2019-11-26,Group stage,Atalanta,GNK Dinamo,2,0,,,2027101
2019-11-26,Group stage,Juventus,Atleti,1,0,,,2027102
2019-11-27,Group stage,Zenit,Lyon,2,0,,,2027093
2019-11-27,Group stage,Valencia,Chelsea,2,2,,,2027095
2019-11-27,Group stage,Genk,Salzburg,1,4,,,2027088
2019-11-27,Group stage,Liverpool,Napoli,1,1,,,2027089
2019-11-27,Group stage,Slavia Praha,Inter,1,3,,,2027090
2019-11-27,Group stage,Barcelona,B. Dortmund,3,1,,,2027091
2019-11-27,Group stage,Leipzig,Benfica,2,2,,,2027092
2019-11-27,Group stage,Lille,Ajax,0,2,,,2027094
2019-12-10,Group stage,Salzburg,Liverpool,0,2,,,2027112
2019-12-10,Group stage,Napoli,Genk,4,0,,,2027113
2019-12-10,Group stage,Inter,Barcelona,1,2,,,2027114
2019-12-10,Group stage,B. Dortmund,Slavia Praha,2,1,,,2027115
2019-12-10,Group stage,Benfica,Zenit,3,0,,,2027116
2019-12-10,Group stage,Lyon,Leipzig,2,2,,,2027117
2019-12-10,Group stage,Ajax,Valencia,0,1,,,2027118
2019-12-10,Group stage,Chelsea,Lille,2,1,,,2027119
2019-12-11,Group stage,Shakhtar,Atalanta,0,3,,,2027108
2019-12-11,Group stage,GNK Dinamo,Man City,1,4,,,2027109
2019-12-11,Group stage,Club Brugge,Real Madrid,1,3,,,2027104
2019-12-11,Group stage,Paris,Galatasaray,5,0,,,2027105
2019-12-11,Group stage,Olympiacos,Crvena Zvezda,1,0,,,2027106
2019-12-11,Group stage,Bayern Munchen,Tottenham,3,1,,,2027107
2019-12-11,Group stage,Atleti,Lokomotiv Moskva,2,0,,,2027110
2019-12-11,Group stage,Leverkusen,Juventus,0,2,,,2027111
2020-02-18,Round of 16,B. Dortmund,Paris,2,1,,,2027120
2020-02-18,Round of 16,Atleti,Liverpool,1,0,,,2027125
2020-02-19,Round of 16,Tottenham,Leipzig,0,1,,,2027122
2020-02-19,Round of 16,Atalanta,Valencia,4,1,,,2027124
2020-02-25,Round of 16,Napoli,Barcelona,1,1,,,2027123
2020-02-25,Round of 16,Chelsea,Bayern Munchen,0,3,,,2027126
2020-02-26,Round of 16,Real Madrid,Man City,1,2,,,2027121
2020-02-26,Round of 16,Lyon,Juventus,1,0,,,2027127
2020-03-10,Round of 16,Leipzig,Tottenham,3,0,,,2027128
2020-03-10,Round of 16,Valencia,Atalanta,3,4,,,2027134
2020-03-11,Round of 16,Paris,B. Dortmund,2,0,,,2027130
2020-03-11,Round of 16,Liverpool,Atleti,2,3,,,2027135
2020-08-07,Round of 16,Man City,Real Madrid,2,1,,,2027131
2020-08-07,Round of 16,Juventus,Lyon,2,1,,,2027133
2020-08-08,Round of 16,Barcelona,Napoli,3,1,,,2027129
2020-08-08,Round of 16,Bayern Munchen,Chelsea,4,1,,,2027132
2020-08-12,Quarter-finals,Atalanta,Paris,1,2,,,2030147
2020-08-13,Quarter-finals,Leipzig,Atleti,2,1,,,2030145
2020-08-14,Quarter-finals,Barcelona,Bayern Munchen,2,8,,,2030146
2020-08-15,Quarter-finals,Man City,Lyon,1,3,,,2030144
2020-08-18,Semi-finals,Leipzig,Paris,0,3,,,2030148
2020-08-19,Semi-finals,Lyon,Bayern Munchen,0,3,,,2030149
2020-08-23,Final,Paris,Bayern Munchen,0,1,,,2030150
2020-10-20,Group stage,Zenit,Club Brugge,1,2,,,2029384
2020-10-20,Group stage,Dynamo Kyiv,Juventus,0,2,,,2029387
2020-10-20,Group stage,Chelsea,Sevilla,0,0,,,2029382
2020-10-20,Group stage,Rennes,Krasnodar,1,1,,,2029383
2020-10-20,Group stage,Lazio,B. Dortmund,3,1,,,2029385
2020-10-20,Group stage,Barcelona,Ferencvaros,5,1,,,2029386
2020-10-20,Group stage,Leipzig,Basaksehir,2,0,,,2029388
2020-10-20,Group stage,Paris,Man Utd,1,2,,,2029389
2020-10-21,Group stage,Salzburg,Lokomotiv Moskva,2,2,,,2029275
2020-10-21,Group stage,Real Madrid,Shakhtar,2,3,,,2029277
2020-10-21,Group stage,Bayern Munchen,Atleti,4,0,,,2029276
2020-10-21,Group stage,Inter,Monchengladbach,2,2,,,2029278
2020-10-21,Group stage,Man City,Porto,3,1,,,2029279
2020-10-21,Group stage,Olympiacos,Marseille,1,0,,,2029280
2020-10-21,Group stage,Midtjylland,Atalanta,0,4,,,2029281
2020-10-21,Group stage,Ajax,Liverpool,0,1,,,2029282
2020-10-27,Group stage,Lokomotiv Moskva,Bayern Munchen,1,2,,,2029399
2020-10-27,Group stage,Shakhtar,Inter,0,0,,,2029401
2020-10-27,Group stage,Atleti,Salzburg,3,2,,,2029398
2020-10-27,Group stage,Monchengladbach,Real Madrid,2,2,,,2029400
2020-10-27,Group stage,Marseille,Man City,0,3,,,2029402
2020-10-27,Group stage,Porto,Olympiacos,2,0,,,2029403
2020-10-27,Group stage,Liverpool,Midtjylland,2,0,,,2029404
2020-10-27,Group stage,Atalanta,Ajax,2,2,,,2029405
2020-10-28,Group stage,Krasnodar,Chelsea,0,4,,,2029390
2020-10-28,Group stage,Basaksehir,Paris,0,2,,,2029397
2020-10-28,Group stage,Sevilla,Rennes,1,0,,,2029391
2020-10-28,Group stage,B. Dortmund,Zenit,2,0,,,2029392
2020-10-28,Group stage,Club Brugge,Lazio,1,1,,,2029393
2020-10-28,Group stage,Juventus,Barcelona,0,2,,,2029394
2020-10-28,Group stage,Ferencvaros,Dynamo Kyiv,2,2,,,2029395
2020-10-28,Group stage,Man Utd,Leipzig,5,0,,,2029396
2020-11-03,Group stage,Lokomotiv Moskva,Atleti,1,1,,,2029414
2020-11-03,Group stage,Shakhtar,Monchengladbach,0,6,,,2029416
2020-11-03,Group stage,Salzburg,Bayern Munchen,2,6,,,2029415
2020-11-03,Group stage,Real Madrid,Inter,3,2,,,2029417
2020-11-03,Group stage,Porto,Marseille,3,0,,,2029418
2020-11-03,Group stage,Man City,Olympiacos,3,0,,,2029419
2020-11-03,Group stage,Atalanta,Liverpool,0,5,,,2029420
2020-11-03,Group stage,Midtjylland,Ajax,1,2,,,2029421
2020-11-04,Group stage,Zenit,Lazio,1,1,,,2029409
2020-11-04,Group stage,Basaksehir,Man Utd,2,1,,,2029412
2020-11-04,Group stage,Sevilla,Krasnodar,3,2,,,2029406
2020-11-04,Group stage,Chelsea,Rennes,3,0,,,2029407
2020-11-04,Group stage,Club Brugge,B. Dortmund,0,3,,,2029408
2020-11-04,Group stage,Ferencvaros,Juventus,1,4,,,2029410
2020-11-04,Group stage,Barcelona,Dynamo Kyiv,2,1,,,2029411
2020-11-04,Group stage,Leipzig,Paris,2,1,,,2029413
2020-11-24,Group stage,Krasnodar,Sevilla,1,2,,,2029430
2020-11-24,Group stage,Rennes,Chelsea,1,2,,,2029431
2020-11-24,Group stage,B. Dortmund,Club Brugge,3,0,,,2029432
2020-11-24,Group stage,Lazio,Zenit,3,1,,,2029433
2020-11-24,Group stage,Juventus,Ferencvaros,2,1,,,2029434
2020-11-24,Group stage,Dynamo Kyiv,Barcelona,0,4,,,2029435
2020-11-24,Group stage,Man Utd,Basaksehir,4,1,,,2029436
2020-11-24,Group stage,Paris,Leipzig,1,0,,,2029437
2020-11-25,Group stage,Monchengladbach,Shakhtar,4,0,,,2029424
2020-11-25,Group stage,Olympiacos,Man City,0,1,,,2029427
2020-11-25,Group stage,Atleti,Lokomotiv Moskva,0,0,,,2029422
2020-11-25,Group stage,Bayern Munchen,Salzburg,3,1,,,2029423
2020-11-25,Group stage,Inter,Real Madrid,0,2,,,2029425
2020-11-25,Group stage,Marseille,Porto,0,2,,,2029426
2020-11-25,Group stage,Liverpool,Atalanta,0,2,,,2029428
2020-11-25,Group stage,Ajax,Midtjylland,3,1,,,2029429
2020-12-01,Group stage,Lokomotiv Moskva,Salzburg,1,3,,,2029446
2020-12-01,Group stage,Shakhtar,Real Madrid,2,0,,,2029448
2020-12-01,Group stage,Atleti,Bayern Munchen,1,1,,,2029447
2020-12-01,Group stage,Monchengladbach,Inter,2,3,,,2029449
2020-12-01,Group stage,Porto,Man City,0,0,,,2029450
2020-12-01,Group stage,Marseille,Olympiacos,2,1,,,2029451
2020-12-01,Group stage,Atalanta,Midtjylland,1,1,,,2029452
2020-12-01,Group stage,Liverpool,Ajax,1,0,,,2029453
2020-12-02,Group stage,Krasnodar,Rennes,1,0,,,2029439
2020-12-02,Group stage,Basaksehir,Leipzig,3,4,,,2029444
2020-12-02,Group stage,Sevilla,Chelsea,0,4,,,2029438
2020-12-02,Group stage,Club Brugge,Zenit,3,0,,,2029440
2020-12-02,Group stage,B. Dortmund,Lazio,1,1,,,2029441
2020-12-02,Group stage,Ferencvaros,Barcelona,0,3,,,2029442
2020-12-02,Group stage,Juventus,Dynamo Kyiv,3,0,,,2029443
2020-12-02,Group stage,Man Utd,Paris,1,3,,,2029445
2020-12-08,Group stage,Zenit,B. Dortmund,1,2,,,2029464
2020-12-08,Group stage,Lazio,Club Brugge,2,2,,,2029465
2020-12-08,Group stage,Chelsea,Krasnodar,1,1,,,2029462
2020-12-08,Group stage,Rennes,Sevilla,1,3,,,2029463
2020-12-08,Group stage,Barcelona,Juventus,0,3,,,2029466
2020-12-08,Group stage,Dynamo Kyiv,Ferencvaros,1,0,,,2029467
2020-12-08,Group stage,Leipzig,Man Utd,3,2,,,2029468
2020-12-09,Group stage,Midtjylland,Liverpool,1,1,,,2029460
2020-12-09,Group stage,Ajax,Atalanta,0,1,,,2029461
2020-12-09,Group stage,Paris,Basaksehir,5,1,,,2029469
2020-12-09,Group stage,Salzburg,Atleti,0,2,,,2029454
2020-12-09,Group stage,Bayern Munchen,Lokomotiv Moskva,2,0,,,2029455
2020-12-09,Group stage,Real Madrid,Monchengladbach,2,0,,,2029456
2020-12-09,Group stage,Inter,Shakhtar,0,0,,,2029457
2020-12-09,Group stage,Man City,Marseille,3,0,,,2029458
2020-12-09,Group stage,Olympiacos,Porto,0,2,,,2029459
2021-02-16,Round of 16,Leipzig,Liverpool,0,2,,,2029475
2021-02-16,Round of 16,Barcelona,Paris,1,4,,,2029477
2021-02-17,Round of 16,Sevilla,B. Dortmund,2,3,,,2029472
2021-02-17,Round of 16,Porto,Juventus,2,1,,,2029476
2021-02-23,Round of 16,Lazio,Bayern Munchen,1,4,,,2029471
2021-02-23,Round of 16,Atleti,Chelsea,0,1,,,2029474
2021-02-24,Round of 16,Monchengladbach,Man City,0,2,,,2029470
2021-02-24,Round of 16,Atalanta,Real Madrid,0,1,,,2029473
2021-03-09,Round of 16,B. Dortmund,Sevilla,2,2,,,2029478
2021-03-09,Round of 16,Juventus,Porto,3,2,,,2029482
2021-03-10,Round of 16,Paris,Barcelona,1,1,,,2029483
2021-03-10,Round of 16,Liverpool,Leipzig,2,0,,,2029485
2021-03-16,Round of 16,Real Madrid,Atalanta,3,1,,,2029479
2021-03-16,Round of 16,Man City,Monchengladbach,2,0,,,2029480
2021-03-17,Round of 16,Bayern Munchen,Lazio,2,1,,,2029481
2021-03-17,Round of 16,Chelsea,Atleti,2,0,,,2029484
2021-04-06,Quarter-finals,Man City,B. Dortmund,2,1,,,2029486
2021-04-06,Quarter-finals,Real Madrid,Liverpool,3,1,,,2029489
2021-04-07,Quarter-finals,Porto,Chelsea,0,2,,,2029487
2021-04-07,Quarter-finals,Bayern Munchen,Paris,2,3,,,2029488
2021-04-13,Quarter-finals,Paris,Bayern Munchen,0,1,,,2029490
2021-04-13,Quarter-finals,Chelsea,Porto,0,1,,,2029493
2021-04-14,Quarter-finals,Liverpool,Real Madrid,0,0,,,2029491
2021-04-14,Quarter-finals,B. Dortmund,Man City,1,2,,,2029492
2021-04-27,Semi-finals,Real Madrid,Chelsea,1,1,,,2029495
2021-04-28,Semi-finals,Paris,Man City,1,2,,,2029494
2021-05-04,Semi-finals,Man City,Paris,2,0,,,2029497
2021-05-05,Semi-finals,Chelsea,Real Madrid,2,0,,,2029496
2021-05-29,Final,Man City,Chelsea,0,1,,,2029498
2021-09-14,Group stage,Sevilla,Salzburg,1,1,,,2032652
2021-09-14,Group stage,Young Boys,Man Utd,2,1,,,2032699
2021-09-14,Group stage,Villarreal,Atalanta,2,2,,,2032698
2021-09-14,Group stage,Chelsea,Zenit,1,0,,,2032702
2021-09-14,Group stage,Malmo,Juventus,0,3,,,2032703
2021-09-14,Group stage,Lille,Wolfsburg,0,0,,,2032709
2021-09-14,Group stage,Barcelona,Bayern Munchen,0,3,,,2032728
2021-09-14,Group stage,Dynamo Kyiv,Benfica,0,0,,,2032729
2021-09-15,Group stage,Besiktas,B. Dortmund,1,2,,,2032693
2021-09-15,Group stage,Sheriff,Shakhtar,2,0,,,2032727
2021-09-15,Group stage,Inter,Real Madrid,0,1,,,2032670
2021-09-15,Group stage,Liverpool,Milan,3,2,,,2032683
2021-09-15,Group stage,Man City,Leipzig,6,3,,,2032688
2021-09-15,Group stage,Club Brugge,Paris,1,1,,,2032689
2021-09-15,Group stage,Atleti,Porto,0,0,,,2032690
2021-09-15,Group stage,Sporting CP,Ajax,1,5,,,2032692
2021-09-28,Group stage,Ajax,Besiktas,2,0,,,2032669
2021-09-28,Group stage,Shakhtar,Inter,0,0,,,2032686
2021-09-28,Group stage,Milan,Atleti,1,2,,,2032643
2021-09-28,Group stage,Leipzig,Club Brugge,1,2,,,2032665
2021-09-28,Group stage,Real Madrid,Sheriff,1,2,,,2032687
2021-09-28,Group stage,Porto,Liverpool,1,5,,,2032714
2021-09-28,Group stage,Paris,Man City,2,0,,,2032720
2021-09-28,Group stage,B. Dortmund,Sporting CP,1,0,,,2032724
2021-09-29,Group stage,Atalanta,Young Boys,1,0,,,2032659
2021-09-29,Group stage,Zenit,Malmo,4,0,,,2032663
2021-09-29,Group stage,Salzburg,Lille,2,1,,,2032676
2021-09-29,Group stage,Wolfsburg,Sevilla,1,1,,,2032701
2021-09-29,Group stage,Benfica,Barcelona,3,0,,,2032704
2021-09-29,Group stage,Bayern Munchen,Dynamo Kyiv,5,0,,,2032705
2021-09-29,Group stage,Man Utd,Villarreal,2,1,,,2032730
2021-09-29,Group stage,Juventus,Chelsea,1,0,,,2032734
2021-10-19,Group stage,Club Brugge,Man City,1,5,,,2032641
2021-10-19,Group stage,Besiktas,Sporting CP,1,4,,,2032645
2021-10-19,Group stage,Paris,Leipzig,3,2,,,2032640
2021-10-19,Group stage,Atleti,Liverpool,2,3,,,2032666
2021-10-19,Group stage,Porto,Milan,1,0,,,2032667
2021-10-19,Group stage,Ajax,B. Dortmund,4,0,,,2032716
2021-10-19,Group stage,Shakhtar,Real Madrid,0,5,,,2032718
2021-10-19,Group stage,Inter,Sheriff,3,1,,,2032719
2021-10-20,Group stage,Salzburg,Wolfsburg,3,1,,,2032661
2021-10-20,Group stage,Barcelona,Dynamo Kyiv,1,0,,,2032673
2021-10-20,Group stage,Man Utd,Atalanta,3,2,,,2032650
2021-10-20,Group stage,Young Boys,Villarreal,1,4,,,2032651
2021-10-20,Group stage,Lille,Sevilla,0,0,,,2032660
2021-10-20,Group stage,Benfica,Bayern Munchen,0,4,,,2032672
2021-10-20,Group stage,Zenit,Juventus,0,1,,,2032710
2021-10-20,Group stage,Chelsea,Malmo,4,0,,,2032711
2021-11-02,Group stage,Malmo,Chelsea,0,1,,,2032655
2021-11-02,Group stage,Wolfsburg,Salzburg,2,1,,,2032733
2021-11-02,Group stage,Juventus,Zenit,4,2,,,2032654
2021-11-02,Group stage,Bayern Munchen,Benfica,5,2,,,2032696
2021-11-02,Group stage,Dynamo Kyiv,Barcelona,0,1,,,2032697
2021-11-02,Group stage,Atalanta,Man Utd,2,2,,,2032706
2021-11-02,Group stage,Villarreal,Young Boys,2,0,,,2032707
2021-11-02,Group stage,Sevilla,Lille,1,2,,,2032732
2021-11-03,Group stage,Real Madrid,Shakhtar,2,1,,,2032646
2021-11-03,Group stage,Milan,Porto,1,1,,,2032723
2021-11-03,Group stage,B. Dortmund,Ajax,1,3,,,2032644
2021-11-03,Group stage,Sheriff,Inter,1,3,,,2032647
2021-11-03,Group stage,Leipzig,Paris,2,2,,,2032712
2021-11-03,Group stage,Man City,Club Brugge,4,1,,,2032713
2021-11-03,Group stage,Sporting CP,Besiktas,4,0,,,2032717
2021-11-03,Group stage,Liverpool,Atleti,2,0,,,2032722
2021-11-23,Group stage,Dynamo Kyiv,Bayern Munchen,1,2,,,2032649
2021-11-23,Group stage,Villarreal,Man Utd,0,2,,,2032658
2021-11-23,Group stage,Barcelona,Benfica,0,0,,,2032648
2021-11-23,Group stage,Chelsea,Juventus,4,0,,,2032662
2021-11-23,Group stage,Sevilla,Wolfsburg,2,0,,,2032677
2021-11-23,Group stage,Lille,Salzburg,1,0,,,2032700
2021-11-23,Group stage,Young Boys,Atalanta,3,3,,,2032731
2021-11-23,Group stage,Malmo,Zenit,1,1,,,2032735
2021-11-24,Group stage,Inter,Shakhtar,2,0,,,2032694
2021-11-24,Group stage,Besiktas,Ajax,1,2,,,2032725
2021-11-24,Group stage,Liverpool,Porto,2,0,,,2032642
2021-11-24,Group stage,Man City,Paris,2,1,,,2032664
2021-11-24,Group stage,Sporting CP,B. Dortmund,3,1,,,2032668
2021-11-24,Group stage,Sheriff,Real Madrid,0,3,,,2032695
2021-11-24,Group stage,Atleti,Milan,0,1,,,2032715
2021-11-24,Group stage,Club Brugge,Leipzig,0,5,,,2032721
2021-12-07,Group stage,Leipzig,Man City,2,1,,,2032680
2021-12-07,Group stage,Paris,Club Brugge,4,1,,,2032681
2021-12-07,Group stage,Shakhtar,Sheriff,1,1,,,2032671
2021-12-07,Group stage,Porto,Atleti,1,3,,,2032682
2021-12-07,Group stage,Ajax,Sporting CP,4,2,,,2032684
2021-12-07,Group stage,B. Dortmund,Besiktas,5,0,,,2032685
2021-12-07,Group stage,Milan,Liverpool,1,2,,,2032691
2021-12-07,Group stage,Real Madrid,Inter,2,0,,,2032726
2021-12-08,Group stage,Zenit,Chelsea,3,3,,,2032678
2021-12-08,Group stage,Juventus,Malmo,1,0,,,2032679
2021-12-08,Group stage,Wolfsburg,Lille,1,3,,,2032653
2021-12-08,Group stage,Bayern Munchen,Barcelona,3,0,,,2032656
2021-12-08,Group stage,Benfica,Dynamo Kyiv,2,0,,,2032657
2021-12-08,Group stage,Man Utd,Young Boys,1,1,,,2032675
2021-12-08,Group stage,Salzburg,Sevilla,1,0,,,2032708
2021-12-09,Group stage,Atalanta,Villarreal,2,3,,,2032674
2022-02-15,Round of 16,Sporting CP,Man City,0,5,,,2033897
2022-02-15,Round of 16,Paris,Real Madrid,1,0,,,2033899
2022-02-16,Round of 16,Salzburg,Bayern Munchen,1,1,,,2033896
2022-02-16,Round of 16,Inter,Liverpool,0,2,,,2033898
2022-02-22,Round of 16,Chelsea,Lille,2,0,,,2033901
2022-02-22,Round of 16,Villarreal,Juventus,1,1,,,2033903
2022-02-23,Round of 16,Benfica,Ajax,2,2,,,2033900
2022-02-23,Round of 16,Atleti,Man Utd,1,1,,,2033902
2022-03-08,Round of 16,Liverpool,Inter,0,1,,,2033904
2022-03-08,Round of 16,Bayern Munchen,Salzburg,7,1,,,2033906
2022-03-09,Round of 16,Real Madrid,Paris,3,1,,,2033905
2022-03-09,Round of 16,Man City,Sporting CP,0,0,,,2033907
2022-03-15,Round of 16,Man Utd,Atleti,0,1,,,2033908
2022-03-15,Round of 16,Ajax,Benfica,0,1,,,2033910
2022-03-16,Round of 16,Juventus,Villarreal,0,3,,,2033909
2022-03-16,Round of 16,Lille,Chelsea,1,2,,,2033911
2022-04-05,Quarter-finals,Man City,Atleti,1,0,,,2034654
2022-04-05,Quarter-finals,Benfica,Liverpool,1,3,,,2034656
2022-04-06,Quarter-finals,Chelsea,Real Madrid,1,3,,,2034653
2022-04-06,Quarter-finals,Villarreal,Bayern Munchen,1,0,,,2034655
2022-04-12,Quarter-finals,Bayern Munchen,Villarreal,1,1,,,2034657
2022-04-12,Quarter-finals,Real Madrid,Chelsea,2,3,,,2034659
2022-04-13,Quarter-finals,Liverpool,Benfica,3,3,,,2034658
2022-04-13,Quarter-finals,Atleti,Man City,0,0,,,2034660
2022-04-26,Semi-finals,Man City,Real Madrid,4,3,,,2034662
2022-04-27,Semi-finals,Liverpool,Villarreal,2,0,,,2034661
2022-05-03,Semi-finals,Villarreal,Liverpool,2,3,,,2034664
2022-05-04,Semi-finals,Real Madrid,Man City,3,1,,,2034663
2022-05-28,Final,Liverpool,Real Madrid,0,1,,,2034586
2022-09-06,Group stage,GNK Dinamo,Chelsea,1,0,,,2035649
2022-09-06,Group stage,B. Dortmund,Copenhagen,3,0,,,2035653
2022-09-06,Group stage,Salzburg,Milan,1,1,,,2035650
2022-09-06,Group stage,Celtic,Real Madrid,0,3,,,2035651
2022-09-06,Group stage,Leipzig,Shakhtar,1,4,,,2035652
2022-09-06,Group stage,Sevilla,Man City,0,4,,,2035654
2022-09-06,Group stage,Paris,Juventus,2,1,,,2035655
2022-09-06,Group stage,Benfica,Maccabi Haifa,2,0,,,2035656
2022-09-07,Group stage,Ajax,Rangers,4,0,,,2035641
2022-09-07,Group stage,Frankfurt,Sporting CP,0,3,,,2035647
2022-09-07,Group stage,Napoli,Liverpool,4,1,,,2035642
2022-09-07,Group stage,Atleti,Porto,2,1,,,2035643
2022-09-07,Group stage,Club Brugge,Leverkusen,1,0,,,2035644
2022-09-07,Group stage,Barcelona,Viktoria Plzen,5,1,,,2035645
2022-09-07,Group stage,Inter,Bayern Munchen,0,2,,,2035646
2022-09-07,Group stage,Tottenham,Marseille,2,0,,,2035648
2022-09-13,Group stage,Viktoria Plzen,Inter,0,2,,,2035661
2022-09-13,Group stage,Sporting CP,Tottenham,2,0,,,2035663
2022-09-13,Group stage,Liverpool,Ajax,2,1,,,2035657
2022-09-13,Group stage,Porto,Club Brugge,0,4,,,2035659
2022-09-13,Group stage,Leverkusen,Atleti,2,0,,,2035660
2022-09-13,Group stage,Bayern Munchen,Barcelona,2,0,,,2035662
2022-09-13,Group stage,Marseille,Frankfurt,0,1,,,2035664
2022-09-14,Group stage,Milan,GNK Dinamo,3,1,,,2035665
2022-09-14,Group stage,Shakhtar,Celtic,1,1,,,2035667
2022-09-14,Group stage,Rangers,Napoli,0,3,,,2035658
2022-09-14,Group stage,Chelsea,Salzburg,1,1,,,2035666
2022-09-14,Group stage,Real Madrid,Leipzig,2,0,,,2035668
2022-09-14,Group stage,Man City,B. Dortmund,2,1,,,2035669
2022-09-14,Group stage,Copenhagen,Sevilla,0,0,,,2035670
2022-09-14,Group stage,Juventus,Benfica,1,2,,,2035671
2022-09-14,Group stage,Maccabi Haifa,Paris,1,3,,,2035672
2022-10-04,Group stage,Bayern Munchen,Viktoria Plzen,5,0,,,2035677
2022-10-04,Group stage,Marseille,Sporting CP,4,1,,,2035679
2022-10-04,Group stage,Liverpool,Rangers,2,0,,,2035673
2022-10-04,Group stage,Ajax,Napoli,1,6,,,2035674
2022-10-04,Group stage,Porto,Leverkusen,2,0,,,2035675
2022-10-04,Group stage,Club Brugge,Atleti,2,0,,,2035676
2022-10-04,Group stage,Inter,Barcelona,1,0,,,2035678
2022-10-04,Group stage,Frankfurt,Tottenham,0,0,,,2035680
2022-10-05,Group stage,Salzburg,GNK Dinamo,1,0,,,2035681
2022-10-05,Group stage,Leipzig,Celtic,3,1,,,2035683
2022-10-05,Group stage,Chelsea,Milan,3,0,,,2035682
2022-10-05,Group stage,Real Madrid,Shakhtar,2,1,,,2035684
2022-10-05,Group stage,Man City,Copenhagen,5,0,,,2035685
2022-10-05,Group stage,Sevilla,B. Dortmund,1,4,,,2035686
2022-10-05,Group stage,Juventus,Maccabi Haifa,3,1,,,2035687
2022-10-05,Group stage,Benfica,Paris,1,1,,,2035688
2022-10-11,Group stage,Copenhagen,Man City,0,0,,,2035701
2022-10-11,Group stage,Maccabi Haifa,Juventus,2,0,,,2035703
2022-10-11,Group stage,GNK Dinamo,Salzburg,1,1,,,2035697
2022-10-11,Group stage,Milan,Chelsea,0,2,,,2035698
2022-10-11,Group stage,Shakhtar,Real Madrid,1,1,,,2035699
2022-10-11,Group stage,Celtic,Leipzig,0,2,,,2035700
2022-10-11,Group stage,B. Dortmund,Sevilla,1,1,,,2035702
2022-10-11,Group stage,Paris,Benfica,1,1,,,2035704
2022-10-12,Group stage,Napoli,Ajax,4,2,,,2035689
2022-10-12,Group stage,Atleti,Club Brugge,0,0,,,2035691
2022-10-12,Group stage,Rangers,Liverpool,1,7,,,2035690
2022-10-12,Group stage,Leverkusen,Porto,0,3,,,2035692
2022-10-12,Group stage,Barcelona,Inter,3,3,,,2035693
2022-10-12,Group stage,Viktoria Plzen,Bayern Munchen,2,4,,,2035694
2022-10-12,Group stage,Tottenham,Frankfurt,3,2,,,2035695
2022-10-12,Group stage,Sporting CP,Marseille,0,2,,,2035696
2022-10-25,Group stage,Salzburg,Chelsea,1,2,,,2035713
2022-10-25,Group stage,Sevilla,Copenhagen,3,0,,,2035717
2022-10-25,Group stage,GNK Dinamo,Milan,0,4,,,2035714
2022-10-25,Group stage,Celtic,Shakhtar,1,1,,,2035715
2022-10-25,Group stage,Leipzig,Real Madrid,3,2,,,2035716
2022-10-25,Group stage,B. Dortmund,Man City,0,0,,,2035718
2022-10-25,Group stage,Paris,Maccabi Haifa,7,2,,,2035719
2022-10-25,Group stage,Benfica,Juventus,4,3,,,2035720
2022-10-26,Group stage,Club Brugge,Porto,0,4,,,2035707
2022-10-26,Group stage,Inter,Viktoria Plzen,4,0,,,2035709
2022-10-26,Group stage,Napoli,Rangers,3,0,,,2035705
2022-10-26,Group stage,Ajax,Liverpool,0,3,,,2035706
2022-10-26,Group stage,Atleti,Leverkusen,2,2,,,2035708
2022-10-26,Group stage,Barcelona,Bayern Munchen,0,3,,,2035710
2022-10-26,Group stage,Tottenham,Sporting CP,1,1,,,2035711
2022-10-26,Group stage,Frankfurt,Marseille,2,1,,,2035712
2022-11-01,Group stage,Porto,Atleti,2,1,,,2035723
2022-11-01,Group stage,Leverkusen,Club Brugge,0,0,,,2035724
2022-11-01,Group stage,Liverpool,Napoli,2,0,,,2035721
2022-11-01,Group stage,Rangers,Ajax,1,3,,,2035722
2022-11-01,Group stage,Bayern Munchen,Inter,2,0,,,2035725
2022-11-01,Group stage,Viktoria Plzen,Barcelona,2,4,,,2035726
2022-11-01,Group stage,Sporting CP,Frankfurt,1,2,,,2035727
2022-11-01,Group stage,Marseille,Tottenham,1,2,,,2035728
2022-11-02,Group stage,Real Madrid,Celtic,5,1,,,2035731
2022-11-02,Group stage,Shakhtar,Leipzig,0,4,,,2035732
2022-11-02,Group stage,Chelsea,GNK Dinamo,2,1,,,2035729
2022-11-02,Group stage,Milan,Salzburg,4,0,,,2035730
2022-11-02,Group stage,Man City,Sevilla,3,1,,,2035733
2022-11-02,Group stage,Copenhagen,B. Dortmund,1,1,,,2035734
2022-11-02,Group stage,Juventus,Paris,1,2,,,2035735
2022-11-02,Group stage,Maccabi Haifa,Benfica,1,6,,,2035736
2023-02-14,Round of 16,Milan,Tottenham,1,0,,,2036582
2023-02-14,Round of 16,Paris,Bayern Munchen,0,1,,,2036583
2023-02-15,Round of 16,Club Brugge,Benfica,0,2,,,2036584
2023-02-15,Round of 16,B. Dortmund,Chelsea,1,0,,,2036585
2023-02-21,Round of 16,Liverpool,Real Madrid,2,5,,,2036586
2023-02-21,Round of 16,Frankfurt,Napoli,0,2,,,2036587
2023-02-22,Round of 16,Leipzig,Man City,1,1,,,2036588
2023-02-22,Round of 16,Inter,Porto,1,0,,,2036589
2023-03-07,Round of 16,Benfica,Club Brugge,5,1,,,2036590
2023-03-07,Round of 16,Chelsea,B. Dortmund,2,0,,,2036591
2023-03-08,Round of 16,Bayern Munchen,Paris,2,0,,,2036593
2023-03-08,Round of 16,Tottenham,Milan,0,0,,,2036592
2023-03-14,Round of 16,Man City,Leipzig,7,0,,,2036594
2023-03-14,Round of 16,Porto,Inter,0,0,,,2036595
2023-03-15,Round of 16,Real Madrid,Liverpool,1,0,,,2036596
2023-03-15,Round of 16,Napoli,Frankfurt,3,0,,,2036597
2023-04-11,Quarter-finals,Benfica,Inter,0,2,,,2037769
2023-04-11,Quarter-finals,Man City,Bayern Munchen,3,0,,,2037770
2023-04-12,Quarter-finals,Real Madrid,Chelsea,2,0,,,2037768
2023-04-12,Quarter-finals,Milan,Napoli,1,0,,,2037771
2023-04-18,Quarter-finals,Napoli,Milan,1,1,,,2037773
2023-04-18,Quarter-finals,Chelsea,Real Madrid,0,2,,,2037774
2023-04-19,Quarter-finals,Bayern Munchen,Man City,1,1,,,2037772
2023-04-19,Quarter-finals,Inter,Benfica,3,3,,,2037775
2023-05-09,Semi-finals,Real Madrid,Man City,1,1,,,2037797
2023-05-10,Semi-finals,Milan,Inter,0,2,,,2037798
2023-05-16,Semi-finals,Inter,Milan,1,0,,,2037799
2023-05-17,Semi-finals,Man City,Real Madrid,4,0,,,2037800
2023-06-10,Final,Man City,Inter,1,0,,,2037765
2023-09-19,Group stage,Milan,Newcastle,0,0,,,2039189
2023-09-19,Group stage,Young Boys,Leipzig,1,3,,,2039191
2023-09-19,Group stage,Feyenoord,Celtic,2,0,,,2039186
2023-09-19,Group stage,Lazio,Atleti,1,1,,,2039187
2023-09-19,Group stage,Paris,B. Dortmund,2,0,,,2039188
2023-09-19,Group stage,Man City,Crvena Zvezda,3,1,,,2039190
2023-09-19,Group stage,Barcelona,Antwerp,5,0,,,2039192
2023-09-19,Group stage,Shakhtar,Porto,1,3,,,2039193
2023-09-20,Group stage,Galatasaray,Copenhagen,2,2,,,2039179
2023-09-20,Group stage,Real Madrid,Union Berlin,1,0,,,2039183
2023-09-20,Group stage,Bayern Munchen,Man Utd,4,3,,,2039178
2023-09-20,Group stage,Sevilla,Lens,1,1,,,2039180
2023-09-20,Group stage,Arsenal,PSV,4,0,,,2039181
2023-09-20,Group stage,Braga,Napoli,1,2,,,2039182
2023-09-20,Group stage,Real Sociedad,Inter,1,1,,,2039184
2023-09-20,Group stage,Benfica,Salzburg,0,2,,,2039185
2023-10-03,Group stage,Union Berlin,Braga,2,3,,,2039098
2023-10-03,Group stage,Salzburg,Real Sociedad,0,2,,,2039099
2023-10-03,Group stage,Man Utd,Galatasaray,2,3,,,2039100
2023-10-03,Group stage,Copenhagen,Bayern Munchen,1,2,,,2039101
2023-10-03,Group stage,Lens,Arsenal,2,1,,,2039102
2023-10-03,Group stage,PSV,Sevilla,2,2,,,2039103
2023-10-03,Group stage,Napoli,Real Madrid,2,3,,,2039104
2023-10-03,Group stage,Inter,Benfica,1,0,,,2039105
2023-10-04,Group stage,Atleti,Feyenoord,3,2,,,2039106
2023-10-04,Group stage,Antwerp,Shakhtar,2,3,,,2039107
2023-10-04,Group stage,Celtic,Lazio,1,2,,,2039108
2023-10-04,Group stage,B. Dortmund,Milan,0,0,,,2039109
2023-10-04,Group stage,Newcastle,Paris,4,1,,,2039110
2023-10-04,Group stage,Leipzig,Man City,1,3,,,2039111
2023-10-04,Group stage,Crvena Zvezda,Young Boys,2,2,,,2039112
2023-10-04,Group stage,Porto,Barcelona,0,1,,,2039113
2023-10-24,Group stage,Galatasaray,Bayern Munchen,1,3,,,2039114
2023-10-24,Group stage,Inter,Salzburg,2,1,,,2039115
2023-10-24,Group stage,Man Utd,Copenhagen,1,0,,,2039116
2023-10-24,Group stage,Sevilla,Arsenal,1,2,,,2039117
2023-10-24,Group stage,Lens,PSV,1,1,,,2039118
2023-10-24,Group stage,Braga,Real Madrid,1,2,,,2039119
2023-10-24,Group stage,Union Berlin,Napoli,0,1,,,2039120
2023-10-24,Group stage,Benfica,Real Sociedad,0,1,,,2039121
2023-10-25,Group stage,Feyenoord,Lazio,3,1,,,2039122
2023-10-25,Group stage,Barcelona,Shakhtar,2,1,,,2039123
2023-10-25,Group stage,Celtic,Atleti,2,2,,,2039124
2023-10-25,Group stage,Paris,Milan,3,0,,,2039125
2023-10-25,Group stage,Newcastle,B. Dortmund,0,1,,,2039126
2023-10-25,Group stage,Leipzig,Crvena Zvezda,3,1,,,2039127
2023-10-25,Group stage,Young Boys,Man City,1,3,,,2039128
2023-10-25,Group stage,Antwerp,Porto,1,4,,,2039129
2023-11-07,Group stage,B. Dortmund,Newcastle,2,0,,,2039130
2023-11-07,Group stage,Shakhtar,Barcelona,1,0,,,2039131
2023-11-07,Group stage,Atleti,Celtic,6,0,,,2039132
2023-11-07,Group stage,Lazio,Feyenoord,1,0,,,2039133
2023-11-07,Group stage,Milan,Paris,2,1,,,2039134
2023-11-07,Group stage,Man City,Young Boys,3,0,,,2039135
2023-11-07,Group stage,Crvena Zvezda,Leipzig,1,2,,,2039136
2023-11-07,Group stage,Porto,Antwerp,2,0,,,2039137
2023-11-08,Group stage,Napoli,Union Berlin,1,1,,,2039138
2023-11-08,Group stage,Real Sociedad,Benfica,3,1,,,2039139
2023-11-08,Group stage,Bayern Munchen,Galatasaray,2,1,,,2039140
2023-11-08,Group stage,Copenhagen,Man Utd,4,3,,,2039141
2023-11-08,Group stage,Arsenal,Sevilla,2,0,,,2039142
2023-11-08,Group stage,PSV,Lens,1,0,,,2039143
2023-11-08,Group stage,Real Madrid,Braga,3,0,,,2039144
2023-11-08,Group stage,Salzburg,Inter,0,1,,,2039145
2023-11-28,Group stage,Lazio,Celtic,2,0,,,2039146
2023-11-28,Group stage,Shakhtar,Antwerp,1,0,,,2039147
2023-11-28,Group stage,Feyenoord,Atleti,1,3,,,2039148
2023-11-28,Group stage,Paris,Newcastle,1,1,,,2039149
2023-11-28,Group stage,Milan,B. Dortmund,1,3,,,2039150
2023-11-28,Group stage,Man City,Leipzig,3,2,,,2039151
2023-11-28,Group stage,Young Boys,Crvena Zvezda,2,0,,,2039152
2023-11-28,Group stage,Barcelona,Porto,2,1,,,2039153
2023-11-29,Group stage,Galatasaray,Man Utd,3,3,,,2039154
2023-11-29,Group stage,Sevilla,PSV,2,3,,,2039155
2023-11-29,Group stage,Bayern Munchen,Copenhagen,0,0,,,2039156
2023-11-29,Group stage,Arsenal,Lens,6,0,,,2039157
2023-11-29,Group stage,Real Madrid,Napoli,4,2,,,2039158
2023-11-29,Group stage,Braga,Union Berlin,1,1,,,2039159
2023-11-29,Group stage,Benfica,Inter,3,3,,,2039160
2023-11-29,Group stage,Real Sociedad,Salzburg,0,0,,,2039161
2023-12-12,Group stage,Lens,Sevilla,2,1,,,2039162
2023-12-12,Group stage,PSV,Arsenal,1,1,,,2039163
2023-12-12,Group stage,Man Utd,Bayern Munchen,0,1,,,2039164
2023-12-12,Group stage,Copenhagen,Galatasaray,1,0,,,2039165
2023-12-12,Group stage,Napoli,Braga,2,0,,,2039166
2023-12-12,Group stage,Union Berlin,Real Madrid,2,3,,,2039167
2023-12-12,Group stage,Inter,Real Sociedad,0,0,,,2039168
2023-12-12,Group stage,Salzburg,Benfica,1,3,,,2039169
2023-12-13,Group stage,Leipzig,Young Boys,2,1,,,2039170
2023-12-13,Group stage,Crvena Zvezda,Man City,2,3,,,2039171
2023-12-13,Group stage,Atleti,Lazio,2,0,,,2039172
2023-12-13,Group stage,Celtic,Feyenoord,2,1,,,2039173
2023-12-13,Group stage,B. Dortmund,Paris,1,1,,,2039174
2023-12-13,Group stage,Newcastle,Milan,1,2,,,2039175
2023-12-13,Group stage,Porto,Shakhtar,5,3,,,2039176
2023-12-13,Group stage,Antwerp,Barcelona,3,2,,,2039177
2024-02-13,Round of 16,Leipzig,Real Madrid,0,1,,,2039914
2024-02-13,Round of 16,Copenhagen,Man City,1,3,,,2039915
2024-02-14,Round of 16,Lazio,Bayern Munchen,1,0,,,2039916
2024-02-14,Round of 16,Paris,Real Sociedad,2,0,,,2039917
2024-02-20,Round of 16,Inter,Atleti,1,0,,,2039918
2024-02-20,Round of 16,PSV,B. Dortmund,1,1,,,2039919
2024-02-21,Round of 16,Porto,Arsenal,1,0,,,2039920
2024-02-21,Round of 16,Napoli,Barcelona,1,1,,,2039921
2024-03-05,Round of 16,Bayern Munchen,Lazio,3,0,,,2039922
2024-03-05,Round of 16,Real Sociedad,Paris,1,2,,,2039923
2024-03-06,Round of 16,Real Madrid,Leipzig,1,1,,,2039924
2024-03-06,Round of 16,Man City,Copenhagen,3,1,,,2039925
2024-03-12,Round of 16,Arsenal,Porto,1,0,4,2,2039926
2024-03-12,Round of 16,Barcelona,Napoli,3,1,,,2039927
2024-03-13,Round of 16,Atleti,Inter,2,1,3,2,2039928
2024-03-13,Round of 16,B. Dortmund,PSV,2,0,,,2039929
2024-04-09,Quarter-finals,Arsenal,Bayern Munchen,2,2,,,2040492
2024-04-09,Quarter-finals,Real Madrid,Man City,3,3,,,2040494
2024-04-10,Quarter-finals,Atleti,B. Dortmund,2,1,,,2040493
2024-04-10,Quarter-finals,Paris,Barcelona,2,3,,,2040495
2024-04-16,Quarter-finals,Barcelona,Paris,1,4,,,2040497
2024-04-16,Quarter-finals,B. Dortmund,Atleti,4,2,,,2040499
2024-04-17,Quarter-finals,Man City,Real Madrid,1,1,3,4,2040496
2024-04-17,Quarter-finals,Bayern Munchen,Arsenal,1,0,,,2040498
2024-04-30,Semi-finals,Bayern Munchen,Real Madrid,2,2,,,2040500
2024-05-01,Semi-finals,B. Dortmund,Paris,1,0,,,2040501
2024-05-07,Semi-finals,Paris,B. Dortmund,0,1,,,2040502
2024-05-08,Semi-finals,Real Madrid,Bayern Munchen,2,1,,,2040503
2024-06-01,Final,B. Dortmund,Real Madrid,0,2,,,2039970
2024-09-17,League Phase,Juventus,PSV,3,1,,,2042029
2024-09-17,League Phase,Young Boys,Aston Villa,0,3,,,2042041
2024-09-17,League Phase,Bayern Munchen,GNK Dinamo,9,2,,,2042032
2024-09-17,League Phase,Milan,Liverpool,1,3,,,2042036
2024-09-17,League Phase,Real Madrid,Stuttgart,3,1,,,2042038
2024-09-17,League Phase,Sporting CP,Lille,2,0,,,2042040
2024-09-18,League Phase,Bologna,Shakhtar,0,0,,,2042034
2024-09-18,League Phase,Sparta Praha,Salzburg,3,0,,,2042042
2024-09-18,League Phase,Club Brugge,B. Dortmund,0,3,,,2042025
2024-09-18,League Phase,Celtic,S. Bratislava,5,1,,,2042026
2024-09-18,League Phase,Man City,Inter,0,0,,,2042035
2024-09-18,League Phase,Paris,Girona,1,0,,,2042039
2024-09-19,League Phase,Crvena Zvezda,Benfica,1,2,,,2042027
2024-09-19,League Phase,Feyenoord,Leverkusen,0,4,,,2042028
2024-09-19,League Phase,Atalanta,Arsenal,0,0,,,2042030
2024-09-19,League Phase,Atleti,Leipzig,2,1,,,2042031
2024-09-19,League Phase,Monaco,Barcelona,2,1,,,2042033
2024-09-19,League Phase,Brest,Sturm Graz,2,1,,,2042037
2024-10-01,League Phase,Salzburg,Brest,0,4,,,2041941
2024-10-01,League Phase,Stuttgart,Sparta Praha,1,1,,,2041943
2024-10-01,League Phase,Inter,Crvena Zvezda,4,0,,,2041935
2024-10-01,League Phase,B. Dortmund,Celtic,7,1,,,2041936
2024-10-01,League Phase,Barcelona,Young Boys,5,0,,,2041937
2024-10-01,League Phase,Leverkusen,Milan,1,0,,,2041938
2024-10-01,League Phase,Arsenal,Paris,2,0,,,2041939
2024-10-01,League Phase,PSV,Sporting CP,1,1,,,2041940
2024-10-01,League Phase,S. Bratislava,Man City,0,4,,,2041942
2024-10-02,League Phase,Shakhtar,Atalanta,0,3,,,2041947
2024-10-02,League Phase,Girona,Feyenoord,2,3,,,2041951
2024-10-02,League Phase,Liverpool,Bologna,2,0,,,2041944
2024-10-02,League Phase,Leipzig,Juventus,2,3,,,2041945
2024-10-02,League Phase,Benfica,Atleti,4,0,,,2041946
2024-10-02,League Phase,GNK Dinamo,Monaco,2,2,,,2041948
2024-10-02,League Phase,Lille,Real Madrid,1,0,,,2041949
2024-10-02,League Phase,Aston Villa,Bayern Munchen,1,0,,,2041950
2024-10-02,League Phase,Sturm Graz,Club Brugge,0,1,,,2041952
2024-10-22,League Phase,Milan,Club Brugge,3,1,,,2041957
2024-10-22,League Phase,Monaco,Crvena Zvezda,5,1,,,2041958
2024-10-22,League Phase,Paris,PSV,1,1,,,2041954
2024-10-22,League Phase,Juventus,Stuttgart,0,1,,,2041955
2024-10-22,League Phase,Arsenal,Shakhtar,1,0,,,2041956
2024-10-22,League Phase,Aston Villa,Bologna,2,0,,,2041959
2024-10-22,League Phase,Girona,S. Bratislava,2,0,,,2041960
2024-10-22,League Phase,Sturm Graz,Sporting CP,0,2,,,2041961
2024-10-22,League Phase,Real Madrid,B. Dortmund,5,2,,,2042043
2024-10-23,League Phase,Atalanta,Celtic,0,0,,,2041966
2024-10-23,League Phase,Brest,Leverkusen,1,1,,,2041970
2024-10-23,League Phase,Man City,Sparta Praha,5,0,,,2041962
2024-10-23,League Phase,Leipzig,Liverpool,0,1,,,2041963
2024-10-23,League Phase,Barcelona,Bayern Munchen,4,1,,,2041964
2024-10-23,League Phase,Atleti,Lille,1,3,,,2041965
2024-10-23,League Phase,Benfica,Feyenoord,1,3,,,2041967
2024-10-23,League Phase,Salzburg,GNK Dinamo,0,2,,,2041968
2024-10-23,League Phase,Young Boys,Inter,0,1,,,2041969
2024-11-05,League Phase,PSV,Girona,4,0,,,2041975
2024-11-05,League Phase,S. Bratislava,GNK Dinamo,1,4,,,2041978
2024-11-05,League Phase,Real Madrid,Milan,1,3,,,2041971
2024-11-05,League Phase,Liverpool,Leverkusen,4,0,,,2041972
2024-11-05,League Phase,B. Dortmund,Sturm Graz,1,0,,,2041973
2024-11-05,League Phase,Sporting CP,Man City,4,1,,,2041974
2024-11-05,League Phase,Lille,Juventus,1,1,,,2041976
2024-11-05,League Phase,Celtic,Leipzig,3,1,,,2041977
2024-11-05,League Phase,Bologna,Monaco,0,1,,,2041979
2024-11-06,League Phase,Club Brugge,Aston Villa,1,0,,,2041983
2024-11-06,League Phase,Shakhtar,Young Boys,2,1,,,2041984
2024-11-06,League Phase,Paris,Atleti,1,2,,,2041981
2024-11-06,League Phase,Inter,Arsenal,1,0,,,2041982
2024-11-06,League Phase,Feyenoord,Salzburg,1,3,,,2041985
2024-11-06,League Phase,Crvena Zvezda,Barcelona,2,5,,,2041986
2024-11-06,League Phase,Sparta Praha,Brest,1,2,,,2041987
2024-11-06,League Phase,Stuttgart,Atalanta,0,2,,,2041988
2024-11-06,League Phase,Bayern Munchen,Benfica,1,0,,,2041980
2024-11-26,League Phase,S. Bratislava,Milan,2,3,,,2041996
2024-11-26,League Phase,Sparta Praha,Atleti,0,6,,,2041997
2024-11-26,League Phase,Man City,Feyenoord,3,3,,,2041989
2024-11-26,League Phase,Bayern Munchen,Paris,1,0,,,2041990
2024-11-26,League Phase,Inter,Leipzig,1,0,,,2041991
2024-11-26,League Phase,Barcelona,Brest,3,0,,,2041992
2024-11-26,League Phase,Leverkusen,Salzburg,5,0,,,2041993
2024-11-26,League Phase,Sporting CP,Arsenal,1,5,,,2041994
2024-11-26,League Phase,Young Boys,Atalanta,1,6,,,2041995
2024-11-27,League Phase,Crvena Zvezda,Stuttgart,5,1,,,2042001
2024-11-27,League Phase,Sturm Graz,Girona,1,0,,,2042006
2024-11-27,League Phase,Liverpool,Real Madrid,2,0,,,2041998
2024-11-27,League Phase,PSV,Shakhtar,3,2,,,2041999
2024-11-27,League Phase,GNK Dinamo,B. Dortmund,0,3,,,2042000
2024-11-27,League Phase,Celtic,Club Brugge,1,1,,,2042002
2024-11-27,League Phase,Monaco,Benfica,2,3,,,2042003
2024-11-27,League Phase,Aston Villa,Juventus,0,0,,,2042004
2024-11-27,League Phase,Bologna,Lille,1,2,,,2042005
2024-12-10,League Phase,GNK Dinamo,Celtic,0,0,,,2042012
2024-12-10,League Phase,Girona,Liverpool,0,1,,,2042014
2024-12-10,League Phase,Leipzig,Aston Villa,2,3,,,2042007
2024-12-10,League Phase,Leverkusen,Inter,1,0,,,2042008
2024-12-10,League Phase,Atalanta,Real Madrid,2,3,,,2042009
2024-12-10,League Phase,Club Brugge,Sporting CP,2,1,,,2042010
2024-12-10,League Phase,Shakhtar,Bayern Munchen,1,5,,,2042011
2024-12-10,League Phase,Salzburg,Paris,0,3,,,2042013
2024-12-10,League Phase,Brest,PSV,1,0,,,2042015
2024-12-11,League Phase,Atleti,S. Bratislava,3,1,,,2042017
2024-12-11,League Phase,Lille,Sturm Graz,3,2,,,2042023
2024-12-11,League Phase,B. Dortmund,Barcelona,2,3,,,2042016
2024-12-11,League Phase,Juventus,Man City,2,0,,,2042018
2024-12-11,League Phase,Benfica,Bologna,0,0,,,2042019
2024-12-11,League Phase,Arsenal,Monaco,3,0,,,2042020
2024-12-11,League Phase,Milan,Crvena Zvezda,2,1,,,2042021
2024-12-11,League Phase,Feyenoord,Sparta Praha,4,2,,,2042022
2024-12-11,League Phase,Stuttgart,Young Boys,5,1,,,2042024
2025-01-21,League Phase,Atalanta,Sturm Graz,5,0,,,2042056
2025-01-21,League Phase,Monaco,Aston Villa,1,0,,,2042057
2025-01-21,League Phase,S. Bratislava,Stuttgart,1,3,,,2042046
2025-01-21,League Phase,Club Brugge,Juventus,0,0,,,2042055
2025-01-21,League Phase,Atleti,Leverkusen,2,1,,,2042058
2025-01-21,League Phase,Benfica,Barcelona,4,5,,,2042059
2025-01-21,League Phase,Liverpool,Lille,2,1,,,2042060
2025-01-21,League Phase,Bologna,B. Dortmund,2,1,,,2042061
2025-01-21,League Phase,Crvena Zvezda,PSV,2,3,,,2042063
2025-01-22,League Phase,Leipzig,Sporting CP,2,1,,,2042045
2025-01-22,League Phase,Shakhtar,Brest,2,0,,,2042047
2025-01-22,League Phase,Real Madrid,Salzburg,5,1,,,2041953
2025-01-22,League Phase,Paris,Man City,4,2,,,2042044
2025-01-22,League Phase,Sparta Praha,Inter,0,1,,,2042048
2025-01-22,League Phase,Arsenal,GNK Dinamo,3,0,,,2042054
2025-01-22,League Phase,Celtic,Young Boys,1,0,,,2042062
2025-01-22,League Phase,Feyenoord,Bayern Munchen,3,0,,,2042064
2025-01-22,League Phase,Milan,Girona,1,0,,,2042065
2025-01-29,League Phase,Sporting CP,Bologna,1,1,,,2042049
2025-01-29,League Phase,PSV,Liverpool,3,2,,,2042050
2025-01-29,League Phase,Young Boys,Crvena Zvezda,0,1,,,2042051
2025-01-29,League Phase,Stuttgart,Paris,1,4,,,2042052
2025-01-29,League Phase,Sturm Graz,Leipzig,1,0,,,2042053
2025-01-29,League Phase,Man City,Club Brugge,3,1,,,2042066
2025-01-29,League Phase,Bayern Munchen,S. Bratislava,3,1,,,2042067
2025-01-29,League Phase,Inter,Monaco,3,0,,,2042068
2025-01-29,League Phase,B. Dortmund,Shakhtar,3,1,,,2042069
2025-01-29,League Phase,Barcelona,Atalanta,2,2,,,2042070
2025-01-29,League Phase,Leverkusen,Sparta Praha,2,0,,,2042071
2025-01-29,League Phase,Juventus,Benfica,0,2,,,2042072
2025-01-29,League Phase,GNK Dinamo,Milan,2,1,,,2042073
2025-01-29,League Phase,Salzburg,Atleti,1,4,,,2042074
2025-01-29,League Phase,Lille,Feyenoord,6,1,,,2042075
2025-01-29,League Phase,Aston Villa,Celtic,4,2,,,2042076
2025-01-29,League Phase,Girona,Arsenal,1,2,,,2042077
2025-01-29,League Phase,Brest,Real Madrid,0,3,,,2042078
2025-02-11,Knockout Phase Play-Offs,Brest,Paris,0,3,,,2044472
2025-02-11,Knockout Phase Play-Offs,Man City,Real Madrid,2,3,,,2044474
2025-02-11,Knockout Phase Play-Offs,Juventus,PSV,2,1,,,2044475
2025-02-11,Knockout Phase Play-Offs,Sporting CP,B. Dortmund,0,3,,,2044478
2025-02-12,Knockout Phase Play-Offs,Club Brugge,Atalanta,2,1,,,2044473
2025-02-12,Knockout Phase Play-Offs,Feyenoord,Milan,1,0,,,2044476
2025-02-12,Knockout Phase Play-Offs,Celtic,Bayern Munchen,1,2,,,2044477
2025-02-12,Knockout Phase Play-Offs,Monaco,Benfica,0,1,,,2044479
2025-02-18,Knockout Phase Play-Offs,Milan,Feyenoord,1,1,,,2044484
2025-02-18,Knockout Phase Play-Offs,Atalanta,Club Brugge,1,3,,,2044481
2025-02-18,Knockout Phase Play-Offs,Bayern Munchen,Celtic,1,1,,,2044485
2025-02-18,Knockout Phase Play-Offs,Benfica,Monaco,3,3,,,2044487
2025-02-19,Knockout Phase Play-Offs,B. Dortmund,Sporting CP,0,0,,,2044486
2025-02-19,Knockout Phase Play-Offs,Paris,Brest,7,0,,,2044480
2025-02-19,Knockout Phase Play-Offs,Real Madrid,Man City,3,1,,,2044482
2025-02-19,Knockout Phase Play-Offs,PSV,Juventus,3,1,,,2044483
2025-03-04,Round of 16,Club Brugge,Aston Villa,1,3,,,2044817
2025-03-04,Round of 16,Real Madrid,Atleti,2,1,,,2044818
2025-03-04,Round of 16,PSV,Arsenal,1,7,,,2044819
2025-03-04,Round of 16,B. Dortmund,Lille,1,1,,,2044822
2025-03-05,Round of 16,Feyenoord,Inter,0,2,,,2044820
2025-03-05,Round of 16,Paris,Liverpool,0,1,,,2044816
2025-03-05,Round of 16,Bayern Munchen,Leverkusen,3,0,,,2044821
2025-03-05,Round of 16,Benfica,Barcelona,0,1,,,2044823
2025-03-11,Round of 16,Barcelona,Benfica,3,1,,,2044783
2025-03-11,Round of 16,Liverpool,Paris,0,1,1,4,2044776
2025-03-11,Round of 16,Inter,Feyenoord,2,1,,,2044780
2025-03-11,Round of 16,Leverkusen,Bayern Munchen,0,2,,,2044781
2025-03-12,Round of 16,Lille,B. Dortmund,1,2,,,2044782
2025-03-12,Round of 16,Aston Villa,Club Brugge,3,0,,,2044777
2025-03-12,Round of 16,Atleti,Real Madrid,1,0,2,4,2044778
2025-03-12,Round of 16,Arsenal,PSV,2,2,,,2044779
2025-04-08,Quarter-finals,Arsenal,Real Madrid,3,0,,,2044849
2025-04-08,Quarter-finals,Bayern Munchen,Inter,1,2,,,2044852
2025-04-09,Quarter-finals,Paris,Aston Villa,3,1,,,2044848
2025-04-09,Quarter-finals,Barcelona,B. Dortmund,4,0,,,2044851
2025-04-15,Quarter-finals,B. Dortmund,Barcelona,3,1,,,2044853
2025-04-15,Quarter-finals,Aston Villa,Paris,3,2,,,2044854
2025-04-16,Quarter-finals,Inter,Bayern Munchen,2,2,,,2044850
2025-04-16,Quarter-finals,Real Madrid,Arsenal,1,2,,,2044855
2025-04-29,Semi-finals,Arsenal,Paris,0,1,,,2044857
2025-04-30,Semi-finals,Barcelona,Inter,3,3,,,2044856
2025-05-06,Semi-finals,Inter,Barcelona,4,3,,,2044859
2025-05-07,Semi-finals,Paris,Arsenal,2,1,,,2044858
2025-05-31,Final,Paris,Inter,5,0,,,2044466
2025-09-16,League Phase,PSV,Union SG,1,3,,,2045907
2025-09-16,League Phase,Athletic Club,Arsenal,0,2,,,2045908
2025-09-16,League Phase,Real Madrid,Marseille,2,1,,,2045903
2025-09-16,League Phase,Benfica,Qarabag,2,3,,,2045904
2025-09-16,League Phase,Juventus,B. Dortmund,4,4,,,2045905
2025-09-16,League Phase,Tottenham,Villarreal,1,0,,,2045906
2025-09-17,League Phase,Olympiacos,Pafos,0,0,,,2045913
2025-09-17,League Phase,Slavia Praha,Bod/Glimt,2,2,,,2045914
2025-09-17,League Phase,Paris,Atalanta,4,0,,,2045909
2025-09-17,League Phase,Bayern Munchen,Chelsea,3,1,,,2045910
2025-09-17,League Phase,Liverpool,Atleti,3,2,,,2045911
2025-09-17,League Phase,Ajax,Inter,0,2,,,2045912
2025-09-18,League Phase,Club Brugge,Monaco,4,1,,,2045917
2025-09-18,League Phase,Copenhagen,Leverkusen,2,2,,,2045919
2025-09-18,League Phase,Man City,Napoli,2,0,,,2045915
2025-09-18,League Phase,Frankfurt,Galatasaray,5,1,,,2045916
2025-09-18,League Phase,Sporting CP,Kairat Almaty,4,1,,,2045918
2025-09-18,League Phase,Newcastle,Barcelona,1,2,,,2045920
2025-09-30,League Phase,Atalanta,Club Brugge,2,1,,,2045924
2025-09-30,League Phase,Kairat Almaty,Real Madrid,0,5,,,2045929
2025-09-30,League Phase,Inter,Slavia Praha,3,0,,,2045921
2025-09-30,League Phase,Chelsea,Benfica,1,0,,,2045922
2025-09-30,League Phase,Atleti,Frankfurt,5,1,,,2045923
2025-09-30,League Phase,Bod/Glimt,Tottenham,2,2,,,2045925
2025-09-30,League Phase,Marseille,Ajax,4,0,,,2045926
2025-09-30,League Phase,Galatasaray,Liverpool,1,0,,,2045927
2025-09-30,League Phase,Pafos,Bayern Munchen,1,5,,,2045928
2025-10-01,League Phase,Union SG,Newcastle,0,4,,,2045935
2025-10-01,League Phase,Qarabag,Copenhagen,2,0,,,2045936
2025-10-01,League Phase,Arsenal,Olympiacos,2,0,,,2045930
2025-10-01,League Phase,Leverkusen,PSV,1,1,,,2045931
2025-10-01,League Phase,Villarreal,Juventus,2,2,,,2045932
2025-10-01,League Phase,Napoli,Sporting CP,2,1,,,2045933
2025-10-01,League Phase,Monaco,Man City,2,2,,,2045934
2025-10-01,League Phase,B. Dortmund,Athletic Club,4,1,,,2045937
2025-10-01,League Phase,Barcelona,Paris,1,2,,,2045938
2025-10-21,League Phase,Barcelona,Olympiacos,6,1,,,2045939
2025-10-21,League Phase,Kairat Almaty,Pafos,0,0,,,2045947
2025-10-21,League Phase,Arsenal,Atleti,4,0,,,2045940
2025-10-21,League Phase,Leverkusen,Paris,2,7,,,2045941
2025-10-21,League Phase,Villarreal,Man City,0,2,,,2045942
2025-10-21,League Phase,PSV,Napoli,6,2,,,2045943
2025-10-21,League Phase,Copenhagen,B. Dortmund,2,4,,,2045944
2025-10-21,League Phase,Union SG,Inter,0,4,,,2045945
2025-10-21,League Phase,Newcastle,Benfica,3,0,,,2045946
2025-10-22,League Phase,Galatasaray,Bod/Glimt,3,1,,,2045953
2025-10-22,League Phase,Athletic Club,Qarabag,3,1,,,2045954
2025-10-22,League Phase,Chelsea,Ajax,5,1,,,2045948
2025-10-22,League Phase,Atalanta,Slavia Praha,0,0,,,2045949
2025-10-22,League Phase,Frankfurt,Liverpool,1,5,,,2045950
2025-10-22,League Phase,Sporting CP,Marseille,2,1,,,2045951
2025-10-22,League Phase,Monaco,Tottenham,0,0,,,2045952
2025-10-22,League Phase,Real Madrid,Juventus,1,0,,,2045955
2025-10-22,League Phase,Bayern Munchen,Club Brugge,4,0,,,2045956
2025-11-04,League Phase,Napoli,Frankfurt,0,0,,,2045962
2025-11-04,League Phase,Slavia Praha,Arsenal,0,3,,,2045964
2025-11-04,League Phase,Paris,Bayern Munchen,1,2,,,2045957
2025-11-04,League Phase,Liverpool,Real Madrid,1,0,,,2045958
2025-11-04,League Phase,Atleti,Union SG,3,1,,,2045959
2025-11-04,League Phase,Juventus,Sporting CP,1,1,,,2045960
2025-11-04,League Phase,Tottenham,Copenhagen,4,0,,,2045961
2025-11-04,League Phase,Olympiacos,PSV,1,1,,,2045963
2025-11-04,League Phase,Bod/Glimt,Monaco,0,1,,,2045965
2025-11-05,League Phase,Qarabag,Chelsea,2,2,,,2045972
2025-11-05,League Phase,Pafos,Villarreal,1,0,,,2045974
2025-11-05,League Phase,Man City,B. Dortmund,4,1,,,2045966
2025-11-05,League Phase,Inter,Kairat Almaty,2,1,,,2045967
2025-11-05,League Phase,Benfica,Leverkusen,0,1,,,2045968
2025-11-05,League Phase,Club Brugge,Barcelona,3,3,,,2045969
2025-11-05,League Phase,Ajax,Galatasaray,0,3,,,2045970
2025-11-05,League Phase,Marseille,Atalanta,0,1,,,2045971
2025-11-05,League Phase,Newcastle,Athletic Club,2,0,,,2045973
2025-11-25,League Phase,Ajax,Benfica,0,2,,,2045978
2025-11-25,League Phase,Galatasaray,Union SG,0,1,,,2045983
2025-11-25,League Phase,Man City,Leverkusen,0,2,,,2045975
2025-11-25,League Phase,Chelsea,Barcelona,3,0,,,2045976
2025-11-25,League Phase,B. Dortmund,Villarreal,4,0,,,2045977
2025-11-25,League Phase,Napoli,Qarabag,2,0,,,2045979
2025-11-25,League Phase,Slavia Praha,Athletic Club,0,0,,,2045980
2025-11-25,League Phase,Bod/Glimt,Juventus,2,3,,,2045981
2025-11-25,League Phase,Marseille,Newcastle,2,1,,,2045982
2025-11-26,League Phase,Copenhagen,Kairat Almaty,3,2,,,2045991
2025-11-26,League Phase,Pafos,Monaco,2,2,,,2045992
2025-11-26,League Phase,Paris,Tottenham,5,3,,,2045984
2025-11-26,League Phase,Liverpool,PSV,1,4,,,2045985
2025-11-26,League Phase,Arsenal,Bayern Munchen,3,1,,,2045986
2025-11-26,League Phase,Atleti,Inter,2,1,,,2045987
2025-11-26,League Phase,Frankfurt,Atalanta,0,3,,,2045988
2025-11-26,League Phase,Sporting CP,Club Brugge,3,0,,,2045989
2025-11-26,League Phase,Olympiacos,Real Madrid,3,4,,,2045990
2025-12-09,League Phase,Kairat Almaty,Olympiacos,0,1,,,2046001
2025-12-09,League Phase,Bayern Munchen,Sporting CP,3,1,,,2045993
2025-12-09,League Phase,Inter,Liverpool,0,1,,,2045994
2025-12-09,League Phase,Barcelona,Frankfurt,2,1,,,2045995
2025-12-09,League Phase,Atalanta,Chelsea,2,1,,,2045996
2025-12-09,League Phase,Tottenham,Slavia Praha,3,0,,,2045997
2025-12-09,League Phase,PSV,Atleti,2,3,,,2045998
2025-12-09,League Phase,Monaco,Galatasaray,1,0,,,2045999
2025-12-09,League Phase,Union SG,Marseille,2,3,,,2046000
2025-12-10,League Phase,Villarreal,Copenhagen,2,3,,,2046005
2025-12-10,League Phase,Qarabag,Ajax,2,4,,,2046008
2025-12-10,League Phase,B. Dortmund,Bod/Glimt,2,2,,,2046002
2025-12-10,League Phase,Leverkusen,Newcastle,2,2,,,2046003
2025-12-10,League Phase,Benfica,Napoli,2,0,,,2046004
2025-12-10,League Phase,Juventus,Pafos,2,0,,,2046006
2025-12-10,League Phase,Club Brugge,Arsenal,0,3,,,2046007
2025-12-10,League Phase,Athletic Club,Paris,0,0,,,2046009
2025-12-10,League Phase,Real Madrid,Man City,1,2,,,2046010
2026-01-20,League Phase,Kairat Almaty,Club Brugge,1,4,,,2046019
2026-01-20,League Phase,Bod/Glimt,Man City,3,1,,,2046017
2026-01-20,League Phase,Real Madrid,Monaco,6,1,,,2046011
2026-01-20,League Phase,Inter,Arsenal,1,3,,,2046012
2026-01-20,League Phase,Villarreal,Ajax,1,2,,,2046013
2026-01-20,League Phase,Tottenham,B. Dortmund,2,0,,,2046014
2026-01-20,League Phase,Sporting CP,Paris,2,1,,,2046015
2026-01-20,League Phase,Olympiacos,Leverkusen,2,0,,,2046016
2026-01-20,League Phase,Copenhagen,Napoli,1,1,,,2046018
2026-01-21,League Phase,Galatasaray,Atleti,1,1,,,2046025
2026-01-21,League Phase,Qarabag,Frankfurt,3,2,,,2046026
2026-01-21,League Phase,Chelsea,Pafos,1,0,,,2046020
2026-01-21,League Phase,Atalanta,Athletic Club,2,3,,,2046021
2026-01-21,League Phase,Juventus,Benfica,2,0,,,2046022
2026-01-21,League Phase,Slavia Praha,Barcelona,2,4,,,2046023
2026-01-21,League Phase,Marseille,Liverpool,0,3,,,2046024
2026-01-21,League Phase,Newcastle,PSV,3,0,,,2046027
2026-01-21,League Phase,Bayern Munchen,Union SG,2,0,,,2046028
2026-01-28,League Phase,Paris,Newcastle,1,1,,,2046029
2026-01-28,League Phase,Man City,Galatasaray,2,0,,,2046030
2026-01-28,League Phase,Liverpool,Qarabag,6,0,,,2046031
2026-01-28,League Phase,B. Dortmund,Inter,0,2,,,2046032
2026-01-28,League Phase,Barcelona,Copenhagen,4,1,,,2046033
2026-01-28,League Phase,Arsenal,Kairat Almaty,3,2,,,2046034
2026-01-28,League Phase,Leverkusen,Villarreal,3,0,,,2046035
2026-01-28,League Phase,Atleti,Bod/Glimt,1,2,,,2046036
2026-01-28,League Phase,Benfica,Real Madrid,4,2,,,2046037
2026-01-28,League Phase,Frankfurt,Tottenham,0,2,,,2046038
2026-01-28,League Phase,Club Brugge,Marseille,3,0,,,2046039
2026-01-28,League Phase,PSV,Bayern Munchen,1,2,,,2046040
2026-01-28,League Phase,Ajax,Olympiacos,1,2,,,2046041
2026-01-28,League Phase,Napoli,Chelsea,2,3,,,2046042
2026-01-28,League Phase,Monaco,Juventus,0,0,,,2046043
2026-01-28,League Phase,Union SG,Atalanta,1,0,,,2046044
2026-01-28,League Phase,Athletic Club,Sporting CP,2,3,,,2046045
2026-01-28,League Phase,Pafos,Slavia Praha,4,1,,,2046046
2026-02-17,Knock-out Play-off,Galatasaray,Juventus,5,2,,,2047762
2026-02-17,Knock-out Play-off,Monaco,Paris,2,3,,,2047761
2026-02-17,Knock-out Play-off,Benfica,Real Madrid,0,1,,,2047763
2026-02-17,Knock-out Play-off,B. Dortmund,Atalanta,2,0,,,2047764
2026-02-18,Knock-out Play-off,Qarabag,Newcastle,1,6,,,2047768
2026-02-18,Knock-out Play-off,Olympiacos,Leverkusen,0,2,,,2047765
2026-02-18,Knock-out Play-off,Bod/Glimt,Inter,3,1,,,2047766
2026-02-18,Knock-out Play-off,Club Brugge,Atleti,3,3,,,2047767
2026-02-24,Knock-out Play-off,Atleti,Club Brugge,4,1,,,2047775
2026-02-24,Knock-out Play-off,Leverkusen,Olympiacos,0,0,,,2047773
2026-02-24,Knock-out Play-off,Inter,Bod/Glimt,1,2,,,2047774
2026-02-24,Knock-out Play-off,Newcastle,Qarabag,3,2,,,2047776
2026-02-25,Knock-out Play-off,Atalanta,B. Dortmund,4,1,,,2047772
2026-02-25,Knock-out Play-off,Paris,Monaco,2,2,,,2047769
2026-02-25,Knock-out Play-off,Juventus,Galatasaray,3,2,,,2047770
2026-02-25,Knock-out Play-off,Real Madrid,Benfica,2,1,,,2047771
2026-03-10,Round of 16,Galatasaray,Liverpool,1,0,,,2048048
2026-03-10,Round of 16,Atalanta,Bayern Munchen,1,6,,,2048050
2026-03-10,Round of 16,Newcastle,Barcelona,1,1,,,2048051
2026-03-10,Round of 16,Atleti,Tottenham,5,2,,,2048052
2026-03-11,Round of 16,Leverkusen,Arsenal,1,1,,,2048054
2026-03-11,Round of 16,Paris,Chelsea,5,2,,,2048047
2026-03-11,Round of 16,Real Madrid,Man City,3,0,,,2048049
2026-03-11,Round of 16,Bod/Glimt,Sporting CP,3,0,,,2048053
2026-03-17,Round of 16,Sporting CP,Bod/Glimt,5,0,,,2048061
2026-03-17,Round of 16,Chelsea,Paris,0,3,,,2048055
2026-03-17,Round of 16,Man City,Real Madrid,1,2,,,2048057
2026-03-17,Round of 16,Arsenal,Leverkusen,2,0,,,2048062
2026-03-18,Round of 16,Barcelona,Newcastle,7,2,,,2048059
2026-03-18,Round of 16,Liverpool,Galatasaray,4,0,,,2048056
2026-03-18,Round of 16,Bayern Munchen,Atalanta,4,1,,,2048058
2026-03-18,Round of 16,Tottenham,Atleti,3,2,,,2048060
2026-04-07,Quarter-finals,Real Madrid,Bayern Munchen,1,2,,,2048064
2026-04-07,Quarter-finals,Sporting CP,Arsenal,0,1,,,2048066
2026-04-08,Quarter-finals,Paris,Liverpool,2,0,,,2048063
2026-04-08,Quarter-finals,Barcelona,Atleti,0,2,,,2048065
2026-04-14,Quarter-finals,Atleti,Barcelona,1,2,,,2048067
2026-04-14,Quarter-finals,Liverpool,Paris,0,2,,,2048069
2026-04-15,Quarter-finals,Arsenal,Sporting CP,0,0,,,2048068
2026-04-15,Quarter-finals,Bayern Munchen,Real Madrid,4,3,,,2048070
2026-04-28,Semi-finals,Paris,Bayern Munchen,5,4,,,2048072
2026-04-29,Semi-finals,Atleti,Arsenal,1,1,,,2048071
2026-05-05,Semi-finals,Arsenal,Atleti,1,0,,,2048074
2026-05-06,Semi-finals,Bayern Munchen,Paris,1,1,,,2048073
2026-05-30,Final,Paris,Arsenal,1,1,4,3,2047742
