season,tm_player_id,player,clubs,apps,assists,goals
1992/93,7942,Romario,PSV Eindhoven,9,1,7
1992/93,74471,Marco van Basten,AC Milan,5,2,6
1992/93,101119,Franck Sauzee,Olympique Marseille,10,2,6
1992/93,3571,Alen Boksic,Olympique Marseille,8,1,6
1992/93,84557,Johnny Ekstrom,IFK Goteborg,10,2,5
1992/93,3524,Marco Simone,AC Milan,8,2,4
1992/93,9672,Gert Verheyen,Club Brugge KV,10,0,4
1992/93,17551,Tulio Maravilha,FC Sion,4,0,4
1992/93,173741,Ze Carlos,FC Porto,4,0,4
1992/93,93002,Dmitriy Karsakov,CSKA Moscow,10,3,3
1992/93,117192,Mark Hateley,Rangers FC,8,2,3
1992/93,149984,Juul Ellerman,PSV Eindhoven,8,2,3
1992/93,170374,Ian Durrant,Rangers FC,9,2,3
1992/93,4743,Arthur Numan,PSV Eindhoven,8,1,3
1992/93,6657,Abedi Pele,Olympique Marseille,11,1,3
1992/93,17167,Emil Kostadinov,FC Porto,8,1,3
1992/93,17168,Jean-Pierre Papin,AC Milan,7,1,3
1992/93,70667,Frank Rijkaard,AC Milan,6,1,3
1992/93,15549,Lorenzo Staelens,Club Brugge KV,10,0,3
1992/93,101100,Mikael Nilsson,IFK Goteborg,7,0,3
1992/93,256918,Toni,FC Porto,3,0,3
1992/93,13775,Rudi Voller,Olympique Marseille,8,6,2
1992/93,106908,Jaime Magalhaes,FC Porto,6,3,2
1992/93,101109,Basile Boli,Olympique Marseille,9,2,2
1992/93,106935,Semedo,FC Porto,9,2,2
1992/93,79567,Rafa Martin Vazquez,Olympique Marseille,2,1,2
1992/93,92085,Domingos Paciencia,FC Porto,9,1,2
1992/93,102480,Daniele Massaro,AC Milan,9,1,2
1992/93,117491,Jean-Marc Ferreri,Olympique Marseille,4,1,2
1992/93,149997,Robertas Fridrikas,Austria Vienna,4,1,2
1992/93,3,Andreas Buck,VfB Stuttgart,3,0,2
1992/93,867,Ralph Hasenhuttl,Austria Vienna,4,0,2
1992/93,5831,Fernando Couto,FC Porto,7,0,2
1992/93,8124,Txiki Begiristain,FC Barcelona,4,0,2
1992/93,10032,Gary McAllister,Leeds United,5,0,2
1992/93,12000,Eric Cantona,Leeds United,5,0,2
1992/93,12406,Fritz Walter,VfB Stuttgart,3,0,2
1992/93,88149,Oleg Sergeev,CSKA Moscow,10,0,2
1992/93,101126,Ally McCoist,Rangers FC,9,0,2
1992/93,102293,Vasilios Dimitriadis,AEK Athens,4,0,2
1992/93,118358,Kaj Eskelinen,IFK Goteborg,3,0,2
1992/93,152371,Pieter Huistra,Rangers FC,6,0,2
1992/93,155735,Assis,FC Sion,4,0,2
1992/93,181972,Aleksandr Grishin,CSKA Moscow,7,0,2
1992/93,183461,Peter Dubovsky,Slovan Bratislava,4,0,2
1992/93,183488,Sergey Shevchenko,Tavriya Simferopol,2,0,2
1992/93,4227,Stefano Eranio,AC Milan,5,2,1
1992/93,19252,Hakan Mild,IFK Goteborg,10,2,1
1992/93,101047,Wim Kieft,PSV Eindhoven,8,2,1
1992/93,101999,Erwin Koeman,PSV Eindhoven,7,2,1
1992/93,172480,Peter Eriksson,IFK Goteborg,10,2,1
1992/93,3154,Marcel Desailly,Olympique Marseille,10,1,1
1992/93,5803,Paolo Maldini,AC Milan,10,1,1
1992/93,13119,Marc Schaessens,Club Brugge KV,6,1,1
1992/93,89545,Zvonimir Boban,AC Milan,6,1,1
1992/93,104046,Guillermo Amor,FC Barcelona,4,1,1
1992/93,175862,Lee Chapman,Leeds United,5,1,1
1992/93,181976,Mikhail Kolesnikov,CSKA Moscow,3,1,1
1992/93,2945,Thomas Flogel,Austria Vienna,4,0,1
1992/93,3390,Demetrio Albertini,AC Milan,7,0,1
1992/93,3459,Gary Speed,Leeds United,5,0,1
1992/93,4959,Walter Kogler,Austria Vienna,4,0,1
1992/93,7676,Miguel Angel Nadal,FC Barcelona,4,0,1
1992/93,9810,Jorge Costa,FC Porto,6,0,1
1992/93,12734,Gary McSwegan,Rangers FC,3,0,1
1992/93,15520,Marc Hottiger,FC Sion,4,0,1
1992/93,15629,Valdas Ivanauskas,Austria Vienna,3,0,1
1992/93,17163,Ivaylo Andonov,CSKA Sofia,2,0,1
1992/93,17953,Andre Golke,VfB Stuttgart,1,0,1
1992/93,18326,Peter Lipcsei,Ferencvarosi TC,2,0,1
1992/93,20866,Alexis Alexandris,AEK Athens,4,0,1
1992/93,67101,Ilshat Fayzullin,CSKA Moscow,10,0,1
1992/93,67120,Denis Mashkarin,CSKA Moscow,8,0,1
1992/93,87164,Ian Ferguson,Rangers FC,7,0,1
1992/93,89587,Manfred Zsak,Austria Vienna,4,0,1
1992/93,92239,Feyyaz Ucar,Besiktas JK,2,0,1
1992/93,92281,Metin Tekin,Besiktas JK,1,0,1
1992/93,92287,Daniel Amokachi,Club Brugge KV,6,0,1
1992/93,92360,Pavol Gostic,Slovan Bratislava,4,0,1
1992/93,93314,Evgeniy Bushmanov,CSKA Moscow,9,0,1
1992/93,100046,Frank Deville,Union Luxembourg (- 2005),2,0,1
1992/93,101753,Stephan Van Der Heyden,Club Brugge KV,7,0,1
1992/93,101905,Dominique Herr,FC Sion,4,0,1
1992/93,102483,Mauro Tassotti,AC Milan,9,0,1
1992/93,102614,Francois Omam-Biyik,Olympique Marseille,1,0,1
1992/93,102701,Refik Sabanadzovic,AEK Athens,3,0,1
1992/93,106932,Ion Timofte,FC Porto,3,0,1
1992/93,116156,Gordon Strachan,Leeds United,5,0,1
1992/93,120310,Foeke Booy,Club Brugge KV,5,0,1
1992/93,131496,Scott Nisbet,Rangers FC,2,0,1
1992/93,133919,Tomasz Dziubinski,Club Brugge KV,9,0,1
1992/93,154849,Miroslaw Trzeciak,Lech Poznan,4,0,1
1992/93,154937,Sinisa Gogic,APOEL Nicosia,2,0,1
1992/93,155615,Jerzy Podbrozny,Lech Poznan,4,0,1
1992/93,167584,Gabor Gerstenmaier,FC Dinamo 1948,4,0,1
1992/93,170802,Loukas Chatziloukas,APOEL Nicosia,2,0,1
1992/93,172489,Mikael Martinsson,IFK Goteborg,4,0,1
1992/93,174346,Kostas Fasouliotis,APOEL Nicosia,2,0,1
1992/93,175889,Carl Shutt,Leeds United,2,0,1
1992/93,180305,Jari Rinne,FC Kuusysi,2,0,1
1992/93,180379,Sulejman Demollari,FC Dinamo 1948,4,0,1
1992/93,181988,Stefan Draganov,CSKA Sofia,1,0,1
1992/93,181992,Kiril Metkov,CSKA Sofia,2,0,1
1992/93,181995,Vanyo Shishkov,CSKA Sofia,1,0,1
1992/93,182667,Davide Orlando,FC Sion,4,0,1
1992/93,182709,Patrik Bengtsson,IFK Goteborg,4,0,1
1992/93,183468,Stanislav Moravec,Slovan Bratislava,3,0,1
1992/93,183570,Atli Einarsson,Vikingur Reykjavik,2,0,1
1992/93,183574,Gudmundur Steinsson,Vikingur Reykjavik,2,0,1
1993/94,9538,Wynton Rufer,SV Werder Bremen,10,3,8
1993/94,7940,Ronald Koeman,FC Barcelona,12,2,8
1993/94,7938,Hristo Stoichkov,FC Barcelona,8,3,7
1993/94,27656,Luc Nilis,RSC Anderlecht,9,0,7
1993/94,759,Bernd Hobsch,SV Werder Bremen,8,3,5
1993/94,7472,Valeriy Karpin,Spartak Moscow,10,1,5
1993/94,17168,Jean-Pierre Papin,AC Milan,6,2,4
1993/94,15298,Viktor Onopko,Spartak Moscow,9,1,4
1993/94,16980,Jurgen Klinsmann,AS Monaco,10,1,4
1993/94,92214,Kubilay Turkyilmaz,Galatasaray,7,1,4
1993/94,520,Marco Bode,SV Werder Bremen,10,0,4
1993/94,67131,Nikolay Pisarev,Spartak Moscow,9,0,4
1993/94,88146,Sergey Rodionov,Spartak Moscow,6,0,4
1993/94,102480,Daniele Massaro,AC Milan,11,0,4
1993/94,35894,Dejan Savicevic,AC Milan,7,5,3
1993/94,4,Youri Djorkaeff,AS Monaco,11,2,3
1993/94,115,Victor Ikpeba,AS Monaco,9,1,3
1993/94,155615,Jerzy Podbrozny,Lech Poznan,4,1,3
1993/94,13272,Danny Boffin,RSC Anderlecht,10,0,3
1993/94,22449,John Bosman,RSC Anderlecht,10,0,3
1993/94,92085,Domingos Paciencia,FC Porto,8,0,3
1993/94,15547,Enzo Scifo,AS Monaco,11,3,2
1993/94,2,Mario Basler,SV Werder Bremen,9,2,2
1993/94,7935,Jose Mari Bakero,FC Barcelona,9,2,2
1993/94,8124,Txiki Begiristain,FC Barcelona,10,2,2
1993/94,90149,Ilya Tsymbalar,Spartak Moscow,10,2,2
1993/94,3396,Roy Keane,Manchester United,3,1,2
1993/94,3524,Marco Simone,AC Milan,7,1,2
1993/94,7942,Romario,FC Barcelona,10,1,2
1993/94,9829,Secretario,FC Porto,9,1,2
1993/94,107652,Viktor Leonenko,Dynamo Kyiv,2,1,2
1993/94,154849,Miroslaw Trzeciak,Lech Poznan,4,1,2
1993/94,296,Jacek Dembinski,Lech Poznan,3,0,2
1993/94,3154,Marcel Desailly,AC Milan,6,0,2
1993/94,3377,Arif Erdem,Galatasaray,9,0,2
1993/94,8202,Horst Siegl,AC Sparta Praha,4,0,2
1993/94,12000,Eric Cantona,Manchester United,4,0,2
1993/94,17167,Emil Kostadinov,FC Porto,8,0,2
1993/94,89587,Manfred Zsak,Austria Vienna,4,0,2
1993/94,99945,Ion Vladoiu,Steaua Bucharest,4,0,2
1993/94,102020,Ilie Dumitrescu,Steaua Bucharest,4,0,2
1993/94,102022,Basarab Panduru,Steaua Bucharest,4,0,2
1993/94,104046,Guillermo Amor,FC Barcelona,12,0,2
1993/94,104635,Steve Bruce,Manchester United,4,0,2
1993/94,106933,Nikolay Todorov,Levski Sofia,4,0,2
1993/94,106934,Bruno Versavel,RSC Anderlecht,9,0,2
1993/94,117192,Mark Hateley,Rangers FC,2,0,2
1993/94,120362,Viktor Dvirnyk,AC Sparta Praha,2,0,2
1993/94,3390,Demetrio Albertini,AC Milan,11,2,1
1993/94,5940,Christian Panucci,AC Milan,7,2,1
1993/94,8023,Michael Laudrup,FC Barcelona,6,2,1
1993/94,3627,Ljubinko Drulovic,FC Porto,5,1,1
1993/94,5803,Paolo Maldini,AC Milan,10,1,1
1993/94,6927,Vladimir Beschastnykh,Spartak Moscow,10,1,1
1993/94,8126,Quique Estebaranz,FC Barcelona,6,1,1
1993/94,25842,Pavlo Shkapenko,Dynamo Kyiv,2,1,1
1993/94,39667,Brian Laudrup,AC Milan,6,1,1
1993/94,63134,Sergey Gerasimets,Dinamo Minsk,2,1,1
1993/94,106935,Semedo,FC Porto,9,1,1
1993/94,547,Daniel Borimirov,Levski Sofia,4,0,1
1993/94,3122,Sergiy Rebrov,Dynamo Kyiv,2,0,1
1993/94,3493,Martin Johansen,FC Copenhagen,2,0,1
1993/94,3521,Lilian Thuram,AS Monaco,8,0,1
1993/94,4071,yvind Leonhardsen,Rosenborg BK,1,0,1
1993/94,4959,Walter Kogler,Austria Vienna,4,0,1
1993/94,8128,Eusebio,FC Barcelona,7,0,1
1993/94,9766,Goran Vlaovic,NK Croatia Zagreb,2,0,1
1993/94,9784,Valentin Belkevich,Dinamo Minsk,2,0,1
1993/94,13804,Rune Bratseth,SV Werder Bremen,8,0,1
1993/94,13820,Rui Jorge,FC Porto,10,0,1
1993/94,14915,Peter Mller,FC Copenhagen,3,0,1
1993/94,16167,Florin Raducioiu,AC Milan,2,0,1
1993/94,16694,Cihat Arslan,Galatasaray,1,0,1
1993/94,24539,Kazimierz Moskal,Lech Poznan,4,0,1
1993/94,27972,Philippe Albert,RSC Anderlecht,5,0,1
1993/94,67110,Dmitriy Khlestov,Spartak Moscow,9,0,1
1993/94,76002,Andreas Ogris,Austria Vienna,3,0,1
1993/94,77355,Manfred Schmid,Austria Vienna,4,0,1
1993/94,84678,Zlatko Yankov,Levski Sofia,4,0,1
1993/94,89064,Arminas Narbekovas,Austria Vienna,4,0,1
1993/94,99757,Errol Refos,Feyenoord Rotterdam,4,0,1
1993/94,101131,Dave McPherson,Rangers FC,2,0,1
1993/94,101382,Bryan Robson,Manchester United,4,0,1
1993/94,102338,Nasko Sirakov,Levski Sofia,3,0,1
1993/94,102508,Kalle Lken,Rosenborg BK,1,0,1
1993/94,103807,Igor Cvitanovic,NK Croatia Zagreb,2,0,1
1993/94,106899,Gosho Ginchev,Levski Sofia,2,0,1
1993/94,106930,Rui Filipe,FC Porto,9,0,1
1993/94,106932,Ion Timofte,FC Porto,3,0,1
1993/94,107125,Regi Blinker,Feyenoord Rotterdam,3,0,1
1993/94,108765,Jerome Gnako,AS Monaco,10,0,1
1993/94,126537,Rune Tangen,Rosenborg BK,2,0,1
1993/94,127756,Mike Obiku,Feyenoord Rotterdam,3,0,1
1993/94,133355,Dick Lidman,AIK,2,0,1
1993/94,133465,Tore Andre Dahlum,Rosenborg BK,2,0,1
1993/94,135537,Valeriy Velichko,Dinamo Minsk,2,0,1
1993/94,141201,Eli Ohana,Beitar Jerusalem,1,0,1
1993/94,160212,Josko Jelicic,NK Croatia Zagreb,2,0,1
1993/94,165151,Jozsef Szabados,KispestHonved FC,2,0,1
1993/94,170374,Ian Durrant,Rangers FC,2,0,1
1993/94,173741,Ze Carlos,FC Porto,5,0,1
1993/94,173999,Istvan Salloi,KispestHonved FC,1,0,1
1993/94,177356,Zoran Sliskovic,AEK Athens,2,0,1
1993/94,177685,Alessandro Orlando,AC Milan,5,0,1
1993/94,177745,Yaakov Schwartz,Beitar Jerusalem,2,0,1
1993/94,177747,Istvan Stefanov,KispestHonved FC,1,0,1
1993/94,178683,Zeljko Adzic,NK Croatia Zagreb,1,0,1
1993/94,178775,Kim Mikkelsen,FC Copenhagen,1,0,1
1993/94,178776,Lars Hjer,FC Copenhagen,4,0,1
1993/94,179100,Damian Lukasik,Lech Poznan,4,0,1
1993/94,179104,Olafur Thordarson,IA Akranes,2,0,1
1993/94,179164,Garry Haylock,Linfield FC,2,0,1
1993/94,179166,Ritchie Johnston,Linfield FC,1,0,1
1993/94,179169,John McConnell,Linfield FC,2,0,1
1993/94,179306,Sergiy Pogodin,Spartak Moscow,1,0,1
1994/95,8542,George Weah,Paris Saint-Germain,10,1,7
1994/95,4675,Jari Litmanen,Ajax Amsterdam,11,2,6
1994/95,19215,Magnus Erlingmark,IFK Goteborg,8,1,4
1994/95,3524,Marco Simone,AC Milan,9,0,4
1994/95,7938,Hristo Stoichkov,FC Barcelona,8,3,3
1994/95,217,Mehmet Scholl,Bayern Munich,10,2,3
1994/95,10367,Claudio Caniggia,SL Benfica,7,1,3
1994/95,7942,Romario,FC Barcelona,5,1,3
1994/95,7935,Jose Mari Bakero,FC Barcelona,7,1,3
1994/95,125,Christian Nerlinger,Bayern Munich,10,0,3
1994/95,107652,Viktor Leonenko,Dynamo Kyiv,5,0,3
1994/95,3519,Ronald de Boer,Ajax Amsterdam,10,2,2
1994/95,17168,Jean-Pierre Papin,Bayern Munich,3,2,2
1994/95,4385,Patrick Kluivert,Ajax Amsterdam,10,2,2
1994/95,102583,Rai,Paris Saint-Germain,6,1,2
1994/95,101105,Stefan Rehn,IFK Goteborg,8,1,2
1994/95,67131,Nikolay Pisarev,Spartak Moscow,6,1,2
1994/95,107229,Lee Sharpe,Manchester United,3,1,2
1994/95,35894,Dejan Savicevic,AC Milan,6,1,2
1994/95,3518,Frank de Boer,Ajax Amsterdam,10,1,2
1994/95,3628,Joao Pinto,SL Benfica,7,1,2
1994/95,5940,Christian Panucci,AC Milan,10,1,2
1994/95,1525,Heimo Pfeifenberger,SV Casino Salzburg,6,0,2
1994/95,9536,Adrian Ilie,Steaua Bucharest,4,0,2
1994/95,175950,Toni Savevski,AEK Athens,4,0,2
1994/95,138314,Tarik Oulida,Ajax Amsterdam,1,0,2
1994/95,8022,Mark Hughes,Manchester United,5,0,2
1994/95,175963,Stjepan Andrijasevic,HNK Hajduk Split,6,0,2
1994/95,25044,Andrey Tikhonov,Spartak Moscow,6,0,2
1994/95,104064,Vincent Guerin,Paris Saint-Germain,10,0,2
1994/95,3095,Jesper Blomqvist,IFK Goteborg,7,0,2
1994/95,3406,Ryan Giggs,Manchester United,3,0,2
1994/95,104897,David Ginola,Paris Saint-Germain,9,3,1
1994/95,7940,Ronald Koeman,FC Barcelona,8,2,1
1994/95,172440,Paul Le Guen,Paris Saint-Germain,10,2,1
1994/95,3513,Marc Overmars,Ajax Amsterdam,11,2,1
1994/95,3133,Nwankwo Kanu,Ajax Amsterdam,7,2,1
1994/95,117635,Valdo,Paris Saint-Germain,6,2,1
1994/95,13241,Finidi George,Ajax Amsterdam,10,1,1
1994/95,3139,David Beckham,Manchester United,1,1,1
1994/95,22449,John Bosman,RSC Anderlecht,6,1,1
1994/95,170651,Michalis Vlachos,AEK Athens,6,1,1
1994/95,3742,Andrey Kanchelskis,Manchester United,5,1,1
1994/95,42794,Mukhsin Mukhamadiev,Spartak Moscow,5,1,1
1994/95,3396,Roy Keane,Manchester United,4,1,1
1994/95,3377,Arif Erdem,Galatasaray,6,1,1
1994/95,89545,Zvonimir Boban,AC Milan,9,1,1
1994/95,106846,Daniel Bravo,Paris Saint-Germain,10,0,1
1994/95,149175,Stefan Pettersson,IFK Goteborg,7,0,1
1994/95,102617,Pontus Kamark,IFK Goteborg,8,0,1
1994/95,103214,Anton Dobos,Steaua Bucharest,5,0,1
1994/95,103220,Marius Lacatus,Steaua Bucharest,3,0,1
1994/95,103806,Aljosa Asanovic,HNK Hajduk Split,8,0,1
1994/95,172061,Darko Butorovic,HNK Hajduk Split,7,0,1
1994/95,104046,Guillermo Amor,FC Barcelona,6,0,1
1994/95,167574,Giovanni Stroppa,AC Milan,7,0,1
1994/95,176012,Simon Davies,Manchester United,2,0,1
1994/95,172489,Mikael Martinsson,IFK Goteborg,8,0,1
1994/95,373489,Tavares,SL Benfica,7,0,1
1994/95,176034,Isaias,SL Benfica,7,0,1
1994/95,130295,Edilson,SL Benfica,2,0,1
1994/95,8011,Igor Korneev,FC Barcelona,1,0,1
1994/95,192,Markus Babbel,Bayern Munich,8,0,1
1994/95,208,Samuel Kuffour,Bayern Munich,4,0,1
1994/95,227,Alexander Zickler,Bayern Munich,7,0,1
1994/95,807,Marcel Witeczek,Bayern Munich,6,0,1
1994/95,867,Ralph Hasenhuttl,SV Casino Salzburg,5,0,1
1994/95,3122,Sergiy Rebrov,Dynamo Kyiv,5,0,1
1994/95,3152,Albert Ferrer,FC Barcelona,5,0,1
1994/95,3363,Hakan Sukur,Galatasaray,6,0,1
1994/95,3522,Andriy Shevchenko,Dynamo Kyiv,2,0,1
1994/95,6573,Mats Lilienberg,IFK Goteborg,2,0,1
1994/95,7835,Constantin Galca,Steaua Bucharest,5,0,1
1994/95,102480,Daniele Massaro,AC Milan,8,0,1
1994/95,9804,Dmitriy Alenichev,Spartak Moscow,5,0,1
1994/95,13214,Helder Cristovao,SL Benfica,7,0,1
1994/95,25769,Nenad Pralija,HNK Hajduk Split,7,0,1
1994/95,46596,Damian Militaru,Steaua Bucharest,4,0,1
1994/95,64880,Tomislav Kocijan,SV Casino Salzburg,5,0,1
1994/95,79093,Rashid Rakhimov,Spartak Moscow,5,0,1
1994/95,88146,Sergey Rodionov,Spartak Moscow,2,0,1
1994/95,92214,Kubilay Turkyilmaz,Galatasaray,5,0,1
1994/95,101748,Josip Weber,RSC Anderlecht,4,0,1
1994/95,102000,Graeme Rutjes,RSC Anderlecht,6,0,1
1994/95,102022,Basarab Panduru,Steaua Bucharest,5,0,1
1995/96,4675,Jari Litmanen,Ajax Amsterdam,10,2,9
1995/96,4289,Alessandro Del Piero,Juventus FC,11,3,6
1995/96,7349,Raul,Real Madrid,8,2,6
1995/96,9844,Krzysztof Warzycha,Panathinaikos,9,1,6
1995/96,4385,Patrick Kluivert,Ajax Amsterdam,8,1,5
1995/96,133930,Nicolas Ouedec,FC Nantes,9,0,5
1995/96,4226,Fabrizio Ravanelli,Juventus FC,7,0,5
1995/96,4492,Yuriy Nikiforov,Spartak Moscow,8,0,5
1995/96,129083,Ivan Zamorano,Real Madrid,5,1,4
1995/96,170398,Mike Newell,Blackburn Rovers,6,0,4
1995/96,85424,Sergey Yuran,Spartak Moscow,5,6,3
1995/96,6847,Erik Bo Andersen,Aalborg BK,6,1,3
1995/96,5594,Reynald Pedros,FC Nantes,5,1,3
1995/96,102508,Kalle Lken,Rosenborg BK,4,1,3
1995/96,172539,Japhet N'Doram,FC Nantes,7,0,3
1995/96,173883,Elek Nyilas,Ferencvarosi TC,6,3,2
1995/96,3513,Marc Overmars,Ajax Amsterdam,6,3,2
1995/96,16036,Gianluca Vialli,Juventus FC,7,3,2
1995/96,9804,Dmitriy Alenichev,Spartak Moscow,6,2,2
1995/96,102507,Mini Jakobsen,Rosenborg BK,6,2,2
1995/96,604,Krisztian Lisztes,Ferencvarosi TC,6,1,2
1995/96,173889,Leszek Pisz,Legia Warszawa,8,1,2
1995/96,124,Andreas Moller,Borussia Dortmund,6,1,2
1995/96,101124,Richard Gough,Rangers FC,6,0,2
1995/96,108757,Rui Barros,FC Porto,6,0,2
1995/96,158112,Michele Padovano,Juventus FC,8,0,2
1995/96,67117,Ramiz Mamedov,Spartak Moscow,6,0,2
1995/96,173810,Florian Albert Jr.,Ferencvarosi TC,4,0,2
1995/96,25801,Valeriy Kechinov,Spartak Moscow,7,0,2
1995/96,12367,Harald Brattbakk,Rosenborg BK,5,0,2
1995/96,438817,Jens Madsen,Aalborg BK,6,0,2
1995/96,8754,Emerson,FC Porto,6,0,2
1995/96,5759,Antonio Conte,Juventus FC,9,0,2
1995/96,131,Lars Ricken,Borussia Dortmund,6,0,2
1995/96,821,Otto Vincze,Ferencvarosi TC,6,0,2
1995/96,3478,Steffen Iversen,Rosenborg BK,6,3,1
1995/96,13241,Finidi George,Ajax Amsterdam,10,3,1
1995/96,3110,Alan Shearer,Blackburn Rovers,6,3,1
1995/96,21148,Angelo Di Livio,Juventus FC,9,3,1
1995/96,3830,Paul Gascoigne,Rangers FC,5,2,1
1995/96,90149,Ilya Tsymbalar,Spartak Moscow,8,2,1
1995/96,25044,Andrey Tikhonov,Spartak Moscow,8,2,1
1995/96,117613,Michel,Real Madrid,8,2,1
1995/96,17278,Valeriy Shmarov,Spartak Moscow,8,2,1
1995/96,1536,Paulo Sousa,Juventus FC,8,2,1
1995/96,102291,Alexis Alexoudis,Panathinaikos,4,2,1
1995/96,3627,Ljubinko Drulovic,FC Porto,5,1,1
1995/96,39667,Brian Laudrup,Rangers FC,4,1,1
1995/96,12381,Stale Stensaas,Rosenborg BK,6,1,1
1995/96,173895,Ryszard Staniek,Legia Warszawa,8,1,1
1995/96,5758,Edgar Davids,Ajax Amsterdam,11,1,1
1995/96,3518,Frank de Boer,Ajax Amsterdam,9,1,1
1995/96,155593,Laurent Guyot,FC Nantes,8,1,1
1995/96,108879,Eddy Capron,FC Nantes,3,0,1
1995/96,3596,Vegard Heggem,Rosenborg BK,6,0,1
1995/96,3519,Ronald de Boer,Ajax Amsterdam,11,0,1
1995/96,173567,Franck Renou,FC Nantes,5,0,1
1995/96,155615,Jerzy Podbrozny,Legia Warszawa,6,0,1
1995/96,5297,Vladimir Jugovic,Juventus FC,8,0,1
1995/96,173739,Giancarlo Marocchi,Juventus FC,7,0,1
1995/96,173741,Ze Carlos,FC Porto,5,0,1
1995/96,173863,Juan Jose Borrelli,Panathinaikos,10,0,1
1995/96,173875,Goran Kopunovic,Ferencvarosi TC,6,0,1
1995/96,114,Heiko Herrlich,Borussia Dortmund,6,0,1
1995/96,7513,Fernando Hierro,Real Madrid,5,0,1
1995/96,9536,Adrian Ilie,Steaua Bucharest,5,0,1
1995/96,12090,Nordin Wooter,Ajax Amsterdam,6,0,1
1995/96,12383,Roar Strand,Rosenborg BK,6,0,1
1995/96,13806,Karl-Heinz Riedle,Borussia Dortmund,4,0,1
1995/96,15226,Marek Jozwiak,Legia Warszawa,7,0,1
1995/96,15769,Moreno Torricelli,Juventus FC,8,0,1
1995/96,7787,Kiki Musampa,Ajax Amsterdam,7,0,1
1995/96,16601,Dimitrios Markos,Panathinaikos,9,0,1
1995/96,24341,Georgios Savvas Georgiadis,Panathinaikos,9,0,1
1995/96,4817,Alexandre Comisetti,Grasshopper Club Zurich,5,0,1
1995/96,38033,Michael Zorc,Borussia Dortmund,8,0,1
1995/96,84184,Martin Kree,Borussia Dortmund,5,0,1
1995/96,86014,Ali Ibrahim,Grasshopper Club Zurich,4,0,1
1995/96,87164,Ian Ferguson,Rangers FC,2,0,1
1995/96,91661,Roman Kosecki,FC Nantes,10,0,1
1995/96,9678,Georgios Georgiadis,Panathinaikos,8,0,1
1995/96,101129,Gordon Durie,Rangers FC,4,0,1
1995/96,101909,Nestor Subiat,Grasshopper Club Zurich,2,0,1
1995/96,102025,Daniel Prodan,Steaua Bucharest,6,0,1
1996/97,171756,Milinko Pantic,Atletico de Madrid,8,3,5
1996/97,3524,Marco Simone,AC Milan,6,5,4
1996/97,13806,Karl-Heinz Riedle,Borussia Dortmund,5,2,4
1996/97,3571,Alen Boksic,Juventus FC,8,2,4
1996/97,5841,Diego Simeone,Atletico de Madrid,7,1,4
1996/97,172226,Artur Oliveira,FC Porto,7,1,4
1996/97,4289,Alessandro Del Piero,Juventus FC,6,0,4
1996/97,3625,Jardel,FC Porto,8,0,4
1996/97,5797,Christian Vieri,Juventus FC,8,0,4
1996/97,4150,Nicola Amoruso,Juventus FC,7,0,4
1996/97,131,Lars Ricken,Borussia Dortmund,9,0,4
1996/97,3501,Stephane Chapuisat,Borussia Dortmund,10,4,3
1996/97,4831,Tijani Babangida,Ajax Amsterdam,10,3,3
1996/97,8542,George Weah,AC Milan,5,2,3
1996/97,12000,Eric Cantona,Manchester United,10,2,3
1996/97,3856,Juan Esnaider,Atletico de Madrid,8,1,3
1996/97,114,Heiko Herrlich,Borussia Dortmund,9,1,3
1996/97,149270,Thomas Deniaud,AJ Auxerre,2,0,3
1996/97,60067,Dani,Ajax Amsterdam,5,0,3
1996/97,3111,Zinedine Zidane,Juventus FC,10,6,2
1996/97,4675,Jari Litmanen,Ajax Amsterdam,7,2,2
1996/97,12367,Harald Brattbakk,Rosenborg BK,8,2,2
1996/97,26717,Edmilson,FC Porto,8,2,2
1996/97,92214,Kubilay Turkyilmaz,Grasshopper Club Zurich,4,2,2
1996/97,357,Rene Tretschok,Borussia Dortmund,9,2,2
1996/97,19215,Magnus Erlingmark,IFK Goteborg,6,1,2
1996/97,27,Murat Yakin,Grasshopper Club Zurich,4,1,2
1996/97,3139,David Beckham,Manchester United,10,1,2
1996/97,4901,Marek Citko,Widzew Lodz,6,1,2
1996/97,3406,Ryan Giggs,Manchester United,7,0,2
1996/97,4385,Patrick Kluivert,Ajax Amsterdam,4,0,2
1996/97,296,Jacek Dembinski,Widzew Lodz,6,0,2
1996/97,5519,Viorel Moldovan,Grasshopper Club Zurich,5,0,2
1996/97,109482,Trond Soltvedt,Rosenborg BK,8,0,2
1996/97,104048,Kiko Narvaez,Atletico de Madrid,7,0,2
1996/97,6867,Elvir Bolic,Fenerbahce,6,0,2
1996/97,101126,Ally McCoist,Rangers FC,4,0,2
1996/97,3240,Steve Marlet,AJ Auxerre,4,0,2
1996/97,124,Andreas Moller,Borussia Dortmund,9,4,1
1996/97,3920,Bernard Diomede,AJ Auxerre,7,3,1
1996/97,154311,Attilio Lombardo,Juventus FC,6,2,1
1996/97,13234,Zlatko Zahovic,FC Porto,7,2,1
1996/97,113,Jorg Heinrich,Borussia Dortmund,10,2,1
1996/97,3627,Ljubinko Drulovic,FC Porto,8,2,1
1996/97,3238,Andy Cole,Manchester United,5,1,1
1996/97,173067,Mats Gren,Grasshopper Club Zurich,6,1,1
1996/97,1450,Lilian Laslandes,AJ Auxerre,5,1,1
1996/97,3095,Jesper Blomqvist,IFK Goteborg,5,1,1
1996/97,38033,Michael Zorc,Borussia Dortmund,9,1,1
1996/97,4153,Roberto Baggio,AC Milan,5,1,1
1996/97,3265,Niclas Alexandersson,IFK Goteborg,5,1,1
1996/97,13840,Marius Baciu,Steaua Bucharest,4,1,1
1996/97,3394,Ole Gunnar Solskjaer,Manchester United,10,1,1
1996/97,3519,Ronald de Boer,Ajax Amsterdam,10,1,1
1996/97,3982,Paul Lambert,Borussia Dortmund,11,1,1
1996/97,5758,Edgar Davids,AC Milan,4,1,1
1996/97,5996,Tomas Locatelli,AC Milan,3,1,1
1996/97,96618,Bent Skammelsrud,Rosenborg BK,8,0,1
1996/97,89545,Zvonimir Boban,AC Milan,5,0,1
1996/97,101124,Richard Gough,Rangers FC,5,0,1
1996/97,5747,Paolo Montero,Juventus FC,11,0,1
1996/97,102507,Mini Jakobsen,Rosenborg BK,6,0,1
1996/97,102755,Jes Hgh,Fenerbahce,6,0,1
1996/97,3830,Paul Gascoigne,Rangers FC,3,0,1
1996/97,107139,Arnold Scholten,Ajax Amsterdam,9,0,1
1996/97,717,Sabin Ilie,Steaua Bucharest,4,0,1
1996/97,247,Rene Schneider,Borussia Dortmund,1,0,1
1996/97,244,Slawomir Majak,Widzew Lodz,6,0,1
1996/97,158112,Michele Padovano,Juventus FC,5,0,1
1996/97,170374,Ian Durrant,Rangers FC,2,0,1
1996/97,130,Stefan Reuter,Borussia Dortmund,9,0,1
1996/97,119,Jurgen Kohler,Borussia Dortmund,8,0,1
1996/97,173048,Aurel Calin,Steaua Bucharest,6,0,1
1996/97,3158,Mario Melchiot,Ajax Amsterdam,9,0,1
1996/97,3538,David May,Manchester United,8,0,1
1996/97,78562,Christian Stumpf,Rapid Vienna,6,0,1
1996/97,3237,Christophe Dugarry,AC Milan,3,0,1
1996/97,29723,Ryszard Czerwiec,Widzew Lodz,4,0,1
1996/97,3732,Erik Wahlstedt,IFK Goteborg,4,0,1
1996/97,25282,Andrzej Lesiak,Rapid Vienna,4,0,1
1996/97,20105,Jan Berger,Grasshopper Club Zurich,2,0,1
1996/97,5872,Sabri Lamouchi,AJ Auxerre,5,0,1
1996/97,15351,Andreas Andersson,IFK Goteborg,6,0,1
1996/97,3390,Demetrio Albertini,AC Milan,5,0,1
1996/97,3596,Vegard Heggem,Rosenborg BK,8,0,1
1996/97,3478,Steffen Iversen,Rosenborg BK,6,0,1
1996/97,12090,Nordin Wooter,Ajax Amsterdam,7,0,1
1996/97,8004,Roberto Fresnedoso,Atletico de Madrid,2,0,1
1996/97,9536,Adrian Ilie,Steaua Bucharest,3,0,1
1997/98,4289,Alessandro Del Piero,Juventus FC,10,4,10
1997/98,3207,Thierry Henry,AS Monaco,9,1,7
1997/98,5821,Filippo Inzaghi,Juventus FC,10,1,6
1997/98,3122,Sergiy Rebrov,Dynamo Kyiv,8,0,6
1997/98,3522,Andriy Shevchenko,Dynamo Kyiv,8,2,5
1997/98,3238,Andy Cole,Manchester United,7,1,5
1997/98,202,Carsten Jancker,Bayern Munich,8,2,4
1997/98,4146,David Trezeguet,AS Monaco,9,2,4
1997/98,7531,Fernando Morientes,Real Madrid,10,2,4
1997/98,115,Victor Ikpeba,AS Monaco,10,1,4
1997/98,1407,Davor Suker,Real Madrid,7,1,4
1997/98,2959,Sigurd Rushfeldt,Rosenborg BK,6,1,4
1997/98,3501,Stephane Chapuisat,Borussia Dortmund,9,1,4
1997/98,12367,Harald Brattbakk,Rosenborg BK,6,1,4
1997/98,64,Stefan Beinlich,Bayer 04 Leverkusen,6,0,4
1997/98,70,Emerson,Bayer 04 Leverkusen,7,0,4
1997/98,4752,Oktay Derelioglu,Besiktas JK,6,0,4
1997/98,12383,Roar Strand,Rosenborg BK,6,0,4
1997/98,3111,Zinedine Zidane,Juventus FC,11,7,3
1997/98,3524,Marco Simone,Paris Saint-Germain,4,2,3
1997/98,7329,Enrico Chiesa,AC Parma,6,2,3
1997/98,12061,Gilles De Bilde,PSV Eindhoven,6,2,3
1997/98,124,Andreas Moller,Borussia Dortmund,8,1,3
1997/98,198,Giovane Elber,Bayern Munich,8,1,3
1997/98,12405,Thomas Helmer,Bayern Munich,7,1,3
1997/98,3625,Jardel,FC Porto,5,0,3
1997/98,6006,Julio Cruz,Feyenoord Rotterdam,4,0,3
1997/98,7513,Fernando Hierro,Real Madrid,10,0,3
1997/98,7601,Luis Enrique,FC Barcelona,3,0,3
1997/98,9209,Christian Karembeu,Real Madrid,5,0,3
1997/98,102150,Faustino Asprilla,Newcastle United,3,0,3
1997/98,7518,Roberto Carlos,Real Madrid,9,6,2
1997/98,7349,Raul,Real Madrid,11,2,2
1997/98,8202,Horst Siegl,AC Sparta Praha,6,2,2
1997/98,101046,Wim Jonk,PSV Eindhoven,6,2,2
1997/98,158092,Franck Gava,Paris Saint-Germain,6,2,2
1997/98,3392,Teddy Sheringham,Manchester United,7,1,2
1997/98,38033,Michael Zorc,Borussia Dortmund,8,1,2
1997/98,67907,Leandro Machado,Sporting CP,6,1,2
1997/98,103755,Oceano,Sporting CP,4,1,2
1997/98,114,Heiko Herrlich,Borussia Dortmund,7,0,2
1997/98,531,Yuriy Maksymov,Dynamo Kyiv,4,0,2
1997/98,3397,Paul Scholes,Manchester United,7,0,2
1997/98,3410,Hernan Crespo,AC Parma,6,0,2
1997/98,3703,Tugay Kerimoglu,Galatasaray,6,0,2
1997/98,3840,Mustapha Hadji,Sporting CP,5,0,2
1997/98,4150,Nicola Amoruso,Juventus FC,4,0,2
1997/98,4280,Denis Irwin,Manchester United,6,0,2
1997/98,8014,Giovanni,FC Barcelona,3,0,2
1997/98,37971,Josef Obajdin,AC Sparta Praha,6,0,2
1997/98,109487,John Beresford,Newcastle United,5,0,2
1997/98,151086,Jean-Paul van Gastel,Feyenoord Rotterdam,6,0,2
1997/98,102507,Mini Jakobsen,Rosenborg BK,5,5,1
1997/98,88,Paulo Rink,Bayer 04 Leverkusen,7,3,1
1997/98,113,Jorg Heinrich,Borussia Dortmund,8,3,1
1997/98,67108,Yuriy Kalitvintsev,Dynamo Kyiv,7,3,1
1997/98,74,Ulf Kirsten,Bayer 04 Leverkusen,7,2,1
1997/98,3191,Giovanni van Bronckhorst,Feyenoord Rotterdam,6,2,1
1997/98,3406,Ryan Giggs,Manchester United,5,2,1
1997/98,4670,Henk Vos,Feyenoord Rotterdam,4,2,1
1997/98,27656,Luc Nilis,PSV Eindhoven,5,2,1
1997/98,102583,Rai,Paris Saint-Germain,6,2,1
1997/98,2,Mario Basler,Bayern Munich,5,1,1
1997/98,710,Erik Meijer,Bayer 04 Leverkusen,7,1,1
1997/98,3446,Luis Figo,FC Barcelona,5,1,1
1997/98,3663,John Collins,AS Monaco,9,1,1
1997/98,8052,Ergun Penbe,Galatasaray,6,1,1
1997/98,9536,Adrian Ilie,Galatasaray,5,1,1
1997/98,9683,Predrag Djordjevic,Olympiacos Piraeus,5,1,1
1997/98,9788,Andriy Gusin,Dynamo Kyiv,7,1,1
1997/98,17126,Mehmet Ozdilek,Besiktas JK,5,1,1
1997/98,5,Petr Gabriel,AC Sparta Praha,6,0,1
1997/98,89,Ze Roberto,Real Madrid,4,0,1
1997/98,106,Vladimir But,Borussia Dortmund,9,0,1
1997/98,192,Markus Babbel,Bayern Munich,8,0,1
1997/98,919,Dietmar Hamann,Bayern Munich,8,0,1
1997/98,3394,Ole Gunnar Solskjaer,Manchester United,6,0,1
1997/98,3474,Jovan Kirovski,Borussia Dortmund,3,0,1
1997/98,3558,Scott Booth,Borussia Dortmund,3,0,1
1997/98,3581,Nikolaos Dabizas,Olympiacos Piraeus,5,0,1
1997/98,3734,Teddy Lucic,IFK Goteborg,6,0,1
1997/98,3823,Henning Berg,Manchester United,7,0,1
1997/98,3964,Bruno N'Gotty,Paris Saint-Germain,4,0,1
1997/98,4254,Stelios Giannakopoulos,Olympiacos Piraeus,5,0,1
1997/98,5198,Phillip Cocu,PSV Eindhoven,6,0,1
1997/98,5289,Philippe Leonard,AS Monaco,5,0,1
1997/98,5563,Jerome Leroy,Paris Saint-Germain,6,0,1
1997/98,5753,Alessandro Birindelli,Juventus FC,10,0,1
1997/98,5882,Roberto Sensini,AC Parma,4,0,1
1997/98,5940,Christian Panucci,Real Madrid,8,0,1
1997/98,6845,Martin Frydek,Bayer 04 Leverkusen,3,0,1
1997/98,7502,Victor Sanchez,Real Madrid,7,0,1
1997/98,8011,Igor Korneev,Feyenoord Rotterdam,5,0,1
1997/98,8036,Abelardo,FC Barcelona,2,0,1
1997/98,8527,Eric Rabesandratana,Paris Saint-Germain,3,0,1
1997/98,9708,Dimitrios Mavrogenidis,Olympiacos Piraeus,4,0,1
1997/98,9826,Costinha,AS Monaco,3,0,1
1997/98,9873,Grigoris Georgatos,Olympiacos Piraeus,6,0,1
1997/98,13060,Philip Haagdoren,Lierse SK (-2018),6,0,1
1997/98,14328,Luis Miguel,Sporting CP,2,0,1
1997/98,14915,Peter Mller,PSV Eindhoven,4,0,1
1997/98,15634,Robert Spehar,AS Monaco,3,0,1
1997/98,15635,Eric Van Meir,Lierse SK (-2018),5,0,1
1997/98,15869,Jiri Novotny,AC Sparta Praha,6,0,1
1997/98,17125,Ertugrul Saglam,Besiktas JK,5,0,1
1997/98,24481,Predrag Mijatovic,Real Madrid,8,0,1
1997/98,25015,Ruslan Lyubarskyi,1.FC Kosice (1951 - 2004),6,0,1
1997/98,29465,Bruno Marioni,Sporting CP,3,0,1
1997/98,37130,Peter Ofori-Quaye,Olympiacos Piraeus,4,0,1
1997/98,87436,John Barnes,Newcastle United,5,0,1
1997/98,101317,Stuart Pearce,Newcastle United,2,0,1
1997/98,107337,Cesar Ramirez,Sporting CP,3,0,1
1997/98,149175,Stefan Pettersson,IFK Goteborg,5,0,1
1997/98,151825,Daniel Fonseca,Juventus FC,6,0,1
1997/98,152371,Pieter Huistra,Lierse SK (-2018),5,0,1
1997/98,155749,Christophe Pignol,AS Monaco,6,0,1
1997/98,172477,Robert Andersson,IFK Goteborg,6,0,1
1998/99,3223,Dwight Yorke,Manchester United,11,8,8
1998/99,3522,Andriy Shevchenko,Dynamo Kyiv,10,0,8
1998/99,13234,Zlatko Zahovic,FC Porto,6,0,7
1998/99,5821,Filippo Inzaghi,Juventus FC,10,1,6
1998/99,3407,Ruud van Nistelrooy,PSV Eindhoven,5,1,5
1998/99,3626,Nuno Gomes,SL Benfica,5,0,5
1998/99,3122,Sergiy Rebrov,Dynamo Kyiv,10,3,4
1998/99,3238,Andy Cole,Manchester United,9,2,4
1998/99,3406,Ryan Giggs,Manchester United,7,2,4
1998/99,197,Stefan Effenberg,Bayern Munich,10,1,4
1998/99,672,Jurgen Rische,1.FC Kaiserslautern,7,1,4
1998/99,3500,Sonny Anderson,FC Barcelona,6,1,4
1998/99,154937,Sinisa Gogic,Olympiacos Piraeus,8,1,4
1998/99,2,Mario Basler,Bayern Munich,9,0,4
1998/99,3397,Paul Scholes,Manchester United,10,0,4
1998/99,202,Carsten Jancker,Bayern Munich,10,4,3
1998/99,4168,Clarence Seedorf,Real Madrid,8,3,3
1998/99,3372,Rivaldo,FC Barcelona,6,2,3
1998/99,7976,Savio,Real Madrid,7,2,3
1998/99,90149,Ilya Tsymbalar,Spartak Moscow,6,2,3
1998/99,7349,Raul,Real Madrid,8,1,3
1998/99,1440,Uwe Rosler,1.FC Kaiserslautern,6,0,3
1998/99,2959,Sigurd Rushfeldt,Rosenborg BK,6,0,3
1998/99,3363,Hakan Sukur,Galatasaray,5,0,3
1998/99,3396,Roy Keane,Manchester United,10,0,3
1998/99,4153,Roberto Baggio,Inter Milan,4,0,3
1998/99,5759,Antonio Conte,Juventus FC,6,0,3
1998/99,3139,David Beckham,Manchester United,10,8,2
1998/99,198,Giovane Elber,Bayern Munich,7,3,2
1998/99,3625,Jardel,FC Porto,6,3,2
1998/99,24481,Predrag Mijatovic,Real Madrid,7,3,2
1998/99,20866,Alexis Alexandris,Olympiacos Piraeus,7,2,2
1998/99,29556,Robert Jarni,Real Madrid,5,2,2
1998/99,4150,Nicola Amoruso,Juventus FC,5,1,2
1998/99,4254,Stelios Giannakopoulos,Olympiacos Piraeus,8,1,2
1998/99,5798,Nicola Ventola,Inter Milan,6,1,2
1998/99,5940,Christian Panucci,Real Madrid,7,1,2
1998/99,134,Jan Derek Srensen,Rosenborg BK,6,0,2
1998/99,214,Hasan Salihamidzic,Bayern Munich,11,0,2
1998/99,3394,Ole Gunnar Solskjaer,Manchester United,4,0,2
1998/99,3628,Joao Pinto,SL Benfica,5,0,2
1998/99,5360,Tony Vairelles,RC Lens,5,0,2
1998/99,7630,Julen Guerrero,Athletic Bilbao,6,0,2
1998/99,8014,Giovanni,FC Barcelona,6,0,2
1998/99,9637,Dmitriy Khokhlov,PSV Eindhoven,6,0,2
1998/99,15082,Egor Titov,Spartak Moscow,5,0,2
1998/99,15627,Luiz Antonio,HJK Helsinki,5,0,2
1998/99,37464,Mika Kottila,HJK Helsinki,5,0,2
1998/99,107919,Mika Lehkosuo,HJK Helsinki,6,0,2
1998/99,8,Marian Hristov,1.FC Kaiserslautern,6,6,1
1998/99,5841,Diego Simeone,Inter Milan,8,3,1
1998/99,3140,Ronaldo,Inter Milan,6,2,1
1998/99,3217,Vladimir Smicer,RC Lens,6,2,1
1998/99,19,Marco Reich,1.FC Kaiserslautern,8,1,1
1998/99,222,Michael Tarnat,Bayern Munich,7,1,1
1998/99,227,Alexander Zickler,Bayern Munich,10,1,1
1998/99,3377,Arif Erdem,Galatasaray,6,1,1
1998/99,3392,Teddy Sheringham,Manchester United,3,1,1
1998/99,3404,Phil Neville,Manchester United,5,1,1
1998/99,3422,Luis Boa Morte,Arsenal FC,3,1,1
1998/99,3430,Kakhaber Kaladze,Dynamo Kyiv,8,1,1
1998/99,3814,Doriva,FC Porto,6,1,1
1998/99,7640,Joseba Etxeberria,Athletic Bilbao,6,1,1
1998/99,9683,Predrag Djordjevic,Olympiacos Piraeus,8,1,1
1998/99,9714,Andreas Niniadis,Olympiacos Piraeus,5,1,1
1998/99,12383,Roar Strand,Rosenborg BK,6,1,1
1998/99,15323,Mihael Mikic,NK Croatia Zagreb,3,1,1
1998/99,25044,Andrey Tikhonov,Spartak Moscow,6,1,1
1998/99,117021,Vitaliy Kosovskyi,Dynamo Kyiv,9,1,1
1998/99,160212,Josko Jelicic,NK Croatia Zagreb,6,1,1
1998/99,4,Youri Djorkaeff,Inter Milan,4,0,1
1998/99,15,Olaf Marschall,1.FC Kaiserslautern,5,0,1
1998/99,192,Markus Babbel,Bayern Munich,11,0,1
1998/99,279,Ebbe Sand,Brondby IF,6,0,1
1998/99,477,Alberto Mendez,Arsenal FC,1,0,1
1998/99,544,Erik Mykland,Panathinaikos,3,0,1
1998/99,565,Thomas Riedl,1.FC Kaiserslautern,8,0,1
1998/99,678,Martin Wagner,1.FC Kaiserslautern,4,0,1
1998/99,1161,Javier Zanetti,Inter Milan,7,0,1
1998/99,1407,Davor Suker,Real Madrid,5,0,1
1998/99,3069,Mario Haas,SK Sturm Graz,6,0,1
1998/99,3184,Martin Keown,Arsenal FC,5,0,1
1998/99,3187,Dennis Bergkamp,Arsenal FC,3,0,1
1998/99,3226,Nicolas Anelka,Arsenal FC,5,0,1
1998/99,3381,Umit Davala,Galatasaray,6,0,1
1998/99,3446,Luis Figo,FC Barcelona,6,0,1
1998/99,3513,Marc Overmars,Arsenal FC,4,0,1
1998/99,3627,Ljubinko Drulovic,FC Porto,6,0,1
1998/99,3683,Ivica Vastic,SK Sturm Graz,5,0,1
1998/99,4325,Richard Witschge,Ajax Amsterdam,5,0,1
1998/99,4345,Andre Ooijer,PSV Eindhoven,1,0,1
1998/99,4354,Arnold Bruggink,PSV Eindhoven,5,0,1
1998/99,4361,Dennis Rommedahl,PSV Eindhoven,5,0,1
1998/99,4675,Jari Litmanen,Ajax Amsterdam,4,0,1
1998/99,5753,Alessandro Birindelli,Juventus FC,8,0,1
1998/99,5791,Okan Buruk,Galatasaray,6,0,1
1998/99,7513,Fernando Hierro,Real Madrid,7,0,1
1998/99,7601,Luis Enrique,FC Barcelona,3,0,1
1998/99,7641,Ismael Urzaiz,Athletic Bilbao,5,0,1
1998/99,7656,Calado,SL Benfica,5,0,1
1998/99,7939,Gheorghe Hagi,Galatasaray,6,0,1
1998/99,9229,Andrzej Rudy,Ajax Amsterdam,3,0,1
1998/99,9664,Josip Simic,NK Croatia Zagreb,4,0,1
1998/99,9782,Oleksandr Golovko,Dynamo Kyiv,10,0,1
1998/99,9854,Nikolaos Lyberopoulos,Panathinaikos,6,0,1
1998/99,10400,Stephen Hughes,Arsenal FC,4,0,1
1998/99,15048,Kim Daugaard,Brondby IF,6,0,1
1998/99,15114,Vladyslav Vashchuk,Dynamo Kyiv,9,0,1
1998/99,16205,Wagneau Eloi,RC Lens,5,0,1
1998/99,16603,Leonidas Vokolos,Panathinaikos,5,0,1
1998/99,18812,Igor Sypniewski,Panathinaikos,2,0,1
1998/99,24380,Jari Ilola,HJK Helsinki,5,0,1
1998/99,24618,Edin Mujcin,NK Croatia Zagreb,5,0,1
1998/99,25720,Andreas Lagonikakis,Panathinaikos,5,0,1
1998/99,25772,Tomislav Rukavina,NK Croatia Zagreb,6,0,1
1998/99,28238,Tony Adams,Arsenal FC,4,0,1
1998/99,51413,Jorge Perez,Athletic Bilbao,4,0,1
1998/99,67110,Dmitriy Khlestov,Spartak Moscow,5,0,1
1998/99,92208,Suat Kaya,Galatasaray,2,0,1
1998/99,96618,Bent Skammelsrud,Rosenborg BK,5,0,1
1998/99,107128,Dean Gorre,Ajax Amsterdam,2,0,1
1998/99,129083,Ivan Zamorano,Inter Milan,8,0,1
1998/99,149389,Mickael Debeve,RC Lens,6,0,1
1998/99,172125,Allan Ravn,Brondby IF,4,0,1
1998/99,172196,Mauro Silva,Panathinaikos,4,0,1
1999/00,7349,Raul,Real Madrid,15,4,10
1999/00,3372,Rivaldo,FC Barcelona,14,1,10
1999/00,3625,Jardel,FC Porto,13,0,10
1999/00,5849,Simone Inzaghi,SS Lazio,11,1,9
1999/00,3122,Sergiy Rebrov,Dynamo Kyiv,12,2,8
1999/00,3081,Tore Andre Flo,Chelsea FC,14,1,8
1999/00,4385,Patrick Kluivert,FC Barcelona,14,4,7
1999/00,218,Paulo Sergio,Bayern Munich,13,1,7
1999/00,7531,Fernando Morientes,Real Madrid,14,4,6
1999/00,3396,Roy Keane,Manchester United,12,1,6
1999/00,7601,Luis Enrique,FC Barcelona,7,1,6
1999/00,3446,Luis Figo,FC Barcelona,13,10,5
1999/00,3418,Claudio Lopez,Valencia CF,16,7,5
1999/00,5959,Gabriel Batistuta,AC Fiorentina,10,2,5
1999/00,3570,John Carew,Rosenborg BK,12,1,5
1999/00,7603,Gaizka Mendieta,Valencia CF,14,0,5
1999/00,7976,Savio,Real Madrid,11,5,4
1999/00,7518,Roberto Carlos,Real Madrid,17,4,4
1999/00,14,Vratislav Lokvenc,AC Sparta Praha,11,2,4
1999/00,134,Jan Derek Srensen,Rosenborg BK,11,1,4
1999/00,3188,Sylvain Wiltord,FC Girondins Bordeaux,12,1,4
1999/00,3415,Marcelo Salas,SS Lazio,10,1,4
1999/00,4006,Dennis Wise,Chelsea FC,13,1,4
1999/00,8014,Giovanni,Olympiacos Piraeus,5,1,4
1999/00,15060,Artem Bezrodnyi,Spartak Moscow,6,1,4
1999/00,74,Ulf Kirsten,Bayer 04 Leverkusen,4,0,4
1999/00,3363,Hakan Sukur,Galatasaray,6,0,4
1999/00,4169,Jon Dahl Tomasson,Feyenoord Rotterdam,11,0,4
1999/00,7598,Gabri,FC Barcelona,9,0,4
1999/00,7599,Gerard Lopez,Valencia CF,16,0,4
1999/00,25044,Andrey Tikhonov,Spartak Moscow,6,0,4
1999/00,102187,Abel Balbo,AC Fiorentina,8,0,4
1999/00,8564,Deco,FC Porto,11,4,3
1999/00,198,Giovane Elber,Bayern Munich,12,3,3
1999/00,3177,Gianfranco Zola,Chelsea FC,14,3,3
1999/00,7438,Kily Gonzalez,Valencia CF,16,3,3
1999/00,202,Carsten Jancker,Bayern Munich,12,2,3
1999/00,217,Mehmet Scholl,Bayern Munich,12,2,3
1999/00,5013,Vladimir Labant,AC Sparta Praha,6,2,3
1999/00,9536,Adrian Ilie,Valencia CF,11,2,3
1999/00,3397,Paul Scholes,Manchester United,11,1,3
1999/00,5834,Sinisa Mihajlovic,SS Lazio,12,1,3
1999/00,6006,Julio Cruz,Feyenoord Rotterdam,10,1,3
1999/00,7329,Enrico Chiesa,AC Fiorentina,9,1,3
1999/00,7579,Miguel Angel Angulo,Valencia CF,16,1,3
1999/00,104,Fredi Bobic,Borussia Dortmund,5,0,3
1999/00,335,Ali Daei,Hertha BSC,11,0,3
1999/00,709,Milan Fukal,AC Sparta Praha,12,0,3
1999/00,3238,Andy Cole,Manchester United,13,0,3
1999/00,3394,Ole Gunnar Solskjaer,Manchester United,11,0,3
1999/00,3407,Ruud van Nistelrooy,PSV Eindhoven,6,0,3
1999/00,3513,Marc Overmars,Arsenal FC,6,0,3
1999/00,3899,Ibrahima Bakayoko,Olympique Marseille,8,0,3
1999/00,6559,rjan Berg,Rosenborg BK,12,0,3
1999/00,13231,Tomislav Sokota,GNK Dinamo Zagreb,6,0,3
1999/00,64880,Tomislav Kocijan,SK Sturm Graz,6,0,3
1999/00,146139,Andreas Lund,Molde FK,6,0,3
1999/00,3139,David Beckham,Manchester United,12,4,2
1999/00,5198,Phillip Cocu,FC Barcelona,14,4,2
1999/00,197,Stefan Effenberg,Bayern Munich,11,3,2
1999/00,3627,Ljubinko Drulovic,FC Porto,14,3,2
1999/00,4164,Bonaventure Kalou,Feyenoord Rotterdam,12,3,2
1999/00,7912,Sergio Conceicao,SS Lazio,9,3,2
1999/00,132,Tomas Rosicky,AC Sparta Praha,12,2,2
1999/00,1407,Davor Suker,Arsenal FC,6,2,2
1999/00,3223,Dwight Yorke,Manchester United,11,2,2
1999/00,7608,Dani Garcia,FC Barcelona,9,2,2
1999/00,56,Oliver Bierhoff,AC Milan,6,1,2
1999/00,360,Dariusz Wosz,Hertha BSC,10,1,2
1999/00,2713,Johan Micoud,FC Girondins Bordeaux,12,1,2
1999/00,3185,Robert Pires,Olympique Marseille,11,1,2
1999/00,3237,Christophe Dugarry,two clubs,4,1,2
1999/00,3381,Umit Davala,Galatasaray,5,1,2
1999/00,3518,Frank de Boer,FC Barcelona,12,1,2
1999/00,8036,Abelardo,FC Barcelona,9,1,2
1999/00,13234,Zlatko Zahovic,Olympiacos Piraeus,6,1,2
1999/00,81,Oliver Neuville,Bayer 04 Leverkusen,6,0,2
1999/00,227,Alexander Zickler,Bayern Munich,10,0,2
1999/00,1125,Jorg Albertz,Rangers FC,6,0,2
1999/00,3143,Juan Sebastian Veron,SS Lazio,11,0,2
1999/00,3226,Nicolas Anelka,Real Madrid,10,0,2
1999/00,3428,Dejan Stankovic,SS Lazio,11,0,2
1999/00,3512,Michael Mols,Rangers FC,6,0,2
1999/00,4376,Paul Bosvelt,Feyenoord Rotterdam,11,0,2
1999/00,7514,Ivan Helguera,Real Madrid,15,0,2
1999/00,9792,Aleksandr Khatskevich,Dynamo Kyiv,6,0,2
1999/00,13235,Ousmane Sanou,Willem II Tilburg,5,0,2
1999/00,15351,Andreas Andersson,AIK,4,0,2
1999/00,15643,Daniel Berg Hestad,Molde FK,6,0,2
1999/00,15869,Jiri Novotny,AC Sparta Praha,12,0,2
1999/00,3603,Pavel Nedved,SS Lazio,12,6,1
1999/00,3133,Nwankwo Kanu,Arsenal FC,6,4,1
1999/00,7530,Guti,Real Madrid,10,4,1
1999/00,3522,Andriy Shevchenko,AC Milan,6,3,1
1999/00,3571,Alen Boksic,SS Lazio,10,3,1
1999/00,16797,Esquerdinha,FC Porto,13,3,1
1999/00,1450,Lilian Laslandes,FC Girondins Bordeaux,10,2,1
1999/00,3153,Celestine Babayaro,Chelsea FC,13,2,1
1999/00,3361,Gustavo Poyet,Chelsea FC,12,2,1
1999/00,3406,Ryan Giggs,Manchester United,11,2,1
1999/00,3430,Kakhaber Kaladze,Dynamo Kyiv,10,2,1
1999/00,3624,Rui Costa,AC Fiorentina,12,2,1
1999/00,3683,Ivica Vastic,SK Sturm Graz,6,2,1
1999/00,3980,Steve McManaman,Real Madrid,13,2,1
1999/00,5950,Pep Guardiola,FC Barcelona,12,2,1
1999/00,7585,Juan Sanchez,Valencia CF,13,2,1
1999/00,9798,Maksim Shatskikh,Dynamo Kyiv,11,2,1
1999/00,27656,Luc Nilis,PSV Eindhoven,5,2,1
1999/00,102507,Mini Jakobsen,Rosenborg BK,11,2,1
1999/00,102,Otto Addo,Borussia Dortmund,5,1,1
1999/00,3152,Albert Ferrer,Chelsea FC,13,1,1
1999/00,3173,Boudewijn Zenden,FC Barcelona,10,1,1
1999/00,3187,Dennis Bergkamp,Arsenal FC,5,1,1
1999/00,3207,Thierry Henry,Arsenal FC,4,1,1
1999/00,5316,Sebastien Perez,Olympique Marseille,9,1,1
1999/00,5563,Jerome Leroy,Olympique Marseille,4,1,1
1999/00,5835,Paolo Negro,SS Lazio,10,1,1
1999/00,7452,Neil McCann,Rangers FC,6,1,1
1999/00,7513,Fernando Hierro,Real Madrid,10,1,1
1999/00,7939,Gheorghe Hagi,Galatasaray,5,1,1
1999/00,8020,Mariano Bombarda,Willem II Tilburg,4,1,1
1999/00,9708,Dimitrios Mavrogenidis,Olympiacos Piraeus,4,1,1
1999/00,9782,Oleksandr Golovko,Dynamo Kyiv,11,1,1
1999/00,9788,Andriy Gusin,Dynamo Kyiv,12,1,1
1999/00,12385,Fredrik Winsnes,Rosenborg BK,10,1,1
1999/00,13861,Clayton,FC Porto,5,1,1
1999/00,24002,Giorgi Demetradze,Dynamo Kyiv,4,1,1
1999/00,33326,Mauro Bressan,AC Fiorentina,5,1,1
1999/00,75553,Didier Deschamps,Chelsea FC,13,1,1
1999/00,96618,Bent Skammelsrud,Rosenborg BK,12,1,1
1999/00,102586,Leonardo,AC Milan,5,1,1
1999/00,151321,Marc Zanotti,FC Girondins Bordeaux,2,1,1
1999/00,160126,Nebojsa Novakovic,AIK,6,1,1
1999/00,32,Miroslav Baranek,AC Sparta Praha,10,0,1
1999/00,94,Boris Zivkovic,Bayer 04 Leverkusen,4,0,1
1999/00,119,Jurgen Kohler,Borussia Dortmund,5,0,1
1999/00,124,Andreas Moller,Borussia Dortmund,4,0,1
1999/00,199,Thorsten Fink,Bayern Munich,11,0,1
1999/00,209,Thomas Linke,Bayern Munich,11,0,1
1999/00,215,Roque Santa Cruz,Bayern Munich,15,0,1
1999/00,221,Thomas Strunz,Bayern Munich,2,0,1
1999/00,222,Michael Tarnat,Bayern Munich,10,0,1
1999/00,292,Sergej Barbarez,Borussia Dortmund,5,0,1
1999/00,333,Alex Alves,Hertha BSC,3,0,1
1999/00,346,Kai Michalke,Hertha BSC,10,0,1
1999/00,348,Michael Preetz,Hertha BSC,11,0,1
1999/00,350,Kjetil Rekdal,Hertha BSC,4,0,1
1999/00,359,Sixten Veit,Hertha BSC,5,0,1
1999/00,3062,Roman Mahlich,SK Sturm Graz,6,0,1
1999/00,3134,Freddie Ljungberg,Arsenal FC,6,0,1
1999/00,3156,William Gallas,Olympique Marseille,7,0,1
1999/00,3167,Gabriele Ambrosetti,Chelsea FC,5,0,1
1999/00,3392,Teddy Sheringham,Manchester United,9,0,1
1999/00,3703,Tugay Kerimoglu,Galatasaray,3,0,1
1999/00,3914,Pascal Feindouno,FC Girondins Bordeaux,5,0,1
1999/00,4013,Kees van Wonderen,Feyenoord Rotterdam,9,0,1
1999/00,4226,Fabrizio Ravanelli,two clubs,7,0,1
1999/00,4254,Stelios Giannakopoulos,Olympiacos Piraeus,4,0,1
1999/00,4288,Lorenzo Amoruso,Rangers FC,6,0,1
1999/00,4447,Mark Schenning,Willem II Tilburg,5,0,1
1999/00,4472,Arno Arts,Willem II Tilburg,3,0,1
1999/00,4580,Dmitriy Shukov,Willem II Tilburg,6,0,1
1999/00,5314,Frank Leboeuf,Chelsea FC,13,0,1
1999/00,5552,Frederic Dehu,FC Barcelona,8,0,1
1999/00,5571,Kaba Diawara,Olympique Marseille,4,0,1
1999/00,5669,Laurent Batlles,FC Girondins Bordeaux,8,0,1
1999/00,5785,Javier Farinos,Valencia CF,15,0,1
1999/00,5791,Okan Buruk,Galatasaray,6,0,1
1999/00,5995,Christian Amoroso,AC Fiorentina,7,0,1
1999/00,6874,Federico Giunti,AC Milan,5,0,1
1999/00,7569,Miroslav Djukic,Valencia CF,14,0,1
1999/00,7607,Xavi,FC Barcelona,10,0,1
1999/00,8013,Robert Prosinecki,GNK Dinamo Zagreb,4,0,1
1999/00,8202,Horst Siegl,AC Sparta Praha,9,0,1
1999/00,8542,George Weah,two clubs,1,0,1
1999/00,8563,Capucho,FC Porto,13,0,1
1999/00,9209,Christian Karembeu,Real Madrid,5,0,1
1999/00,9637,Dmitriy Khokhlov,PSV Eindhoven,5,0,1
1999/00,9810,Jorge Costa,FC Porto,12,0,1
1999/00,9812,Pedro Emanuel,Boavista FC,6,0,1
1999/00,9818,Mario Silva,Boavista FC,3,0,1
1999/00,11367,Craig Moore,Rangers FC,6,0,1
1999/00,12113,Yassine Abdellaoui,Willem II Tilburg,2,0,1
1999/00,12383,Roar Strand,Rosenborg BK,12,0,1
1999/00,13366,Zdenek Svoboda,AC Sparta Praha,8,0,1
1999/00,14510,Rui Bento,Boavista FC,5,0,1
1999/00,15114,Vladyslav Vashchuk,Dynamo Kyiv,8,0,1
1999/00,15323,Mihael Mikic,GNK Dinamo Zagreb,5,0,1
1999/00,15581,Jiri Jarosik,AC Sparta Praha,10,0,1
1999/00,18101,Krister Nordin,AIK,6,0,1
1999/00,20042,Luciano de Souza,Olympiacos Piraeus,2,0,1
1999/00,24122,Viktor Bulatov,Spartak Moscow,5,0,1
1999/00,24257,Stipe Balajic,NK Maribor,6,0,1
1999/00,24481,Predrag Mijatovic,AC Fiorentina,7,0,1
1999/00,24618,Edin Mujcin,GNK Dinamo Zagreb,6,0,1
1999/00,25772,Tomislav Rukavina,GNK Dinamo Zagreb,6,0,1
1999/00,30402,Andre Schei Lindbk,Molde FK,5,0,1
1999/00,53289,Somalia,Feyenoord Rotterdam,5,0,1
1999/00,63963,Martin Prohaszka,AC Sparta Praha,3,0,1
1999/00,99854,Capone,Galatasaray,6,0,1
1999/00,101759,Peter van Vossen,Feyenoord Rotterdam,8,0,1
1999/00,102023,Dan Petrescu,Chelsea FC,13,0,1
1999/00,106932,Ion Timofte,Boavista FC,3,0,1
1999/00,113344,Ante Simundza,NK Maribor,6,0,1
1999/00,117021,Vitaliy Kosovskyi,Dynamo Kyiv,6,0,1
1999/00,133465,Tore Andre Dahlum,Rosenborg BK,6,0,1
1999/00,156992,Michel Pavon,FC Girondins Bordeaux,9,0,1
2000/01,7349,Raul,Real Madrid,12,5,7
2000/01,198,Giovane Elber,Bayern Munich,16,2,6
2000/01,7514,Ivan Helguera,Real Madrid,14,2,6
2000/01,3397,Paul Scholes,Manchester United,12,1,6
2000/01,3524,Marco Simone,AS Monaco,6,1,6
2000/01,3625,Jardel,Galatasaray,14,1,6
2000/01,3372,Rivaldo,FC Barcelona,6,0,6
2000/01,3446,Luis Figo,Real Madrid,14,9,5
2000/01,217,Mehmet Scholl,Bayern Munich,16,2,5
2000/01,3371,Christian,Paris Saint-Germain,8,1,5
2000/01,3392,Teddy Sheringham,Manchester United,11,1,5
2000/01,3418,Claudio Lopez,SS Lazio,6,1,5
2000/01,3768,Alan Smith,Leeds United,14,1,5
2000/01,3877,Lee Bowyer,Leeds United,13,1,5
2000/01,7585,Juan Sanchez,Valencia CF,14,1,5
2000/01,7691,Walter Pandiani,Deportivo de La Coruna,12,1,5
2000/01,3226,Nicolas Anelka,Paris Saint-Germain,9,0,5
2000/01,3522,Andriy Shevchenko,AC Milan,12,0,5
2000/01,3585,Tomasz Radzinski,RSC Anderlecht,12,0,5
2000/01,5821,Filippo Inzaghi,Juventus FC,6,0,5
2000/01,12371,Frode Johnsen,Rosenborg BK,6,0,5
2000/01,3242,Mark Viduka,Leeds United,14,4,4
2000/01,1388,Marcao,Spartak Moscow,11,3,4
2000/01,3240,Steve Marlet,Olympique Lyon,11,3,4
2000/01,7518,Roberto Carlos,Real Madrid,14,3,4
2000/01,3207,Thierry Henry,Arsenal FC,14,2,4
2000/01,5573,Laurent Leroy,Paris Saint-Germain,11,2,4
2000/01,7530,Guti,Real Madrid,12,2,4
2000/01,15082,Egor Titov,Spartak Moscow,12,2,4
2000/01,3238,Andy Cole,Manchester United,10,1,4
2000/01,3500,Sonny Anderson,Olympique Lyon,12,1,4
2000/01,5971,Markus Schopp,SK Sturm Graz,10,0,4
2000/01,6194,Jose Mari,AC Milan,7,0,4
2000/01,7531,Fernando Morientes,Real Madrid,8,0,4
2000/01,7868,Diego Alonso,Valencia CF,10,0,4
2000/01,9669,Alin Stoica,RSC Anderlecht,11,0,4
2000/01,3603,Pavel Nedved,SS Lazio,10,4,3
2000/01,3634,Ian Harte,Leeds United,15,4,3
2000/01,2960,Djalminha,Deportivo de La Coruna,9,3,3
2000/01,1157,Jan Koller,RSC Anderlecht,12,2,3
2000/01,3316,Laurent Robert,Paris Saint-Germain,10,2,3
2000/01,14945,Andriy Vorobey,Shakhtar Donetsk,6,2,3
2000/01,3499,Shabani Nonda,AS Monaco,5,1,3
2000/01,5849,Simone Inzaghi,SS Lazio,9,1,3
2000/01,204,Jens Jeremies,Bayern Munich,12,0,3
2000/01,218,Paulo Sergio,Bayern Munich,11,0,3
2000/01,3191,Giovanni van Bronckhorst,Rangers FC,4,0,3
2000/01,3570,John Carew,Valencia CF,17,0,3
2000/01,8014,Giovanni,Olympiacos Piraeus,6,0,3
2000/01,13817,Ricardo Sa Pinto,Sporting CP,5,0,3
2000/01,85424,Sergey Yuran,SK Sturm Graz,6,0,3
2000/01,3390,Demetrio Albertini,AC Milan,9,5,2
2000/01,7603,Gaizka Mendieta,Valencia CF,14,5,2
2000/01,3406,Ryan Giggs,Manchester United,11,4,2
2000/01,6102,Hasan Sas,Galatasaray,12,4,2
2000/01,56,Oliver Bierhoff,AC Milan,10,3,2
2000/01,317,Mehdi Mahdavikia,Hamburger SV,5,3,2
2000/01,7502,Victor Sanchez,Deportivo de La Coruna,12,3,2
2000/01,3133,Nwankwo Kanu,Arsenal FC,14,2,2
2000/01,3410,Hernan Crespo,SS Lazio,6,2,2
2000/01,3515,Mark van Bommel,PSV Eindhoven,6,2,2
2000/01,7939,Gheorghe Hagi,Galatasaray,10,2,2
2000/01,8050,Hakan Unsal,Galatasaray,8,2,2
2000/01,14947,Gennadiy Zubov,Shakhtar Donetsk,6,2,2
2000/01,17558,Andre Cruz,Sporting CP,6,2,2
2000/01,23967,Robson,Spartak Moscow,12,2,2
2000/01,63,Michael Ballack,Bayer 04 Leverkusen,5,1,2
2000/01,66,Thomas Brdaric,Bayer 04 Leverkusen,6,1,2
2000/01,202,Carsten Jancker,Bayern Munich,15,1,2
2000/01,214,Hasan Salihamidzic,Bayern Munich,15,1,2
2000/01,3069,Mario Haas,SK Sturm Graz,4,1,2
2000/01,3359,Sylvinho,Arsenal FC,7,1,2
2000/01,3381,Umit Davala,Galatasaray,12,1,2
2000/01,3508,Francesco Coco,AC Milan,9,1,2
2000/01,3765,Dominic Matteo,Leeds United,15,1,2
2000/01,3994,Roy Makaay,Deportivo de La Coruna,9,1,2
2000/01,4226,Fabrizio Ravanelli,SS Lazio,6,1,2
2000/01,4385,Patrick Kluivert,FC Barcelona,4,1,2
2000/01,5700,Pierre Laigle,Olympique Lyon,10,1,2
2000/01,7601,Luis Enrique,FC Barcelona,4,1,2
2000/01,9798,Maksim Shatskikh,Dynamo Kyiv,5,1,2
2000/01,12383,Roar Strand,Rosenborg BK,6,1,2
2000/01,132,Tomas Rosicky,AC Sparta Praha,6,0,2
2000/01,328,Anthony Yeboah,Hamburger SV,6,0,2
2000/01,3134,Freddie Ljungberg,Arsenal FC,13,0,2
2000/01,3184,Martin Keown,Arsenal FC,9,0,2
2000/01,3208,Ray Parlour,Arsenal FC,10,0,2
2000/01,3512,Michael Mols,Rangers FC,4,0,2
2000/01,4191,Ruben Baraja,Valencia CF,14,0,2
2000/01,4280,Denis Irwin,Manchester United,7,0,2
2000/01,4359,Adil Ramzi,PSV Eindhoven,3,0,2
2000/01,5357,Sidney Govou,Olympique Lyon,8,0,2
2000/01,5834,Sinisa Mihajlovic,SS Lazio,8,0,2
2000/01,6863,Ahmet Dursun,Besiktas JK,6,0,2
2000/01,7438,Kily Gonzalez,Valencia CF,13,0,2
2000/01,7493,Noureddine Naybet,Deportivo de La Coruna,13,0,2
2000/01,7504,Diego Tristan,Deportivo de La Coruna,11,0,2
2000/01,7565,Roberto Ayala,Valencia CF,9,0,2
2000/01,9683,Predrag Djordjevic,Olympiacos Piraeus,6,0,2
2000/01,9821,Angelos Basinas,Panathinaikos,12,0,2
2000/01,9838,Giannis Goumas,Panathinaikos,11,0,2
2000/01,9844,Krzysztof Warzycha,Panathinaikos,11,0,2
2000/01,12019,Christer George,Rosenborg BK,2,0,2
2000/01,15581,Jiri Jarosik,AC Sparta Praha,5,0,2
2000/01,24002,Giorgi Demetradze,Dynamo Kyiv,6,0,2
2000/01,26282,Bjrn Johansen,Helsingborgs IF,5,0,2
2000/01,8052,Ergun Penbe,Galatasaray,11,4,1
2000/01,838,Didier Dheedene,RSC Anderlecht,11,3,1
2000/01,3143,Juan Sebastian Veron,SS Lazio,7,3,1
2000/01,3185,Robert Pires,Arsenal FC,12,3,1
2000/01,197,Stefan Effenberg,Bayern Munich,10,2,1
2000/01,209,Thomas Linke,Bayern Munich,15,2,1
2000/01,915,Bart Goor,RSC Anderlecht,12,2,1
2000/01,3187,Dennis Bergkamp,Arsenal FC,5,2,1
2000/01,3223,Dwight Yorke,Manchester United,11,2,1
2000/01,4354,Arnold Bruggink,PSV Eindhoven,5,2,1
2000/01,4358,Mateja Kezman,PSV Eindhoven,6,2,1
2000/01,5013,Vladimir Labant,AC Sparta Praha,5,2,1
2000/01,6559,rjan Berg,Rosenborg BK,5,2,1
2000/01,7527,Santiago Solari,Real Madrid,10,2,1
2000/01,64880,Tomislav Kocijan,SK Sturm Graz,9,2,1
2000/01,74,Ulf Kirsten,Bayer 04 Leverkusen,2,1,1
2000/01,81,Oliver Neuville,Bayer 04 Leverkusen,6,1,1
2000/01,86,Carsten Ramelow,Bayer 04 Leverkusen,5,1,1
2000/01,134,Jan Derek Srensen,Rosenborg BK,6,1,1
2000/01,222,Michael Tarnat,Bayern Munich,11,1,1
2000/01,315,Niko Kovac,Hamburger SV,6,1,1
2000/01,1536,Paulo Sousa,Panathinaikos,4,1,1
2000/01,3136,Darren Huckerby,Leeds United,2,1,1
2000/01,3188,Sylvain Wiltord,Arsenal FC,13,1,1
2000/01,3396,Roy Keane,Manchester United,13,1,1
2000/01,4182,Claude Makelele,Real Madrid,14,1,1
2000/01,4349,Theo Lucius,PSV Eindhoven,5,1,1
2000/01,5333,Pascal Nouma,Besiktas JK,3,1,1
2000/01,5552,Frederic Dehu,Paris Saint-Germain,10,1,1
2000/01,5832,Giuseppe Favalli,SS Lazio,6,1,1
2000/01,9784,Valentin Belkevich,Dynamo Kyiv,6,1,1
2000/01,13046,Bertrand Crasson,RSC Anderlecht,11,1,1
2000/01,13234,Zlatko Zahovic,Valencia CF,8,1,1
2000/01,14520,Pablo Contreras,AS Monaco,3,1,1
2000/01,14926,Aleksey Bakharev,Shakhtar Donetsk,6,1,1
2000/01,15060,Artem Bezrodnyi,Spartak Moscow,11,1,1
2000/01,15438,Georgios Nasiopoulos,Panathinaikos,6,1,1
2000/01,17932,Markus Schupp,SK Sturm Graz,10,1,1
2000/01,26383,Turu Flores,Deportivo de La Coruna,7,1,1
2000/01,51776,Jocelyn Angloma,Valencia CF,16,1,1
2000/01,59956,Sergiy Atelkin,Shakhtar Donetsk,6,1,1
2000/01,99854,Capone,Galatasaray,9,1,1
2000/01,149945,Jimmy Algerino,Paris Saint-Germain,9,1,1
2000/01,88,Paulo Rink,Bayer 04 Leverkusen,6,0,1
2000/01,90,Bernd Schneider,Bayer 04 Leverkusen,5,0,1
2000/01,292,Sergej Barbarez,Hamburger SV,6,0,1
2000/01,294,Hans Jorg Butt,Hamburger SV,6,0,1
2000/01,319,Andrej Panadic,Hamburger SV,6,0,1
2000/01,320,Roy Prager,Hamburger SV,6,0,1
2000/01,1081,Souleymane Youla,RSC Anderlecht,4,0,1
2000/01,1125,Jorg Albertz,Rangers FC,3,0,1
2000/01,1610,Rade Prica,Helsingborgs IF,6,0,1
2000/01,3189,Lauren,Arsenal FC,11,0,1
2000/01,3235,Rio Ferdinand,Leeds United,7,0,1
2000/01,3284,Eirik Bakke,Leeds United,11,0,1
2000/01,3320,Jason Wilcox,Leeds United,5,0,1
2000/01,3380,Bulent Korkmaz,Galatasaray,12,0,1
2000/01,3430,Kakhaber Kaladze,two clubs,6,0,1
2000/01,3439,Pontus Farnerud,AS Monaco,2,0,1
2000/01,3518,Frank de Boer,FC Barcelona,4,0,1
2000/01,3519,Ronald de Boer,two clubs,6,0,1
2000/01,3543,Nicky Butt,Manchester United,11,0,1
2000/01,3569,Steed Malbranque,Olympique Lyon,9,0,1
2000/01,3691,Bulent Akn,Galatasaray,9,0,1
2000/01,3708,Jay-Jay Okocha,Paris Saint-Germain,6,0,1
2000/01,3742,Andrey Kanchelskis,Rangers FC,4,0,1
2000/01,3889,Marc-Vivien Foe,Olympique Lyon,8,0,1
2000/01,4130,Talal El Karkouri,Paris Saint-Germain,4,0,1
2000/01,4146,David Trezeguet,Juventus FC,5,0,1
2000/01,4338,Wilfred Bouma,PSV Eindhoven,3,0,1
2000/01,4345,Andre Ooijer,PSV Eindhoven,4,0,1
2000/01,4399,Ronny Venema,SC Heerenveen,6,0,1
2000/01,4403,Daniel Jensen,SC Heerenveen,6,0,1
2000/01,4412,Jeffrey Talan,SC Heerenveen,6,0,1
2000/01,4750,Kenny Miller,Rangers FC,1,0,1
2000/01,4967,Gilbert Prilasnig,SK Sturm Graz,11,0,1
2000/01,5198,Phillip Cocu,FC Barcelona,5,0,1
2000/01,5343,Edmilson,Olympique Lyon,11,0,1
2000/01,5642,Nicolas Bonnal,AS Monaco,6,0,1
2000/01,5752,Igor Tudor,Juventus FC,5,0,1
2000/01,5802,Thomas Helveg,AC Milan,9,0,1
2000/01,5819,Serginho,AC Milan,9,0,1
2000/01,5838,Guerino Gottardi,SS Lazio,3,0,1
2000/01,5841,Diego Simeone,SS Lazio,8,0,1
2000/01,6089,Roberto Baronio,SS Lazio,7,0,1
2000/01,6106,Georgios Karagounis,Panathinaikos,12,0,1
2000/01,6869,Tayfur Havutcu,Besiktas JK,6,0,1
2000/01,7479,Darko Kovacevic,Juventus FC,4,0,1
2000/01,7499,Lionel Scaloni,Deportivo de La Coruna,12,0,1
2000/01,7513,Fernando Hierro,Real Madrid,12,0,1
2000/01,7555,Peter Luccin,Paris Saint-Germain,10,0,1
2000/01,7598,Gabri,FC Barcelona,1,0,1
2000/01,7904,Alvaro Santos,Helsingborgs IF,6,0,1
2000/01,7976,Savio,Real Madrid,11,0,1
2000/01,9597,Aruna Dindane,RSC Anderlecht,6,0,1
2000/01,9788,Andriy Gusin,Dynamo Kyiv,5,0,1
2000/01,9826,Costinha,AS Monaco,1,0,1
2000/01,9841,Georgios Seitaridis,Panathinaikos,2,0,1
2000/01,12800,Billy Dodds,Rangers FC,3,0,1
2000/01,14927,Oleksiy Belik,Shakhtar Donetsk,6,0,1
2000/01,14932,Dainius Gleveckas,Shakhtar Donetsk,6,0,1
2000/01,15107,Dmitriy Parfenov,Spartak Moscow,10,0,1
2000/01,28240,Lee Dixon,Arsenal FC,11,0,1
2000/01,36442,Jesper Jansson,Helsingborgs IF,6,0,1
2000/01,37130,Peter Ofori-Quaye,Olympiacos Piraeus,5,0,1
2000/01,92208,Suat Kaya,Galatasaray,10,0,1
2000/01,96618,Bent Skammelsrud,Rosenborg BK,6,0,1
2000/01,102586,Leonardo,AC Milan,4,0,1
2000/01,103480,Michal Hornak,AC Sparta Praha,4,0,1
2000/01,152311,Nicklas Persson,Helsingborgs IF,6,0,1
2001/02,3407,Ruud van Nistelrooy,Manchester United,14,3,10
2001/02,4146,David Trezeguet,Juventus FC,10,2,8
2001/02,3207,Thierry Henry,Arsenal FC,11,0,7
2001/02,3394,Ole Gunnar Solskjaer,Manchester United,15,0,7
2001/02,63,Michael Ballack,Bayer 04 Leverkusen,15,3,6
2001/02,198,Giovane Elber,Bayern Munich,11,3,6
2001/02,4385,Patrick Kluivert,FC Barcelona,15,3,6
2001/02,7349,Raul,Real Madrid,12,3,6
2001/02,7504,Diego Tristan,Deportivo de La Coruna,12,1,6
2001/02,9839,Michalis Konstantinou,Panathinaikos,14,1,6
2001/02,3139,David Beckham,Manchester United,13,5,5
2001/02,81,Oliver Neuville,Bayer 04 Leverkusen,15,2,5
2001/02,7601,Luis Enrique,FC Barcelona,13,2,5
2001/02,4289,Alessandro Del Piero,Juventus FC,10,4,4
2001/02,5349,Eric Carriere,Olympique Lyon,5,2,4
2001/02,7611,Javier Saviola,FC Barcelona,11,2,4
2001/02,13953,Silva,Boavista FC,11,2,4
2001/02,532,Claudio Pizarro,Bayern Munich,14,1,4
2001/02,3378,Umit Karan,Galatasaray,11,1,4
2001/02,6927,Vladimir Beschastnykh,Spartak Moscow,6,1,4
2001/02,7527,Santiago Solari,Real Madrid,14,1,4
2001/02,9770,Libor Sionko,AC Sparta Praha,12,1,4
2001/02,3372,Rivaldo,FC Barcelona,11,4,3
2001/02,3446,Luis Figo,Real Madrid,11,3,3
2001/02,3111,Zinedine Zidane,Real Madrid,9,2,3
2001/02,7501,Juan Carlos Valeron,Deportivo de La Coruna,13,2,3
2001/02,7530,Guti,Real Madrid,9,2,3
2001/02,7531,Fernando Morientes,Real Madrid,11,2,3
2001/02,74,Ulf Kirsten,Bayer 04 Leverkusen,12,1,3
2001/02,215,Roque Santa Cruz,Bayern Munich,11,1,3
2001/02,3134,Freddie Ljungberg,Arsenal FC,9,1,3
2001/02,4675,Jari Litmanen,Liverpool FC,7,1,3
2001/02,5958,Francesco Totti,AS Roma,11,1,3
2001/02,9629,Maksim Buznikin,Lokomotiv Moskau,5,1,3
2001/02,13861,Clayton,FC Porto,9,1,3
2001/02,77,Lucio,Bayer 04 Leverkusen,16,0,3
2001/02,3185,Robert Pires,Arsenal FC,12,0,3
2001/02,3514,Henrik Larsson,Celtic FC,6,0,3
2001/02,3602,Bruno Cheyrou,LOSC Lille,5,0,3
2001/02,4169,Jon Dahl Tomasson,Feyenoord Rotterdam,4,0,3
2001/02,7514,Ivan Helguera,Real Madrid,12,0,3
2001/02,13969,Pena,FC Porto,12,0,3
2001/02,16886,Erwin Sanchez,Boavista FC,12,0,3
2001/02,90,Bernd Schneider,Bayer 04 Leverkusen,17,5,2
2001/02,7518,Roberto Carlos,Real Madrid,13,5,2
2001/02,3406,Ryan Giggs,Manchester United,13,4,2
2001/02,7976,Savio,Real Madrid,4,3,2
2001/02,3221,Danny Murphy,Liverpool FC,14,2,2
2001/02,6904,Sergen Yalcn,Galatasaray,8,2,2
2001/02,8564,Deco,FC Porto,12,2,2
2001/02,9766,Goran Vlaovic,Panathinaikos,12,2,2
2001/02,218,Paulo Sergio,Bayern Munich,12,1,2
2001/02,673,Zoltan Sebescen,Bayer 04 Leverkusen,14,1,2
2001/02,1157,Jan Koller,Borussia Dortmund,6,1,2
2001/02,1263,Marcio Amoroso,Borussia Dortmund,3,1,2
2001/02,1397,Michael Owen,Liverpool FC,9,1,2
2001/02,3116,Pierre-Yves Andre,FC Nantes,10,1,2
2001/02,3142,Emile Heskey,Liverpool FC,14,1,2
2001/02,3187,Dennis Bergkamp,Arsenal FC,6,1,2
2001/02,4149,Emmanuel Olisadebe,Panathinaikos,10,1,2
2001/02,4358,Mateja Kezman,PSV Eindhoven,6,1,2
2001/02,5937,Cafu,AS Roma,10,1,2
2001/02,6106,Georgios Karagounis,Panathinaikos,13,1,2
2001/02,9712,Rastislav Michalik,AC Sparta Praha,11,1,2
2001/02,12367,Harald Brattbakk,Rosenborg BK,6,1,2
2001/02,15581,Jiri Jarosik,AC Sparta Praha,12,1,2
2001/02,65,Dimitar Berbatov,Bayer 04 Leverkusen,11,0,2
2001/02,70,Emerson,AS Roma,11,0,2
2001/02,283,Marco van Hoogdalem,FC Schalke 04,5,0,2
2001/02,2960,Djalminha,Deportivo de La Coruna,8,0,2
2001/02,3113,Laurent Blanc,Manchester United,15,0,2
2001/02,3980,Steve McManaman,Real Madrid,13,0,2
2001/02,4254,Stelios Giannakopoulos,Olympiacos Piraeus,5,0,2
2001/02,4383,Johan Elmander,Feyenoord Rotterdam,2,0,2
2001/02,4752,Oktay Derelioglu,Fenerbahce,3,0,2
2001/02,5350,Christophe Delmotte,Olympique Lyon,6,0,2
2001/02,5357,Sidney Govou,Olympique Lyon,6,0,2
2001/02,5519,Viorel Moldovan,FC Nantes,3,0,2
2001/02,5752,Igor Tudor,Juventus FC,6,0,2
2001/02,7453,Chris Sutton,Celtic FC,5,0,2
2001/02,7493,Noureddine Naybet,Deportivo de La Coruna,12,0,2
2001/02,9693,Marek Kincl,AC Sparta Praha,12,0,2
2001/02,9793,Tiberiu Ghioane,Dynamo Kyiv,6,0,2
2001/02,9797,Oleksandr Melashchenko,Dynamo Kyiv,6,0,2
2001/02,9821,Angelos Basinas,Panathinaikos,12,0,2
2001/02,20866,Alexis Alexandris,Olympiacos Piraeus,5,0,2
2001/02,23967,Robson,Spartak Moscow,6,0,2
2001/02,89,Ze Roberto,Bayer 04 Leverkusen,15,5,1
2001/02,214,Hasan Salihamidzic,Bayern Munich,9,5,1
2001/02,618,Yldray Basturk,Bayer 04 Leverkusen,17,5,1
2001/02,279,Ebbe Sand,FC Schalke 04,3,4,1
2001/02,3188,Sylvain Wiltord,Arsenal FC,11,4,1
2001/02,132,Tomas Rosicky,Borussia Dortmund,6,3,1
2001/02,3525,Sylvain Armand,FC Nantes,11,3,1
2001/02,8563,Capucho,FC Porto,12,3,1
2001/02,66,Thomas Brdaric,Bayer 04 Leverkusen,8,2,1
2001/02,3109,Steven Gerrard,Liverpool FC,12,2,1
2001/02,3183,Patrick Vieira,Arsenal FC,11,2,1
2001/02,3217,Vladimir Smicer,Liverpool FC,11,2,1
2001/02,3393,Mikael Silvestre,Manchester United,13,2,1
2001/02,5359,Frederic Nee,Olympique Lyon,4,2,1
2001/02,5511,Olivier Quint,FC Nantes,9,2,1
2001/02,5514,Stephane Ziani,FC Nantes,9,2,1
2001/02,7864,Pedro Munitis,Real Madrid,8,2,1
2001/02,9645,Marat Izmailov,Lokomotiv Moskau,6,2,1
2001/02,9657,Ruslan Pimenov,Lokomotiv Moskau,6,2,1
2001/02,86,Carsten Ramelow,Bayer 04 Leverkusen,14,1,1
2001/02,124,Andreas Moller,FC Schalke 04,5,1,1
2001/02,258,Gerald Asamoah,FC Schalke 04,5,1,1
2001/02,368,Tomasz Hajto,FC Schalke 04,6,1,1
2001/02,3374,Njitap Geremi,Real Madrid,5,1,1
2001/02,3397,Paul Scholes,Manchester United,13,1,1
2001/02,3513,Marc Overmars,FC Barcelona,10,1,1
2001/02,3520,Pierre van Hooijdonk,Feyenoord Rotterdam,4,1,1
2001/02,3916,Peguy Luyindula,Olympique Lyon,5,1,1
2001/02,3926,Marama Vahirua,FC Nantes,6,1,1
2001/02,4150,Nicola Amoruso,Juventus FC,6,1,1
2001/02,4257,Samuel Eto'o,RCD Mallorca,5,1,1
2001/02,4293,Joonas Kolkka,Panathinaikos,10,1,1
2001/02,5013,Vladimir Labant,AC Sparta Praha,8,1,1
2001/02,5842,Stefano Fiore,SS Lazio,6,1,1
2001/02,7500,Sergio Gonzalez,Deportivo de La Coruna,10,1,1
2001/02,7521,Albert Celades,Real Madrid,9,1,1
2001/02,7606,Fabio Rochemback,FC Barcelona,11,1,1
2001/02,9818,Mario Silva,FC Porto,11,1,1
2001/02,9854,Nikolaos Lyberopoulos,Panathinaikos,8,1,1
2001/02,13174,Duda,Boavista FC,12,1,1
2001/02,14226,Alexandre Goulart,Boavista FC,12,1,1
2001/02,37130,Peter Ofori-Quaye,Olympiacos Piraeus,6,1,1
2001/02,96618,Bent Skammelsrud,Rosenborg BK,6,1,1
2001/02,62,Marko Babic,Bayer 04 Leverkusen,2,0,1
2001/02,131,Lars Ricken,Borussia Dortmund,6,0,1
2001/02,191,Patrik Andersson,FC Barcelona,4,0,1
2001/02,197,Stefan Effenberg,Bayern Munich,7,0,1
2001/02,204,Jens Jeremies,Bayern Munich,6,0,1
2001/02,227,Alexander Zickler,Bayern Munich,7,0,1
2001/02,272,Emile Mpenza,FC Schalke 04,3,0,1
2001/02,273,Youri Mulder,FC Schalke 04,4,0,1
2001/02,294,Hans Jorg Butt,Bayer 04 Leverkusen,17,0,1
2001/02,836,Sven Vermant,FC Schalke 04,4,0,1
2001/02,2917,Haim Revivo,Fenerbahce,5,0,1
2001/02,2959,Sigurd Rushfeldt,Rosenborg BK,5,0,1
2001/02,3211,Abel Xavier,Liverpool FC,5,0,1
2001/02,3238,Andy Cole,Manchester United,4,0,1
2001/02,3252,Stiliyan Petrov,Celtic FC,6,0,1
2001/02,3377,Arif Erdem,Galatasaray,9,0,1
2001/02,3396,Roy Keane,Manchester United,12,0,1
2001/02,3418,Claudio Lopez,SS Lazio,6,0,1
2001/02,3428,Dejan Stankovic,SS Lazio,5,0,1
2001/02,3470,Sami Hyypia,Liverpool FC,13,0,1
2001/02,3485,Alan Thompson,Celtic FC,5,0,1
2001/02,3905,Dagui Bakari,LOSC Lille,4,0,1
2001/02,3921,Hassan Ahamada,FC Nantes,7,0,1
2001/02,3994,Roy Makaay,Deportivo de La Coruna,9,0,1
2001/02,4126,Stephen Wright,Liverpool FC,2,0,1
2001/02,4307,Kevin Hofland,PSV Eindhoven,5,0,1
2001/02,4340,Ernest Faber,PSV Eindhoven,5,0,1
2001/02,4347,John de Jong,PSV Eindhoven,5,0,1
2001/02,4354,Arnold Bruggink,PSV Eindhoven,5,0,1
2001/02,4376,Paul Bosvelt,Feyenoord Rotterdam,6,0,1
2001/02,5316,Sebastien Perez,Galatasaray,11,0,1
2001/02,5446,Nestor Fabbri,FC Nantes,10,0,1
2001/02,5516,Wilfried Dalmat,FC Nantes,4,0,1
2001/02,5517,Frederic Da Rocha,FC Nantes,8,0,1
2001/02,5641,Gregory Tafforeau,LOSC Lille,2,0,1
2001/02,5655,Adekambi Olufade,LOSC Lille,4,0,1
2001/02,5674,Andres Fleurquin,Galatasaray,10,0,1
2001/02,5747,Paolo Montero,Juventus FC,7,0,1
2001/02,5767,Marcelo Zalayeta,Juventus FC,4,0,1
2001/02,5831,Fernando Couto,SS Lazio,4,0,1
2001/02,5940,Christian Panucci,AS Roma,4,0,1
2001/02,5951,Damiano Tommasi,AS Roma,9,0,1
2001/02,5960,Vincenzo Montella,AS Roma,6,0,1
2001/02,5961,Marco Delvecchio,AS Roma,7,0,1
2001/02,7094,Radu Niculescu,Galatasaray,4,0,1
2001/02,7486,Joan Capdevila,Deportivo de La Coruna,8,0,1
2001/02,7498,Fran,Deportivo de La Coruna,8,0,1
2001/02,7532,Javier Portillo,Real Madrid,1,0,1
2001/02,7599,Gerard Lopez,FC Barcelona,7,0,1
2001/02,7687,Alvaro Novo,RCD Mallorca,6,0,1
2001/02,7688,Leo Biagini,RCD Mallorca,2,0,1
2001/02,7691,Walter Pandiani,Deportivo de La Coruna,10,0,1
2001/02,8669,Milan Obradovic,Lokomotiv Moskau,5,0,1
2001/02,9504,Joos Valgaeren,Celtic FC,6,0,1
2001/02,9597,Aruna Dindane,RSC Anderlecht,5,0,1
2001/02,9600,Marc Hendrikx,RSC Anderlecht,6,0,1
2001/02,9603,Aleksandar Ilic,RSC Anderlecht,5,0,1
2001/02,9615,Ivica Mornar,RSC Anderlecht,5,0,1
2001/02,9648,Vladimir Maminov,Lokomotiv Moskau,6,0,1
2001/02,9661,Dmitriy Sennikov,Lokomotiv Moskau,3,0,1
2001/02,9714,Andreas Niniadis,Olympiacos Piraeus,4,0,1
2001/02,9838,Giannis Goumas,Panathinaikos,8,0,1
2001/02,13177,Martelinho,Boavista FC,9,0,1
2001/02,15059,Vasiliy Baranov,Spartak Moscow,6,0,1
2001/02,15654,Lukas Hartig,AC Sparta Praha,8,0,1
2001/02,15869,Jiri Novotny,AC Sparta Praha,12,0,1
2001/02,21046,Martin Klein,AC Sparta Praha,3,0,1
2001/02,24658,Peter Babnic,AC Sparta Praha,5,0,1
2001/02,26773,Radim Holub,AC Sparta Praha,5,0,1
2001/02,59269,Lucky Idahor,Dynamo Kyiv,5,0,1
2001/02,67097,Igor Cherevchenko,Lokomotiv Moskau,5,0,1
2001/02,103655,Salaheddine Bassir,LOSC Lille,4,0,1
2001/02,150748,Vicente Engonga,RCD Mallorca,3,0,1
2002/03,3407,Ruud van Nistelrooy,Manchester United,9,4,12
2002/03,5821,Filippo Inzaghi,AC Milan,14,4,10
2002/03,7349,Raul,Real Madrid,12,7,9
2002/03,3410,Hernan Crespo,Inter Milan,12,3,9
2002/03,3994,Roy Makaay,Deportivo de La Coruna,11,2,9
2002/03,1157,Jan Koller,Borussia Dortmund,12,2,8
2002/03,3207,Thierry Henry,Arsenal FC,12,3,7
2002/03,7611,Javier Saviola,FC Barcelona,12,1,7
2002/03,3140,Ronaldo,Real Madrid,11,3,6
2002/03,3110,Alan Shearer,Newcastle United,10,1,6
2002/03,4289,Alessandro Del Piero,Juventus FC,13,5,5
2002/03,7530,Guti,Real Madrid,15,4,5
2002/03,3570,John Carew,Valencia CF,13,3,5
2002/03,2898,Christian Gimenez,FC Basel 1893,12,2,5
2002/03,3406,Ryan Giggs,Manchester United,13,2,5
2002/03,3455,Zlatan Ibrahimovic,Ajax Amsterdam,13,2,5
2002/03,3603,Pavel Nedved,Juventus FC,15,2,5
2002/03,4385,Patrick Kluivert,FC Barcelona,13,2,5
2002/03,2900,Julio Hernan Rossi,FC Basel 1893,12,1,5
2002/03,8559,Yakubu,Maccabi Haifa,5,1,5
2002/03,3500,Sonny Anderson,Olympique Lyon,6,0,5
2002/03,3143,Juan Sebastian Veron,Manchester United,9,5,4
2002/03,9683,Predrag Djordjevic,Olympiacos Piraeus,6,2,4
2002/03,62,Marko Babic,Bayer 04 Leverkusen,8,1,4
2002/03,1397,Michael Owen,Liverpool FC,6,1,4
2002/03,3522,Andriy Shevchenko,AC Milan,10,1,4
2002/03,4146,David Trezeguet,Juventus FC,10,1,4
2002/03,4170,Marco Di Vaio,Juventus FC,11,1,4
2002/03,5494,Daniel Moreira,RC Lens,6,1,4
2002/03,7504,Diego Tristan,Deportivo de La Coruna,10,1,4
2002/03,4191,Ruben Baraja,Valencia CF,12,0,4
2002/03,5962,Antonio Cassano,AS Roma,11,0,4
2002/03,3111,Zinedine Zidane,Real Madrid,14,7,3
2002/03,3394,Ole Gunnar Solskjaer,Manchester United,12,5,3
2002/03,3411,Pablo Aimar,Valencia CF,11,5,3
2002/03,1054,Hakan Yakin,FC Basel 1893,12,2,3
2002/03,5958,Francesco Totti,AS Roma,6,2,3
2002/03,3276,Shola Ameobi,Newcastle United,8,1,3
2002/03,4169,Jon Dahl Tomasson,AC Milan,10,1,3
2002/03,5797,Christian Vieri,Inter Milan,12,1,3
2002/03,9798,Maksim Shatskikh,Dynamo Kyiv,6,1,3
2002/03,24475,Yaniv Katan,Maccabi Haifa,6,1,3
2002/03,1263,Marcio Amoroso,Borussia Dortmund,9,0,3
2002/03,7585,Juan Sanchez,Valencia CF,9,0,3
2002/03,132,Tomas Rosicky,Borussia Dortmund,7,5,2
2002/03,5495,John Utaka,RC Lens,6,4,2
2002/03,5796,Alvaro Recoba,Inter Milan,12,4,2
2002/03,7602,Thiago Motta,FC Barcelona,12,4,2
2002/03,3139,David Beckham,Manchester United,11,3,2
2002/03,3446,Luis Figo,Real Madrid,15,3,2
2002/03,90,Bernd Schneider,Bayer 04 Leverkusen,10,2,2
2002/03,3142,Emile Heskey,Liverpool FC,6,2,2
2002/03,4192,Rafael van der Vaart,Ajax Amsterdam,6,2,2
2002/03,5349,Eric Carriere,Olympique Lyon,6,2,2
2002/03,7502,Victor Sanchez,Deportivo de La Coruna,7,2,2
2002/03,9646,Dmitriy Loskov,Lokomotiv Moskau,10,2,2
2002/03,3194,Gilberto Silva,Arsenal FC,12,1,2
2002/03,3297,Craig Bellamy,Newcastle United,6,1,2
2002/03,5767,Marcelo Zalayeta,Juventus FC,9,1,2
2002/03,7579,Miguel Angel Angulo,Valencia CF,11,1,2
2002/03,7601,Luis Enrique,FC Barcelona,6,1,2
2002/03,7608,Dani Garcia,FC Barcelona,3,1,2
2002/03,7927,Luigi Di Biagio,Inter Milan,14,1,2
2002/03,15460,Mista,Valencia CF,11,1,2
2002/03,35371,Walter Centeno,AEK Athens,4,1,2
2002/03,65,Dimitar Berbatov,Bayer 04 Leverkusen,7,0,2
2002/03,528,Torsten Frings,Borussia Dortmund,12,0,2
2002/03,1515,Franca,Bayer 04 Leverkusen,8,0,2
2002/03,1532,Wesley Sonck,KRC Genk,6,0,2
2002/03,1599,Juan,Bayer 04 Leverkusen,3,0,2
2002/03,2823,James Obiorah,Lokomotiv Moskau,7,0,2
2002/03,2893,Ivan Ergic,FC Basel 1893,5,0,2
2002/03,3134,Freddie Ljungberg,Arsenal FC,8,0,2
2002/03,3372,Rivaldo,AC Milan,12,0,2
2002/03,3980,Steve McManaman,Real Madrid,6,0,2
2002/03,4321,Steven Pienaar,Ajax Amsterdam,12,0,2
2002/03,4354,Arnold Bruggink,PSV Eindhoven,5,0,2
2002/03,4675,Jari Litmanen,Ajax Amsterdam,7,0,2
2002/03,5357,Sidney Govou,Olympique Lyon,4,0,2
2002/03,5360,Tony Vairelles,Olympique Lyon,5,0,2
2002/03,5747,Paolo Montero,Juventus FC,13,0,2
2002/03,5748,Alessio Tacchinardi,Juventus FC,13,0,2
2002/03,5794,Obafemi Martins,Inter Milan,4,0,2
2002/03,7570,Fabio Aurelio,Valencia CF,8,0,2
2002/03,9792,Aleksandr Khatskevich,Dynamo Kyiv,5,0,2
2002/03,12063,Benjani,AJ Auxerre,6,0,2
2002/03,12373,Azar Karadas,Rosenborg BK,6,0,2
2002/03,5758,Edgar Davids,Juventus FC,15,5,1
2002/03,3854,Juan Roman Riquelme,FC Barcelona,10,4,1
2002/03,4168,Clarence Seedorf,AC Milan,14,4,1
2002/03,5762,Mauro Camoranesi,Juventus FC,13,4,1
2002/03,3188,Sylvain Wiltord,Arsenal FC,12,3,1
2002/03,3221,Danny Murphy,Liverpool FC,6,3,1
2002/03,3397,Paul Scholes,Manchester United,9,3,1
2002/03,7486,Joan Capdevila,Deportivo de La Coruna,9,3,1
2002/03,7518,Roberto Carlos,Real Madrid,15,3,1
2002/03,7607,Xavi,FC Barcelona,12,3,1
2002/03,9876,Vasilios Tsiartas,AEK Athens,6,3,1
2002/03,198,Giovane Elber,Bayern Munich,6,2,1
2002/03,214,Hasan Salihamidzic,Bayern Munich,6,2,1
2002/03,3513,Marc Overmars,FC Barcelona,6,2,1
2002/03,4254,Stelios Giannakopoulos,Olympiacos Piraeus,6,2,1
2002/03,5782,Emre Belozoglu,Inter Milan,12,2,1
2002/03,9641,Vadim Evseev,Lokomotiv Moskau,11,2,1
2002/03,70,Emerson,AS Roma,11,1,1
2002/03,532,Claudio Pizarro,Bayern Munich,5,1,1
2002/03,2807,Mario Cantaluppi,FC Basel 1893,11,1,1
2002/03,3133,Nwankwo Kanu,Arsenal FC,8,1,1
2002/03,3187,Dennis Bergkamp,Arsenal FC,7,1,1
2002/03,3216,Milan Baros,Liverpool FC,5,1,1
2002/03,3217,Vladimir Smicer,Liverpool FC,2,1,1
2002/03,3458,Lomana LuaLua,Newcastle United,7,1,1
2002/03,3459,Gary Speed,Newcastle United,11,1,1
2002/03,3460,Nolberto Solano,Newcastle United,10,1,1
2002/03,3470,Sami Hyypia,Liverpool FC,6,1,1
2002/03,3518,Frank de Boer,FC Barcelona,12,1,1
2002/03,3772,Andy van der Meyde,Ajax Amsterdam,13,1,1
2002/03,3886,Adama Coulibaly,RC Lens,5,1,1
2002/03,4361,Dennis Rommedahl,PSV Eindhoven,6,1,1
2002/03,5752,Igor Tudor,Juventus FC,11,1,1
2002/03,5753,Alessandro Birindelli,Juventus FC,13,1,1
2002/03,5792,Matias Almeyda,Inter Milan,8,1,1
2002/03,5819,Serginho,AC Milan,12,1,1
2002/03,7580,Francisco Rufete,Valencia CF,11,1,1
2002/03,7599,Gerard Lopez,FC Barcelona,7,1,1
2002/03,7609,Geovanni,FC Barcelona,4,1,1
2002/03,9088,Gaetan Englebert,Club Brugge KV,6,1,1
2002/03,9649,Sandy Martens,Club Brugge KV,5,1,1
2002/03,9682,Lampros Choutos,Olympiacos Piraeus,2,1,1
2002/03,9840,Raimondas Zutautas,Maccabi Haifa,4,1,1
2002/03,9852,Konstantinos Katsouranis,AEK Athens,6,1,1
2002/03,24456,Walid Badir,Maccabi Haifa,6,1,1
2002/03,25769,Nenad Pralija,Maccabi Haifa,6,1,1
2002/03,149480,Fabio Pinto,Galatasaray,4,1,1
2002/03,94,Boris Zivkovic,Bayer 04 Leverkusen,8,0,1
2002/03,209,Thomas Linke,Bayern Munich,4,0,1
2002/03,215,Roque Santa Cruz,Bayern Munich,2,0,1
2002/03,222,Michael Tarnat,Bayern Munich,5,0,1
2002/03,315,Niko Kovac,Bayern Munich,2,0,1
2002/03,1986,Markus Feulner,Bayern Munich,1,0,1
2002/03,2887,Thimothee Atouba,FC Basel 1893,11,0,1
2002/03,3096,Par Zetterberg,Olympiacos Piraeus,6,0,1
2002/03,3113,Laurent Blanc,Manchester United,7,0,1
2002/03,3183,Patrick Vieira,Arsenal FC,12,0,1
2002/03,3377,Arif Erdem,Galatasaray,5,0,1
2002/03,3403,Gary Neville,Manchester United,10,0,1
2002/03,3405,Wes Brown,Manchester United,5,0,1
2002/03,3408,Diego Forlan,Manchester United,11,0,1
2002/03,3415,Marcelo Salas,Juventus FC,4,0,1
2002/03,3441,Timmy Simons,Club Brugge KV,6,0,1
2002/03,3480,Hugo Viana,Newcastle United,8,0,1
2002/03,3520,Pierre van Hooijdonk,Feyenoord Rotterdam,3,0,1
2002/03,3579,Andy Griffin,Newcastle United,11,0,1
2002/03,3600,Salif Diao,Liverpool FC,5,0,1
2002/03,3602,Bruno Cheyrou,Liverpool FC,4,0,1
2002/03,3887,Khalilou Fadiga,AJ Auxerre,6,0,1
2002/03,3905,Dagui Bakari,RC Lens,5,0,1
2002/03,3916,Peguy Luyindula,Olympique Lyon,3,0,1
2002/03,4158,Anthony Lurling,Feyenoord Rotterdam,4,0,1
2002/03,4316,Petri Pasanen,Ajax Amsterdam,8,0,1
2002/03,4351,Remco van der Schaaf,PSV Eindhoven,4,0,1
2002/03,4360,Arjen Robben,PSV Eindhoven,4,0,1
2002/03,4672,Nigel de Jong,Ajax Amsterdam,10,0,1
2002/03,5198,Phillip Cocu,FC Barcelona,8,0,1
2002/03,5438,Olivier Kapo,AJ Auxerre,5,0,1
2002/03,5483,Jocelyn Blanchard,RC Lens,4,0,1
2002/03,5490,Olivier Thomert,RC Lens,4,0,1
2002/03,5749,Ciro Ferrara,Juventus FC,12,0,1
2002/03,5772,Ivan Cordoba,Inter Milan,14,0,1
2002/03,5775,Fabio Cannavaro,Inter Milan,11,0,1
2002/03,5786,Domenico Morfeo,Inter Milan,8,0,1
2002/03,5959,Gabriel Batistuta,two clubs,6,0,1
2002/03,5961,Marco Delvecchio,AS Roma,6,0,1
2002/03,6102,Hasan Sas,Galatasaray,5,0,1
2002/03,6866,Cihan Haspolatl,Galatasaray,3,0,1
2002/03,7365,Demis Nikolaidis,AEK Athens,6,0,1
2002/03,7438,Kily Gonzalez,Valencia CF,6,0,1
2002/03,7487,Cesar Martin,Deportivo de La Coruna,7,0,1
2002/03,7515,Michel Salgado,Real Madrid,15,0,1
2002/03,7521,Albert Celades,Real Madrid,4,0,1
2002/03,7532,Javier Portillo,Real Madrid,7,0,1
2002/03,7535,Tote,Real Madrid,1,0,1
2002/03,7567,Curro Torres,Valencia CF,7,0,1
2002/03,7603,Gaizka Mendieta,FC Barcelona,13,0,1
2002/03,7972,Sebastian Pardo,Feyenoord Rotterdam,3,0,1
2002/03,8020,Mariano Bombarda,Feyenoord Rotterdam,4,0,1
2002/03,9644,Sergey Ignashevich,Lokomotiv Moskau,12,0,1
2002/03,9660,Bengt Sternes,Club Brugge KV,2,0,1
2002/03,9672,Gert Verheyen,Club Brugge KV,6,0,1
2002/03,9713,Paraskevas Antzas,Olympiacos Piraeus,6,0,1
2002/03,9714,Andreas Niniadis,Olympiacos Piraeus,2,0,1
2002/03,9784,Valentin Belkevich,Dynamo Kyiv,3,0,1
2002/03,9863,Vasilios Lakis,AEK Athens,6,0,1
2002/03,9872,Christos Maladenis,AEK Athens,4,0,1
2002/03,12367,Harald Brattbakk,Rosenborg BK,6,0,1
2002/03,12368,Dagfinn Enerly,Rosenborg BK,4,0,1
2002/03,13208,Julio Cesar,Lokomotiv Moskau,9,0,1
2002/03,15061,Aleksandr Danishevskiy,Spartak Moscow,6,0,1
2002/03,19450,Mohamed Sarr,Galatasaray,3,0,1
2002/03,20866,Alexis Alexandris,Olympiacos Piraeus,4,0,1
2002/03,25085,Bennett Mnguni,Lokomotiv Moskau,4,0,1
2002/03,141837,Rafi Cohen,Maccabi Haifa,2,0,1
2003/04,7531,Fernando Morientes,AS Monaco,12,3,9
2003/04,4178,Dado Prso,AS Monaco,11,0,7
2003/04,7691,Walter Pandiani,Deportivo de La Coruna,12,1,6
2003/04,3994,Roy Makaay,Bayern Munich,8,0,6
2003/04,3207,Thierry Henry,Arsenal FC,10,7,5
2003/04,3363,Hakan Sukur,Galatasaray,6,0,5
2003/04,3924,Didier Drogba,Olympique Marseille,6,0,5
2003/04,5354,Juninho Pernambucano,Olympique Lyon,10,0,5
2003/04,5299,Ludovic Giuly,AS Monaco,10,3,4
2003/04,3185,Robert Pires,Arsenal FC,10,2,4
2003/04,3407,Ruud van Nistelrooy,Manchester United,7,2,4
2003/04,7506,Albert Luque,Deportivo de La Coruna,11,2,4
2003/04,3091,Benni McCarthy,FC Porto,11,1,4
2003/04,3140,Ronaldo,Real Madrid,9,1,4
2003/04,3163,Frank Lampard,Chelsea FC,12,1,4
2003/04,3366,Kaka,AC Milan,10,1,4
2003/04,3522,Andriy Shevchenko,AC Milan,9,1,4
2003/04,4146,David Trezeguet,Juventus FC,5,1,4
2003/04,1532,Wesley Sonck,Ajax Amsterdam,5,0,4
2003/04,9809,Derlei,FC Porto,8,3,3
2003/04,1331,Kevin Kuranyi,VfB Stuttgart,8,2,3
2003/04,3111,Zinedine Zidane,Real Madrid,10,2,3
2003/04,9804,Dmitriy Alenichev,FC Porto,9,2,3
2003/04,4170,Marco Di Vaio,Juventus FC,7,1,3
2003/04,9822,Maniche,FC Porto,12,1,3
2003/04,198,Giovane Elber,Olympique Lyon,9,0,3
2003/04,3192,Edu Gaspar,Arsenal FC,8,0,3
2003/04,4289,Alessandro Del Piero,Juventus FC,4,0,3
2003/04,5849,Simone Inzaghi,SS Lazio,5,0,3
2003/04,7453,Chris Sutton,Celtic FC,6,0,3
2003/04,7504,Diego Tristan,Deportivo de La Coruna,9,0,3
2003/04,9789,Diogo Rincon,Dynamo Kyiv,6,0,3
2003/04,9826,Costinha,FC Porto,12,0,3
2003/04,10289,Andrija Delibasic,FK Partizan Belgrade,5,0,3
2003/04,8564,Deco,FC Porto,12,10,2
2003/04,3176,Eidur Gudjohnsen,Chelsea FC,8,4,2
2003/04,3446,Luis Figo,Real Madrid,10,4,2
2003/04,4360,Arjen Robben,PSV Eindhoven,6,3,2
2003/04,6904,Sergen Yalcn,Besiktas JK,6,3,2
2003/04,3420,Karel Poborsky,AC Sparta Praha,8,2,2
2003/04,3603,Pavel Nedved,Juventus FC,6,2,2
2003/04,4329,Mido,Olympique Marseille,6,2,2
2003/04,9646,Dmitriy Loskov,Lokomotiv Moskau,8,2,2
2003/04,9784,Valentin Belkevich,Dynamo Kyiv,6,2,2
2003/04,3074,Imre Szabics,VfB Stuttgart,8,1,2
2003/04,3134,Freddie Ljungberg,Arsenal FC,9,1,2
2003/04,3408,Diego Forlan,Manchester United,4,1,2
2003/04,3916,Peguy Luyindula,Olympique Lyon,10,1,2
2003/04,7349,Raul,Real Madrid,9,1,2
2003/04,7501,Juan Carlos Valeron,Deportivo de La Coruna,12,1,2
2003/04,7518,Roberto Carlos,Real Madrid,8,1,2
2003/04,7527,Santiago Solari,Real Madrid,9,1,2
2003/04,9597,Aruna Dindane,RSC Anderlecht,5,1,2
2003/04,9798,Maksim Shatskikh,Dynamo Kyiv,6,1,2
2003/04,9839,Michalis Konstantinou,Panathinaikos,6,1,2
2003/04,3410,Hernan Crespo,Chelsea FC,10,0,2
2003/04,3448,Rune Lange,Club Brugge KV,3,0,2
2003/04,3541,Quinton Fortune,Manchester United,7,0,2
2003/04,3682,Wayne Bridge,Chelsea FC,12,0,2
2003/04,3800,Edouard Cisse,AS Monaco,13,0,2
2003/04,4338,Wilfred Bouma,PSV Eindhoven,6,0,2
2003/04,4347,John de Jong,PSV Eindhoven,5,0,2
2003/04,5774,Daniele Adani,Inter Milan,3,0,2
2003/04,5797,Christian Vieri,Inter Milan,5,0,2
2003/04,5821,Filippo Inzaghi,AC Milan,8,0,2
2003/04,6888,Daniel Pancu,Besiktas JK,6,0,2
2003/04,7479,Darko Kovacevic,Real Sociedad,7,0,2
2003/04,7514,Ivan Helguera,Real Madrid,8,0,2
2003/04,7554,Jose Ignacio,Celta de Vigo,5,0,2
2003/04,9505,Liam Miller,Celtic FC,6,0,2
2003/04,9660,Bengt Sternes,Club Brugge KV,6,0,2
2003/04,9711,Nery Castillo,Olympiacos Piraeus,5,0,2
2003/04,9754,Ieroklis Stoltidis,Olympiacos Piraeus,5,0,2
2003/04,5300,Jerome Rothen,AS Monaco,12,6,1
2003/04,3406,Ryan Giggs,Manchester United,8,4,1
2003/04,3094,John Hartson,Celtic FC,6,2,1
2003/04,3139,David Beckham,Real Madrid,7,2,1
2003/04,3175,Jimmy Floyd Hasselbaink,Chelsea FC,7,2,1
2003/04,3182,Ashley Cole,Arsenal FC,9,2,1
2003/04,3514,Henrik Larsson,Celtic FC,6,2,1
2003/04,5842,Stefano Fiore,SS Lazio,6,2,1
2003/04,6097,Fabrizio Miccoli,Juventus FC,6,2,1
2003/04,8014,Giovanni,Olympiacos Piraeus,6,2,1
2003/04,9648,Vladimir Maminov,Lokomotiv Moskau,8,2,1
2003/04,16651,Enzo Maresca,Juventus FC,2,2,1
2003/04,3240,Steve Marlet,Olympique Marseille,4,1,1
2003/04,3259,Damien Duff,Chelsea FC,10,1,1
2003/04,3455,Zlatan Ibrahimovic,Ajax Amsterdam,6,1,1
2003/04,5794,Obafemi Martins,Inter Milan,5,1,1
2003/04,6985,Hugo Ibarra,AS Monaco,10,1,1
2003/04,7471,Igor Gabilondo,Real Sociedad,6,1,1
2003/04,7476,Xabi Alonso,Real Sociedad,8,1,1
2003/04,7498,Fran,Deportivo de La Coruna,10,1,1
2003/04,7499,Lionel Scaloni,Deportivo de La Coruna,9,1,1
2003/04,7542,Juanfran,Celta de Vigo,6,1,1
2003/04,7555,Peter Luccin,Celta de Vigo,6,1,1
2003/04,7560,Jesuli,Celta de Vigo,7,1,1
2003/04,8885,Jaroslav Plasil,AS Monaco,10,1,1
2003/04,9615,Ivica Mornar,RSC Anderlecht,6,1,1
2003/04,9629,Maksim Buznikin,Lokomotiv Moskau,4,1,1
2003/04,9637,Dmitriy Khokhlov,Lokomotiv Moskau,7,1,1
2003/04,125,Christian Nerlinger,Rangers FC,3,0,1
2003/04,215,Roque Santa Cruz,Bayern Munich,8,0,1
2003/04,599,Andreas Hinkel,VfB Stuttgart,8,0,1
2003/04,610,Zvonimir Soldo,VfB Stuttgart,8,0,1
2003/04,616,Timo Wenzel,VfB Stuttgart,3,0,1
2003/04,3137,Jesper Grnkjr,Chelsea FC,8,0,1
2003/04,3156,William Gallas,Chelsea FC,11,0,1
2003/04,3393,Mikael Silvestre,Manchester United,6,0,1
2003/04,3394,Ole Gunnar Solskjaer,Manchester United,2,0,1
2003/04,3397,Paul Scholes,Manchester United,5,0,1
2003/04,3404,Phil Neville,Manchester United,7,0,1
2003/04,3485,Alan Thompson,Celtic FC,4,0,1
2003/04,3499,Shabani Nonda,AS Monaco,4,0,1
2003/04,3512,Michael Mols,Rangers FC,6,0,1
2003/04,3543,Nicky Butt,Manchester United,5,0,1
2003/04,3557,Jaap Stam,SS Lazio,5,0,1
2003/04,3772,Andy van der Meyde,Inter Milan,4,0,1
2003/04,4192,Rafael van der Vaart,Ajax Amsterdam,5,0,1
2003/04,4349,Theo Lucius,PSV Eindhoven,3,0,1
2003/04,4362,Jan Vennegoor of Hesselink,PSV Eindhoven,4,0,1
2003/04,4740,Daniel Van Buyten,Olympique Marseille,6,0,1
2003/04,5293,Sebastien Squillaci,AS Monaco,9,0,1
2003/04,5509,Eric Djemba Djemba,Manchester United,4,0,1
2003/04,5767,Marcelo Zalayeta,Juventus FC,3,0,1
2003/04,5796,Alvaro Recoba,Inter Milan,3,0,1
2003/04,5813,Gennaro Gattuso,AC Milan,7,0,1
2003/04,5817,Andrea Pirlo,AC Milan,9,0,1
2003/04,5879,Adrian Mutu,Chelsea FC,7,0,1
2003/04,5900,Roberto Muzzi,SS Lazio,6,0,1
2003/04,6006,Julio Cruz,Inter Milan,6,0,1
2003/04,6866,Cihan Haspolatl,Galatasaray,6,0,1
2003/04,6887,Ronaldo Guiaro,Besiktas JK,6,0,1
2003/04,7348,Javi de Pedro,Real Sociedad,3,0,1
2003/04,7466,Gabriel Schurrer,Real Sociedad,7,0,1
2003/04,7478,Oscar de Paula,Real Sociedad,5,0,1
2003/04,7490,Hector Berenguel,Deportivo de La Coruna,3,0,1
2003/04,7500,Sergio Gonzalez,Deportivo de La Coruna,12,0,1
2003/04,7550,Edu,Celta de Vigo,1,0,1
2003/04,7556,Aleksandr Mostovoy,Celta de Vigo,6,0,1
2003/04,7557,Vagner,Celta de Vigo,5,0,1
2003/04,7717,Jose Antonio Reyes,Arsenal FC,4,0,1
2003/04,7896,Savo Milosevic,Celta de Vigo,7,0,1
2003/04,8754,Emerson,Rangers FC,2,0,1
2003/04,9608,Hannu Tihinen,RSC Anderlecht,6,0,1
2003/04,9620,Peter Lvenkrands,Rangers FC,6,0,1
2003/04,9625,Mikhail Ashvetia,Lokomotiv Moskau,8,0,1
2003/04,9644,Sergey Ignashevich,Lokomotiv Moskau,6,0,1
2003/04,9645,Marat Izmailov,Lokomotiv Moskau,6,0,1
2003/04,9650,Andres Mendoza,Club Brugge KV,3,0,1
2003/04,9655,Winston Parks,Lokomotiv Moskau,4,0,1
2003/04,9673,Lukas Zelenka,AC Sparta Praha,7,0,1
2003/04,9692,Tomas Jun,AC Sparta Praha,5,0,1
2003/04,9693,Marek Kincl,AC Sparta Praha,4,0,1
2003/04,9695,Pantelis Konstantinidis,Panathinaikos,3,0,1
2003/04,9708,Dimitrios Mavrogenidis,Olympiacos Piraeus,6,0,1
2003/04,9770,Libor Sionko,AC Sparta Praha,6,0,1
2003/04,9781,Sergiy Fedorov,Dynamo Kyiv,4,0,1
2003/04,9821,Angelos Basinas,Panathinaikos,4,0,1
2003/04,9828,Ricardo Carvalho,FC Porto,13,0,1
2003/04,9840,Raimondas Zutautas,Panathinaikos,6,0,1
2003/04,9876,Vasilios Tsiartas,AEK Athens,6,0,1
2003/04,15783,Carlos Alberto,FC Porto,7,0,1
2004/05,3407,Ruud van Nistelrooy,Manchester United,7,1,8
2004/05,5876,Adriano,Inter Milan,7,3,7
2004/05,3994,Roy Makaay,Bayern Munich,8,1,7
2004/05,3188,Sylvain Wiltord,Olympique Lyon,8,4,6
2004/05,3522,Andriy Shevchenko,AC Milan,10,2,6
2004/05,3410,Hernan Crespo,AC Milan,10,0,6
2004/05,690,Ivan Klasnic,SV Werder Bremen,7,2,5
2004/05,3207,Thierry Henry,Arsenal FC,8,1,5
2004/05,3924,Didier Drogba,Chelsea FC,9,1,5
2004/05,6934,Tuncay Sanl,Fenerbahce,6,1,5
2004/05,7920,Luis Garcia,Liverpool FC,12,1,5
2004/05,5588,Michael Essien,Olympique Lyon,10,0,5
2004/05,5794,Obafemi Martins,Inter Milan,8,0,5
2004/05,3446,Luis Figo,Real Madrid,8,5,4
2004/05,532,Claudio Pizarro,Bayern Munich,7,3,4
2004/05,3163,Frank Lampard,Chelsea FC,12,3,4
2004/05,3373,Ronaldinho,FC Barcelona,7,2,4
2004/05,4257,Samuel Eto'o,FC Barcelona,7,2,4
2004/05,15373,Sergey Semak,CSKA Moscow,6,1,4
2004/05,22750,Nilmar,Olympique Lyon,9,1,4
2004/05,3160,John Terry,Chelsea FC,11,0,4
2004/05,7349,Raul,Real Madrid,8,0,4
2004/05,7611,Javier Saviola,AS Monaco,7,0,4
2004/05,24211,Baruch Dego,Maccabi Tel Aviv,4,0,4
2004/05,5198,Phillip Cocu,PSV Eindhoven,12,3,3
2004/05,65,Dimitar Berbatov,Bayer 04 Leverkusen,8,1,3
2004/05,765,Jacek Krzynowek,Bayer 04 Leverkusen,7,1,3
2004/05,1515,Franca,Bayer 04 Leverkusen,5,1,3
2004/05,3091,Benni McCarthy,FC Porto,8,1,3
2004/05,3332,Wayne Rooney,Manchester United,6,1,3
2004/05,5461,Florent Malouda,Olympique Lyon,10,1,3
2004/05,19054,Ezequiel Gonzalez,Panathinaikos,6,0,3
2004/05,20584,DaMarcus Beasley,PSV Eindhoven,10,0,3
2004/05,3259,Damien Duff,Chelsea FC,10,6,2
2004/05,3366,Kaka,AC Milan,13,6,2
2004/05,4362,Jan Vennegoor of Hesselink,PSV Eindhoven,10,4,2
2004/05,5354,Juninho Pernambucano,Olympique Lyon,9,4,2
2004/05,3428,Dejan Stankovic,Inter Milan,8,3,2
2004/05,9789,Diogo Rincon,Dynamo Kyiv,6,3,2
2004/05,63,Michael Ballack,Bayern Munich,9,2,2
2004/05,1075,Andriy Voronin,Bayer 04 Leverkusen,5,2,2
2004/05,3109,Steven Gerrard,Liverpool FC,8,2,2
2004/05,3176,Eidur Gudjohnsen,Chelsea FC,11,2,2
2004/05,5974,Matuzalem,Shakhtar Donetsk,6,2,2
2004/05,1119,Markus Munch,Panathinaikos,3,1,2
2004/05,2050,Nelson Valdez,SV Werder Bremen,8,1,2
2004/05,3134,Freddie Ljungberg,Arsenal FC,6,1,2
2004/05,3216,Milan Baros,Liverpool FC,12,1,2
2004/05,3574,Valerien Ismael,SV Werder Bremen,7,1,2
2004/05,3603,Pavel Nedved,Juventus FC,9,1,2
2004/05,3901,Pierre-Alain Frau,Olympique Lyon,8,1,2
2004/05,5352,Mahamadou Diarra,Olympique Lyon,9,1,2
2004/05,5767,Marcelo Zalayeta,Juventus FC,6,1,2
2004/05,6006,Julio Cruz,Inter Milan,7,1,2
2004/05,7582,Vicente,Valencia CF,3,1,2
2004/05,8564,Deco,FC Barcelona,7,1,2
2004/05,15420,Alex,PSV Eindhoven,11,1,2
2004/05,10,Miroslav Klose,SV Werder Bremen,8,0,2
2004/05,214,Hasan Salihamidzic,Bayern Munich,9,0,2
2004/05,2955,Thorstein Helstad,Rosenborg BK,4,0,2
2004/05,3132,Florin Cernat,Dynamo Kyiv,4,0,2
2004/05,3165,Cris,Olympique Lyon,9,0,2
2004/05,4289,Alessandro Del Piero,Juventus FC,8,0,2
2004/05,6420,Javier Chevanton,AS Monaco,6,0,2
2004/05,9611,Christian Wilhelmsson,RSC Anderlecht,6,0,2
2004/05,14925,Julius Aghahowa,Shakhtar Donetsk,5,0,2
2004/05,15821,Mert Nobre,Fenerbahce,5,0,2
2004/05,2713,Johan Micoud,SV Werder Bremen,8,4,1
2004/05,3876,Joe Cole,Chelsea FC,9,4,1
2004/05,5817,Andrea Pirlo,AC Milan,12,4,1
2004/05,89,Ze Roberto,Bayern Munich,8,3,1
2004/05,3140,Ronaldo,Real Madrid,8,3,1
2004/05,528,Torsten Frings,Bayern Munich,8,2,1
2004/05,3372,Rivaldo,Olympiacos Piraeus,6,2,1
2004/05,4168,Clarence Seedorf,AC Milan,13,2,1
2004/05,5762,Mauro Camoranesi,Juventus FC,9,2,1
2004/05,7717,Jose Antonio Reyes,Arsenal FC,8,2,1
2004/05,9798,Maksim Shatskikh,Dynamo Kyiv,4,2,1
2004/05,9836,Dimitrios Papadopoulos,Panathinaikos,4,2,1
2004/05,18829,Vagner Love,CSKA Moscow,6,2,1
2004/05,62,Marko Babic,Bayer 04 Leverkusen,6,1,1
2004/05,217,Mehmet Scholl,Bayern Munich,5,1,1
2004/05,919,Dietmar Hamann,Liverpool FC,8,1,1
2004/05,1532,Wesley Sonck,Ajax Amsterdam,4,1,1
2004/05,2514,Bastian Schweinsteiger,Bayern Munich,7,1,1
2004/05,3185,Robert Pires,Arsenal FC,8,1,1
2004/05,3220,John Arne Riise,Liverpool FC,13,1,1
2004/05,3406,Ryan Giggs,Manchester United,5,1,1
2004/05,3605,Neil Mellor,Liverpool FC,2,1,1
2004/05,3623,Pauleta,Paris Saint-Germain,6,1,1
2004/05,4170,Marco Di Vaio,Valencia CF,5,1,1
2004/05,4191,Ruben Baraja,Valencia CF,6,1,1
2004/05,4403,Daniel Jensen,SV Werder Bremen,4,1,1
2004/05,4592,Ji-sung Park,PSV Eindhoven,11,1,1
2004/05,5379,Aleksey Smertin,Chelsea FC,5,1,1
2004/05,9524,Rudi Skacel,Panathinaikos,5,1,1
2004/05,9692,Tomas Jun,AC Sparta Praha,6,1,1
2004/05,12382,yvind Storflor,Rosenborg BK,6,1,1
2004/05,26263,Maxi Lopez,FC Barcelona,2,1,1
2004/05,82,Jens Nowotny,Bayer 04 Leverkusen,5,0,1
2004/05,1397,Michael Owen,Real Madrid,5,0,1
2004/05,1519,Angelos Charisteas,SV Werder Bremen,5,0,1
2004/05,1599,Juan,Bayer 04 Leverkusen,7,0,1
2004/05,2989,Paolo Guerrero,Bayern Munich,6,0,1
2004/05,3094,John Hartson,Celtic FC,6,0,1
2004/05,3115,David Bellion,Manchester United,2,0,1
2004/05,3202,Kolo Toure,Arsenal FC,8,0,1
2004/05,3217,Vladimir Smicer,Liverpool FC,6,0,1
2004/05,3403,Gary Neville,Manchester United,5,0,1
2004/05,3411,Pablo Aimar,Valencia CF,3,0,1
2004/05,3470,Sami Hyypia,Liverpool FC,13,0,1
2004/05,3485,Alan Thompson,Celtic FC,5,0,1
2004/05,3509,Mohamed Kallon,AS Monaco,7,0,1
2004/05,3514,Henrik Larsson,FC Barcelona,4,0,1
2004/05,3520,Pierre van Hooijdonk,Fenerbahce,4,0,1
2004/05,3557,Jaap Stam,AC Milan,8,0,1
2004/05,3750,Giannis Okkas,Olympiacos Piraeus,6,0,1
2004/05,3772,Andy van der Meyde,Inter Milan,6,0,1
2004/05,3966,Djibril Cisse,Liverpool FC,7,0,1
2004/05,4146,David Trezeguet,Juventus FC,3,0,1
2004/05,4149,Emmanuel Olisadebe,Panathinaikos,3,0,1
2004/05,4169,Jon Dahl Tomasson,AC Milan,6,0,1
2004/05,4192,Rafael van der Vaart,Ajax Amsterdam,6,0,1
2004/05,4216,Florent Sinama-Pongolle,Liverpool FC,3,0,1
2004/05,4248,Diego,FC Porto,6,0,1
2004/05,4319,Tomas Galasek,Ajax Amsterdam,3,0,1
2004/05,4345,Andre Ooijer,PSV Eindhoven,7,0,1
2004/05,4347,John de Jong,PSV Eindhoven,3,0,1
2004/05,4360,Arjen Robben,Chelsea FC,5,0,1
2004/05,4380,Robin van Persie,Arsenal FC,6,0,1
2004/05,4672,Nigel de Jong,Ajax Amsterdam,6,0,1
2004/05,5286,Gael Givet,AS Monaco,7,0,1
2004/05,5299,Ludovic Giuly,FC Barcelona,6,0,1
2004/05,5484,Charles-Edouard Coridon,Paris Saint-Germain,6,0,1
2004/05,5775,Fabio Cannavaro,Juventus FC,9,0,1
2004/05,5797,Christian Vieri,Inter Milan,5,0,1
2004/05,5803,Paolo Maldini,AC Milan,13,0,1
2004/05,5807,Roque Junior,Bayer 04 Leverkusen,5,0,1
2004/05,5818,Massimo Ambrosini,AC Milan,11,0,1
2004/05,5821,Filippo Inzaghi,AC Milan,2,0,1
2004/05,5851,Bernardo Corradi,Valencia CF,6,0,1
2004/05,5947,Daniele De Rossi,AS Roma,3,0,1
2004/05,5960,Vincenzo Montella,AS Roma,3,0,1
2004/05,5962,Antonio Cassano,AS Roma,3,0,1
2004/05,6267,Fabrice Pancrate,Paris Saint-Germain,5,0,1
2004/05,7025,Selcuk Sahin,Fenerbahce,3,0,1
2004/05,7433,Nicolae Mitea,Ajax Amsterdam,6,0,1
2004/05,7453,Chris Sutton,Celtic FC,5,0,1
2004/05,7466,Gabriel Schurrer,Olympiacos Piraeus,6,0,1
2004/05,7476,Xabi Alonso,Liverpool FC,8,0,1
2004/05,7514,Ivan Helguera,Real Madrid,8,0,1
2004/05,7518,Roberto Carlos,Real Madrid,8,0,1
2004/05,8806,Cesc Fabregas,Arsenal FC,5,0,1
2004/05,8883,Emmanuel Adebayor,AS Monaco,8,0,1
2004/05,9495,Stanislav Varga,Celtic FC,6,0,1
2004/05,9590,Walter Baseggio,RSC Anderlecht,6,0,1
2004/05,9596,Oleg Yashchuk,RSC Anderlecht,4,0,1
2004/05,9673,Lukas Zelenka,AC Sparta Praha,6,0,1
2004/05,9683,Predrag Djordjevic,Olympiacos Piraeus,3,0,1
2004/05,9733,Lucian Sanmartean,Panathinaikos,1,0,1
2004/05,9754,Ieroklis Stoltidis,Olympiacos Piraeus,6,0,1
2004/05,9791,Goran Gavrancic,Dynamo Kyiv,6,0,1
2004/05,9810,Jorge Costa,FC Porto,7,0,1
2004/05,9819,Ricardo Costa,FC Porto,6,0,1
2004/05,9839,Michalis Konstantinou,Panathinaikos,5,0,1
2004/05,12132,Bryan Bergougnoux,Olympique Lyon,2,0,1
2004/05,12133,Jeremy Berthod,Olympique Lyon,4,0,1
2004/05,12370,Erik Hoftun,Rosenborg BK,6,0,1
2004/05,12371,Frode Johnsen,Rosenborg BK,6,0,1
2004/05,12383,Roar Strand,Rosenborg BK,6,0,1
2004/05,14948,Brandao,Shakhtar Donetsk,4,0,1
2004/05,15404,Maris Verpakovskis,Dynamo Kyiv,5,0,1
2004/05,15894,Daniel de Ridder,Ajax Amsterdam,3,0,1
2004/05,16649,Jefferson Farfan,PSV Eindhoven,12,0,1
2004/05,18301,Maicon,AS Monaco,7,0,1
2004/05,18904,Sylvain Idangar,Olympique Lyon,1,0,1
2004/05,25780,Ayila Yussuf,Dynamo Kyiv,5,0,1
2005/06,3522,Andriy Shevchenko,AC Milan,12,3,9
2005/06,3373,Ronaldinho,FC Barcelona,12,5,7
2005/06,4257,Samuel Eto'o,FC Barcelona,11,3,6
2005/06,4146,David Trezeguet,Juventus FC,9,0,6
2005/06,2713,Johan Micoud,SV Werder Bremen,8,5,5
2005/06,3207,Thierry Henry,Arsenal FC,11,2,5
2005/06,3366,Kaka,AC Milan,12,1,5
2005/06,5876,Adriano,Inter Milan,9,1,5
2005/06,5354,Juninho Pernambucano,Olympique Lyon,8,4,4
2005/06,3570,John Carew,Olympique Lyon,10,3,4
2005/06,5821,Filippo Inzaghi,AC Milan,6,0,4
2005/06,5904,Vincenzo Iaquinta,Udinese Calcio,5,0,4
2005/06,6006,Julio Cruz,Inter Milan,6,0,4
2005/06,9620,Peter Lvenkrands,Rangers FC,8,0,4
2005/06,1260,Lincoln,FC Schalke 04,6,3,3
2005/06,337,Sebastian Deisler,Bayern Munich,6,2,3
2005/06,411,Levan Kobiashvili,FC Schalke 04,6,2,3
2005/06,4289,Alessandro Del Piero,Juventus FC,7,2,3
2005/06,6031,Antonio Di Natale,Udinese Calcio,6,2,3
2005/06,18537,Alex,Fenerbahce,4,2,3
2005/06,10,Miroslav Klose,SV Werder Bremen,7,1,3
2005/06,3455,Zlatan Ibrahimovic,Juventus FC,9,1,3
2005/06,4619,Giannis Anastasiou,Ajax Amsterdam,3,0,3
2005/06,4672,Nigel de Jong,Ajax Amsterdam,5,0,3
2005/06,3603,Pavel Nedved,Juventus FC,8,4,2
2005/06,2050,Nelson Valdez,SV Werder Bremen,8,3,2
2005/06,3163,Frank Lampard,Chelsea FC,8,3,2
2005/06,3185,Robert Pires,Arsenal FC,12,3,2
2005/06,3428,Dejan Stankovic,Inter Milan,6,3,2
2005/06,3285,Bosko Balaban,Club Brugge KV,4,2,2
2005/06,3994,Roy Makaay,Bayern Munich,8,2,2
2005/06,4673,Wesley Sneijder,Ajax Amsterdam,5,2,2
2005/06,2963,Martin Demichelis,Bayern Munich,8,1,2
2005/06,3188,Sylvain Wiltord,Olympique Lyon,10,1,2
2005/06,3408,Diego Forlan,Villarreal CF,11,1,2
2005/06,3410,Hernan Crespo,Chelsea FC,5,1,2
2005/06,3854,Juan Roman Riquelme,Villarreal CF,10,1,2
2005/06,4178,Dado Prso,Rangers FC,5,1,2
2005/06,9684,Pantelis Kafes,Olympiacos Piraeus,6,1,2
2005/06,16649,Jefferson Farfan,PSV Eindhoven,8,1,2
2005/06,31005,Fred,Olympique Lyon,9,1,2
2005/06,692,Tim Borowski,SV Werder Bremen,7,0,2
2005/06,1331,Kevin Kuranyi,FC Schalke 04,6,0,2
2005/06,3372,Rivaldo,Olympiacos Piraeus,5,0,2
2005/06,3966,Djibril Cisse,Liverpool FC,7,0,2
2005/06,4380,Robin van Persie,Arsenal FC,7,0,2
2005/06,5352,Mahamadou Diarra,Olympique Lyon,9,0,2
2005/06,5975,Stephen Appiah,Fenerbahce,6,0,2
2005/06,6097,Fabrizio Miccoli,SL Benfica,6,0,2
2005/06,7349,Raul,Real Madrid,6,0,2
2005/06,7530,Guti,Real Madrid,7,0,2
2005/06,7532,Javier Portillo,Club Brugge KV,6,0,2
2005/06,7827,Rodolfo Arruabarrena,Villarreal CF,11,0,2
2005/06,7920,Luis Garcia,Liverpool FC,7,0,2
2005/06,8019,Simao,SL Benfica,8,0,2
2005/06,8538,Tiago Mendes,Olympique Lyon,8,0,2
2005/06,8564,Deco,FC Barcelona,11,0,2
2005/06,9693,Marek Kincl,Rapid Vienna,6,0,2
2005/06,9828,Ricardo Carvalho,Chelsea FC,8,0,2
2005/06,14132,Pepe,FC Porto,5,0,2
2005/06,34418,Balazs Borbely,FC Artmedia Bratislava,5,0,2
2005/06,34427,Jan Kozak,FC Artmedia Bratislava,6,0,2
2005/06,3139,David Beckham,Real Madrid,7,4,1
2005/06,528,Torsten Frings,SV Werder Bremen,8,2,1
2005/06,3514,Henrik Larsson,FC Barcelona,10,2,1
2005/06,4168,Clarence Seedorf,AC Milan,11,2,1
2005/06,7600,Andres Iniesta,FC Barcelona,11,2,1
2005/06,12382,yvind Storflor,Rosenborg BK,6,2,1
2005/06,28003,Lionel Messi,FC Barcelona,6,2,1
2005/06,70,Emerson,Juventus FC,9,1,1
2005/06,1586,Christian Schulz,SV Werder Bremen,8,1,1
2005/06,3165,Cris,Olympique Lyon,10,1,1
2005/06,3187,Dennis Bergkamp,Arsenal FC,4,1,1
2005/06,3202,Kolo Toure,Arsenal FC,12,1,1
2005/06,3446,Luis Figo,Inter Milan,8,1,1
2005/06,3924,Didier Drogba,Chelsea FC,7,1,1
2005/06,4362,Jan Vennegoor of Hesselink,PSV Eindhoven,6,1,1
2005/06,5299,Ludovic Giuly,FC Barcelona,8,1,1
2005/06,5817,Andrea Pirlo,AC Milan,12,1,1
2005/06,7639,Santiago Ezquerro,FC Barcelona,4,1,1
2005/06,8806,Cesc Fabregas,Arsenal FC,13,1,1
2005/06,9706,Sotiris Kyrgiakos,Rangers FC,8,1,1
2005/06,14269,Beto,SL Benfica,8,1,1
2005/06,22813,Mauro Rosales,Ajax Amsterdam,4,1,1
2005/06,24282,Sren Larsen,FC Schalke 04,4,1,1
2005/06,34430,Peter Petras,FC Artmedia Bratislava,6,1,1
2005/06,63,Michael Ballack,Bayern Munich,6,0,1
2005/06,279,Ebbe Sand,FC Schalke 04,6,0,1
2005/06,427,Erol Bulut,Olympiacos Piraeus,4,0,1
2005/06,519,Frank Baumann,SV Werder Bremen,8,0,1
2005/06,532,Claudio Pizarro,Bayern Munich,6,0,1
2005/06,1443,Christian Poulsen,FC Schalke 04,6,0,1
2005/06,1792,Hamit Altntop,FC Schalke 04,6,0,1
2005/06,2925,Steffen Hofmann,Rapid Vienna,6,0,1
2005/06,2955,Thorstein Helstad,Rosenborg BK,6,0,1
2005/06,2989,Paolo Guerrero,Bayern Munich,7,0,1
2005/06,3091,Benni McCarthy,FC Porto,4,0,1
2005/06,3134,Freddie Ljungberg,Arsenal FC,9,0,1
2005/06,3194,Gilberto Silva,Arsenal FC,10,0,1
2005/06,3198,Sol Campbell,Arsenal FC,6,0,1
2005/06,3224,Jonathan Woodgate,Real Madrid,3,0,1
2005/06,3261,Milenko Acimovic,LOSC Lille,5,0,1
2005/06,3397,Paul Scholes,Manchester United,5,0,1
2005/06,3406,Ryan Giggs,Manchester United,4,0,1
2005/06,3407,Ruud van Nistelrooy,Manchester United,6,0,1
2005/06,3515,Mark van Bommel,FC Barcelona,9,0,1
2005/06,3574,Valerien Ismael,Bayern Munich,8,0,1
2005/06,3876,Joe Cole,Chelsea FC,5,0,1
2005/06,3892,Mauro Lustrinelli,FC Thun,6,0,1
2005/06,4216,Florent Sinama-Pongolle,Liverpool FC,3,0,1
2005/06,4248,Diego,FC Porto,4,0,1
2005/06,4327,Nourdin Boukhari,Ajax Amsterdam,7,0,1
2005/06,4357,Klaas-Jan Huntelaar,Ajax Amsterdam,2,0,1
2005/06,4864,Selver Hodzic,FC Thun,5,0,1
2005/06,4876,Nelson Ferreira,FC Thun,5,0,1
2005/06,5198,Phillip Cocu,PSV Eindhoven,8,0,1
2005/06,5357,Sidney Govou,Olympique Lyon,7,0,1
2005/06,5794,Obafemi Martins,Inter Milan,8,0,1
2005/06,5879,Adrian Mutu,Juventus FC,8,0,1
2005/06,5896,David Pizarro,Inter Milan,6,0,1
2005/06,5939,Vincent Candela,Udinese Calcio,6,0,1
2005/06,7277,Fabio Luciano,Fenerbahce,5,0,1
2005/06,7514,Ivan Helguera,Real Madrid,4,0,1
2005/06,7531,Fernando Morientes,Liverpool FC,5,0,1
2005/06,7598,Gabri,FC Barcelona,4,0,1
2005/06,7609,Geovanni,SL Benfica,8,0,1
2005/06,7653,Arzu,Real Betis Balompie,3,0,1
2005/06,7665,Dani,Real Betis Balompie,2,0,1
2005/06,7829,Juliano Belletti,FC Barcelona,10,0,1
2005/06,7840,Marcos Senna,Villarreal CF,11,0,1
2005/06,7843,Antonio Guayre,Villarreal CF,4,0,1
2005/06,8139,Haruna Babangida,Olympiacos Piraeus,6,0,1
2005/06,9594,Vincent Kompany,RSC Anderlecht,2,0,1
2005/06,9616,Steven Thompson,Rangers FC,5,0,1
2005/06,9672,Gert Verheyen,Club Brugge KV,4,0,1
2005/06,9735,Nasief Morris,Panathinaikos,6,0,1
2005/06,9764,Martin Petras,AC Sparta Praha,6,0,1
2005/06,9824,Hugo Almeida,FC Porto,6,0,1
2005/06,12383,Roar Strand,Rosenborg BK,5,0,1
2005/06,12873,Vangelis Mantzios,Panathinaikos,4,0,1
2005/06,13230,Luisao,SL Benfica,10,0,1
2005/06,15412,Ali Karimi,Bayern Munich,3,0,1
2005/06,15468,Ricardo Oliveira,Real Betis Balompie,4,0,1
2005/06,15821,Mert Nobre,Fenerbahce,6,0,1
2005/06,16791,Manuel Fernandes,SL Benfica,8,0,1
2005/06,17127,Felipe,Udinese Calcio,5,0,1
2005/06,18918,Per Ciljan Skjelbred,Rosenborg BK,5,0,1
2005/06,18922,Karim Benzema,Olympique Lyon,1,0,1
2005/06,19054,Ezequiel Gonzalez,Panathinaikos,6,0,1
2005/06,20811,Konstantinos Charalampidis,Panathinaikos,2,0,1
2005/06,22056,Miroslav Matusovic,AC Sparta Praha,4,0,1
2005/06,25557,Sergio Ramos,Real Madrid,7,0,1
2005/06,26244,Lucho Gonzalez,FC Porto,6,0,1
2005/06,26407,Daniel Braaten,Rosenborg BK,6,0,1
2005/06,27505,Markus Rosenberg,Ajax Amsterdam,6,0,1
2005/06,27661,Lisandro Lopez,FC Porto,2,0,1
2005/06,29006,Ross McCormack,Rangers FC,1,0,1
2005/06,29545,Jeanvion Yulu-Matondo,Club Brugge KV,3,0,1
2005/06,31273,Adriano Pimenta,FC Thun,6,0,1
2005/06,34870,Roberto Soldado,Real Madrid,2,0,1
2006/07,3366,Kaka,AC Milan,13,3,10
2006/07,3407,Ruud van Nistelrooy,Real Madrid,7,3,6
2006/07,3924,Didier Drogba,Chelsea FC,12,3,6
2006/07,4072,Peter Crouch,Liverpool FC,12,0,6
2006/07,7531,Fernando Morientes,Valencia CF,8,0,6
2006/07,7349,Raul,Real Madrid,7,1,5
2006/07,5958,Francesco Totti,AS Roma,9,3,4
2006/07,7980,David Villa,Valencia CF,9,3,4
2006/07,4015,Louis Saha,Manchester United,8,2,4
2006/07,532,Claudio Pizarro,Bayern Munich,10,1,4
2006/07,15004,Nicolae Dica,Steaua Bucharest,6,1,4
2006/07,3332,Wayne Rooney,Manchester United,12,0,4
2006/07,5821,Filippo Inzaghi,AC Milan,10,0,4
2006/07,8198,Cristiano Ronaldo,Manchester United,11,5,3
2006/07,3109,Steven Gerrard,Liverpool FC,10,3,3
2006/07,3522,Andriy Shevchenko,Chelsea FC,10,2,3
2006/07,27661,Lisandro Lopez,FC Porto,8,2,3
2006/07,3267,Marcus Allback,FC Copenhagen,5,1,3
2006/07,4192,Rafael van der Vaart,Hamburger SV,3,1,3
2006/07,6006,Julio Cruz,Inter Milan,4,1,3
2006/07,9711,Nery Castillo,Olympiacos Piraeus,5,1,3
2006/07,26244,Lucho Gonzalez,FC Porto,8,1,3
2006/07,3176,Eidur Gudjohnsen,FC Barcelona,8,0,3
2006/07,4750,Kenny Miller,Celtic FC,8,0,3
2006/07,7920,Luis Garcia,Liverpool FC,5,0,3
2006/07,3406,Ryan Giggs,Manchester United,8,8,2
2006/07,4168,Clarence Seedorf,AC Milan,12,4,2
2006/07,5461,Florent Malouda,Olympique Lyon,7,3,2
2006/07,6069,Shunsuke Nakamura,Celtic FC,8,3,2
2006/07,8564,Deco,FC Barcelona,8,3,2
2006/07,3373,Ronaldinho,FC Barcelona,8,2,2
2006/07,4188,Ricardo Quaresma,FC Porto,8,2,2
2006/07,5878,Alberto Gilardino,AC Milan,9,2,2
2006/07,8552,Arouna Kone,PSV Eindhoven,9,2,2
2006/07,12516,Peter Odemwingie,LOSC Lille,8,2,2
2006/07,15342,Rodrigo Taddei,AS Roma,8,2,2
2006/07,35518,David Silva,Valencia CF,9,2,2
2006/07,2514,Bastian Schweinsteiger,Bayern Munich,8,1,2
2006/07,3225,Robbie Fowler,Liverpool FC,4,1,2
2006/07,3378,Umit Karan,Galatasaray,6,1,2
2006/07,3994,Roy Makaay,Bayern Munich,8,1,2
2006/07,5299,Ludovic Giuly,FC Barcelona,8,1,2
2006/07,15067,Maksym Kalynychenko,Spartak Moscow,3,1,2
2006/07,15420,Alex,PSV Eindhoven,8,1,2
2006/07,15854,Denis Boyarintsev,Spartak Moscow,4,1,2
2006/07,18093,Julien Faubert,FC Girondins Bordeaux,6,1,2
2006/07,27307,Nicolas Fauvergue,LOSC Lille,7,1,2
2006/07,63,Michael Ballack,Chelsea FC,10,0,2
2006/07,77,Lucio,Bayern Munich,8,0,2
2006/07,3140,Ronaldo,two clubs,4,0,2
2006/07,3220,John Arne Riise,Liverpool FC,11,0,2
2006/07,3878,Michael Carrick,Manchester United,12,0,2
2006/07,4740,Daniel Van Buyten,Bayern Munich,10,0,2
2006/07,5588,Michael Essien,Chelsea FC,10,0,2
2006/07,5947,Daniele De Rossi,AS Roma,10,0,2
2006/07,5974,Matuzalem,Shakhtar Donetsk,5,0,2
2006/07,6097,Fabrizio Miccoli,SL Benfica,5,0,2
2006/07,7579,Miguel Angel Angulo,Valencia CF,8,0,2
2006/07,7600,Andres Iniesta,FC Barcelona,8,0,2
2006/07,8538,Tiago Mendes,Olympique Lyon,8,0,2
2006/07,9798,Maksim Shatskikh,Dynamo Kyiv,6,0,2
2006/07,9839,Michalis Konstantinou,Olympiacos Piraeus,6,0,2
2006/07,9882,Mbo Mpenza,RSC Anderlecht,2,0,2
2006/07,10298,Sasa Ilic,Galatasaray,6,0,2
2006/07,13208,Julio Cesar,AEK Athens,6,0,2
2006/07,15072,Roman Pavlyuchenko,Spartak Moscow,6,0,2
2006/07,16833,Ciprian Marica,Shakhtar Donetsk,6,0,2
2006/07,18922,Karim Benzema,Olympique Lyon,3,0,2
2006/07,31005,Fred,Olympique Lyon,5,0,2
2006/07,33245,Boubacar Sanogo,Hamburger SV,6,0,2
2006/07,35079,Nicolas Frutos,RSC Anderlecht,3,0,2
2006/07,43758,Valentin Badea,Steaua Bucharest,5,0,2
2006/07,5354,Juninho Pernambucano,Olympique Lyon,7,5,1
2006/07,214,Hasan Salihamidzic,Bayern Munich,10,3,1
2006/07,3297,Craig Bellamy,Liverpool FC,10,3,1
2006/07,3397,Paul Scholes,Manchester United,11,3,1
2006/07,4257,Samuel Eto'o,FC Barcelona,3,3,1
2006/07,29261,Jadson,Shakhtar Donetsk,6,3,1
2006/07,528,Torsten Frings,SV Werder Bremen,6,2,1
2006/07,3163,Frank Lampard,Chelsea FC,11,2,1
2006/07,3394,Ole Gunnar Solskjaer,Manchester United,6,2,1
2006/07,4010,Dirk Kuyt,Liverpool FC,11,2,1
2006/07,4380,Robin van Persie,Arsenal FC,6,2,1
2006/07,5352,Mahamadou Diarra,Real Madrid,7,2,1
2006/07,9854,Nikolaos Lyberopoulos,AEK Athens,6,2,1
2006/07,15291,Mancini,AS Roma,7,2,1
2006/07,33366,Abdul Kader Keita,LOSC Lille,7,2,1
2006/07,1450,Lilian Laslandes,FC Girondins Bordeaux,5,1,1
2006/07,2623,Piotr Trochowski,Hamburger SV,6,1,1
2006/07,2816,Edison Mendez,PSV Eindhoven,9,1,1
2006/07,3183,Patrick Vieira,Inter Milan,4,1,1
2006/07,3207,Thierry Henry,Arsenal FC,6,1,1
2006/07,3515,Mark van Bommel,Bayern Munich,8,1,1
2006/07,3626,Nuno Gomes,SL Benfica,6,1,1
2006/07,3730,Kim Kallstrom,Olympique Lyon,6,1,1
2006/07,3768,Alan Smith,Manchester United,4,1,1
2006/07,4360,Arjen Robben,Chelsea FC,8,1,1
2006/07,4405,Mika Vayrynen,PSV Eindhoven,8,1,1
2006/07,5382,Jean-Claude Darcheville,FC Girondins Bordeaux,6,1,1
2006/07,5817,Andrea Pirlo,AC Milan,12,1,1
2006/07,5896,David Pizarro,AS Roma,7,1,1
2006/07,7717,Jose Antonio Reyes,Real Madrid,4,1,1
2006/07,9702,Radoslav Kovac,Spartak Moscow,6,1,1
2006/07,9800,Artem Milevskyi,Dynamo Kyiv,5,1,1
2006/07,9814,Bruno Moraes,FC Porto,6,1,1
2006/07,13058,Emmanuel Eboue,Arsenal FC,4,1,1
2006/07,15185,Lukas Podolski,Bayern Munich,7,1,1
2006/07,15511,Robinho,Real Madrid,7,1,1
2006/07,16223,Daniel Carvalho,CSKA Moscow,6,1,1
2006/07,17555,Nelson,SL Benfica,4,1,1
2006/07,22832,Daniel Agger,Liverpool FC,11,1,1
2006/07,132,Tomas Rosicky,Arsenal FC,5,0,1
2006/07,215,Roque Santa Cruz,Bayern Munich,7,0,1
2006/07,519,Frank Baumann,SV Werder Bremen,3,0,1
2006/07,597,Aleksandr Hleb,Arsenal FC,8,0,1
2006/07,1327,Alou Diarra,Olympique Lyon,5,0,1
2006/07,2943,Julio Cesar,Olympiacos Piraeus,6,0,1
2006/07,3122,Sergiy Rebrov,Dynamo Kyiv,3,0,1
2006/07,3132,Florin Cernat,Dynamo Kyiv,2,0,1
2006/07,3137,Jesper Grnkjr,FC Copenhagen,3,0,1
2006/07,3194,Gilberto Silva,Arsenal FC,7,0,1
2006/07,3410,Hernan Crespo,Inter Milan,6,0,1
2006/07,3441,Timmy Simons,PSV Eindhoven,10,0,1
2006/07,3467,Shaun Wright-Phillips,Chelsea FC,6,0,1
2006/07,3514,Henrik Larsson,Manchester United,2,0,1
2006/07,3540,John O'Shea,Manchester United,11,0,1
2006/07,3548,Kieran Richardson,Manchester United,4,0,1
2006/07,3568,Junichi Inamoto,Galatasaray,5,0,1
2006/07,3570,John Carew,Olympique Lyon,2,0,1
2006/07,3876,Joe Cole,Chelsea FC,7,0,1
2006/07,4248,Diego,SV Werder Bremen,6,0,1
2006/07,4362,Jan Vennegoor of Hesselink,Celtic FC,4,0,1
2006/07,4549,Jan Kromkamp,PSV Eindhoven,8,0,1
2006/07,4951,Daniel Gygax,LOSC Lille,1,0,1
2006/07,5169,Helder Postiga,FC Porto,7,0,1
2006/07,5285,Patrice Evra,Manchester United,7,0,1
2006/07,5648,Jean Makoun,LOSC Lille,8,0,1
2006/07,5791,Okan Buruk,Galatasaray,1,0,1
2006/07,5922,Simone Perrotta,AS Roma,9,0,1
2006/07,5940,Christian Panucci,AS Roma,9,0,1
2006/07,6062,Bruno Cirillo,AEK Athens,6,0,1
2006/07,6242,Marco Caneira,Sporting CP,5,0,1
2006/07,6448,Mirko Vucinic,AS Roma,6,0,1
2006/07,6710,Per Mertesacker,SV Werder Bremen,5,0,1
2006/07,6949,Necati Ates,Galatasaray,4,0,1
2006/07,7259,Stephane Dalmat,FC Girondins Bordeaux,3,0,1
2006/07,7427,Ivica Olic,CSKA Moscow,6,0,1
2006/07,7520,Esteban Cambiasso,Inter Milan,2,0,1
2006/07,7565,Roberto Ayala,Valencia CF,8,0,1
2006/07,7594,Carles Puyol,FC Barcelona,8,0,1
2006/07,9863,Vasilios Lakis,AEK Athens,3,0,1
2006/07,10291,Vladimir Ivic,AEK Athens,2,0,1
2006/07,12673,Stephen Pearson,Celtic FC,4,0,1
2006/07,13168,Raul Meireles,FC Porto,7,0,1
2006/07,15452,Raul Albiol,Valencia CF,10,0,1
2006/07,15581,Jiri Jarosik,Celtic FC,6,0,1
2006/07,15844,Anthony Vanden Borre,RSC Anderlecht,6,0,1
2006/07,15907,Andrey Karyaka,SL Benfica,2,0,1
2006/07,15952,Julio Baptista,Arsenal FC,4,0,1
2006/07,16101,Atiba Hutchinson,FC Copenhagen,6,0,1
2006/07,16760,Yuriy Zhirkov,CSKA Moscow,6,0,1
2006/07,17257,Besart Berisha,Hamburger SV,2,0,1
2006/07,18301,Maicon,Inter Milan,8,0,1
2006/07,18912,Yoann Gourcuff,AC Milan,8,0,1
2006/07,19726,Nemanja Vidic,Manchester United,8,0,1
2006/07,20051,Leo,SL Benfica,6,0,1
2006/07,22943,Dudu Cearense,CSKA Moscow,6,0,1
2006/07,25557,Sergio Ramos,Real Madrid,6,0,1
2006/07,26267,Fernandinho,Shakhtar Donetsk,5,0,1
2006/07,26496,Sorin Ghionea,Steaua Bucharest,6,0,1
2006/07,28003,Lionel Messi,FC Barcelona,5,0,1
2006/07,32213,Naldo,SV Werder Bremen,6,0,1
2006/07,33439,Carlos Bueno,Sporting CP,2,0,1
2006/07,33640,Mathieu Robail,LOSC Lille,4,0,1
2006/07,33706,Nani,Sporting CP,6,0,1
2006/07,33868,Roland Juhasz,RSC Anderlecht,5,0,1
2006/07,33935,Alejandro Alonso,FC Girondins Bordeaux,2,0,1
2006/07,38957,Mariyan Ognyanov,Levski Sofia,2,0,1
2006/07,41281,Nicolas Pareja,RSC Anderlecht,4,0,1
2007/08,8198,Cristiano Ronaldo,Manchester United,11,2,8
2007/08,3109,Steven Gerrard,Liverpool FC,12,4,6
2007/08,28003,Lionel Messi,FC Barcelona,9,2,6
2007/08,3924,Didier Drogba,Chelsea FC,11,1,6
2007/08,7767,Fernando Torres,Liverpool FC,10,0,6
2007/08,3700,Frederic Kanoute,Sevilla FC,8,3,5
2007/08,7349,Raul,Real Madrid,8,2,5
2007/08,4010,Dirk Kuyt,Liverpool FC,11,1,5
2007/08,16135,Ryan Babel,Liverpool FC,11,1,5
2007/08,3455,Zlatan Ibrahimovic,Inter Milan,7,0,5
2007/08,6800,Deivid,Fenerbahce,9,0,5
2007/08,3407,Ruud van Nistelrooy,Real Madrid,7,4,4
2007/08,15511,Robinho,Real Madrid,6,4,4
2007/08,3163,Frank Lampard,Chelsea FC,11,2,4
2007/08,8806,Cesc Fabregas,Arsenal FC,8,2,4
2007/08,19082,Luis Fabiano,Sevilla FC,8,2,4
2007/08,3332,Wayne Rooney,Manchester United,11,1,4
2007/08,4276,Carlos Tevez,Manchester United,12,1,4
2007/08,5821,Filippo Inzaghi,AC Milan,5,1,4
2007/08,6448,Mirko Vucinic,AS Roma,8,1,4
2007/08,12563,Goran Pandev,SS Lazio,5,1,4
2007/08,13952,Liedson,Sporting CP,6,1,4
2007/08,18922,Karim Benzema,Olympique Lyon,7,1,4
2007/08,7858,Yossi Benayoun,Liverpool FC,9,3,3
2007/08,3207,Thierry Henry,FC Barcelona,10,2,3
2007/08,4072,Peter Crouch,Liverpool FC,7,2,3
2007/08,7479,Darko Kovacevic,Olympiacos Piraeus,8,2,3
2007/08,9754,Ieroklis Stoltidis,Olympiacos Piraeus,8,2,3
2007/08,26244,Lucho Gonzalez,FC Porto,7,2,3
2007/08,27661,Lisandro Lopez,FC Porto,8,2,3
2007/08,1331,Kevin Kuranyi,FC Schalke 04,8,1,3
2007/08,8883,Emmanuel Adebayor,Arsenal FC,8,1,3
2007/08,18829,Vagner Love,CSKA Moscow,3,1,3
2007/08,33245,Boubacar Sanogo,SV Werder Bremen,5,1,3
2007/08,5354,Juninho Pernambucano,Olympique Lyon,8,0,3
2007/08,6288,Mario Gomez,VfB Stuttgart,4,0,3
2007/08,7978,Luciano Galletti,Olympiacos Piraeus,7,0,3
2007/08,21408,Cristiano Lucarelli,Shakhtar Donetsk,6,0,3
2007/08,45865,Oscar Cardozo,SL Benfica,6,0,3
2007/08,18537,Alex,Fenerbahce,10,5,2
2007/08,5817,Andrea Pirlo,AC Milan,8,4,2
2007/08,15951,Dani Alves,Sevilla FC,8,3,2
2007/08,33713,Theo Walcott,Arsenal FC,8,3,2
2007/08,63,Michael Ballack,Chelsea FC,7,2,2
2007/08,3876,Joe Cole,Chelsea FC,13,2,2
2007/08,4380,Robin van Persie,Arsenal FC,5,2,2
2007/08,6006,Julio Cruz,Inter Milan,6,2,2
2007/08,6026,Tommaso Rocchi,SS Lazio,6,2,2
2007/08,3366,Kaka,AC Milan,8,1,2
2007/08,4168,Clarence Seedorf,AC Milan,7,1,2
2007/08,4188,Ricardo Quaresma,FC Porto,8,1,2
2007/08,5486,Seydou Keita,Sevilla FC,7,1,2
2007/08,7346,Ugur Boral,Fenerbahce,5,1,2
2007/08,14948,Brandao,Shakhtar Donetsk,6,1,2
2007/08,15291,Mancini,AS Roma,9,1,2
2007/08,34557,Nicklas Bendtner,Arsenal FC,6,1,2
2007/08,3478,Steffen Iversen,Rosenborg BK,6,0,2
2007/08,3573,Julien Escude,Sevilla FC,4,0,2
2007/08,5878,Alberto Gilardino,AC Milan,7,0,2
2007/08,6118,Mamadou Niang,Olympique Marseille,6,0,2
2007/08,7043,Semih Senturk,Fenerbahce,9,0,2
2007/08,7520,Esteban Cambiasso,Inter Milan,8,0,2
2007/08,7980,David Villa,Valencia CF,5,0,2
2007/08,9824,Hugo Almeida,SV Werder Bremen,5,0,2
2007/08,13882,Anderson Polga,Sporting CP,5,0,2
2007/08,15445,Renato,Sevilla FC,5,0,2
2007/08,18900,Hatem Ben Arfa,Olympique Lyon,8,0,2
2007/08,18944,Gerard Pique,Manchester United,3,0,2
2007/08,21117,Zdenek Senkerik,SK Slavia Prague,4,0,2
2007/08,24633,Eduardo,Arsenal FC,5,0,2
2007/08,26763,Abou Diaby,Arsenal FC,5,0,2
2007/08,28990,Charlie Adam,Rangers FC,5,0,2
2007/08,34156,Jo,CSKA Moscow,4,0,2
2007/08,34529,Ismael Bangoura,Dynamo Kyiv,5,0,2
2007/08,37765,Yssouf Kone,Rosenborg BK,6,0,2
2007/08,37944,Bobo,Besiktas JK,6,0,2
2007/08,597,Aleksandr Hleb,Arsenal FC,7,4,1
2007/08,3373,Ronaldinho,FC Barcelona,8,2,1
2007/08,4579,Tarik Sektioui,FC Porto,7,2,1
2007/08,5357,Sidney Govou,Olympique Lyon,8,2,1
2007/08,5461,Florent Malouda,Chelsea FC,11,2,1
2007/08,21333,Aiden McGeady,Celtic FC,8,2,1
2007/08,3397,Paul Scholes,Manchester United,7,1,1
2007/08,3470,Sami Hyypia,Liverpool FC,11,1,1
2007/08,3730,Kim Kallstrom,Olympique Lyon,8,1,1
2007/08,3966,Djibril Cisse,Olympique Marseille,6,1,1
2007/08,4248,Diego,SV Werder Bremen,5,1,1
2007/08,4557,Kenneth Perez,PSV Eindhoven,6,1,1
2007/08,5292,Julien Rodriguez,Olympique Marseille,5,1,1
2007/08,5299,Ludovic Giuly,AS Roma,9,1,1
2007/08,5896,David Pizarro,AS Roma,10,1,1
2007/08,5922,Simone Perrotta,AS Roma,6,1,1
2007/08,5940,Christian Panucci,AS Roma,6,1,1
2007/08,5958,Francesco Totti,AS Roma,6,1,1
2007/08,7600,Andres Iniesta,FC Barcelona,11,1,1
2007/08,7607,Xavi,FC Barcelona,12,1,1
2007/08,7971,Salomon Kalou,Chelsea FC,11,1,1
2007/08,11360,Lee McCulloch,Rangers FC,5,1,1
2007/08,13138,Abel Ferreira,Sporting CP,6,1,1
2007/08,15581,Jiri Jarosik,Celtic FC,5,1,1
2007/08,16975,Marco Cassetti,AS Roma,7,1,1
2007/08,20584,DaMarcus Beasley,Rangers FC,5,1,1
2007/08,27505,Markus Rosenberg,SV Werder Bremen,6,1,1
2007/08,29579,Pavel Pardo,VfB Stuttgart,4,1,1
2007/08,33947,Rafinha,FC Schalke 04,10,1,1
2007/08,44674,Giovani dos Santos,FC Barcelona,5,1,1
2007/08,44675,Bojan Krkic,FC Barcelona,9,1,1
2007/08,57834,Maxi Pereira,SL Benfica,6,1,1
2007/08,258,Gerald Asamoah,FC Schalke 04,10,0,1
2007/08,566,Vidar Riseth,Rosenborg BK,6,0,1
2007/08,1321,Jermaine Jones,FC Schalke 04,8,0,1
2007/08,1426,Cacau,VfB Stuttgart,5,0,1
2007/08,1599,Juan,AS Roma,8,0,1
2007/08,1919,Antonio da Silva,VfB Stuttgart,3,0,1
2007/08,2943,Julio Cesar,Olympiacos Piraeus,5,0,1
2007/08,3235,Rio Ferdinand,Manchester United,11,0,1
2007/08,3410,Hernan Crespo,Inter Milan,5,0,1
2007/08,3413,Rodrigo Tello,Besiktas JK,5,0,1
2007/08,3522,Andriy Shevchenko,Chelsea FC,5,0,1
2007/08,3626,Nuno Gomes,SL Benfica,5,0,1
2007/08,4257,Samuel Eto'o,FC Barcelona,7,0,1
2007/08,4358,Mateja Kezman,Fenerbahce,7,0,1
2007/08,4362,Jan Vennegoor of Hesselink,Celtic FC,6,0,1
2007/08,4687,Aaron Hunt,SV Werder Bremen,2,0,1
2007/08,5382,Jean-Claude Darcheville,Rangers FC,4,0,1
2007/08,5850,Christian Manfredini,SS Lazio,4,0,1
2007/08,5870,Massimo Donati,Celtic FC,8,0,1
2007/08,5938,Walter Samuel,Inter Milan,5,0,1
2007/08,6261,Daniel Cousin,Rangers FC,5,0,1
2007/08,6320,Danko Lazovic,PSV Eindhoven,6,0,1
2007/08,6832,Luciano Zauri,SS Lazio,4,0,1
2007/08,7594,Carles Puyol,FC Barcelona,10,0,1
2007/08,8552,Arouna Kone,Sevilla FC,3,0,1
2007/08,9761,Christos Patsatzoglou,Olympiacos Piraeus,7,0,1
2007/08,9762,Ovidiu Petre,Steaua Bucharest,6,0,1
2007/08,9789,Diogo Rincon,Dynamo Kyiv,5,0,1
2007/08,10251,Barry Ferguson,Rangers FC,6,0,1
2007/08,12804,Barry Robson,Celtic FC,1,0,1
2007/08,13091,Yaya Toure,FC Barcelona,9,0,1
2007/08,13799,Scott McDonald,Celtic FC,8,0,1
2007/08,13829,Diego Lugano,Fenerbahce,9,0,1
2007/08,13972,Tonel,Sporting CP,6,0,1
2007/08,15114,Vladyslav Vashchuk,Dynamo Kyiv,3,0,1
2007/08,15342,Rodrigo Taddei,AS Roma,6,0,1
2007/08,15420,Alex,Chelsea FC,6,0,1
2007/08,15952,Julio Baptista,Real Madrid,3,0,1
2007/08,16649,Jefferson Farfan,PSV Eindhoven,6,0,1
2007/08,16833,Ciprian Marica,VfB Stuttgart,4,0,1
2007/08,18828,Milos Krasic,CSKA Moscow,4,0,1
2007/08,21334,Stephen McManus,Celtic FC,8,0,1
2007/08,21821,Luis Jimenez,Inter Milan,3,0,1
2007/08,25121,Fabio Santos,Olympique Lyon,3,0,1
2007/08,25589,David Kalivoda,SK Slavia Prague,3,0,1
2007/08,26221,Miika Koppinen,Rosenborg BK,2,0,1
2007/08,28922,Taye Taiwo,Olympique Marseille,6,0,1
2007/08,29261,Jadson,Shakhtar Donetsk,6,0,1
2007/08,29364,Joao Moutinho,Sporting CP,6,0,1
2007/08,34756,Dorin Goian,Steaua Bucharest,5,0,1
2007/08,35583,Daniel Pudil,SK Slavia Prague,6,0,1
2007/08,35640,Javier Balboa,Real Madrid,2,0,1
2007/08,36802,Colin Kazm-Richards,Fenerbahce,9,0,1
2007/08,40687,Mathieu Valbuena,Olympique Marseille,6,0,1
2007/08,43758,Valentin Badea,Steaua Bucharest,6,0,1
2007/08,45566,Tijani Belaid,SK Slavia Prague,5,0,1
2007/08,46682,Dorel Zaharia,Steaua Bucharest,3,0,1
2008/09,28003,Lionel Messi,FC Barcelona,12,5,9
2008/09,10,Miroslav Klose,Bayern Munich,8,3,7
2008/09,3109,Steven Gerrard,Liverpool FC,8,1,7
2008/09,27661,Lisandro Lopez,FC Porto,10,2,6
2008/09,3207,Thierry Henry,FC Barcelona,10,3,5
2008/09,4380,Robin van Persie,Arsenal FC,8,2,5
2008/09,8883,Emmanuel Adebayor,Arsenal FC,7,2,5
2008/09,18922,Karim Benzema,Olympique Lyon,8,2,5
2008/09,3924,Didier Drogba,Chelsea FC,10,1,5
2008/09,4289,Alessandro Del Piero,Juventus FC,8,0,5
2008/09,22068,Franck Ribery,Bayern Munich,8,7,4
2008/09,3332,Wayne Rooney,Manchester United,13,3,4
2008/09,8198,Cristiano Ronaldo,Manchester United,12,3,4
2008/09,4257,Samuel Eto'o,FC Barcelona,10,2,4
2008/09,29261,Jadson,Shakhtar Donetsk,5,2,4
2008/09,12873,Vangelis Mantzios,Panathinaikos,6,1,4
2008/09,65,Dimitar Berbatov,Manchester United,9,0,4
2008/09,5878,Alberto Gilardino,ACF Fiorentina,6,0,4
2008/09,7480,Joseba Llorente,Villarreal CF,7,0,4
2008/09,19319,Danny Koevermans,PSV Eindhoven,6,0,4
2008/09,3163,Frank Lampard,Chelsea FC,11,6,3
2008/09,5354,Juninho Pernambucano,Olympique Lyon,7,5,3
2008/09,5980,Luca Toni,Bayern Munich,8,3,3
2008/09,5868,Matteo Brighi,AS Roma,7,1,3
2008/09,6106,Georgios Karagounis,Panathinaikos,7,1,3
2008/09,7895,Maxi Rodriguez,Atletico de Madrid,6,1,3
2008/09,19104,Giuseppe Rossi,Villarreal CF,8,1,3
2008/09,26399,Sergio Aguero,Atletico de Madrid,8,1,3
2008/09,44675,Bojan Krkic,FC Barcelona,9,1,3
2008/09,3407,Ruud van Nistelrooy,Real Madrid,4,0,3
2008/09,5904,Vincenzo Iaquinta,Juventus FC,5,0,3
2008/09,6118,Mamadou Niang,Olympique Marseille,5,0,3
2008/09,6448,Mirko Vucinic,AS Roma,8,0,3
2008/09,7349,Raul,Real Madrid,7,0,3
2008/09,7607,Xavi,FC Barcelona,12,7,2
2008/09,89,Ze Roberto,Bayern Munich,9,2,2
2008/09,2514,Bastian Schweinsteiger,Bayern Munich,9,2,2
2008/09,3226,Nicolas Anelka,Chelsea FC,12,2,2
2008/09,4010,Dirk Kuyt,Liverpool FC,9,2,2
2008/09,18912,Yoann Gourcuff,FC Girondins Bordeaux,6,2,2
2008/09,33713,Theo Walcott,Arsenal FC,8,2,2
2008/09,3144,Robbie Keane,Liverpool FC,5,1,2
2008/09,4276,Carlos Tevez,Manchester United,9,1,2
2008/09,5486,Seydou Keita,FC Barcelona,10,1,2
2008/09,5648,Jean Makoun,Olympique Lyon,8,1,2
2008/09,5958,Francesco Totti,AS Roma,7,1,2
2008/09,7767,Fernando Torres,Liverpool FC,7,1,2
2008/09,9809,Derlei,Sporting CP,8,1,2
2008/09,15185,Lukas Podolski,Bayern Munich,4,1,2
2008/09,65230,Sergio Busquets,FC Barcelona,8,1,2
2008/09,532,Claudio Pizarro,SV Werder Bremen,6,0,2
2008/09,3160,John Terry,Chelsea FC,11,0,2
2008/09,5588,Michael Essien,Chelsea FC,5,0,2
2008/09,5876,Adriano,Inter Milan,7,0,2
2008/09,5940,Christian Panucci,AS Roma,5,0,2
2008/09,7840,Marcos Senna,Villarreal CF,8,0,2
2008/09,8019,Simao,Atletico de Madrid,6,0,2
2008/09,8186,Dani Guiza,Fenerbahce,6,0,2
2008/09,9824,Hugo Almeida,SV Werder Bremen,3,0,2
2008/09,13952,Liedson,Sporting CP,4,0,2
2008/09,14119,Danny,Zenit St. Petersburg,6,0,2
2008/09,15952,Julio Baptista,AS Roma,7,0,2
2008/09,26244,Lucho Gonzalez,FC Porto,9,0,2
2008/09,26267,Fernandinho,Shakhtar Donetsk,6,0,2
2008/09,27612,Jeppe Curth,Aalborg BK,6,0,2
2008/09,30846,Emmanuel Culio,CFR Cluj,6,0,2
2008/09,31005,Fred,Olympique Lyon,4,0,2
2008/09,36827,Branislav Ivanovic,Chelsea FC,4,0,2
2008/09,37765,Yssouf Kone,CFR Cluj,6,0,2
2008/09,53270,Oleksandr Gladkyi,Shakhtar Donetsk,2,0,2
2008/09,23201,Anders Due,Aalborg BK,4,4,1
2008/09,3185,Robert Pires,Villarreal CF,8,3,1
2008/09,3406,Ryan Giggs,Manchester United,11,3,1
2008/09,3455,Zlatan Ibrahimovic,Inter Milan,8,3,1
2008/09,7976,Savio,Anorthosis Famagusta,4,3,1
2008/09,2904,Rafa Marquez,FC Barcelona,9,2,1
2008/09,5461,Florent Malouda,Chelsea FC,10,2,1
2008/09,7486,Joan Capdevila,Villarreal CF,8,2,1
2008/09,7570,Fabio Aurelio,Liverpool FC,7,2,1
2008/09,7600,Andres Iniesta,FC Barcelona,9,2,1
2008/09,16135,Ryan Babel,Liverpool FC,9,2,1
2008/09,41414,Lucas Leiva,Liverpool FC,10,2,1
2008/09,45146,Mario Balotelli,Inter Milan,6,2,1
2008/09,52769,Willian,Shakhtar Donetsk,6,2,1
2008/09,3084,Marek Saganowski,Aalborg BK,6,1,1
2008/09,3408,Diego Forlan,Atletico de Madrid,7,1,1
2008/09,3540,John O'Shea,Manchester United,12,1,1
2008/09,3876,Joe Cole,Chelsea FC,4,1,1
2008/09,4360,Arjen Robben,Real Madrid,6,1,1
2008/09,5464,Cedric Bardon,Anorthosis Famagusta,5,1,1
2008/09,5879,Adrian Mutu,ACF Fiorentina,6,1,1
2008/09,6234,Amauri,Juventus FC,8,1,1
2008/09,6796,Caca,Aalborg BK,4,1,1
2008/09,7373,Albert Riera,Liverpool FC,9,1,1
2008/09,7476,Xabi Alonso,Liverpool FC,8,1,1
2008/09,7682,Ariel Ibagaza,Villarreal CF,8,1,1
2008/09,7858,Yossi Benayoun,Liverpool FC,7,1,1
2008/09,7971,Salomon Kalou,Chelsea FC,8,1,1
2008/09,9800,Artem Milevskyi,Dynamo Kyiv,4,1,1
2008/09,9822,Maniche,Atletico de Madrid,8,1,1
2008/09,12883,Alexandros Tziolis,Panathinaikos,4,1,1
2008/09,15153,Dimitrios Salpingidis,Panathinaikos,8,1,1
2008/09,16182,Nikolaos Frousos,Anorthosis Famagusta,4,1,1
2008/09,18301,Maicon,Inter Milan,8,1,1
2008/09,23941,Bakari Kone,Olympique Marseille,6,1,1
2008/09,27505,Markus Rosenberg,SV Werder Bremen,6,1,1
2008/09,33448,Cristian Rodriguez,FC Porto,10,1,1
2008/09,34557,Nicklas Bendtner,Arsenal FC,10,1,1
2008/09,43845,Yannick Djalo,Sporting CP,6,1,1
2008/09,43848,Miguel Veloso,Sporting CP,7,1,1
2008/09,61960,Pavel Nekhaychik,BATE Borisov,6,1,1
2008/09,692,Tim Borowski,Bayern Munich,7,0,1
2008/09,1327,Alou Diarra,FC Girondins Bordeaux,6,0,1
2008/09,1599,Juan,AS Roma,4,0,1
2008/09,3156,William Gallas,Arsenal FC,7,0,1
2008/09,3359,Sylvinho,FC Barcelona,7,0,1
2008/09,3515,Mark van Bommel,Bayern Munich,9,0,1
2008/09,4248,Diego,SV Werder Bremen,5,0,1
2008/09,4592,Ji-sung Park,Manchester United,9,0,1
2008/09,4740,Daniel Van Buyten,Bayern Munich,5,0,1
2008/09,5357,Sidney Govou,Olympique Lyon,4,0,1
2008/09,5668,Anthony Reveillere,Olympique Lyon,4,0,1
2008/09,5683,Frederic Piquionne,Olympique Lyon,3,0,1
2008/09,5778,Marco Materazzi,Inter Milan,5,0,1
2008/09,6006,Julio Cruz,Inter Milan,5,0,1
2008/09,6320,Danko Lazovic,PSV Eindhoven,3,0,1
2008/09,6710,Per Mertesacker,SV Werder Bremen,6,0,1
2008/09,6924,Fatih Tekke,Zenit St. Petersburg,3,0,1
2008/09,8421,Michael Jakobsen,Aalborg BK,5,0,1
2008/09,9508,Shaun Maloney,Celtic FC,6,0,1
2008/09,9762,Ovidiu Petre,Steaua Bucharest,4,0,1
2008/09,9796,Oleksandr Aliev,Dynamo Kyiv,5,0,1
2008/09,12149,Lorik Cana,Olympique Marseille,6,0,1
2008/09,12804,Barry Robson,Celtic FC,5,0,1
2008/09,13121,Bruno Alves,FC Porto,10,0,1
2008/09,13799,Scott McDonald,Celtic FC,6,0,1
2008/09,13972,Tonel,Sporting CP,5,0,1
2008/09,15074,Pavel Pogrebnyak,Zenit St. Petersburg,6,0,1
2008/09,15209,Andreas Johansson,Aalborg BK,5,0,1
2008/09,15291,Mancini,Inter Milan,4,0,1
2008/09,15420,Alex,Chelsea FC,9,0,1
2008/09,18944,Gerard Pique,FC Barcelona,12,0,1
2008/09,19726,Nemanja Vidic,Manchester United,9,0,1
2008/09,20405,Wendel,FC Girondins Bordeaux,6,0,1
2008/09,21333,Aiden McGeady,Celtic FC,4,0,1
2008/09,21409,Mariano Gonzalez,FC Porto,7,0,1
2008/09,21863,Andrea Dossena,Liverpool FC,6,0,1
2008/09,25557,Sergio Ramos,Real Madrid,8,0,1
2008/09,26099,Lino,FC Porto,3,0,1
2008/09,26763,Abou Diaby,Arsenal FC,7,0,1
2008/09,27300,Rolando,FC Porto,10,0,1
2008/09,27394,Alex Song,Arsenal FC,10,0,1
2008/09,29009,Nikos Nikolaou,Anorthosis Famagusta,4,0,1
2008/09,29077,Josu Sarriegi,Panathinaikos,7,0,1
2008/09,29364,Joao Moutinho,Sporting CP,8,0,1
2008/09,33366,Abdul Kader Keita,Olympique Lyon,5,0,1
2008/09,34529,Ismael Bangoura,Dynamo Kyiv,6,0,1
2008/09,34601,Raul Garcia,Atletico de Madrid,8,0,1
2008/09,34706,Dani Soares,CFR Cluj,5,0,1
2008/09,34756,Dorin Goian,Steaua Bucharest,5,0,1
2008/09,35513,Arthuro,Steaua Bucharest,3,0,1
2008/09,36802,Colin Kazm-Richards,Fenerbahce,4,0,1
2008/09,37221,Thomas Enevoldsen,Aalborg BK,6,0,1
2008/09,37558,Guillermo Franco,Villarreal CF,6,0,1
2008/09,41242,David N'Gog,Liverpool FC,3,0,1
2008/09,44367,Roman Eremenko,Dynamo Kyiv,6,0,1
2008/09,47543,Eren Derdiyok,FC Basel 1893,5,0,1
2008/09,50057,Aaron Ramsey,Arsenal FC,5,0,1
2008/09,52937,Ilsinho,Shakhtar Donetsk,2,0,1
2008/09,53238,Sergey Krivets,BATE Borisov,6,0,1
2008/09,53345,Giorgos Panagi,Anorthosis Famagusta,4,0,1
2008/09,54384,Hawar Mulla Mohammed,Anorthosis Famagusta,6,0,1
2008/09,55461,Igor Stasevich,BATE Borisov,6,0,1
2008/09,58178,David Abraham,FC Basel 1893,4,0,1
2008/09,58358,Thomas Muller,Bayern Munich,1,0,1
2008/09,58460,Sinisa Dobrasinovic,Anorthosis Famagusta,5,0,1
2008/09,59908,Yevgen Seleznyov,Shakhtar Donetsk,3,0,1
2009/10,28003,Lionel Messi,FC Barcelona,11,0,8
2009/10,7427,Ivica Olic,Bayern Munich,10,2,7
2009/10,8198,Cristiano Ronaldo,Real Madrid,6,1,7
2009/10,22202,Diego Milito,Inter Milan,11,3,6
2009/10,3332,Wayne Rooney,Manchester United,7,1,5
2009/10,34557,Nicklas Bendtner,Arsenal FC,5,1,5
2009/10,19085,Marouane Chamakh,FC Girondins Bordeaux,9,0,5
2009/10,44162,Miralem Pjanic,Olympique Lyon,12,4,4
2009/10,3455,Zlatan Ibrahimovic,FC Barcelona,10,2,4
2009/10,8806,Cesc Fabregas,Arsenal FC,7,2,4
2009/10,39152,Radamel Falcao,FC Porto,8,1,4
2009/10,46104,Stevan Jovetic,ACF Fiorentina,4,1,4
2009/10,65278,Pedro,FC Barcelona,9,1,4
2009/10,1397,Michael Owen,Manchester United,6,0,4
2009/10,4360,Arjen Robben,Bayern Munich,10,0,4
2009/10,18828,Milos Krasic,CSKA Moscow,9,0,4
2009/10,28396,Edin Dzeko,VfL Wolfsburg,6,0,4
2009/10,4673,Wesley Sneijder,Inter Milan,11,6,3
2009/10,5878,Alberto Gilardino,ACF Fiorentina,7,5,3
2009/10,5879,Adrian Mutu,ACF Fiorentina,4,2,3
2009/10,3373,Ronaldinho,AC Milan,7,1,3
2009/10,3397,Paul Scholes,Manchester United,7,1,3
2009/10,18935,Samir Nasri,Arsenal FC,6,1,3
2009/10,27661,Lisandro Lopez,Olympique Lyon,10,1,3
2009/10,69683,Alan Dzagoev,CSKA Moscow,8,1,3
2009/10,80562,Hulk,FC Porto,8,1,3
2009/10,3226,Nicolas Anelka,Chelsea FC,7,0,3
2009/10,3924,Didier Drogba,Chelsea FC,5,0,3
2009/10,7971,Salomon Kalou,Chelsea FC,6,0,3
2009/10,12906,Michael Ciani,FC Girondins Bordeaux,9,0,3
2009/10,37772,Grafite,VfL Wolfsburg,4,0,3
2009/10,33706,Nani,Manchester United,8,5,2
2009/10,19082,Luis Fabiano,Sevilla FC,6,4,2
2009/10,30584,Juan Manuel Vargas,ACF Fiorentina,8,4,2
2009/10,39665,Tomas Necid,CSKA Moscow,10,4,2
2009/10,15956,Jesus Navas,Sevilla FC,8,3,2
2009/10,33544,Antonio Valencia,Manchester United,9,3,2
2009/10,58358,Thomas Muller,Bayern Munich,12,3,2
2009/10,4257,Samuel Eto'o,Inter Milan,13,2,2
2009/10,7349,Raul,Real Madrid,7,2,2
2009/10,12142,Michel Bastos,Olympique Lyon,9,2,2
2009/10,15074,Pavel Pogrebnyak,VfB Stuttgart,8,2,2
2009/10,18912,Yoann Gourcuff,FC Girondins Bordeaux,8,2,2
2009/10,3700,Frederic Kanoute,Sevilla FC,7,1,2
2009/10,14933,Milan Jovanovic,Standard Liege,5,1,2
2009/10,18944,Gerard Pique,FC Barcelona,11,1,2
2009/10,18958,Alejandro Dominguez,Rubin Kazan,6,1,2
2009/10,26244,Lucho Gonzalez,Olympique Marseille,5,1,2
2009/10,39153,Gonzalo Higuain,Real Madrid,7,1,2
2009/10,3428,Dejan Stankovic,Inter Milan,12,0,2
2009/10,5293,Sebastien Squillaci,Sevilla FC,4,0,2
2009/10,5555,Gabriel Heinze,Olympique Marseille,6,0,2
2009/10,5821,Filippo Inzaghi,AC Milan,7,0,2
2009/10,7858,Yossi Benayoun,Liverpool FC,6,0,2
2009/10,22388,Bafetimbi Gomis,Olympique Lyon,9,0,2
2009/10,25441,Zdravko Kuzmanovic,VfB Stuttgart,6,0,2
2009/10,26079,Nenad Mirosavljevic,APOEL Nicosia,5,0,2
2009/10,26399,Sergio Aguero,Atletico de Madrid,6,0,2
2009/10,34374,Gergely Rudolf,Debreceni VSC,4,0,2
2009/10,34944,Konstantinos Mitroglou,Olympiacos Piraeus,8,0,2
2009/10,37579,Alexandre Pato,AC Milan,7,0,2
2009/10,38497,Jeremain Lens,AZ Alkmaar,5,0,2
2009/10,53399,Adamo Coulibaly,Debreceni VSC,6,0,2
2009/10,15378,Andrey Arshavin,Arsenal FC,6,5,1
2009/10,3366,Kaka,Real Madrid,7,4,1
2009/10,4168,Clarence Seedorf,AC Milan,8,3,1
2009/10,5873,Marco Marchionni,ACF Fiorentina,7,3,1
2009/10,7607,Xavi,FC Barcelona,11,3,1
2009/10,9800,Artem Milevskyi,Dynamo Kyiv,6,3,1
2009/10,22068,Franck Ribery,Bayern Munich,7,3,1
2009/10,2309,Zvjezdan Misimovic,VfL Wolfsburg,6,2,1
2009/10,3522,Andriy Shevchenko,Dynamo Kyiv,6,2,1
2009/10,3547,Darren Fletcher,Manchester United,7,2,1
2009/10,3730,Kim Kallstrom,Olympique Lyon,11,2,1
2009/10,4740,Daniel Van Buyten,Bayern Munich,12,2,1
2009/10,6118,Mamadou Niang,Olympique Marseille,6,2,1
2009/10,6288,Mario Gomez,Bayern Munich,12,2,1
2009/10,8885,Jaroslav Plasil,FC Girondins Bordeaux,9,2,1
2009/10,15338,Fernando,FC Girondins Bordeaux,9,2,1
2009/10,27303,Gerson Magrao,Dynamo Kyiv,6,2,1
2009/10,46505,Marius Bilasco,Unirea Urziceni ( - 2011),6,2,1
2009/10,1426,Cacau,VfB Stuttgart,6,1,1
2009/10,3163,Frank Lampard,Chelsea FC,7,1,1
2009/10,3406,Ryan Giggs,Manchester United,3,1,1
2009/10,3515,Mark van Bommel,Bayern Munich,10,1,1
2009/10,4380,Robin van Persie,Arsenal FC,3,1,1
2009/10,5357,Sidney Govou,Olympique Lyon,11,1,1
2009/10,5588,Michael Essien,Chelsea FC,6,1,1
2009/10,5645,Benoit Cheyrou,Olympique Marseille,6,1,1
2009/10,5648,Jean Makoun,Olympique Lyon,11,1,1
2009/10,5825,Marco Borriello,AC Milan,5,1,1
2009/10,5970,Dario Dainelli,ACF Fiorentina,5,1,1
2009/10,7530,Guti,Real Madrid,3,1,1
2009/10,13058,Emmanuel Eboue,Arsenal FC,9,1,1
2009/10,13121,Bruno Alves,FC Porto,8,1,1
2009/10,14944,Anatoliy Tymoshchuk,Bayern Munich,7,1,1
2009/10,15445,Renato,Sevilla FC,5,1,1
2009/10,15730,Evgeniy Aldonin,CSKA Moscow,7,1,1
2009/10,15904,Thomas Vermaelen,Arsenal FC,9,1,1
2009/10,18301,Maicon,Inter Milan,13,1,1
2009/10,18922,Karim Benzema,Real Madrid,5,1,1
2009/10,22814,Alexandre Alphonse,FC Zurich,6,1,1
2009/10,24633,Eduardo,Arsenal FC,4,1,1
2009/10,26763,Abou Diaby,Arsenal FC,8,1,1
2009/10,34495,Adriano,Sevilla FC,4,1,1
2009/10,44624,Dieumerci Mbokani,Standard Liege,6,1,1
2009/10,45146,Mario Balotelli,Inter Milan,8,1,1
2009/10,46928,Milan Gajic,FC Zurich,6,1,1
2009/10,51711,Pablo Brandan,Unirea Urziceni ( - 2011),6,1,1
2009/10,54984,Diego Perotti,Sevilla FC,6,1,1
2009/10,57051,Sebastian Rudy,VfB Stuttgart,4,1,1
2009/10,66521,Keisuke Honda,CSKA Moscow,4,1,1
2009/10,90681,Eliaquim Mangala,Standard Liege,5,1,1
2009/10,10,Miroslav Klose,Bayern Munich,8,0,1
2009/10,294,Hans Jorg Butt,Bayern Munich,13,0,1
2009/10,3059,Ekrem Dag,Besiktas JK,6,0,1
2009/10,3198,Sol Campbell,Arsenal FC,2,0,1
2009/10,3413,Rodrigo Tello,Besiktas JK,6,0,1
2009/10,3878,Michael Carrick,Manchester United,8,0,1
2009/10,4010,Dirk Kuyt,Liverpool FC,6,0,1
2009/10,4146,David Trezeguet,Juventus FC,4,0,1
2009/10,4592,Ji-sung Park,Manchester United,6,0,1
2009/10,4811,Hilton,Olympique Marseille,2,0,1
2009/10,4869,Silvan Aegerter,FC Zurich,6,0,1
2009/10,5762,Mauro Camoranesi,Juventus FC,6,0,1
2009/10,5817,Andrea Pirlo,AC Milan,8,0,1
2009/10,5892,Martin Jrgensen,ACF Fiorentina,4,0,1
2009/10,5904,Vincenzo Iaquinta,Juventus FC,2,0,1
2009/10,5938,Walter Samuel,Inter Milan,13,0,1
2009/10,6721,Mario Santana,ACF Fiorentina,5,0,1
2009/10,6871,Gokdeniz Karadeniz,Rubin Kazan,6,0,1
2009/10,7252,Aleksandr Ryazantsev,Rubin Kazan,6,0,1
2009/10,7520,Esteban Cambiasso,Inter Milan,12,0,1
2009/10,8019,Simao,Atletico de Madrid,6,0,1
2009/10,9554,Xavier Margairaz,FC Zurich,6,0,1
2009/10,9608,Hannu Tihinen,FC Zurich,6,0,1
2009/10,9754,Ieroklis Stoltidis,Olympiacos Piraeus,6,0,1
2009/10,9794,Oleg Gusev,Dynamo Kyiv,4,0,1
2009/10,11360,Lee McCulloch,Rangers FC,6,0,1
2009/10,12112,Per Kroldrup,ACF Fiorentina,5,0,1
2009/10,12379,Marc Planus,FC Girondins Bordeaux,7,0,1
2009/10,12844,Nacho Novo,Rangers FC,6,0,1
2009/10,13023,Igor de Camargo,Standard Liege,5,0,1
2009/10,13207,Antonio Semedo,Unirea Urziceni ( - 2011),4,0,1
2009/10,13388,Marcin Zewlakow,APOEL Nicosia,3,0,1
2009/10,14948,Brandao,Olympique Marseille,6,0,1
2009/10,15362,Vasiliy Berezutskiy,CSKA Moscow,10,0,1
2009/10,15452,Raul Albiol,Real Madrid,8,0,1
2009/10,16135,Ryan Babel,Liverpool FC,3,0,1
2009/10,16833,Ciprian Marica,VfB Stuttgart,4,0,1
2009/10,16913,David Mendes da Silva,AZ Alkmaar,6,0,1
2009/10,18644,Alvaro Negredo,Sevilla FC,7,0,1
2009/10,19112,Christian Gentner,VfL Wolfsburg,6,0,1
2009/10,19446,Riccardo Montolivo,ACF Fiorentina,8,0,1
2009/10,20410,Jussie,FC Girondins Bordeaux,7,0,1
2009/10,21490,Mounir El Hamdaoui,AZ Alkmaar,4,0,1
2009/10,21750,Mark Gonzalez,CSKA Moscow,5,0,1
2009/10,22139,Abdoulay Konko,Sevilla FC,4,0,1
2009/10,24977,Vasilios Torosidis,Olympiacos Piraeus,4,0,1
2009/10,25780,Ayila Yussuf,Dynamo Kyiv,4,0,1
2009/10,27300,Rolando,FC Porto,7,0,1
2009/10,29248,Elson,VfB Stuttgart,2,0,1
2009/10,29260,Giorgio Chiellini,Juventus FC,4,0,1
2009/10,31316,Varela,FC Porto,5,0,1
2009/10,31427,Cesar Delgado,Olympique Lyon,10,0,1
2009/10,33713,Theo Walcott,Arsenal FC,6,0,1
2009/10,33862,Sinan Bolat,Standard Liege,6,0,1
2009/10,34593,Serdar Tasc,VfB Stuttgart,6,0,1
2009/10,35631,Royston Drenthe,Real Madrid,2,0,1
2009/10,37944,Bobo,Besiktas JK,5,0,1
2009/10,38074,Madjid Bougherra,Rangers FC,3,0,1
2009/10,38440,Christian Trasch,VfB Stuttgart,6,0,1
2009/10,40688,Fabrice Abriel,Olympique Marseille,5,0,1
2009/10,41242,David N'Gog,Liverpool FC,3,0,1
2009/10,42352,Denilson,Arsenal FC,5,0,1
2009/10,42413,Darron Gibson,Manchester United,4,0,1
2009/10,43742,Peter Czvitkovics,Debreceni VSC,6,0,1
2009/10,44675,Bojan Krkic,FC Barcelona,5,0,1
2009/10,45196,Taras Mykhalyk,Dynamo Kyiv,4,0,1
2009/10,47500,Marius Onofras,Unirea Urziceni ( - 2011),4,0,1
2009/10,57515,Aly Cissokho,Olympique Lyon,12,0,1
2009/10,60542,Maxime Gonalons,Olympique Lyon,8,0,1
2009/10,64252,Dacian Varga,Unirea Urziceni ( - 2011),6,0,1
2009/10,65252,Leonardo Jesus,Olympiacos Piraeus,4,0,1
2009/10,117976,Moussa Traore,Standard Liege,4,0,1
2010/11,28003,Lionel Messi,FC Barcelona,13,4,12
2010/11,4257,Samuel Eto'o,Inter Milan,10,5,8
2010/11,6288,Mario Gomez,Bayern Munich,8,1,8
2010/11,3226,Nicolas Anelka,Chelsea FC,9,1,7
2010/11,8198,Cristiano Ronaldo,Real Madrid,12,4,6
2010/11,18922,Karim Benzema,Real Madrid,8,1,6
2010/11,34870,Roberto Soldado,Valencia CF,7,1,6
2010/11,7349,Raul,FC Schalke 04,12,3,5
2010/11,65278,Pedro,FC Barcelona,12,2,5
2010/11,39381,Gareth Bale,Tottenham Hotspur,9,3,4
2010/11,3332,Wayne Rooney,Manchester United,9,2,4
2010/11,4072,Peter Crouch,Tottenham Hotspur,9,2,4
2010/11,5825,Marco Borriello,AS Roma,8,2,4
2010/11,16649,Jefferson Farfan,FC Schalke 04,10,2,4
2010/11,7980,David Villa,FC Barcelona,12,1,4
2010/11,50935,Chicharito,Manchester United,9,1,4
2010/11,3455,Zlatan Ibrahimovic,AC Milan,8,0,4
2010/11,24633,Eduardo,Shakhtar Donetsk,8,0,4
2010/11,48974,Luiz Adriano,Shakhtar Donetsk,10,0,4
2010/11,58358,Thomas Muller,Bayern Munich,8,4,3
2010/11,28261,Jose Manuel Jurado,FC Schalke 04,11,3,3
2010/11,45320,Angel Di Maria,Real Madrid,10,3,3
2010/11,4673,Wesley Sneijder,Inter Milan,9,2,3
2010/11,8806,Cesc Fabregas,Arsenal FC,5,2,3
2010/11,15378,Andrey Arshavin,Arsenal FC,6,2,3
2010/11,4977,Alex Frei,FC Basel 1893,6,1,3
2010/11,12142,Michel Bastos,Olympique Lyon,7,1,3
2010/11,19085,Marouane Chamakh,Arsenal FC,6,1,3
2010/11,85093,Eran Zahavi,Hapoel Tel Aviv,6,1,3
2010/11,4357,Klaas-Jan Huntelaar,FC Schalke 04,8,0,3
2010/11,15072,Roman Pavlyuchenko,Tottenham Hotspur,6,0,3
2010/11,31645,Anderson,Manchester United,6,0,3
2010/11,35245,Matheus,SC Braga,6,0,3
2010/11,43907,Andre-Pierre Gignac,Olympique Marseille,5,0,3
2010/11,59631,Nacer Chadli,FC Twente Enschede,6,0,3
2010/11,7607,Xavi,FC Barcelona,12,3,2
2010/11,15951,Dani Alves,FC Barcelona,12,3,2
2010/11,18935,Samir Nasri,Arsenal FC,8,3,2
2010/11,29261,Jadson,Shakhtar Donetsk,10,3,2
2010/11,44501,Marcelo,Real Madrid,12,3,2
2010/11,52769,Willian,Shakhtar Donetsk,10,3,2
2010/11,75615,Douglas Costa,Shakhtar Donetsk,10,3,2
2010/11,2514,Bastian Schweinsteiger,Bayern Munich,7,2,2
2010/11,3924,Didier Drogba,Chelsea FC,7,2,2
2010/11,23592,Martin Vingaard,FC Copenhagen,8,2,2
2010/11,4192,Rafael van der Vaart,Tottenham Hotspur,7,1,2
2010/11,4425,Theo Janssen,FC Twente Enschede,5,1,2
2010/11,5958,Francesco Totti,AS Roma,7,1,2
2010/11,16993,Jeremy Menez,AS Roma,6,1,2
2010/11,22068,Franck Ribery,Bayern Munich,4,1,2
2010/11,26244,Lucho Gonzalez,Olympique Marseille,8,1,2
2010/11,27661,Lisandro Lopez,Olympique Lyon,5,1,2
2010/11,77003,Tino Costa,Valencia CF,7,1,2
2010/11,3428,Dejan Stankovic,Inter Milan,7,0,2
2010/11,3875,Jermain Defoe,Tottenham Hotspur,4,0,2
2010/11,4380,Robin van Persie,Arsenal FC,3,0,2
2010/11,5821,Filippo Inzaghi,AC Milan,3,0,2
2010/11,8883,Emmanuel Adebayor,Real Madrid,6,0,2
2010/11,9543,Edu,FC Schalke 04,8,0,2
2010/11,13230,Luisao,SL Benfica,6,0,2
2010/11,14948,Brandao,Olympique Marseille,7,0,2
2010/11,19087,Demy de Zeeuw,Ajax Amsterdam,6,0,2
2010/11,22388,Bafetimbi Gomis,Olympique Lyon,7,0,2
2010/11,29124,Aritz Aduriz,Valencia CF,8,0,2
2010/11,29377,Ibson,Spartak Moscow,6,0,2
2010/11,33648,Fabio Coentrao,SL Benfica,6,0,2
2010/11,33713,Theo Walcott,Arsenal FC,5,0,2
2010/11,34506,Ionut Rada,CFR Cluj,6,0,2
2010/11,35773,Carlos Vela,Arsenal FC,4,0,2
2010/11,36827,Branislav Ivanovic,Chelsea FC,10,0,2
2010/11,38539,Ari,Spartak Moscow,4,0,2
2010/11,39020,Benedikt Howedes,FC Schalke 04,10,0,2
2010/11,39153,Gonzalo Higuain,Real Madrid,6,0,2
2010/11,41384,Marko Arnautovic,SV Werder Bremen,5,0,2
2010/11,42710,Toby Alderweireld,Ajax Amsterdam,5,0,2
2010/11,44855,Dame N'Doye,FC Copenhagen,8,0,2
2010/11,45121,Loic Remy,Olympique Marseille,7,0,2
2010/11,45858,Christian Noboa,Rubin Kazan,6,0,2
2010/11,46220,Pablo Hernandez,Valencia CF,6,0,2
2010/11,47082,Daniel Sturridge,Chelsea FC,5,0,2
2010/11,48929,Cleo,FK Partizan Belgrade,6,0,2
2010/11,69006,Lacina Traore,CFR Cluj,6,0,2
2010/11,7600,Andres Iniesta,FC Barcelona,10,7,1
2010/11,35664,Mesut Ozil,Real Madrid,11,7,1
2010/11,3406,Ryan Giggs,Manchester United,8,5,1
2010/11,14942,Darijo Srna,Shakhtar Donetsk,9,5,1
2010/11,30846,Emmanuel Culio,CFR Cluj,6,4,1
2010/11,44068,Juan Mata,Valencia CF,7,3,1
2010/11,44352,Luis Suarez,Ajax Amsterdam,5,3,1
2010/11,74223,Jack Wilshere,Arsenal FC,7,3,1
2010/11,3137,Jesper Grnkjr,FC Copenhagen,8,2,1
2010/11,4592,Ji-sung Park,Manchester United,9,2,1
2010/11,5588,Michael Essien,Chelsea FC,8,2,1
2010/11,7520,Esteban Cambiasso,Inter Milan,7,2,1
2010/11,12563,Goran Pandev,Inter Milan,7,2,1
2010/11,14940,Razvan Rat,Shakhtar Donetsk,9,2,1
2010/11,18909,Jimmy Briand,Olympique Lyon,8,2,1
2010/11,18958,Alejandro Dominguez,Valencia CF,6,2,1
2010/11,27370,Alex,Spartak Moscow,4,2,1
2010/11,27394,Alex Song,Arsenal FC,5,2,1
2010/11,33544,Antonio Valencia,Manchester United,7,2,1
2010/11,40687,Mathieu Valbuena,Olympique Marseille,8,2,1
2010/11,93720,Alexandre Lacazette,Olympique Lyon,2,2,1
2010/11,532,Claudio Pizarro,SV Werder Bremen,3,1,1
2010/11,3160,John Terry,Chelsea FC,8,1,1
2010/11,3373,Ronaldinho,AC Milan,5,1,1
2010/11,3547,Darren Fletcher,Manchester United,7,1,1
2010/11,5461,Florent Malouda,Chelsea FC,9,1,1
2010/11,5555,Gabriel Heinze,Olympique Marseille,8,1,1
2010/11,5947,Daniele De Rossi,AS Roma,7,1,1
2010/11,7663,Joaquin,Valencia CF,5,1,1
2010/11,9824,Hugo Almeida,SV Werder Bremen,5,1,1
2010/11,16639,Douglas Silva,Hapoel Tel Aviv,6,1,1
2010/11,16760,Yuriy Zhirkov,Chelsea FC,7,1,1
2010/11,18912,Yoann Gourcuff,Olympique Lyon,7,1,1
2010/11,21490,Mounir El Hamdaoui,Ajax Amsterdam,6,1,1
2010/11,27992,Luka Modric,Tottenham Hotspur,8,1,1
2010/11,40436,Ben Sahar,Hapoel Tel Aviv,6,1,1
2010/11,42413,Darron Gibson,Manchester United,3,1,1
2010/11,45178,Valentin Stocker,FC Basel 1893,5,1,1
2010/11,45865,Oscar Cardozo,SL Benfica,4,1,1
2010/11,47604,Sercan Yldrm,Bursaspor,6,1,1
2010/11,86792,Xherdan Shaqiri,FC Basel 1893,6,1,1
2010/11,106306,Samuel Inkoom,FC Basel 1893,6,1,1
2010/11,10,Miroslav Klose,Bayern Munich,2,0,1
2010/11,1161,Javier Zanetti,Inter Milan,8,0,1
2010/11,4570,Denny Landzaat,FC Twente Enschede,6,0,1
2010/11,4750,Kenny Miller,Rangers FC,6,0,1
2010/11,5293,Sebastien Squillaci,Arsenal FC,6,0,1
2010/11,5357,Sidney Govou,Panathinaikos,2,0,1
2010/11,5422,Philippe Mexes,AS Roma,6,0,1
2010/11,5486,Seydou Keita,FC Barcelona,10,0,1
2010/11,5614,Cedric Kante,Panathinaikos,4,0,1
2010/11,5922,Simone Perrotta,AS Roma,6,0,1
2010/11,7602,Thiago Motta,Inter Milan,5,0,1
2010/11,9819,Ricardo Costa,Valencia CF,7,0,1
2010/11,12503,Souleymane Diawara,Olympique Marseille,7,0,1
2010/11,12763,Steven Naismith,Rangers FC,6,0,1
2010/11,14274,Cadu,CFR Cluj,6,0,1
2010/11,14944,Anatoliy Tymoshchuk,Bayern Munich,6,0,1
2010/11,15109,Moises Moura,SC Braga,5,0,1
2010/11,18405,Tomas Oravec,MSK Zilina,6,0,1
2010/11,18944,Gerard Pique,FC Barcelona,12,0,1
2010/11,22202,Diego Milito,Inter Milan,4,0,1
2010/11,22746,Nikita Bazhenov,Spartak Moscow,1,0,1
2010/11,25732,Dmytro Chygrynskyi,Shakhtar Donetsk,5,0,1
2010/11,26105,Valter Birsa,AJ Auxerre,5,0,1
2010/11,26432,Pablo Batalla,Bursaspor,3,0,1
2010/11,27114,Younes Kaboul,Tottenham Hotspur,3,0,1
2010/11,28260,Alvaro Arbeloa,Real Madrid,9,0,1
2010/11,33046,Cabral,FC Basel 1893,4,0,1
2010/11,33706,Nani,Manchester United,12,0,1
2010/11,35251,Marko Marin,SV Werder Bremen,6,0,1
2010/11,35813,Victor Vazquez,FC Barcelona,1,0,1
2010/11,36350,Javi Garcia,SL Benfica,6,0,1
2010/11,37760,Vincent Enyeama,Hapoel Tel Aviv,6,0,1
2010/11,37838,Dejan Lovren,Olympique Lyon,6,0,1
2010/11,37981,Sebastian Prodl,SV Werder Bremen,6,0,1
2010/11,39113,Federico Almerares,FC Basel 1893,4,0,1
2010/11,39831,Leandro Greco,AS Roma,3,0,1
2010/11,43261,Gabriel Obertan,Manchester United,3,0,1
2010/11,44162,Miralem Pjanic,Olympique Lyon,8,0,1
2010/11,44760,Itay Shechter,Hapoel Tel Aviv,5,0,1
2010/11,49500,Roberto Rosales,FC Twente Enschede,6,0,1
2010/11,50987,Maurice Edu,Rangers FC,4,0,1
2010/11,51587,Pedro Leon,Real Madrid,4,0,1
2010/11,52209,Steeven Langil,AJ Auxerre,4,0,1
2010/11,53922,Alan Kardec,SL Benfica,4,0,1
2010/11,54470,Lima,SC Braga,6,0,1
2010/11,59970,Taras Stepanenko,Shakhtar Donetsk,2,0,1
2010/11,61380,Mario Gavranovic,FC Schalke 04,1,0,1
2010/11,65237,Andreu Fontas,FC Barcelona,1,0,1
2010/11,68275,Claudemir,FC Copenhagen,8,0,1
2010/11,72522,Luuk de Jong,FC Twente Enschede,6,0,1
2010/11,80173,Frederic Sammaritano,AJ Auxerre,3,0,1
2010/11,82105,Joel Matip,FC Schalke 04,11,0,1
2010/11,89222,Yaroslav Rakitskyi,Shakhtar Donetsk,10,0,1
2010/11,90257,Tomas Majtan,MSK Zilina,5,0,1
2010/11,91749,Bello Babatounde,MSK Zilina,4,0,1
2010/11,153427,Bebe,Manchester United,1,0,1
2011/12,28003,Lionel Messi,FC Barcelona,11,5,14
2011/12,6288,Mario Gomez,Bayern Munich,12,1,12
2011/12,8198,Cristiano Ronaldo,Real Madrid,10,3,10
2011/12,18922,Karim Benzema,Real Madrid,11,5,7
2011/12,3924,Didier Drogba,Chelsea FC,8,2,6
2011/12,3455,Zlatan Ibrahimovic,AC Milan,8,4,5
2011/12,48280,Edinson Cavani,SSC Napoli,8,2,5
2011/12,4977,Alex Frei,FC Basel 1893,7,1,5
2011/12,34870,Roberto Soldado,Valencia CF,6,1,5
2011/12,22388,Bafetimbi Gomis,Olympique Lyon,7,0,5
2011/12,48550,Roman Shirokov,Zenit St. Petersburg,8,0,5
2011/12,61253,Jose Callejon,Real Madrid,5,0,5
2011/12,75287,Seydou Doumbia,CSKA Moscow,7,0,5
2011/12,4360,Arjen Robben,Bayern Munich,8,2,4
2011/12,45865,Oscar Cardozo,SL Benfica,9,1,4
2011/12,65278,Pedro,FC Barcelona,9,1,4
2011/12,80562,Hulk,FC Porto,6,1,4
2011/12,4380,Robin van Persie,Arsenal FC,7,0,4
2011/12,14329,Gustavo Manduca,APOEL Nicosia,9,0,4
2011/12,45403,Andre Ayew,Olympique Marseille,9,0,4
2011/12,3366,Kaka,Real Madrid,8,6,3
2011/12,7767,Fernando Torres,Chelsea FC,10,5,3
2011/12,22068,Franck Ribery,Bayern Munich,12,5,3
2011/12,50143,Jonas,Valencia CF,5,4,3
2011/12,3163,Frank Lampard,Chelsea FC,12,3,3
2011/12,15511,Robinho,AC Milan,8,2,3
2011/12,39153,Gonzalo Higuain,Real Madrid,12,2,3
2011/12,54170,Ramires,Chelsea FC,10,2,3
2011/12,7600,Andres Iniesta,FC Barcelona,8,1,3
2011/12,7980,David Villa,FC Barcelona,4,1,3
2011/12,19447,Giampaolo Pazzini,Inter Milan,6,1,3
2011/12,32860,Ailton,APOEL Nicosia,9,1,3
2011/12,52595,Fabian Frei,FC Basel 1893,8,1,3
2011/12,13091,Yaya Toure,Manchester City,6,0,3
2011/12,16922,Kevin-Prince Boateng,AC Milan,7,0,3
2011/12,22382,Moussa Sow,LOSC Lille,6,0,3
2011/12,48974,Luiz Adriano,Shakhtar Donetsk,6,0,3
2011/12,31909,Toni Kroos,Bayern Munich,12,8,2
2011/12,4879,Marco Streller,FC Basel 1893,7,5,2
2011/12,35664,Mesut Ozil,Real Madrid,10,5,2
2011/12,50570,Ezequiel Lavezzi,SSC Napoli,8,5,2
2011/12,44068,Juan Mata,Chelsea FC,12,3,2
2011/12,19041,Gokhan Inler,SSC Napoli,8,2,2
2011/12,22202,Diego Milito,Inter Milan,7,2,2
2011/12,45121,Loic Remy,Olympique Marseille,9,2,2
2011/12,58358,Thomas Muller,Bayern Munich,12,2,2
2011/12,3332,Wayne Rooney,Manchester United,4,1,2
2011/12,13168,Raul Meireles,Chelsea FC,11,1,2
2011/12,37579,Alexandre Pato,AC Milan,5,1,2
2011/12,38593,Marek Hamsik,SSC Napoli,8,1,2
2011/12,39003,David Fuster,Olympiacos Piraeus,4,1,2
2011/12,45146,Mario Balotelli,Manchester City,3,1,2
2011/12,45320,Angel Di Maria,Real Madrid,7,1,2
2011/12,74935,Marek Bakos,FC Viktoria Plzen,6,1,2
2011/12,110074,Bruno Cesar,SL Benfica,10,1,2
2011/12,7427,Ivica Olic,Bayern Munich,5,0,2
2011/12,7971,Salomon Kalou,Chelsea FC,7,0,2
2011/12,18542,Francois Modesto,Olympiacos Piraeus,6,0,2
2011/12,20903,Rafik Djebbour,Olympiacos Piraeus,6,0,2
2011/12,36827,Branislav Ivanovic,Chelsea FC,10,0,2
2011/12,40433,Alexis Sanchez,FC Barcelona,6,0,2
2011/12,42748,Jelle Vossen,KRC Genk,6,0,2
2011/12,47543,Eren Derdiyok,Bayer 04 Leverkusen,7,0,2
2011/12,57834,Maxi Pereira,SL Benfica,9,0,2
2011/12,66008,Renan Bressan,BATE Borisov,6,0,2
2011/12,67063,Danny Welbeck,Manchester United,2,0,2
2011/12,85475,Federico Fernandez,SSC Napoli,2,0,2
2011/12,141834,Cristian Tello,FC Barcelona,3,0,2
2011/12,8806,Cesc Fabregas,FC Barcelona,9,3,1
2011/12,18829,Vagner Love,CSKA Moscow,6,3,1
2011/12,69683,Alan Dzagoev,CSKA Moscow,8,3,1
2011/12,63,Michael Ballack,Bayer 04 Leverkusen,6,2,1
2011/12,3406,Ryan Giggs,Manchester United,3,2,1
2011/12,7607,Xavi,FC Barcelona,9,2,1
2011/12,18909,Jimmy Briand,Olympique Lyon,8,2,1
2011/12,35518,David Silva,Manchester City,6,2,1
2011/12,38253,Robert Lewandowski,Borussia Dortmund,6,2,1
2011/12,39102,Sidney Sam,Bayer 04 Leverkusen,6,2,1
2011/12,69633,Christian Eriksen,Ajax Amsterdam,6,2,1
2011/12,77003,Tino Costa,Valencia CF,3,2,1
2011/12,88103,James Rodriguez,FC Porto,6,2,1
2011/12,123256,Liviu Antal,Otelul Galati,6,2,1
2011/12,143424,Alex Oxlade-Chamberlain,Arsenal FC,4,2,1
2011/12,1791,Halil Altntop,Trabzonspor,6,1,1
2011/12,2889,Benjamin Huggel,FC Basel 1893,5,1,1
2011/12,3411,Pablo Aimar,SL Benfica,8,1,1
2011/12,7520,Esteban Cambiasso,Inter Milan,8,1,1
2011/12,14119,Danny,Zenit St. Petersburg,6,1,1
2011/12,15117,Konstantin Zyryanov,Zenit St. Petersburg,8,1,1
2011/12,21042,Michal Kadlec,Bayer 04 Leverkusen,8,1,1
2011/12,22203,Antonio Nocerino,AC Milan,10,1,1
2011/12,25557,Sergio Ramos,Real Madrid,11,1,1
2011/12,26456,Mauro Zarate,Inter Milan,7,1,1
2011/12,27661,Lisandro Lopez,Olympique Lyon,4,1,1
2011/12,29261,Jadson,Shakhtar Donetsk,4,1,1
2011/12,33544,Antonio Valencia,Manchester United,5,1,1
2011/12,36080,Miralem Sulejmani,Ajax Amsterdam,6,1,1
2011/12,40254,Viktor Fayzulin,Zenit St. Petersburg,8,1,1
2011/12,40500,Gustavo Colman,Trabzonspor,6,1,1
2011/12,40687,Mathieu Valbuena,Olympique Marseille,9,1,1
2011/12,45548,Gregory van der Wiel,Ajax Amsterdam,6,1,1
2011/12,46156,Aleksandar Kolarov,Manchester City,5,1,1
2011/12,46180,Zoran Tosic,CSKA Moscow,6,1,1
2011/12,46220,Pablo Hernandez,Valencia CF,6,1,1
2011/12,51164,Aleksandrs Cauna,CSKA Moscow,5,1,1
2011/12,52769,Willian,Shakhtar Donetsk,6,1,1
2011/12,65230,Sergio Busquets,FC Barcelona,10,1,1
2011/12,66784,Fatos Beqiraj,GNK Dinamo Zagreb,6,1,1
2011/12,76077,Ricardo Alvarez,Inter Milan,5,1,1
2011/12,93720,Alexandre Lacazette,Olympique Lyon,6,1,1
2011/12,117996,Phil Jones,Manchester United,6,1,1
2011/12,65,Dimitar Berbatov,Manchester United,3,0,1
2011/12,77,Lucio,Inter Milan,7,0,1
2011/12,132,Tomas Rosicky,Arsenal FC,6,0,1
2011/12,1073,Manuel Friedrich,Bayer 04 Leverkusen,4,0,1
2011/12,3160,John Terry,Chelsea FC,8,0,1
2011/12,3547,Darren Fletcher,Manchester United,2,0,1
2011/12,5406,Benoit Pedretti,LOSC Lille,4,0,1
2011/12,5938,Walter Samuel,Inter Milan,6,0,1
2011/12,5962,Antonio Cassano,AC Milan,3,0,1
2011/12,6237,Stefan Kieling,Bayer 04 Leverkusen,8,0,1
2011/12,7858,Yossi Benayoun,Arsenal FC,3,0,1
2011/12,7983,Cani,Villarreal CF,3,0,1
2011/12,14086,Ashley Young,Manchester United,3,0,1
2011/12,14948,Brandao,Olympique Marseille,4,0,1
2011/12,15362,Vasiliy Berezutskiy,CSKA Moscow,8,0,1
2011/12,15373,Sergey Semak,Zenit St. Petersburg,5,0,1
2011/12,20587,Nicolas Lombaerts,Zenit St. Petersburg,8,0,1
2011/12,20905,Esteban Solari,APOEL Nicosia,7,0,1
2011/12,22062,David Bystron,FC Viktoria Plzen,6,0,1
2011/12,22753,Ivan Trickovski,APOEL Nicosia,9,0,1
2011/12,22820,Tulio de Melo,LOSC Lille,2,0,1
2011/12,26244,Lucho Gonzalez,Olympique Marseille,6,0,1
2011/12,26399,Sergio Aguero,Manchester City,6,0,1
2011/12,29124,Aritz Aduriz,Valencia CF,4,0,1
2011/12,29241,Thiago Silva,AC Milan,7,0,1
2011/12,29401,Sami Khedira,Real Madrid,8,0,1
2011/12,29835,Jakub Blaszczykowski,Borussia Dortmund,5,0,1
2011/12,30059,Lars Bender,Bayer 04 Leverkusen,8,0,1
2011/12,30668,Derk Boerrigter,Ajax Amsterdam,4,0,1
2011/12,31067,Jonathan de Guzman,Villarreal CF,6,0,1
2011/12,33947,Rafinha,Bayern Munich,6,0,1
2011/12,36350,Javi Garcia,SL Benfica,8,0,1
2011/12,36688,Pontus Wernbloom,CSKA Moscow,2,0,1
2011/12,39728,Mats Hummels,Borussia Dortmund,6,0,1
2011/12,41112,Jose Cholevas,Olympiacos Piraeus,6,0,1
2011/12,42460,Ivan Perisic,Borussia Dortmund,6,0,1
2011/12,44521,Kevin Grokreutz,Borussia Dortmund,5,0,1
2011/12,45178,Valentin Stocker,FC Basel 1893,3,0,1
2011/12,45509,Siem de Jong,Ajax Amsterdam,4,0,1
2011/12,46741,David Luiz,Chelsea FC,11,0,1
2011/12,47640,Gabriel Giurgiu,Otelul Galati,6,0,1
2011/12,49985,Ivan Tomecak,GNK Dinamo Zagreb,5,0,1
2011/12,50057,Aaron Ramsey,Arsenal FC,5,0,1
2011/12,51118,Adil Rami,Valencia CF,6,0,1
2011/12,51471,Mateo Kovacic,GNK Dinamo Zagreb,6,0,1
2011/12,54275,Andre Santos,Arsenal FC,6,0,1
2011/12,57186,Bakary Kone,Olympique Lyon,7,0,1
2011/12,58205,Andre Schurrle,Bayer 04 Leverkusen,8,0,1
2011/12,59908,Yevgen Seleznyov,Shakhtar Donetsk,3,0,1
2011/12,60542,Maxime Gonalons,Olympique Lyon,6,0,1
2011/12,61087,Karim Bellarabi,Bayer 04 Leverkusen,2,0,1
2011/12,68645,Martin Montoya,FC Barcelona,1,0,1
2011/12,70131,Ondrej Celustka,Trabzonspor,6,0,1
2011/12,72653,Nicolas Lodeiro,Ajax Amsterdam,4,0,1
2011/12,72768,Nelson Oliveira,SL Benfica,2,0,1
2011/12,74872,Michal Duris,FC Viktoria Plzen,6,0,1
2011/12,76277,Laurent Koscielny,Arsenal FC,5,0,1
2011/12,81495,Marius Pena,Otelul Galati,6,0,1
2011/12,81785,Shinji Kagawa,Borussia Dortmund,6,0,1
2011/12,85370,Sergi Roberto,FC Barcelona,1,0,1
2011/12,103585,Kleber,FC Porto,5,0,1
2011/12,128931,Giannis Fetfatzidis,Olympiacos Piraeus,2,0,1
2011/12,131505,Rodrigo,SL Benfica,9,0,1
2012/13,8198,Cristiano Ronaldo,Real Madrid,12,1,12
2012/13,38253,Robert Lewandowski,Borussia Dortmund,13,2,10
2012/13,28003,Lionel Messi,FC Barcelona,11,3,8
2012/13,58358,Thomas Muller,Bayern Munich,13,2,8
2012/13,34987,Burak Ylmaz,Galatasaray,9,0,8
2012/13,18922,Karim Benzema,Real Madrid,10,5,5
2012/13,85314,Oscar,Chelsea FC,6,1,5
2012/13,14127,Alan,SC Braga,6,0,5
2012/13,50143,Jonas,Valencia CF,8,0,5
2012/13,50570,Ezequiel Lavezzi,Paris Saint-Germain,9,0,5
2012/13,35207,Marco Reus,Borussia Dortmund,13,4,4
2012/13,4360,Arjen Robben,Bayern Munich,9,2,4
2012/13,52769,Willian,Shakhtar Donetsk,6,2,4
2012/13,4357,Klaas-Jan Huntelaar,FC Schalke 04,7,1,4
2012/13,14192,Eliseu,Malaga CF,7,1,4
2012/13,15185,Lukas Podolski,Arsenal FC,6,1,4
2012/13,22328,Fabio Quagliarella,Juventus FC,7,1,4
2012/13,34870,Roberto Soldado,Valencia CF,7,1,4
2012/13,34944,Konstantinos Mitroglou,Olympiacos Piraeus,6,1,4
2012/13,532,Claudio Pizarro,Bayern Munich,6,0,4
2012/13,3455,Zlatan Ibrahimovic,Paris Saint-Germain,9,7,3
2012/13,85288,Isco,Malaga CF,8,4,3
2012/13,44068,Juan Mata,Chelsea FC,6,3,3
2012/13,48974,Luiz Adriano,Shakhtar Donetsk,7,3,3
2012/13,6855,Georgios Samaras,Celtic FC,6,2,3
2012/13,37666,Arturo Vidal,Juventus FC,9,2,3
2012/13,55215,Javier Pastore,Paris Saint-Germain,10,2,3
2012/13,7663,Joaquin,Malaga CF,8,1,3
2012/13,34572,Mario Mandzukic,Bayern Munich,10,1,3
2012/13,57162,Sofiane Feghouli,Valencia CF,8,1,3
2012/13,4380,Robin van Persie,Manchester United,6,0,3
2012/13,7767,Fernando Torres,Chelsea FC,6,0,3
2012/13,31909,Toni Kroos,Bayern Munich,9,0,3
2012/13,45509,Siem de Jong,Ajax Amsterdam,6,0,3
2012/13,50935,Chicharito,Manchester United,6,0,3
2012/13,58268,Rui Pedro,CFR Cluj,3,0,3
2012/13,74418,Jackson Martinez,FC Porto,8,0,3
2012/13,74842,Mario Gotze,Borussia Dortmund,11,8,2
2012/13,2514,Bastian Schweinsteiger,Bayern Munich,12,4,2
2012/13,82442,Olivier Giroud,Arsenal FC,7,4,2
2012/13,16993,Jeremy Menez,Paris Saint-Germain,7,3,2
2012/13,30946,Rafael Bastos,CFR Cluj,6,3,2
2012/13,44716,Claudio Marchisio,Juventus FC,8,3,2
2012/13,6288,Mario Gomez,Bayern Munich,7,2,2
2012/13,26244,Lucho Gonzalez,FC Porto,8,2,2
2012/13,29364,Joao Moutinho,FC Porto,8,2,2
2012/13,33481,Gervinho,Arsenal FC,6,2,2
2012/13,40660,Alessandro Matri,Juventus FC,9,2,2
2012/13,59016,David Alaba,Bayern Munich,11,2,2
2012/13,94529,Stephan El Shaarawy,AC Milan,8,2,2
2012/13,120630,Emmanuel Emenike,Spartak Moscow,4,2,2
2012/13,5017,Niklas Moisander,Ajax Amsterdam,6,1,2
2012/13,33923,Blaise Matuidi,Paris Saint-Germain,9,1,2
2012/13,44624,Dieumerci Mbokani,RSC Anderlecht,5,1,2
2012/13,45865,Oscar Cardozo,SL Benfica,5,1,2
2012/13,53354,Vitaliy Rodionov,BATE Borisov,6,1,2
2012/13,66515,Alex Teixeira,Shakhtar Donetsk,8,1,2
2012/13,6448,Mirko Vucinic,Juventus FC,8,0,2
2012/13,7782,Duda,Malaga CF,7,0,2
2012/13,9794,Oleg Gusev,Dynamo Kyiv,5,0,2
2012/13,14119,Danny,Zenit St. Petersburg,3,0,2
2012/13,15420,Alex,Paris Saint-Germain,9,0,2
2012/13,26399,Sergio Aguero,Manchester City,5,0,2
2012/13,29241,Thiago Silva,Paris Saint-Germain,9,0,2
2012/13,31316,Varela,FC Porto,8,0,2
2012/13,37579,Alexandre Pato,AC Milan,3,0,2
2012/13,39020,Benedikt Howedes,FC Schalke 04,8,0,2
2012/13,42513,Gary Hooper,Celtic FC,7,0,2
2012/13,46741,David Luiz,Chelsea FC,6,0,2
2012/13,52312,Sebastian Giovinco,Juventus FC,7,0,2
2012/13,54312,Felipe Santana,Borussia Dortmund,7,0,2
2012/13,55735,Henrikh Mkhitaryan,Shakhtar Donetsk,8,0,2
2012/13,61253,Jose Callejon,Real Madrid,4,0,2
2012/13,66008,Renan Bressan,BATE Borisov,6,0,2
2012/13,69751,Jordi Alba,FC Barcelona,9,0,2
2012/13,118022,Younes Belhanda,Montpellier HSC,6,0,2
2012/13,22068,Franck Ribery,Bayern Munich,12,5,1
2012/13,3332,Wayne Rooney,Manchester United,6,4,1
2012/13,7607,Xavi,FC Barcelona,11,4,1
2012/13,33831,Modou Sougou,CFR Cluj,5,4,1
2012/13,35664,Mesut Ozil,Real Madrid,10,4,1
2012/13,69633,Christian Eriksen,Ajax Amsterdam,6,4,1
2012/13,16649,Jefferson Farfan,FC Schalke 04,7,3,1
2012/13,40433,Alexis Sanchez,FC Barcelona,9,3,1
2012/13,1792,Hamit Altntop,Galatasaray,9,2,1
2012/13,35208,Marcel Schmelzer,Borussia Dortmund,13,2,1
2012/13,39153,Gonzalo Higuain,Real Madrid,9,2,1
2012/13,64545,Sebastian Fernandez,Malaga CF,4,2,1
2012/13,69015,Andriy Yarmolenko,Dynamo Kyiv,6,2,1
2012/13,86792,Xherdan Shaqiri,Bayern Munich,7,2,1
2012/13,87068,Aleksandr Volodko,BATE Borisov,6,2,1
2012/13,215,Roque Santa Cruz,Malaga CF,10,1,1
2012/13,1321,Jermaine Jones,FC Schalke 04,6,1,1
2012/13,3366,Kaka,Real Madrid,6,1,1
2012/13,3878,Michael Carrick,Manchester United,5,1,1
2012/13,4673,Wesley Sneijder,Galatasaray,4,1,1
2012/13,5303,Souleymane Camara,Montpellier HSC,5,1,1
2012/13,7600,Andres Iniesta,FC Barcelona,10,1,1
2012/13,7980,David Villa,FC Barcelona,10,1,1
2012/13,13091,Yaya Toure,Manchester City,5,1,1
2012/13,14942,Darijo Srna,Shakhtar Donetsk,8,1,1
2012/13,15760,Ibrahim Afellay,FC Schalke 04,4,1,1
2012/13,15951,Dani Alves,FC Barcelona,10,1,1
2012/13,16922,Kevin-Prince Boateng,AC Milan,7,1,1
2012/13,22896,Kasper Lorentzen,FC Nordsjaelland,6,1,1
2012/13,24977,Vasilios Torosidis,Olympiacos Piraeus,5,1,1
2012/13,25557,Sergio Ramos,Real Madrid,9,1,1
2012/13,26267,Fernandinho,Shakhtar Donetsk,8,1,1
2012/13,27992,Luka Modric,Real Madrid,11,1,1
2012/13,29835,Jakub Blaszczykowski,Borussia Dortmund,10,1,1
2012/13,33713,Theo Walcott,Arsenal FC,5,1,1
2012/13,34226,Djamel Abdoun,Olympiacos Piraeus,6,1,1
2012/13,38539,Ari,Spartak Moscow,6,1,1
2012/13,39728,Mats Hummels,Borussia Dortmund,11,1,1
2012/13,39831,Leandro Greco,Olympiacos Piraeus,6,1,1
2012/13,43848,Miguel Veloso,Dynamo Kyiv,6,1,1
2012/13,44501,Marcelo,Real Madrid,2,1,1
2012/13,45146,Mario Balotelli,two clubs,4,1,1
2012/13,45646,Diego Buonanotte,Malaga CF,2,1,1
2012/13,48550,Roman Shirokov,Zenit St. Petersburg,6,1,1
2012/13,58124,Julian Schieber,Borussia Dortmund,9,1,1
2012/13,59866,Victor Moses,Chelsea FC,4,1,1
2012/13,60312,Joshua John,FC Nordsjaelland,6,1,1
2012/13,65278,Pedro,FC Barcelona,10,1,1
2012/13,74223,Jack Wilshere,Arsenal FC,3,1,1
2012/13,75206,Aleksandr Pavlov,BATE Borisov,3,1,1
2012/13,75615,Douglas Costa,Shakhtar Donetsk,5,1,1
2012/13,80562,Hulk,Zenit St. Petersburg,5,1,1
2012/13,84491,Ruben Micael,SC Braga,5,1,1
2012/13,85148,Julian Draxler,FC Schalke 04,6,1,1
2012/13,88103,James Rodriguez,FC Porto,8,1,1
2012/13,104036,Dmitriy Mozolevskiy,BATE Borisov,4,1,1
2012/13,124550,Ola John,SL Benfica,4,1,1
2012/13,130258,Edgar Olekhnovich,BATE Borisov,5,1,1
2012/13,141834,Cristian Tello,FC Barcelona,4,1,1
2012/13,132,Tomas Rosicky,Arsenal FC,3,0,1
2012/13,2050,Nelson Valdez,Valencia CF,7,0,1
2012/13,3924,Didier Drogba,Galatasaray,4,0,1
2012/13,5422,Philippe Mexes,AC Milan,6,0,1
2012/13,6636,Christian Fuchs,FC Schalke 04,6,0,1
2012/13,7611,Javier Saviola,Malaga CF,6,0,1
2012/13,7971,Salomon Kalou,LOSC Lille,5,0,1
2012/13,8806,Cesc Fabregas,FC Barcelona,8,0,1
2012/13,10143,Umut Bulut,Galatasaray,10,0,1
2012/13,12142,Michel Bastos,FC Schalke 04,2,0,1
2012/13,13058,Emmanuel Eboue,Galatasaray,10,0,1
2012/13,13561,Kris Commons,Celtic FC,8,0,1
2012/13,14132,Pepe,Real Madrid,11,0,1
2012/13,14933,Milan Jovanovic,RSC Anderlecht,5,0,1
2012/13,15381,Aleksandr Kerzhakov,Zenit St. Petersburg,5,0,1
2012/13,15432,Pantelis Kapetanos,CFR Cluj,6,0,1
2012/13,17129,Sulley Muntari,AC Milan,2,0,1
2012/13,18935,Samir Nasri,Manchester City,6,0,1
2012/13,20586,Urby Emanuelson,AC Milan,6,0,1
2012/13,23389,Mikkel Beckmann,FC Nordsjaelland,5,0,1
2012/13,23538,Morten Nordstrand,FC Nordsjaelland,5,0,1
2012/13,23934,Guillaume Hoarau,Paris Saint-Germain,2,0,1
2012/13,25721,Giannis Maniatis,Olympiacos Piraeus,6,0,1
2012/13,27511,Gary Cahill,Chelsea FC,4,0,1
2012/13,28396,Edin Dzeko,Manchester City,6,0,1
2012/13,29039,Paulo Machado,Olympiacos Piraeus,6,0,1
2012/13,30668,Derk Boerrigter,Ajax Amsterdam,6,0,1
2012/13,33866,Steven Defour,FC Porto,7,0,1
2012/13,35939,Ezequiel Garay,SL Benfica,6,0,1
2012/13,37736,Aydn Ylmaz,Galatasaray,3,0,1
2012/13,39983,Leonardo Bonucci,Juventus FC,10,0,1
2012/13,40254,Viktor Fayzulin,Zenit St. Petersburg,4,0,1
2012/13,40478,Roman Neustadter,FC Schalke 04,8,0,1
2012/13,42393,Tom De Sutter,RSC Anderlecht,3,0,1
2012/13,42412,Jonny Evans,Manchester United,5,0,1
2012/13,45596,Marcio Mossoro,SC Braga,5,0,1
2012/13,45624,Aurelien Chedjou,LOSC Lille,5,0,1
2012/13,46156,Aleksandar Kolarov,Manchester City,5,0,1
2012/13,47171,Ivan Krstanovic,GNK Dinamo Zagreb,2,0,1
2012/13,50057,Aaron Ramsey,Arsenal FC,7,0,1
2012/13,51118,Adil Rami,Valencia CF,6,0,1
2012/13,53350,Egor Filipenko,BATE Borisov,5,0,1
2012/13,53622,Ilkay Gundogan,Borussia Dortmund,12,0,1
2012/13,54170,Ramires,Chelsea FC,6,0,1
2012/13,54470,Lima,SL Benfica,5,0,1
2012/13,57337,Karim Ait-Fana,Montpellier HSC,2,0,1
2012/13,58436,Luis Alberto,CFR Cluj,6,0,1
2012/13,64308,Brown Ideye,Dynamo Kyiv,6,0,1
2012/13,67063,Danny Welbeck,Manchester United,7,0,1
2012/13,67917,Rafael Carioca,Spartak Moscow,6,0,1
2012/13,76277,Laurent Koscielny,Arsenal FC,5,0,1
2012/13,77760,Victor Wanyama,Celtic FC,7,0,1
2012/13,81163,Danny Hoesen,Ajax Amsterdam,3,0,1
2012/13,93678,Gaetan Charbonnier,Montpellier HSC,3,0,1
2012/13,95604,Gianni Bruno,LOSC Lille,2,0,1
2012/13,132764,Tony Watt,Celtic FC,3,0,1
2012/13,139955,Emanuel Herrera,Montpellier HSC,3,0,1
2012/13,140682,Romulo,Spartak Moscow,1,0,1
2012/13,161869,Djibril Sidibe,LOSC Lille,3,0,1
2013/14,8198,Cristiano Ronaldo,Real Madrid,11,5,17
2013/14,3455,Zlatan Ibrahimovic,Paris Saint-Germain,8,0,10
2013/14,44779,Diego Costa,Atletico de Madrid,9,1,8
2013/14,28003,Lionel Messi,FC Barcelona,7,0,8
2013/14,39381,Gareth Bale,Real Madrid,12,4,6
2013/14,38253,Robert Lewandowski,Borussia Dortmund,9,3,6
2013/14,26399,Sergio Aguero,Manchester City,6,2,6
2013/14,18922,Karim Benzema,Real Madrid,11,5,5
2013/14,35207,Marco Reus,Borussia Dortmund,9,5,5
2013/14,18644,Alvaro Negredo,Manchester City,8,1,5
2013/14,58358,Thomas Muller,Bayern Munich,12,1,5
2013/14,37666,Arturo Vidal,Juventus FC,6,0,5
2013/14,4360,Arjen Robben,Bayern Munich,10,6,4
2013/14,68290,Neymar,FC Barcelona,10,5,4
2013/14,34601,Raul Garcia,Atletico de Madrid,12,3,4
2013/14,39153,Gonzalo Higuain,SSC Napoli,5,2,4
2013/14,80562,Hulk,Zenit St. Petersburg,8,2,4
2013/14,21369,Arda Turan,Atletico de Madrid,9,1,4
2013/14,4380,Robin van Persie,Manchester United,6,0,4
2013/14,7767,Fernando Torres,Chelsea FC,9,0,4
2013/14,48280,Edinson Cavani,Paris Saint-Germain,8,0,4
2013/14,45320,Angel Di Maria,Real Madrid,11,6,3
2013/14,25557,Sergio Ramos,Real Madrid,11,3,3
2013/14,34572,Mario Mandzukic,Bayern Munich,10,3,3
2013/14,4257,Samuel Eto'o,Chelsea FC,9,2,3
2013/14,22068,Franck Ribery,Bayern Munich,10,2,3
2013/14,85288,Isco,Real Madrid,12,2,3
2013/14,34944,Konstantinos Mitroglou,Olympiacos Piraeus,5,1,3
2013/14,66515,Alex Teixeira,Shakhtar Donetsk,6,1,3
2013/14,74842,Mario Gotze,Bayern Munich,11,1,3
2013/14,85148,Julian Draxler,FC Schalke 04,8,1,3
2013/14,181767,Marquinhos,Paris Saint-Germain,8,1,3
2013/14,691,Simon Rolfes,Bayer 04 Leverkusen,8,0,3
2013/14,2514,Bastian Schweinsteiger,Bayern Munich,8,0,3
2013/14,10143,Umut Bulut,Galatasaray,8,0,3
2013/14,18958,Alejandro Dominguez,Olympiacos Piraeus,8,0,3
2013/14,3332,Wayne Rooney,Manchester United,9,8,2
2013/14,50570,Ezequiel Lavezzi,Paris Saint-Germain,10,4,2
2013/14,3924,Didier Drogba,Galatasaray,8,3,2
2013/14,7602,Thiago Motta,Paris Saint-Germain,9,3,2
2013/14,33544,Antonio Valencia,Manchester United,10,2,2
2013/14,66521,Keisuke Honda,two clubs,6,2,2
2013/14,75615,Douglas Costa,Shakhtar Donetsk,6,2,2
2013/14,3366,Kaka,AC Milan,6,1,2
2013/14,4673,Wesley Sneijder,Galatasaray,7,1,2
2013/14,6237,Stefan Kieling,Bayer 04 Leverkusen,7,1,2
2013/14,7611,Javier Saviola,Olympiacos Piraeus,5,1,2
2013/14,15381,Aleksandr Kerzhakov,Zenit St. Petersburg,8,1,2
2013/14,22328,Fabio Quagliarella,Juventus FC,4,1,2
2013/14,28396,Edin Dzeko,Manchester City,7,1,2
2013/14,33357,Miranda,Atletico de Madrid,13,1,2
2013/14,34784,Lasse Schone,Ajax Amsterdam,6,1,2
2013/14,35564,Fernando Llorente,Juventus FC,5,1,2
2013/14,37788,Philipp Hosiner,Austria Vienna,6,1,2
2013/14,45146,Mario Balotelli,AC Milan,8,1,2
2013/14,45383,Adrian Lopez,Atletico de Madrid,9,1,2
2013/14,45403,Andre Ayew,Olympique Marseille,4,1,2
2013/14,46180,Zoran Tosic,CSKA Moscow,6,1,2
2013/14,50057,Aaron Ramsey,Arsenal FC,6,1,2
2013/14,54170,Ramires,Chelsea FC,10,1,2
2013/14,59016,David Alaba,Bayern Munich,12,1,2
2013/14,61253,Jose Callejon,SSC Napoli,6,1,2
2013/14,82442,Olivier Giroud,Arsenal FC,7,1,2
2013/14,133964,Lorenzo Insigne,SSC Napoli,6,1,2
2013/14,7416,Roman Kienast,Austria Vienna,6,0,2
2013/14,15951,Dani Alves,FC Barcelona,8,0,2
2013/14,18944,Gerard Pique,FC Barcelona,9,0,2
2013/14,26244,Lucho Gonzalez,FC Porto,6,0,2
2013/14,39102,Sidney Sam,Bayer 04 Leverkusen,6,0,2
2013/14,40205,Demba Ba,Chelsea FC,6,0,2
2013/14,43512,Omer Toprak,Bayer 04 Leverkusen,8,0,2
2013/14,50202,Eden Hazard,Chelsea FC,9,0,2
2013/14,54928,Diego Godin,Atletico de Madrid,10,0,2
2013/14,55735,Henrikh Mkhitaryan,Borussia Dortmund,10,0,2
2013/14,74223,Jack Wilshere,Arsenal FC,5,0,2
2013/14,74418,Jackson Martinez,FC Porto,6,0,2
2013/14,75287,Seydou Doumbia,CSKA Moscow,2,0,2
2013/14,104752,Konstantinos Manolas,Olympiacos Piraeus,7,0,2
2013/14,148455,Mohamed Salah,two clubs,6,0,2
2013/14,85314,Oscar,Chelsea FC,10,5,1
2013/14,18935,Samir Nasri,Manchester City,7,4,1
2013/14,3333,James Milner,Manchester City,6,3,1
2013/14,7607,Xavi,FC Barcelona,10,3,1
2013/14,27992,Luka Modric,Real Madrid,11,3,1
2013/14,33923,Blaise Matuidi,Paris Saint-Germain,9,3,1
2013/14,35518,David Silva,Manchester City,6,3,1
2013/14,3163,Frank Lampard,Chelsea FC,11,2,1
2013/14,4879,Marco Streller,FC Basel 1893,6,2,1
2013/14,31909,Toni Kroos,Bayern Munich,12,2,1
2013/14,35664,Mesut Ozil,Arsenal FC,8,2,1
2013/14,43246,Daniel Kolar,FC Viktoria Plzen,6,2,1
2013/14,44521,Kevin Grokreutz,Borussia Dortmund,10,2,1
2013/14,74229,Koke,Atletico de Madrid,13,2,1
2013/14,109881,Thulani Serero,Ajax Amsterdam,5,2,1
2013/14,168337,Ahmed Musa,CSKA Moscow,6,2,1
2013/14,5285,Patrice Evra,Manchester United,8,1,1
2013/14,6855,Georgios Samaras,Celtic FC,6,1,1
2013/14,8806,Cesc Fabregas,FC Barcelona,9,1,1
2013/14,13230,Luisao,SL Benfica,6,1,1
2013/14,21725,Filipe Luis,Atletico de Madrid,10,1,1
2013/14,28260,Alvaro Arbeloa,Real Madrid,4,1,1
2013/14,29434,Yohan Cabaye,Paris Saint-Germain,4,1,1
2013/14,34344,Cristian Zapata,AC Milan,6,1,1
2013/14,34527,Frantisek Rajtoral,FC Viktoria Plzen,6,1,1
2013/14,39475,Sacha Kljestan,RSC Anderlecht,5,1,1
2013/14,44501,Marcelo,Real Madrid,7,1,1
2013/14,65230,Sergio Busquets,FC Barcelona,9,1,1
2013/14,75442,Nico Gaitan,SL Benfica,5,1,1
2013/14,76028,Taison,Shakhtar Donetsk,6,1,1
2013/14,80197,Salomon Rondon,Zenit St. Petersburg,2,1,1
2013/14,81390,Stanislav Tecl,FC Viktoria Plzen,6,1,1
2013/14,92701,Vladimir Weiss,Olympiacos Piraeus,5,1,1
2013/14,108354,Jordan Ayew,Olympique Marseille,5,1,1
2013/14,128223,Alvaro Morata,Real Madrid,5,1,1
2013/14,184892,Florian Thauvin,Olympique Marseille,6,1,1
2013/14,410,Sebastian Kehl,Borussia Dortmund,5,0,1
2013/14,3098,Olof Mellberg,FC Copenhagen,6,0,1
2013/14,4248,Diego,Atletico de Madrid,4,0,1
2013/14,4357,Klaas-Jan Huntelaar,FC Schalke 04,2,0,1
2013/14,9594,Vincent Kompany,Manchester City,4,0,1
2013/14,9692,Tomas Jun,Austria Vienna,3,0,1
2013/14,12503,Souleymane Diawara,Olympique Marseille,3,0,1
2013/14,13091,Yaya Toure,Manchester City,7,0,1
2013/14,15185,Lukas Podolski,Arsenal FC,1,0,1
2013/14,15511,Robinho,AC Milan,6,0,1
2013/14,16922,Kevin-Prince Boateng,FC Schalke 04,6,0,1
2013/14,17129,Sulley Muntari,AC Milan,6,0,1
2013/14,18833,Tim Hoogland,FC Schalke 04,2,0,1
2013/14,19041,Gokhan Inler,SSC Napoli,5,0,1
2013/14,19087,Demy de Zeeuw,RSC Anderlecht,2,0,1
2013/14,19726,Nemanja Vidic,Manchester United,6,0,1
2013/14,26407,Daniel Braaten,FC Copenhagen,4,0,1
2013/14,27511,Gary Cahill,Chelsea FC,10,0,1
2013/14,27800,Atsuto Uchida,FC Schalke 04,6,0,1
2013/14,29835,Jakub Blaszczykowski,Borussia Dortmund,6,0,1
2013/14,33706,Nani,Manchester United,1,0,1
2013/14,33713,Theo Walcott,Arsenal FC,2,0,1
2013/14,35537,Felipe Melo,Galatasaray,8,0,1
2013/14,35773,Carlos Vela,Real Sociedad,6,0,1
2013/14,42412,Jonny Evans,Manchester United,3,0,1
2013/14,44514,Federico Piovaccari,Steaua Bucharest,6,0,1
2013/14,44741,Beram Kayal,Celtic FC,4,0,1
2013/14,45118,Leandro Tatu,Steaua Bucharest,4,0,1
2013/14,45624,Aurelien Chedjou,Galatasaray,8,0,1
2013/14,45865,Oscar Cardozo,SL Benfica,4,0,1
2013/14,46156,Aleksandar Kolarov,Manchester City,7,0,1
2013/14,48974,Luiz Adriano,Shakhtar Donetsk,6,0,1
2013/14,51168,Jens Hegeler,Bayer 04 Leverkusen,5,0,1
2013/14,54470,Lima,SL Benfica,5,0,1
2013/14,55215,Javier Pastore,Paris Saint-Germain,6,0,1
2013/14,58205,Andre Schurrle,Chelsea FC,10,0,1
2013/14,58864,Pierre-Emerick Aubameyang,Borussia Dortmund,9,0,1
2013/14,59187,Oleg Shatov,Zenit St. Petersburg,7,0,1
2013/14,65278,Pedro,FC Barcelona,7,0,1
2013/14,67063,Danny Welbeck,Manchester United,5,0,1
2013/14,68275,Claudemir,FC Copenhagen,6,0,1
2013/14,70153,Tomas Horava,FC Viktoria Plzen,6,0,1
2013/14,73794,Duvan Zapata,SSC Napoli,3,0,1
2013/14,74683,Nemanja Matic,two clubs,6,0,1
2013/14,74935,Marek Bakos,FC Viktoria Plzen,5,0,1
2013/14,76293,Giovanni Sio,FC Basel 1893,5,0,1
2013/14,81163,Danny Hoesen,Ajax Amsterdam,2,0,1
2013/14,82105,Joel Matip,FC Schalke 04,6,0,1
2013/14,83895,Marcelo Diaz,FC Basel 1893,4,0,1
2013/14,84992,James Forrest,Celtic FC,4,0,1
2013/14,94307,Filip Djuricic,SL Benfica,3,0,1
2013/14,100399,Nicolai Jrgensen,FC Copenhagen,6,0,1
2013/14,103427,Chris Smalling,Manchester United,7,0,1
2013/14,111376,Massimo Bruno,RSC Anderlecht,3,0,1
2013/14,112951,Tomas Wagner,FC Viktoria Plzen,2,0,1
2013/14,117996,Phil Jones,Manchester United,8,0,1
2013/14,131248,Joel Campbell,Olympiacos Piraeus,5,0,1
2013/14,131505,Rodrigo,SL Benfica,2,0,1
2013/14,141834,Cristian Tello,FC Barcelona,2,0,1
2013/14,182923,Stefano Denswil,Ajax Amsterdam,6,0,1
2013/14,203348,Chancel Mbemba,RSC Anderlecht,5,0,1
2013/14,221899,Leo Baptistao,Atletico de Madrid,3,0,1
2014/15,28003,Lionel Messi,FC Barcelona,13,6,10
2014/15,8198,Cristiano Ronaldo,Real Madrid,12,4,10
2014/15,68290,Neymar,FC Barcelona,12,0,10
2014/15,48974,Luiz Adriano,Shakhtar Donetsk,7,1,9
2014/15,4276,Carlos Tevez,Juventus FC,13,3,7
2014/15,44352,Luis Suarez,FC Barcelona,10,3,7
2014/15,58358,Thomas Muller,Bayern Munich,10,3,7
2014/15,74418,Jackson Martinez,FC Porto,8,1,7
2014/15,38253,Robert Lewandowski,Bayern Munich,12,5,6
2014/15,18922,Karim Benzema,Real Madrid,9,2,6
2014/15,26399,Sergio Aguero,Manchester City,7,1,6
2014/15,48280,Edinson Cavani,Paris Saint-Germain,10,0,6
2014/15,60517,Yacine Brahimi,FC Porto,9,3,5
2014/15,128223,Alvaro Morata,Juventus FC,12,2,5
2014/15,4357,Klaas-Jan Huntelaar,FC Schalke 04,8,0,5
2014/15,34572,Mario Mandzukic,Atletico de Madrid,10,0,5
2014/15,74842,Mario Gotze,Bayern Munich,11,3,4
2014/15,33706,Nani,Sporting CP,5,2,4
2014/15,105521,Ciro Immobile,Borussia Dortmund,6,0,4
2014/15,122043,Hector Herrera,FC Porto,9,4,3
2014/15,26485,Jerome Boateng,Bayern Munich,11,3,3
2014/15,50202,Eden Hazard,Chelsea FC,7,3,3
2014/15,58864,Pierre-Emerick Aubameyang,Borussia Dortmund,8,2,3
2014/15,15185,Lukas Podolski,Arsenal FC,5,1,3
2014/15,22068,Franck Ribery,Bayern Munich,6,1,3
2014/15,33481,Gervinho,AS Roma,6,1,3
2014/15,34784,Lasse Schone,Ajax Amsterdam,6,1,3
2014/15,35207,Marco Reus,Borussia Dortmund,4,1,3
2014/15,40433,Alexis Sanchez,Arsenal FC,7,1,3
2014/15,50057,Aaron Ramsey,Arsenal FC,6,1,3
2014/15,66515,Alex Teixeira,Shakhtar Donetsk,8,1,3
2014/15,67063,Danny Welbeck,Arsenal FC,6,1,3
2014/15,75287,Seydou Doumbia,CSKA Moscow,6,1,3
2014/15,91845,Heung-min Son,Bayer 04 Leverkusen,8,1,3
2014/15,4188,Ricardo Quaresma,FC Porto,9,0,3
2014/15,27505,Markus Rosenberg,Malmo FF,6,0,3
2014/15,73782,Adrian Ramos,Borussia Dortmund,6,0,3
2014/15,147487,Vincent Aboubakar,FC Porto,4,0,3
2014/15,182577,Derlis Gonzalez,FC Basel 1893,8,0,3
2014/15,8806,Cesc Fabregas,Chelsea FC,8,4,2
2014/15,74229,Koke,Atletico de Madrid,9,4,2
2014/15,3160,John Terry,Chelsea FC,7,2,2
2014/15,126414,Hakan Calhanoglu,Bayer 04 Leverkusen,8,2,2
2014/15,143424,Alex Oxlade-Chamberlain,Arsenal FC,7,2,2
2014/15,3455,Zlatan Ibrahimovic,Paris Saint-Germain,6,1,2
2014/15,3924,Didier Drogba,Chelsea FC,5,1,2
2014/15,4360,Arjen Robben,Bayern Munich,7,1,2
2014/15,5958,Francesco Totti,AS Roma,5,1,2
2014/15,7476,Xabi Alonso,Bayern Munich,10,1,2
2014/15,15760,Ibrahim Afellay,Olympiacos Piraeus,6,1,2
2014/15,15844,Anthony Vanden Borre,RSC Anderlecht,4,1,2
2014/15,32467,Ivan Rakitic,FC Barcelona,12,1,2
2014/15,34944,Konstantinos Mitroglou,Olympiacos Piraeus,6,1,2
2014/15,39381,Gareth Bale,Real Madrid,10,1,2
2014/15,51152,Aleksandar Mitrovic,RSC Anderlecht,5,1,2
2014/15,60444,Thiago Alcantara,Bayern Munich,4,1,2
2014/15,74683,Nemanja Matic,Chelsea FC,8,1,2
2014/15,182932,Davy Klaassen,Ajax Amsterdam,6,1,2
2014/15,3109,Steven Gerrard,Liverpool FC,6,0,2
2014/15,34601,Raul Garcia,Atletico de Madrid,10,0,2
2014/15,34987,Burak Ylmaz,Galatasaray,6,0,2
2014/15,46741,David Luiz,Paris Saint-Germain,10,0,2
2014/15,52469,Mikel San Jose,Athletic Bilbao,5,0,2
2014/15,56810,Adrien Silva,Sporting CP,6,0,2
2014/15,57956,Dani Abalo,Ludogorets Razgrad,6,0,2
2014/15,125781,Antoine Griezmann,Atletico de Madrid,9,0,2
2014/15,174915,Islam Slimani,Sporting CP,6,0,2
2014/15,203348,Chancel Mbemba,RSC Anderlecht,6,0,2
2014/15,52595,Fabian Frei,FC Basel 1893,8,3,1
2014/15,88103,James Rodriguez,Real Madrid,9,3,1
2014/15,122153,Paul Pogba,Juventus FC,10,3,1
2014/15,130108,Pajtim Kasami,Olympiacos Piraeus,6,3,1
2014/15,191891,Arkadiusz Milik,Ajax Amsterdam,5,3,1
2014/15,6237,Stefan Kieling,Bayer 04 Leverkusen,8,2,1
2014/15,18958,Alejandro Dominguez,Olympiacos Piraeus,6,2,1
2014/15,19354,Dennis Aogo,FC Schalke 04,7,2,1
2014/15,21369,Arda Turan,Atletico de Madrid,10,2,1
2014/15,27511,Gary Cahill,Chelsea FC,6,2,1
2014/15,29364,Joao Moutinho,AS Monaco,10,2,1
2014/15,33923,Blaise Matuidi,Paris Saint-Germain,10,2,1
2014/15,44501,Marcelo,Real Madrid,11,2,1
2014/15,56976,Bibars Natcho,CSKA Moscow,6,2,1
2014/15,74550,Jefferson,Sporting CP,3,2,1
2014/15,81455,Juan Iturbe,AS Roma,6,2,1
2014/15,129588,Dennis Praet,RSC Anderlecht,6,2,1
2014/15,141834,Cristian Tello,FC Porto,7,2,1
2014/15,65,Dimitar Berbatov,AS Monaco,9,1,1
2014/15,4673,Wesley Sneijder,Galatasaray,6,1,1
2014/15,6636,Christian Fuchs,FC Schalke 04,5,1,1
2014/15,14119,Danny,Zenit St. Petersburg,6,1,1
2014/15,14942,Darijo Srna,Shakhtar Donetsk,7,1,1
2014/15,16306,Casemiro,FC Porto,8,1,1
2014/15,18935,Samir Nasri,Manchester City,6,1,1
2014/15,35564,Fernando Llorente,Juventus FC,9,1,1
2014/15,36827,Branislav Ivanovic,Chelsea FC,7,1,1
2014/15,41663,Chinedu Obasi,FC Schalke 04,4,1,1
2014/15,52769,Willian,Chelsea FC,7,1,1
2014/15,54245,Markel Susaeta,Athletic Bilbao,6,1,1
2014/15,54659,Holger Badstuber,Bayern Munich,4,1,1
2014/15,75615,Douglas Costa,Shakhtar Donetsk,8,1,1
2014/15,80562,Hulk,Zenit St. Petersburg,6,1,1
2014/15,127194,Yaya Sanogo,Arsenal FC,2,1,1
2014/15,140776,Yannick Carrasco,AS Monaco,10,1,1
2014/15,145707,Danilo,FC Porto,8,1,1
2014/15,145838,Andy Najar,RSC Anderlecht,5,1,1
2014/15,146164,Max Meyer,FC Schalke 04,8,1,1
2014/15,153999,Marcelinho,Ludogorets Razgrad,6,1,1
2014/15,168337,Ahmed Musa,CSKA Moscow,6,1,1
2014/15,237662,Breel Embolo,FC Basel 1893,8,1,1
2014/15,3333,James Milner,Manchester City,8,0,1
2014/15,4879,Marco Streller,FC Basel 1893,5,0,1
2014/15,5817,Andrea Pirlo,Juventus FC,10,0,1
2014/15,7451,Mikel Arteta,Arsenal FC,3,0,1
2014/15,13091,Yaya Toure,Manchester City,5,0,1
2014/15,14329,Gustavo Manduca,APOEL Nicosia,5,0,1
2014/15,15362,Vasiliy Berezutskiy,CSKA Moscow,6,0,1
2014/15,18301,Maicon,AS Roma,3,0,1
2014/15,18944,Gerard Pique,FC Barcelona,11,0,1
2014/15,20007,Pablo Zabaleta,Manchester City,6,0,1
2014/15,21748,Alessio Cerci,Atletico de Madrid,2,0,1
2014/15,28260,Alvaro Arbeloa,Real Madrid,9,0,1
2014/15,29124,Aritz Aduriz,Athletic Bilbao,5,0,1
2014/15,29241,Thiago Silva,Paris Saint-Germain,6,0,1
2014/15,29494,Hakan Balta,Galatasaray,2,0,1
2014/15,30739,John Obi Mikel,Chelsea FC,2,0,1
2014/15,32704,Shkelzen Gashi,FC Basel 1893,5,0,1
2014/15,34322,Sokratis Papastathopoulos,Borussia Dortmund,6,0,1
2014/15,34542,Marek Suchy,FC Basel 1893,7,0,1
2014/15,35047,Axel Witsel,Zenit St. Petersburg,5,0,1
2014/15,37337,Mario Suarez,Atletico de Madrid,8,0,1
2014/15,37666,Arturo Vidal,Juventus FC,12,0,1
2014/15,39003,David Fuster,Olympiacos Piraeus,5,0,1
2014/15,39020,Benedikt Howedes,FC Schalke 04,6,0,1
2014/15,44466,Sebastian Rode,Bayern Munich,7,0,1
2014/15,44792,Kieran Gibbs,Arsenal FC,7,0,1
2014/15,45121,Loic Remy,Chelsea FC,4,0,1
2014/15,45124,Medhi Benatia,Bayern Munich,7,0,1
2014/15,45146,Mario Balotelli,Liverpool FC,3,0,1
2014/15,45383,Adrian Lopez,FC Porto,5,0,1
2014/15,45660,Eric-Maxim Choupo-Moting,FC Schalke 04,8,0,1
2014/15,47005,Agim Ibraimi,NK Maribor,6,0,1
2014/15,49655,Rickie Lambert,Liverpool FC,3,0,1
2014/15,50935,Chicharito,Real Madrid,8,0,1
2014/15,53077,Alberto Botia,Olympiacos Piraeus,6,0,1
2014/15,54170,Ramires,Chelsea FC,6,0,1
2014/15,54928,Diego Godin,Atletico de Madrid,9,0,1
2014/15,58205,Andre Schurrle,Chelsea FC,4,0,1
2014/15,58489,Kyriakos Papadopoulos,Bayer 04 Leverkusen,3,0,1
2014/15,59970,Taras Stepanenko,Shakhtar Donetsk,7,0,1
2014/15,61651,Jordan Henderson,Liverpool FC,5,0,1
2014/15,77835,Delvin N'Dinga,Olympiacos Piraeus,6,0,1
2014/15,80197,Salomon Rondon,Zenit St. Petersburg,6,0,1
2014/15,82442,Olivier Giroud,Arsenal FC,2,0,1
2014/15,84535,Eduardo Salvio,SL Benfica,5,0,1
2014/15,86792,Xherdan Shaqiri,Bayern Munich,4,0,1
2014/15,86928,Yordan Minev,Ludogorets Razgrad,5,0,1
2014/15,88684,Giulio Donati,Bayer 04 Leverkusen,5,0,1
2014/15,95790,Georgi Terziev,Ludogorets Razgrad,4,0,1
2014/15,102558,Marco Verratti,Paris Saint-Germain,7,0,1
2014/15,108830,Aymen Abdennour,AS Monaco,6,0,1
2014/15,117551,Denis Polyakov,BATE Borisov,4,0,1
2014/15,127189,Geoffrey Kondogbia,AS Monaco,8,0,1
2014/15,142023,Guillermo Fernandez,Athletic Bilbao,4,0,1
2014/15,148344,Lucas Andersen,Ajax Amsterdam,6,0,1
2014/15,169362,Luka Zahovic,NK Maribor,5,0,1
2014/15,174504,Damjan Bohar,NK Maribor,6,0,1
2014/15,181380,Arthur Masuaku,Olympiacos Piraeus,6,0,1
2014/15,182711,Carlos Mane,Sporting CP,4,0,1
2014/15,183720,Anwar El Ghazi,Ajax Amsterdam,5,0,1
2014/15,189441,Lucas Ocampos,AS Monaco,6,0,1
2014/15,189453,Jonathan Silva,Sporting CP,3,0,1
2014/15,189989,Simon Kroon,Malmo FF,4,0,1
2014/15,192565,Leroy Sane,FC Schalke 04,1,0,1
2014/15,199369,Sandro Ramirez,FC Barcelona,3,0,1
2014/15,203532,Naby Sarr,Sporting CP,4,0,1
2014/15,225693,Fabinho,AS Monaco,10,0,1
2014/15,253371,Aleksandr Karnitskiy,BATE Borisov,6,0,1
2014/15,253839,Alvaro Medran,Real Madrid,1,0,1
2014/15,258626,Talisca,SL Benfica,6,0,1
2015/16,8198,Cristiano Ronaldo,Real Madrid,12,4,16
2015/16,38253,Robert Lewandowski,Bayern Munich,12,1,9
2015/16,44352,Luis Suarez,FC Barcelona,9,3,8
2015/16,58358,Thomas Muller,Bayern Munich,12,3,8
2015/16,125781,Antoine Griezmann,Atletico de Madrid,13,1,7
2015/16,48067,Artem Dzyuba,Zenit St. Petersburg,8,2,6
2015/16,28003,Lionel Messi,FC Barcelona,7,1,6
2015/16,3455,Zlatan Ibrahimovic,Paris Saint-Germain,10,4,5
2015/16,52769,Willian,Chelsea FC,8,1,5
2015/16,50935,Chicharito,Bayer 04 Leverkusen,6,0,5
2015/16,82442,Olivier Giroud,Arsenal FC,7,0,5
2015/16,80562,Hulk,Zenit St. Petersburg,7,4,4
2015/16,75442,Nico Gaitan,SL Benfica,8,3,4
2015/16,18922,Karim Benzema,Real Madrid,9,0,4
2015/16,66058,Admir Mehmedi,Bayer 04 Leverkusen,5,0,4
2015/16,40433,Alexis Sanchez,Arsenal FC,7,5,3
2015/16,68290,Neymar,FC Barcelona,9,5,3
2015/16,45320,Angel Di Maria,Paris Saint-Germain,10,3,3
2015/16,81808,Wilfried Bony,Manchester City,5,3,3
2015/16,206040,Raul Jimenez,SL Benfica,10,3,3
2015/16,85148,Julian Draxler,VfL Wolfsburg,9,2,3
2015/16,134425,Raheem Sterling,Manchester City,10,2,3
2015/16,148928,Saul Niguez,Atletico de Madrid,13,2,3
2015/16,33343,Danijel Milicevic,KAA Gent,8,1,3
2015/16,48298,Lars Stindl,Borussia Monchengladbach,6,1,3
2015/16,66515,Alex Teixeira,Shakhtar Donetsk,6,1,3
2015/16,76924,Felipe Pardo,Olympiacos Piraeus,6,1,3
2015/16,147487,Vincent Aboubakar,FC Porto,6,1,3
2015/16,75287,Seydou Doumbia,CSKA Moscow,6,0,3
2015/16,88755,Kevin De Bruyne,Manchester City,10,0,3
2015/16,182913,Adrien Rabiot,Paris Saint-Germain,7,0,3
2015/16,243714,Kingsley Coman,Bayern Munich,8,6,2
2015/16,126414,Hakan Calhanoglu,Bayer 04 Leverkusen,6,5,2
2015/16,75615,Douglas Costa,Bayern Munich,11,4,2
2015/16,26267,Fernandinho,Manchester City,12,3,2
2015/16,31041,Fabian Johnson,Borussia Monchengladbach,5,3,2
2015/16,37666,Arturo Vidal,Bayern Munich,11,3,2
2015/16,44779,Diego Costa,Chelsea FC,8,3,2
2015/16,59187,Oleg Shatov,Zenit St. Petersburg,7,3,2
2015/16,32467,Ivan Rakitic,FC Barcelona,10,2,2
2015/16,36182,Max Kruse,VfL Wolfsburg,9,2,2
2015/16,42735,Sven Kums,KAA Gent,8,2,2
2015/16,50143,Jonas,SL Benfica,9,2,2
2015/16,58205,Andre Schurrle,VfL Wolfsburg,10,2,2
2015/16,96454,Maxime Lestienne,PSV Eindhoven,4,2,2
2015/16,128223,Alvaro Morata,Juventus FC,8,2,2
2015/16,4360,Arjen Robben,Bayern Munich,3,1,2
2015/16,19819,Raffael,Borussia Monchengladbach,6,1,2
2015/16,28396,Edin Dzeko,AS Roma,7,1,2
2015/16,33713,Theo Walcott,Arsenal FC,6,1,2
2015/16,34572,Mario Mandzukic,Juventus FC,5,1,2
2015/16,34944,Konstantinos Mitroglou,SL Benfica,7,1,2
2015/16,35518,David Silva,Manchester City,8,1,2
2015/16,44162,Miralem Pjanic,AS Roma,7,1,2
2015/16,58949,Yevgen Konoplyanka,Sevilla FC,6,1,2
2015/16,63837,Andre Andre,FC Porto,5,1,2
2015/16,72522,Luuk de Jong,PSV Eindhoven,6,1,2
2015/16,85314,Oscar,Chelsea FC,7,1,2
2015/16,5947,Daniele De Rossi,AS Roma,6,0,2
2015/16,12249,Ever Banega,Sevilla FC,5,0,2
2015/16,15185,Lukas Podolski,Galatasaray,6,0,2
2015/16,26399,Sergio Aguero,Manchester City,9,0,2
2015/16,32213,Naldo,VfL Wolfsburg,8,0,2
2015/16,35026,Selcuk Inan,Galatasaray,5,0,2
2015/16,35664,Mesut Ozil,Arsenal FC,8,0,2
2015/16,48280,Edinson Cavani,Paris Saint-Germain,10,0,2
2015/16,69015,Andriy Yarmolenko,Dynamo Kyiv,7,0,2
2015/16,74842,Mario Gotze,Bayern Munich,4,0,2
2015/16,77100,Lucas Moura,Paris Saint-Germain,9,0,2
2015/16,93720,Alexandre Lacazette,Olympique Lyon,6,0,2
2015/16,167722,Vitaliy Buyalskyi,Dynamo Kyiv,7,0,2
2015/16,168063,Filip Mladenovic,BATE Borisov,6,0,2
2015/16,182877,Anthony Martial,Manchester United,6,0,2
2015/16,184935,Kalifa Coulibaly,KAA Gent,6,0,2
2015/16,188651,Patrick Twumasi,FC Astana,2,0,2
2015/16,258626,Talisca,SL Benfica,5,0,2
2015/16,60444,Thiago Alcantara,Bayern Munich,9,4,1
2015/16,13091,Yaya Toure,Manchester City,10,2,1
2015/16,14119,Danny,Zenit St. Petersburg,8,2,1
2015/16,44068,Juan Mata,Manchester United,5,2,1
2015/16,53418,Kevin Kampl,Bayer 04 Leverkusen,6,2,1
2015/16,58576,Miguel Layun,FC Porto,6,2,1
2015/16,77809,Julian Korb,Borussia Monchengladbach,5,2,1
2015/16,122153,Paul Pogba,Juventus FC,8,2,1
2015/16,140776,Yannick Carrasco,Atletico de Madrid,9,2,1
2015/16,182577,Derlis Gonzalez,Dynamo Kyiv,8,2,1
2015/16,2865,Stephan Lichtsteiner,Juventus FC,6,1,1
2015/16,7444,Bilal Ksa,Galatasaray,4,1,1
2015/16,7767,Fernando Torres,Atletico de Madrid,12,1,1
2015/16,8806,Cesc Fabregas,Chelsea FC,7,1,1
2015/16,13230,Luisao,SL Benfica,4,1,1
2015/16,27389,Kevin Gameiro,Sevilla FC,5,1,1
2015/16,28335,Christophe Jallet,Olympique Lyon,4,1,1
2015/16,33481,Gervinho,AS Roma,3,1,1
2015/16,35047,Axel Witsel,Zenit St. Petersburg,7,1,1
2015/16,35247,Vieirinha,VfL Wolfsburg,8,1,1
2015/16,35564,Fernando Llorente,Sevilla FC,3,1,1
2015/16,38410,Daniel Caligiuri,VfL Wolfsburg,8,1,1
2015/16,45826,Josip Pivaric,GNK Dinamo Zagreb,5,1,1
2015/16,55461,Igor Stasevich,BATE Borisov,5,1,1
2015/16,57162,Sofiane Feghouli,Valencia CF,5,1,1
2015/16,59016,David Alaba,Bayern Munich,10,1,1
2015/16,59340,Iago Falque,AS Roma,5,1,1
2015/16,59445,Mikhail Gordeychuk,BATE Borisov,6,1,1
2015/16,60517,Yacine Brahimi,FC Porto,5,1,1
2015/16,64308,Brown Ideye,Olympiacos Piraeus,6,1,1
2015/16,67082,Vitolo,Sevilla FC,5,1,1
2015/16,70754,Denys Garmash,Dynamo Kyiv,7,1,1
2015/16,86784,Ricardo Rodriguez,VfL Wolfsburg,9,1,1
2015/16,138927,Daniel Carvajal,Real Madrid,8,1,1
2015/16,148455,Mohamed Salah,AS Roma,7,1,1
2015/16,214316,Luciano Vietto,Atletico de Madrid,5,1,1
2015/16,2963,Martin Demichelis,Manchester City,4,0,1
2015/16,3332,Wayne Rooney,Manchester United,4,0,1
2015/16,7476,Xabi Alonso,Bayern Munich,8,0,1
2015/16,9644,Sergey Ignashevich,CSKA Moscow,6,0,1
2015/16,9794,Oleg Gusev,Dynamo Kyiv,3,0,1
2015/16,14942,Darijo Srna,Shakhtar Donetsk,5,0,1
2015/16,18944,Gerard Pique,FC Barcelona,7,0,1
2015/16,24633,Eduardo,Shakhtar Donetsk,3,0,1
2015/16,24977,Vasilios Torosidis,AS Roma,4,0,1
2015/16,25557,Sergio Ramos,Real Madrid,10,0,1
2015/16,27505,Markus Rosenberg,Malmo FF,5,0,1
2015/16,27511,Gary Cahill,Chelsea FC,7,0,1
2015/16,27992,Luka Modric,Real Madrid,12,0,1
2015/16,30739,John Obi Mikel,Chelsea FC,4,0,1
2015/16,34495,Adriano,FC Barcelona,3,0,1
2015/16,42737,Thomas Matton,KAA Gent,5,0,1
2015/16,43264,Benoit Tremoulinas,Sevilla FC,6,0,1
2015/16,46741,David Luiz,Paris Saint-Germain,7,0,1
2015/16,51046,Hector Moreno,PSV Eindhoven,8,0,1
2015/16,51471,Mateo Kovacic,Real Madrid,8,0,1
2015/16,52787,Dentinho,Shakhtar Donetsk,3,0,1
2015/16,52915,Junior Moraes,Dynamo Kyiv,7,0,1
2015/16,53270,Oleksandr Gladkyi,Shakhtar Donetsk,5,0,1
2015/16,56331,Bas Dost,VfL Wolfsburg,6,0,1
2015/16,58489,Kyriakos Papadopoulos,Bayer 04 Leverkusen,5,0,1
2015/16,58884,Nacho Fernandez,Real Madrid,5,0,1
2015/16,59032,Aleksandar Dragovic,Dynamo Kyiv,8,0,1
2015/16,60784,Marin Anicic,FC Astana,5,0,1
2015/16,70412,Nemanja Milunovic,BATE Borisov,6,0,1
2015/16,72462,Luciano Narsingh,PSV Eindhoven,7,0,1
2015/16,74418,Jackson Martinez,Atletico de Madrid,4,0,1
2015/16,79027,Davy Propper,PSV Eindhoven,8,0,1
2015/16,84695,Maicon,FC Porto,3,0,1
2015/16,85093,Eran Zahavi,Maccabi Tel Aviv,6,0,1
2015/16,85370,Sergi Roberto,FC Barcelona,8,0,1
2015/16,88103,James Rodriguez,Real Madrid,5,0,1
2015/16,89708,Junior Fernandes,GNK Dinamo Zagreb,6,0,1
2015/16,90024,Alfred Finnbogason,Olympiacos Piraeus,3,0,1
2015/16,90583,Laurent Depoitre,KAA Gent,7,0,1
2015/16,91968,Roger Canas,FC Astana,5,0,1
2015/16,91970,Juan Cuadrado,Juventus FC,8,0,1
2015/16,96828,Simone Zaza,Juventus FC,2,0,1
2015/16,103427,Chris Smalling,Manchester United,6,0,1
2015/16,117674,Maximilian Arnold,VfL Wolfsburg,10,0,1
2015/16,118284,Jordan Ferri,Olympique Lyon,5,0,1
2015/16,127032,Serge Aurier,Paris Saint-Germain,5,0,1
2015/16,130365,Alessandro Florenzi,AS Roma,8,0,1
2015/16,134936,Jese,Real Madrid,9,0,1
2015/16,141834,Cristian Tello,FC Porto,5,0,1
2015/16,157509,Kurt Zouma,Chelsea FC,6,0,1
2015/16,160438,Mohamed Elneny,Arsenal FC,1,0,1
2015/16,166240,Jurgen Locadia,PSV Eindhoven,8,0,1
2015/16,166753,Armin Hodzic,GNK Dinamo Zagreb,2,0,1
2015/16,167850,Memphis Depay,Manchester United,6,0,1
2015/16,167859,Stefano Sturaro,Juventus FC,6,0,1
2015/16,168337,Ahmed Musa,CSKA Moscow,6,0,1
2015/16,182712,Joao Cancelo,Valencia CF,6,0,1
2015/16,206050,Paulo Dybala,Juventus FC,7,0,1
2015/16,214775,Oliver Torres,Atletico de Madrid,7,0,1
2015/16,215114,Thomas Foket,KAA Gent,7,0,1
2015/16,221025,Andre Gomes,Valencia CF,4,0,1
2015/16,225122,Goncalo Guedes,SL Benfica,7,0,1
2015/16,234781,Maxwel Cornet,Olympique Lyon,4,0,1
2015/16,266807,Angel Correa,Atletico de Madrid,5,0,1
2016/17,8198,Cristiano Ronaldo,Real Madrid,13,6,12
2016/17,28003,Lionel Messi,FC Barcelona,9,2,11
2016/17,38253,Robert Lewandowski,Bayern Munich,9,1,8
2016/17,48280,Edinson Cavani,Paris Saint-Germain,8,1,8
2016/17,58864,Pierre-Emerick Aubameyang,Borussia Dortmund,9,1,7
2016/17,125781,Antoine Griezmann,Atletico de Madrid,12,2,6
2016/17,342229,Kylian Mbappe,AS Monaco,9,0,6
2016/17,56416,Dries Mertens,SSC Napoli,8,4,5
2016/17,26399,Sergio Aguero,Manchester City,7,2,5
2016/17,18922,Karim Benzema,Real Madrid,13,1,5
2016/17,39153,Gonzalo Higuain,Juventus FC,12,1,5
2016/17,39152,Radamel Falcao,AS Monaco,8,0,5
2016/17,68290,Neymar,FC Barcelona,9,9,4
2016/17,35207,Marco Reus,Borussia Dortmund,4,3,4
2016/17,35664,Mesut Ozil,Arsenal FC,8,3,4
2016/17,171424,Riyad Mahrez,Leicester City,9,2,4
2016/17,198008,Andre Silva,FC Porto,8,2,4
2016/17,21369,Arda Turan,FC Barcelona,5,1,4
2016/17,45320,Angel Di Maria,Paris Saint-Germain,7,1,4
2016/17,33713,Theo Walcott,Arsenal FC,6,0,4
2016/17,148928,Saul Niguez,Atletico de Madrid,12,0,4
2016/17,206050,Paulo Dybala,Juventus FC,11,0,4
2016/17,40433,Alexis Sanchez,Arsenal FC,8,5,3
2016/17,15951,Dani Alves,Juventus FC,12,4,3
2016/17,44352,Luis Suarez,FC Barcelona,9,4,3
2016/17,4188,Ricardo Quaresma,Besiktas JK,6,3,3
2016/17,4360,Arjen Robben,Bayern Munich,8,3,3
2016/17,84535,Eduardo Salvio,SL Benfica,8,3,3
2016/17,73185,Lucas Perez,Arsenal FC,3,2,3
2016/17,81785,Shinji Kagawa,Borussia Dortmund,5,2,3
2016/17,98539,Dmitriy Poloz,FC Rostov,6,2,3
2016/17,34572,Mario Mandzukic,Juventus FC,11,1,3
2016/17,128223,Alvaro Morata,Real Madrid,9,1,3
2016/17,191891,Arkadiusz Milik,SSC Napoli,4,1,3
2016/17,296622,Marco Asensio,Real Madrid,8,1,3
2016/17,37666,Arturo Vidal,Bayern Munich,8,0,3
2016/17,58358,Thomas Muller,Bayern Munich,9,0,3
2016/17,147487,Vincent Aboubakar,Besiktas JK,6,0,3
2016/17,161056,Joshua Kimmich,Bayern Munich,8,0,3
2016/17,229004,Moussa Dembele,Celtic FC,6,0,3
2016/17,205562,Thomas Lemar,AS Monaco,12,5,2
2016/17,288230,Ousmane Dembele,Borussia Dortmund,10,5,2
2016/17,60444,Thiago Alcantara,Bayern Munich,9,3,2
2016/17,75615,Douglas Costa,Bayern Munich,9,3,2
2016/17,134425,Raheem Sterling,Manchester City,7,3,2
2016/17,16306,Casemiro,Real Madrid,9,2,2
2016/17,27235,Miroslav Radovic,Legia Warszawa,6,2,2
2016/17,38593,Marek Hamsik,SSC Napoli,8,2,2
2016/17,39381,Gareth Bale,Real Madrid,8,2,2
2016/17,61505,Aleksandar Prijovic,Legia Warszawa,4,2,2
2016/17,192565,Leroy Sane,Manchester City,4,2,2
2016/17,347100,Jonathan Cafu,Ludogorets Razgrad,6,2,2
2016/17,27389,Kevin Gameiro,Atletico de Madrid,9,1,2
2016/17,33923,Blaise Matuidi,Paris Saint-Germain,8,1,2
2016/17,53622,Ilkay Gundogan,Manchester City,6,1,2
2016/17,60540,Valere Germain,AS Monaco,12,1,2
2016/17,61560,Marc Albrighton,Leicester City,9,1,2
2016/17,82442,Olivier Giroud,Arsenal FC,6,1,2
2016/17,126719,Juan Bernat,Bayern Munich,4,1,2
2016/17,180337,Sardar Azmoun,FC Rostov,6,1,2
2016/17,190393,Corentin Tolisso,Olympique Lyon,6,1,2
2016/17,197838,Jamie Vardy,Leicester City,9,1,2
2016/17,225122,Goncalo Guedes,two clubs,6,1,2
2016/17,241641,Bernardo Silva,AS Monaco,11,1,2
2016/17,48298,Lars Stindl,Borussia Monchengladbach,5,0,2
2016/17,52059,Zanka,FC Copenhagen,6,0,2
2016/17,69683,Alan Dzagoev,CSKA Moscow,3,0,2
2016/17,110074,Bruno Cesar,Sporting CP,6,0,2
2016/17,132098,Harry Kane,Tottenham Hotspur,3,0,2
2016/17,140776,Yannick Carrasco,Atletico de Madrid,12,0,2
2016/17,146854,Wissam Ben Yedder,Sevilla FC,5,0,2
2016/17,164770,Raphael Varane,Real Madrid,10,0,2
2016/17,295330,Kelechi Iheanacho,Manchester City,3,0,2
2016/17,341110,Franco Cervi,SL Benfica,7,0,2
2016/17,7600,Andres Iniesta,FC Barcelona,8,3,1
2016/17,44162,Miralem Pjanic,Juventus FC,12,3,1
2016/17,69015,Andriy Yarmolenko,Dynamo Kyiv,5,3,1
2016/17,225693,Fabinho,AS Monaco,10,3,1
2016/17,315779,Christian Pulisic,Borussia Dortmund,10,3,1
2016/17,25557,Sergio Ramos,Real Madrid,11,2,1
2016/17,35518,David Silva,Manchester City,6,2,1
2016/17,53418,Kevin Kampl,Bayer 04 Leverkusen,7,2,1
2016/17,61253,Jose Callejon,SSC Napoli,8,2,1
2016/17,100986,Thomas Meunier,Paris Saint-Germain,6,2,1
2016/17,125165,Jesus Corona,FC Porto,7,2,1
2016/17,126414,Hakan Calhanoglu,Bayer 04 Leverkusen,6,2,1
2016/17,170986,Raphael Guerreiro,Borussia Dortmund,6,2,1
2016/17,207929,Dele Alli,Tottenham Hotspur,6,2,1
2016/17,7767,Fernando Torres,Atletico de Madrid,9,1,1
2016/17,28947,Gonzalo Castro,Borussia Dortmund,7,1,1
2016/17,31095,Nuri Sahin,Borussia Dortmund,3,1,1
2016/17,31909,Toni Kroos,Real Madrid,12,1,1
2016/17,34944,Konstantinos Mitroglou,SL Benfica,7,1,1
2016/17,38388,Vadis Odjidja-Ofoe,Legia Warszawa,6,1,1
2016/17,39642,Bryan Ruiz,Sporting CP,6,1,1
2016/17,39983,Leonardo Bonucci,Juventus FC,11,1,1
2016/17,42748,Jelle Vossen,Club Brugge KV,4,1,1
2016/17,42783,Andre Hahn,Borussia Monchengladbach,6,1,1
2016/17,44716,Claudio Marchisio,Juventus FC,8,1,1
2016/17,45858,Christian Noboa,FC Rostov,6,1,1
2016/17,46552,Kamil Glik,AS Monaco,10,1,1
2016/17,56810,Adrien Silva,Sporting CP,5,1,1
2016/17,58205,Andre Schurrle,Borussia Dortmund,6,1,1
2016/17,66058,Admir Mehmedi,Bayer 04 Leverkusen,6,1,1
2016/17,69006,Lacina Traore,CSKA Moscow,6,1,1
2016/17,70934,Nolito,Manchester City,4,1,1
2016/17,72522,Luuk de Jong,PSV Eindhoven,5,1,1
2016/17,74230,Pablo Sarabia,Sevilla FC,7,1,1
2016/17,74842,Mario Gotze,Borussia Dortmund,4,1,1
2016/17,77100,Lucas Moura,Paris Saint-Germain,7,1,1
2016/17,79027,Davy Propper,PSV Eindhoven,6,1,1
2016/17,88755,Kevin De Bruyne,Manchester City,6,1,1
2016/17,91849,Thomas Delaney,FC Copenhagen,6,1,1
2016/17,91970,Juan Cuadrado,Juventus FC,12,1,1
2016/17,93935,Sergio Escudero,Sevilla FC,8,1,1
2016/17,102226,Thorgan Hazard,Borussia Monchengladbach,4,1,1
2016/17,120443,Santiago Arias,PSV Eindhoven,4,1,1
2016/17,124182,Sergiy Sydorchuk,Dynamo Kyiv,5,1,1
2016/17,139607,Guilherme,Legia Warszawa,6,1,1
2016/17,143424,Alex Oxlade-Chamberlain,Arsenal FC,7,1,1
2016/17,160567,Thibault Moulin,Legia Warszawa,5,1,1
2016/17,161869,Djibril Sidibe,AS Monaco,9,1,1
2016/17,167722,Vitaliy Buyalskyi,Dynamo Kyiv,4,1,1
2016/17,174915,Islam Slimani,Leicester City,5,1,1
2016/17,182577,Derlis Gonzalez,Dynamo Kyiv,5,1,1
2016/17,214316,Luciano Vietto,Sevilla FC,4,1,1
2016/17,221316,Lucas Vazquez,Real Madrid,10,1,1
2016/17,231289,Otavio,FC Porto,6,1,1
2016/17,234781,Maxwel Cornet,Olympique Lyon,6,1,1
2016/17,264372,Viktor Tsygankov,Dynamo Kyiv,6,1,1
2016/17,265822,Wanderson,Ludogorets Razgrad,6,1,1
2016/17,322588,Natanael,Ludogorets Razgrad,6,1,1
2016/17,10003,Wes Morgan,Leicester City,9,0,1
2016/17,18935,Samir Nasri,Sevilla FC,5,0,1
2016/17,18944,Gerard Pique,FC Barcelona,8,0,1
2016/17,19819,Raffael,Borussia Monchengladbach,5,0,1
2016/17,25115,Claudiu Keseru,Ludogorets Razgrad,5,0,1
2016/17,26267,Fernandinho,Manchester City,7,0,1
2016/17,29260,Giorgio Chiellini,Juventus FC,9,0,1
2016/17,34322,Sokratis Papastathopoulos,Borussia Dortmund,9,0,1
2016/17,34495,Adriano,Besiktas JK,6,0,1
2016/17,41281,Nicolas Pareja,Sevilla FC,6,0,1
2016/17,42710,Toby Alderweireld,Tottenham Hotspur,3,0,1
2016/17,44367,Roman Eremenko,CSKA Moscow,2,0,1
2016/17,45671,Cenk Tosun,Besiktas JK,6,0,1
2016/17,46110,Ljubomir Fejsa,SL Benfica,7,0,1
2016/17,50935,Chicharito,Bayer 04 Leverkusen,8,0,1
2016/17,51471,Mateo Kovacic,Real Madrid,6,0,1
2016/17,52915,Junior Moraes,Dynamo Kyiv,6,0,1
2016/17,56331,Bas Dost,Sporting CP,6,0,1
2016/17,56976,Bibars Natcho,CSKA Moscow,5,0,1
2016/17,58576,Miguel Layun,FC Porto,6,0,1
2016/17,59246,Luca Zuffi,FC Basel 1893,6,0,1
2016/17,60517,Yacine Brahimi,FC Porto,5,0,1
2016/17,61087,Karim Bellarabi,Bayer 04 Leverkusen,2,0,1
2016/17,70754,Denys Garmash,Dynamo Kyiv,3,0,1
2016/17,72462,Luciano Narsingh,PSV Eindhoven,5,0,1
2016/17,73734,Steven Nzonzi,Sevilla FC,8,0,1
2016/17,73782,Adrian Ramos,Borussia Dortmund,1,0,1
2016/17,75287,Seydou Doumbia,FC Basel 1893,6,0,1
2016/17,79642,Shinji Okazaki,Leicester City,7,0,1
2016/17,82009,Kevin Volland,Bayer 04 Leverkusen,6,0,1
2016/17,85148,Julian Draxler,Paris Saint-Germain,2,0,1
2016/17,85288,Isco,Real Madrid,6,0,1
2016/17,85370,Sergi Roberto,FC Barcelona,8,0,1
2016/17,91845,Heung-min Son,Tottenham Hotspur,6,0,1
2016/17,93720,Alexandre Lacazette,Olympique Lyon,4,0,1
2016/17,99180,Federico Santander,FC Copenhagen,4,0,1
2016/17,99922,Marc Bartra,Borussia Dortmund,7,0,1
2016/17,102281,Nemanja Nikolics,Legia Warszawa,5,0,1
2016/17,111455,Granit Xhaka,Arsenal FC,7,0,1
2016/17,112343,Manolo Gabbiadini,SSC Napoli,5,0,1
2016/17,116905,Michal Kucharczyk,Legia Warszawa,4,0,1
2016/17,118284,Jordan Ferri,Olympique Lyon,3,0,1
2016/17,133964,Lorenzo Insigne,SSC Napoli,8,0,1
2016/17,147094,Jose Izquierdo,Club Brugge KV,4,0,1
2016/17,157373,Vladlen Yurchenko,Bayer 04 Leverkusen,1,0,1
2016/17,162959,Daniele Rugani,Juventus FC,2,0,1
2016/17,182618,Tiemoue Bakayoko,AS Monaco,10,0,1
2016/17,186590,John Stones,Manchester City,7,0,1
2016/17,187492,Julian Brandt,Bayer 04 Leverkusen,8,0,1
2016/17,194638,Renato Steffen,FC Basel 1893,5,0,1
2016/17,196792,Julian Weigl,Borussia Dortmund,9,0,1
2016/17,203412,Andreas Cornelius,FC Copenhagen,5,0,1
2016/17,205940,Marko Pjaca,Juventus FC,4,0,1
2016/17,206040,Raul Jimenez,SL Benfica,6,0,1
2016/17,214346,Virgil Misidjan,Ludogorets Razgrad,6,0,1
2016/17,225452,Patrick Roberts,Celtic FC,6,0,1
2016/17,227081,Joaquin Correa,Sevilla FC,3,0,1
2016/17,231572,Nelson Semedo,SL Benfica,8,0,1
2016/17,242631,Alex Iwobi,Arsenal FC,7,0,1
2016/17,258626,Talisca,Besiktas JK,3,0,1
2016/17,274461,Felix Passlack,Borussia Dortmund,2,0,1
2016/17,305415,Artem Besedin,Dynamo Kyiv,3,0,1
2016/17,340950,Diogo Jota,FC Porto,8,0,1
2017/18,8198,Cristiano Ronaldo,Real Madrid,13,3,15
2017/18,131789,Roberto Firmino,Liverpool FC,13,8,10
2017/18,148455,Mohamed Salah,Liverpool FC,13,5,10
2017/18,200512,Sadio Mane,Liverpool FC,11,1,10
2017/18,28396,Edin Dzeko,AS Roma,12,5,8
2017/18,146854,Wissam Ben Yedder,Sevilla FC,9,0,8
2017/18,132098,Harry Kane,Tottenham Hotspur,7,2,7
2017/18,48280,Edinson Cavani,Paris Saint-Germain,8,1,7
2017/18,68290,Neymar,Paris Saint-Germain,7,3,6
2017/18,28003,Lionel Messi,FC Barcelona,10,2,6
2017/18,38253,Robert Lewandowski,Bayern Munich,11,2,5
2017/18,80444,Philippe Coutinho,two clubs,5,2,5
2017/18,147487,Vincent Aboubakar,FC Porto,6,2,5
2017/18,39153,Gonzalo Higuain,Juventus FC,10,1,5
2017/18,18922,Karim Benzema,Real Madrid,9,0,5
2017/18,96341,Romelu Lukaku,Manchester United,8,0,5
2017/18,161056,Joshua Kimmich,Bayern Munich,11,3,4
2017/18,342229,Kylian Mbappe,Paris Saint-Germain,8,3,4
2017/18,45671,Cenk Tosun,Besiktas JK,6,2,4
2017/18,26399,Sergio Aguero,Manchester City,7,1,4
2017/18,134425,Raheem Sterling,Manchester City,8,1,4
2017/18,212718,Dimitri Oberlin,FC Basel 1893,8,1,4
2017/18,363205,Gabriel Jesus,Manchester City,9,1,4
2017/18,34572,Mario Mandzukic,Juventus FC,6,0,4
2017/18,58864,Pierre-Emerick Aubameyang,Borussia Dortmund,6,0,4
2017/18,91845,Heung-min Son,Tottenham Hotspur,7,0,4
2017/18,258626,Talisca,Besiktas JK,8,0,4
2017/18,44501,Marcelo,Real Madrid,11,4,3
2017/18,50202,Eden Hazard,Chelsea FC,8,4,3
2017/18,52769,Willian,Chelsea FC,8,3,3
2017/18,39381,Gareth Bale,Real Madrid,7,2,3
2017/18,58358,Thomas Muller,Bayern Munich,10,2,3
2017/18,93795,Facundo Ferreyra,Shakhtar Donetsk,8,2,3
2017/18,126710,Layvin Kurzawa,Paris Saint-Germain,6,2,3
2017/18,190393,Corentin Tolisso,Bayern Munich,8,2,3
2017/18,258923,Marcus Rashford,Manchester United,8,2,3
2017/18,51346,Michael Lang,FC Basel 1893,8,1,3
2017/18,54984,Diego Perotti,AS Roma,9,1,3
2017/18,39152,Radamel Falcao,AS Monaco,5,0,3
2017/18,60444,Thiago Alcantara,Bayern Munich,10,0,3
2017/18,133964,Lorenzo Insigne,SSC Napoli,5,0,3
2017/18,170527,Timo Werner,RB Leipzig,6,0,3
2017/18,175169,Bernard,Shakhtar Donetsk,8,0,3
2017/18,186590,John Stones,Manchester City,5,0,3
2017/18,56416,Dries Mertens,SSC Napoli,6,4,2
2017/18,207929,Dele Alli,Tottenham Hotspur,5,4,2
2017/18,243714,Kingsley Coman,Bayern Munich,6,3,2
2017/18,41982,Radja Nainggolan,AS Roma,11,2,2
2017/18,53622,Ilkay Gundogan,Manchester City,9,2,2
2017/18,68778,Marlos,Shakhtar Donetsk,8,2,2
2017/18,102558,Marco Verratti,Paris Saint-Germain,8,2,2
2017/18,125781,Antoine Griezmann,Atletico de Madrid,6,2,2
2017/18,182381,Quincy Promes,Spartak Moscow,5,2,2
2017/18,16135,Ryan Babel,Besiktas JK,7,1,2
2017/18,69633,Christian Eriksen,Tottenham Hotspur,6,1,2
2017/18,94529,Stephan El Shaarawy,AS Roma,10,1,2
2017/18,186644,Mohamed Elyounoussi,FC Basel 1893,8,1,2
2017/18,213605,Vitinho,CSKA Moscow,6,1,2
2017/18,15951,Dani Alves,Paris Saint-Germain,8,0,2
2017/18,56331,Bas Dost,Sporting CP,6,0,2
2017/18,57542,Mickael Pote,APOEL Nicosia,5,0,2
2017/18,76924,Felipe Pardo,Olympiacos Piraeus,6,0,2
2017/18,100399,Nicolai Jrgensen,Feyenoord Rotterdam,4,0,2
2017/18,104752,Konstantinos Manolas,AS Roma,11,0,2
2017/18,110074,Bruno Cesar,Sporting CP,5,0,2
2017/18,111078,Emil Forsberg,RB Leipzig,5,0,2
2017/18,134602,Ze Luis,Spartak Moscow,3,0,2
2017/18,143424,Alex Oxlade-Chamberlain,Liverpool FC,7,0,2
2017/18,179184,Michy Batshuayi,Chelsea FC,4,0,2
2017/18,181136,Piotr Zielinski,SSC Napoli,5,0,2
2017/18,302215,Naby Keita,RB Leipzig,5,0,2
2017/18,44352,Luis Suarez,FC Barcelona,10,4,1
2017/18,88755,Kevin De Bruyne,Manchester City,8,4,1
2017/18,141050,Danilo Pereira,FC Porto,6,3,1
2017/18,221316,Lucas Vazquez,Real Madrid,10,3,1
2017/18,227081,Joaquin Correa,Sevilla FC,8,3,1
2017/18,12249,Ever Banega,Sevilla FC,9,2,1
2017/18,46156,Aleksandar Kolarov,AS Roma,12,2,1
2017/18,47082,Daniel Sturridge,Liverpool FC,5,2,1
2017/18,49499,Georginio Wijnaldum,Liverpool FC,12,2,1
2017/18,65278,Pedro,Chelsea FC,7,2,1
2017/18,74230,Pablo Sarabia,Sevilla FC,10,2,1
2017/18,88103,James Rodriguez,Bayern Munich,12,2,1
2017/18,129554,Steven Berghuis,Feyenoord Rotterdam,6,2,1
2017/18,182877,Anthony Martial,Manchester United,8,2,1
2017/18,182913,Adrien Rabiot,Paris Saint-Germain,8,2,1
2017/18,241641,Bernardo Silva,Manchester City,9,2,1
2017/18,255755,Alex Telles,FC Porto,7,2,1
2017/18,257448,Gelson Martins,Sporting CP,6,2,1
2017/18,5947,Daniele De Rossi,AS Roma,10,1,1
2017/18,8806,Cesc Fabregas,Chelsea FC,8,1,1
2017/18,12282,Daley Blind,Manchester United,6,1,1
2017/18,18644,Alvaro Negredo,Besiktas JK,5,1,1
2017/18,27992,Luka Modric,Real Madrid,11,1,1
2017/18,35564,Fernando Llorente,Tottenham Hotspur,7,1,1
2017/18,39679,Marouane Fellaini,Manchester United,3,1,1
2017/18,39728,Mats Hummels,Bayern Munich,9,1,1
2017/18,41355,Ricky van Wolfswinkel,FC Basel 1893,3,1,1
2017/18,44162,Miralem Pjanic,Juventus FC,8,1,1
2017/18,45320,Angel Di Maria,Paris Saint-Germain,5,1,1
2017/18,55336,Denis Glushakov,Spartak Moscow,5,1,1
2017/18,55735,Henrikh Mkhitaryan,Manchester United,4,1,1
2017/18,60517,Yacine Brahimi,FC Porto,7,1,1
2017/18,61253,Jose Callejon,SSC Napoli,6,1,1
2017/18,69015,Andriy Yarmolenko,Borussia Dortmund,6,1,1
2017/18,69184,Marcos Tavares,NK Maribor,6,1,1
2017/18,75287,Seydou Doumbia,Sporting CP,4,1,1
2017/18,91970,Juan Cuadrado,Juventus FC,6,1,1
2017/18,93740,Willi Orban,RB Leipzig,6,1,1
2017/18,105456,Fernando,Spartak Moscow,6,1,1
2017/18,113125,Taulant Xhaka,FC Basel 1893,6,1,1
2017/18,122043,Hector Herrera,FC Porto,6,1,1
2017/18,127822,Lorenzo Melgarejo,Spartak Moscow,6,1,1
2017/18,156501,Felipe,FC Porto,7,1,1
2017/18,173859,Davide Zappacosta,Chelsea FC,5,1,1
2017/18,174694,Rony Lopes,AS Monaco,5,1,1
2017/18,182618,Tiemoue Bakayoko,Chelsea FC,5,1,1
2017/18,191614,Fred,Shakhtar Donetsk,8,1,1
2017/18,197300,Federico Bernardeschi,Juventus FC,5,1,1
2017/18,240306,Bruno Fernandes,Sporting CP,6,1,1
2017/18,296622,Marco Asensio,Real Madrid,12,1,1
2017/18,298976,Borja Mayoral,Real Madrid,4,1,1
2017/18,314353,Trent Alexander-Arnold,Liverpool FC,10,1,1
2017/18,341647,Cengiz Under,AS Roma,5,1,1
2017/18,401732,Blas Riveros,FC Basel 1893,5,1,1
2017/18,15076,Aleksandr Samedov,Spartak Moscow,4,0,1
2017/18,16306,Casemiro,Real Madrid,12,0,1
2017/18,18829,Vagner Love,Besiktas JK,2,0,1
2017/18,18944,Gerard Pique,FC Barcelona,9,0,1
2017/18,25557,Sergio Ramos,Real Madrid,11,0,1
2017/18,27389,Kevin Gameiro,Atletico de Madrid,3,0,1
2017/18,31552,Scott Sinclair,Celtic FC,5,0,1
2017/18,32467,Ivan Rakitic,FC Barcelona,10,0,1
2017/18,33923,Blaise Matuidi,Juventus FC,9,0,1
2017/18,34322,Sokratis Papastathopoulos,Borussia Dortmund,5,0,1
2017/18,36688,Pontus Wernbloom,CSKA Moscow,5,0,1
2017/18,38388,Vadis Odjidja-Ofoe,Olympiacos Piraeus,6,0,1
2017/18,39743,Sandro Wagner,Bayern Munich,3,0,1
2017/18,44017,Javi Martinez,Bayern Munich,10,0,1
2017/18,45611,Leigh Griffiths,Celtic FC,5,0,1
2017/18,46552,Kamil Glik,AS Monaco,6,0,1
2017/18,46741,David Luiz,Chelsea FC,4,0,1
2017/18,48859,Simon Kjaer,Sevilla FC,6,0,1
2017/18,48974,Luiz Adriano,Spartak Moscow,6,0,1
2017/18,54781,Nicolas Otamendi,Manchester City,8,0,1
2017/18,57500,Cesar Azpilicueta,Chelsea FC,8,0,1
2017/18,57723,Ivan Marcano,FC Porto,7,0,1
2017/18,57818,Michel Madera,Qarabag FK,6,0,1
2017/18,57834,Maxi Pereira,FC Porto,3,0,1
2017/18,58576,Miguel Layun,two clubs,2,0,1
2017/18,58884,Nacho Fernandez,Real Madrid,8,0,1
2017/18,59246,Luca Zuffi,FC Basel 1893,7,0,1
2017/18,67920,Ganso,Sevilla FC,1,0,1
2017/18,69683,Alan Dzagoev,CSKA Moscow,5,0,1
2017/18,70097,Georgiy Shchennikov,CSKA Moscow,5,0,1
2017/18,76028,Taison,Shakhtar Donetsk,8,0,1
2017/18,102017,Jorginho,SSC Napoli,2,0,1
2017/18,103381,Tiquinho Soares,FC Porto,3,0,1
2017/18,105899,Guido Pizarro,Sevilla FC,9,0,1
2017/18,109256,Haris Seferovic,SL Benfica,4,0,1
2017/18,113358,Sofiane Hanni,RSC Anderlecht,6,0,1
2017/18,119296,Emre Can,Liverpool FC,8,0,1
2017/18,120977,Callum McGregor,Celtic FC,4,0,1
2017/18,124028,Ismaily,Shakhtar Donetsk,8,0,1
2017/18,126664,Lucas Digne,FC Barcelona,3,0,1
2017/18,126716,Paco Alcacer,FC Barcelona,2,0,1
2017/18,128223,Alvaro Morata,Chelsea FC,7,0,1
2017/18,148928,Saul Niguez,Atletico de Madrid,6,0,1
2017/18,149238,Jasmin Mesanovic,NK Maribor,5,0,1
2017/18,170986,Raphael Guerreiro,Borussia Dortmund,3,0,1
2017/18,174504,Damjan Bohar,NK Maribor,6,0,1
2017/18,182904,Clement Lenglet,Sevilla FC,9,0,1
2017/18,191891,Arkadiusz Milik,SSC Napoli,1,0,1
2017/18,206050,Paulo Dybala,Juventus FC,8,0,1
2017/18,213368,Pedro Henrique,Qarabag FK,4,0,1
2017/18,215679,Georges-Kevin N'Koudou,Tottenham Hotspur,2,0,1
2017/18,225452,Patrick Roberts,Celtic FC,3,0,1
2017/18,229004,Moussa Dembele,Celtic FC,4,0,1
2017/18,230784,Thomas Partey,Atletico de Madrid,6,0,1
2017/18,249565,Youri Tielemans,AS Monaco,4,0,1
2017/18,264956,Jean-Kevin Augustin,RB Leipzig,5,0,1
2017/18,287579,Sofyan Amrabat,Feyenoord Rotterdam,6,0,1
2017/18,288230,Ousmane Dembele,FC Barcelona,3,0,1
2017/18,288253,Jeremiah St. Juste,Feyenoord Rotterdam,5,0,1
2017/18,292772,Dimitrios Nikolaou,Olympiacos Piraeus,3,0,1
2017/18,315557,Timur Zhamaletdinov,CSKA Moscow,5,0,1
2017/18,355501,Amadou Diawara,SSC Napoli,5,0,1
2017/18,381834,Konstantin Kuchaev,CSKA Moscow,6,0,1
2018/19,28003,Lionel Messi,FC Barcelona,10,3,12
2018/19,38253,Robert Lewandowski,Bayern Munich,8,0,8
2018/19,36139,Dusan Tadic,Ajax Amsterdam,12,5,6
2018/19,8198,Cristiano Ronaldo,Juventus FC,9,3,6
2018/19,283130,Moussa Marega,FC Porto,9,3,6
2018/19,26399,Sergio Aguero,Manchester City,7,1,6
2018/19,28396,Edin Dzeko,AS Roma,6,3,5
2018/19,134425,Raheem Sterling,Manchester City,10,3,5
2018/19,68290,Neymar,Paris Saint-Germain,6,2,5
2018/19,148455,Mohamed Salah,Liverpool FC,12,2,5
2018/19,46580,Andrej Kramaric,TSG 1899 Hoffenheim,6,1,5
2018/19,132098,Harry Kane,Tottenham Hotspur,9,1,5
2018/19,77100,Lucas Moura,Tottenham Hotspur,12,0,5
2018/19,206050,Paulo Dybala,Juventus FC,9,0,5
2018/19,342229,Kylian Mbappe,Paris Saint-Germain,8,5,4
2018/19,192565,Leroy Sane,Manchester City,8,4,4
2018/19,200512,Sadio Mane,Liverpool FC,13,3,4
2018/19,18922,Karim Benzema,Real Madrid,8,2,4
2018/19,125781,Antoine Griezmann,Atletico de Madrid,8,2,4
2018/19,241641,Bernardo Silva,Manchester City,8,2,4
2018/19,91845,Heung-min Son,Tottenham Hotspur,12,1,4
2018/19,131789,Roberto Firmino,Liverpool FC,12,1,4
2018/19,68863,Mauro Icardi,Inter Milan,6,0,4
2018/19,170986,Raphael Guerreiro,Borussia Dortmund,6,0,4
2018/19,363205,Gabriel Jesus,Manchester City,6,0,4
2018/19,35518,David Silva,Manchester City,9,3,3
2018/19,80444,Philippe Coutinho,FC Barcelona,12,3,3
2018/19,217111,Hakim Ziyech,Ajax Amsterdam,11,3,3
2018/19,39381,Gareth Bale,Real Madrid,7,2,3
2018/19,52915,Junior Moraes,Shakhtar Donetsk,6,2,3
2018/19,125165,Jesus Corona,FC Porto,8,2,3
2018/19,203496,Nabil Fekir,Olympique Lyon,6,2,3
2018/19,288255,Donny van de Beek,Ajax Amsterdam,12,2,3
2018/19,293200,Nikola Vlasic,CSKA Moscow,6,2,3
2018/19,341647,Cengiz Under,AS Roma,6,2,3
2018/19,288230,Ousmane Dembele,FC Barcelona,8,1,3
2018/19,23934,Guillaume Hoarau,BSC Young Boys,5,0,3
2018/19,56416,Dries Mertens,SSC Napoli,6,0,3
2018/19,72522,Luuk de Jong,PSV Eindhoven,6,0,3
2018/19,126719,Juan Bernat,Paris Saint-Germain,8,0,3
2018/19,131225,Nicolas Tagliafico,Ajax Amsterdam,10,0,3
2018/19,133964,Lorenzo Insigne,SSC Napoli,6,0,3
2018/19,148368,Divock Origi,Liverpool FC,8,0,3
2018/19,234781,Maxwel Cornet,Olympique Lyon,5,0,3
2018/19,245537,Nabil Bentaleb,FC Schalke 04,6,0,3
2018/19,69633,Christian Eriksen,Tottenham Hotspur,12,4,2
2018/19,45320,Angel Di Maria,Paris Saint-Germain,8,3,2
2018/19,124028,Ismaily,Shakhtar Donetsk,6,3,2
2018/19,372246,Carlos Soler,Valencia CF,6,3,2
2018/19,3333,James Milner,Liverpool FC,12,2,2
2018/19,48280,Edinson Cavani,Paris Saint-Germain,7,2,2
2018/19,139208,Virgil van Dijk,Liverpool FC,12,2,2
2018/19,469822,David Neres,Ajax Amsterdam,11,2,2
2018/19,4360,Arjen Robben,Bayern Munich,4,1,2
2018/19,35564,Fernando Llorente,Tottenham Hotspur,9,1,2
2018/19,44162,Miralem Pjanic,Juventus FC,10,1,2
2018/19,49499,Georginio Wijnaldum,Liverpool FC,12,1,2
2018/19,74229,Koke,Atletico de Madrid,7,1,2
2018/19,76028,Taison,Shakhtar Donetsk,5,1,2
2018/19,96341,Romelu Lukaku,Manchester United,9,1,2
2018/19,122043,Hector Herrera,FC Porto,9,1,2
2018/19,122153,Paul Pogba,Manchester United,9,1,2
2018/19,137576,Hans Vanaken,Club Brugge KV,6,1,2
2018/19,231289,Otavio,FC Porto,8,1,2
2018/19,258923,Marcus Rashford,Manchester United,10,1,2
2018/19,316889,Hirving Lozano,PSV Eindhoven,6,1,2
2018/19,377665,Arnor Sigurdsson,CSKA Moscow,6,1,2
2018/19,18944,Gerard Pique,FC Barcelona,11,0,2
2018/19,47543,Eren Derdiyok,Galatasaray,4,0,2
2018/19,173589,Viktor Klonaridis,AEK Athens,5,0,2
2018/19,176553,Aymeric Laporte,Manchester City,10,0,2
2018/19,178469,Michael Krmencik,FC Viktoria Plzen,3,0,2
2018/19,193082,Alejandro Grimaldo,SL Benfica,6,0,2
2018/19,250845,Jose Maria Gimenez,Atletico de Madrid,5,0,2
2018/19,255653,Santi Mina,Valencia CF,4,0,2
2018/19,287183,Fedor Chalov,CSKA Moscow,6,0,2
2018/19,296622,Marco Asensio,Real Madrid,7,0,2
2018/19,326031,Matthijs de Ligt,Ajax Amsterdam,11,0,2
2018/19,340456,Noussair Mazraoui,Ajax Amsterdam,11,0,2
2018/19,381362,Wesley Moraes,Club Brugge KV,6,0,2
2018/19,386224,Milan Pavkov,Red Star Belgrade,4,0,2
2018/19,392085,Nicolo Zaniolo,AS Roma,7,0,2
2018/19,401530,Eder Militao,FC Porto,9,0,2
2018/19,450936,Tanguy Ndombele,Olympique Lyon,8,0,2
2018/19,44352,Luis Suarez,FC Barcelona,10,5,1
2018/19,69751,Jordi Alba,FC Barcelona,11,5,1
2018/19,167850,Memphis Depay,Olympique Lyon,8,4,1
2018/19,171424,Riyad Mahrez,Manchester City,6,4,1
2018/19,35251,Marko Marin,Red Star Belgrade,5,3,1
2018/19,255755,Alex Telles,FC Porto,10,3,1
2018/19,286297,Lorenzo Pellegrini,AS Roma,6,3,1
2018/19,31909,Toni Kroos,Real Madrid,8,2,1
2018/19,32467,Ivan Rakitic,FC Barcelona,12,2,1
2018/19,34784,Lasse Schone,Ajax Amsterdam,11,2,1
2018/19,100986,Thomas Meunier,Paris Saint-Germain,5,2,1
2018/19,170895,Garry Rodrigues,Galatasaray,6,2,1
2018/19,35207,Marco Reus,Borussia Dortmund,6,1,1
2018/19,38593,Marek Hamsik,SSC Napoli,6,1,1
2018/19,43250,Jan Vertonghen,Tottenham Hotspur,10,1,1
2018/19,44501,Marcelo,Real Madrid,4,1,1
2018/19,44779,Diego Costa,Atletico de Madrid,4,1,1
2018/19,45864,Ruud Vormer,Club Brugge KV,6,1,1
2018/19,47082,Daniel Sturridge,Liverpool FC,7,1,1
2018/19,49239,Guido Burgstaller,FC Schalke 04,6,1,1
2018/19,50143,Jonas,SL Benfica,2,1,1
2018/19,70097,Georgiy Shchennikov,CSKA Moscow,3,1,1
2018/19,81800,Jan Kovarik,FC Viktoria Plzen,4,1,1
2018/19,103381,Tiquinho Soares,FC Porto,4,1,1
2018/19,111039,Ishak Belfodil,TSG 1899 Hoffenheim,5,1,1
2018/19,111630,Erik Lamela,Tottenham Hotspur,9,1,1
2018/19,126716,Paco Alcacer,Borussia Dortmund,5,1,1
2018/19,131996,Bertrand Traore,Olympique Lyon,8,1,1
2018/19,143812,Matias Vecino,Inter Milan,5,1,1
2018/19,156501,Felipe,FC Porto,10,1,1
2018/19,217879,Patrik Hrosovsky,FC Viktoria Plzen,6,1,1
2018/19,221316,Lucas Vazquez,Real Madrid,6,1,1
2018/19,293281,Jacob Bruun Larsen,Borussia Dortmund,5,1,1
2018/19,332697,Weston McKennie,FC Schalke 04,6,1,1
2018/19,333241,Joelinton,TSG 1899 Hoffenheim,5,1,1
2018/19,337800,Gedson Fernandes,SL Benfica,6,1,1
2018/19,370791,Pablo Rosario,PSV Eindhoven,6,1,1
2018/19,401173,Jadon Sancho,Borussia Dortmund,7,1,1
2018/19,5947,Daniele De Rossi,AS Roma,4,0,1
2018/19,16306,Casemiro,Real Madrid,6,0,1
2018/19,16649,Jefferson Farfan,Lokomotiv Moscow,4,0,1
2018/19,22068,Franck Ribery,Bayern Munich,7,0,1
2018/19,34572,Mario Mandzukic,Juventus FC,8,0,1
2018/19,35026,Selcuk Inan,Galatasaray,5,0,1
2018/19,35047,Axel Witsel,Borussia Dortmund,7,0,1
2018/19,39679,Marouane Fellaini,Manchester United,5,0,1
2018/19,39728,Mats Hummels,Bayern Munich,6,0,1
2018/19,41982,Radja Nainggolan,Inter Milan,4,0,1
2018/19,42234,Havard Nordtveit,TSG 1899 Hoffenheim,3,0,1
2018/19,44017,Javi Martinez,Bayern Munich,6,0,1
2018/19,44068,Juan Mata,Manchester United,6,0,1
2018/19,45383,Adrian Lopez,FC Porto,4,0,1
2018/19,51897,Vladislav Ignatjev,Lokomotiv Moscow,6,0,1
2018/19,54928,Diego Godin,Atletico de Madrid,6,0,1
2018/19,57162,Sofiane Feghouli,Galatasaray,3,0,1
2018/19,68033,Steven Zuber,TSG 1899 Hoffenheim,3,0,1
2018/19,69838,El Fardou Ben,Red Star Belgrade,6,0,1
2018/19,80690,Roman Prochazka,FC Viktoria Plzen,5,0,1
2018/19,85288,Isco,Real Madrid,4,0,1
2018/19,96047,Lukas Hejda,FC Viktoria Plzen,6,0,1
2018/19,104752,Konstantinos Manolas,AS Roma,7,0,1
2018/19,109256,Haris Seferovic,SL Benfica,6,0,1
2018/19,112465,Sergio Oliveira,FC Porto,4,0,1
2018/19,112935,Mark Uth,FC Schalke 04,5,0,1
2018/19,118397,Alessandro Schopf,FC Schalke 04,4,0,1
2018/19,129473,Rafinha,FC Barcelona,2,0,1
2018/19,143798,Pavel Kaderabek,TSG 1899 Hoffenheim,6,0,1
2018/19,148928,Saul Niguez,Atletico de Madrid,8,0,1
2018/19,179184,Michy Batshuayi,Valencia CF,5,0,1
2018/19,181767,Marquinhos,Paris Saint-Germain,7,0,1
2018/19,182877,Anthony Martial,Manchester United,8,0,1
2018/19,195736,Florian Grillitsch,TSG 1899 Hoffenheim,6,0,1
2018/19,196961,Marko Gobeljic,Red Star Belgrade,4,0,1
2018/19,198614,Tomas Chory,FC Viktoria Plzen,3,0,1
2018/19,225020,Mariano Diaz,Real Madrid,5,0,1
2018/19,229004,Moussa Dembele,Olympique Lyon,6,0,1
2018/19,236400,Leo Dubois,Olympique Lyon,5,0,1
2018/19,237662,Breel Embolo,FC Schalke 04,5,0,1
2018/19,243714,Kingsley Coman,Bayern Munich,3,0,1
2018/19,255451,Anton Miranchuk,Lokomotiv Moscow,6,0,1
2018/19,258027,Renato Sanches,Bayern Munich,6,0,1
2018/19,263183,Roger Assale,BSC Young Boys,5,0,1
2018/19,282041,Presnel Kimpembe,Paris Saint-Germain,8,0,1
2018/19,302215,Naby Keita,Liverpool FC,6,0,1
2018/19,315779,Christian Pulisic,Borussia Dortmund,7,0,1
2018/19,323704,Malcom,FC Barcelona,3,0,1
2018/19,330659,Justin Kluivert,AS Roma,5,0,1
2018/19,353948,Lucas Tousart,Olympique Lyon,7,0,1
2018/19,355861,Arnaut Danjuma,Club Brugge KV,2,0,1
2018/19,359210,Alfa Semedo,SL Benfica,3,0,1
2018/19,406635,Phil Foden,Manchester City,4,0,1
2018/19,421935,Maycon,Shakhtar Donetsk,6,0,1
2018/19,432772,Samuel Grandsir,AS Monaco,3,0,1
2018/19,460655,Moussa Sylla,AS Monaco,6,0,1
2019/20,38253,Robert Lewandowski,Bayern Munich,10,6,15
2019/20,418560,Erling Haaland,two clubs,8,1,10
2019/20,159471,Serge Gnabry,Bayern Munich,10,2,9
2019/20,134425,Raheem Sterling,Manchester City,9,5,6
2019/20,363205,Gabriel Jesus,Manchester City,8,3,6
2019/20,56416,Dries Mertens,SSC Napoli,8,2,6
2019/20,132098,Harry Kane,Tottenham Hotspur,5,0,6
2019/20,167850,Memphis Depay,Olympique Lyon,8,0,6
2019/20,342229,Kylian Mbappe,Paris Saint-Germain,10,6,5
2019/20,44352,Luis Suarez,two clubs,7,3,5
2019/20,18922,Karim Benzema,Real Madrid,8,2,5
2019/20,80351,Josip Ilicic,Atalanta BC,7,1,5
2019/20,91845,Heung-min Son,Tottenham Hotspur,6,1,5
2019/20,406625,Lautaro Martinez,Inter Milan,6,1,5
2019/20,68863,Mauro Icardi,Paris Saint-Germain,7,0,5
2019/20,58358,Thomas Muller,Bayern Munich,10,3,4
2019/20,106987,Marcel Sabitzer,RB Leipzig,9,3,4
2019/20,412363,Rodrygo,Real Madrid,5,3,4
2019/20,148455,Mohamed Salah,Liverpool FC,8,2,4
2019/20,170527,Timo Werner,two clubs,8,2,4
2019/20,8198,Cristiano Ronaldo,Juventus FC,8,1,4
2019/20,111078,Emil Forsberg,RB Leipzig,9,1,4
2019/20,119150,Mislav Orsic,GNK Dinamo Zagreb,6,1,4
2019/20,182381,Quincy Promes,Ajax Amsterdam,5,1,4
2019/20,398073,Achraf Hakimi,two clubs,8,0,4
2019/20,45320,Angel Di Maria,Paris Saint-Germain,9,7,3
2019/20,292246,Hee-chan Hwang,two clubs,6,5,3
2019/20,28003,Lionel Messi,FC Barcelona,8,4,3
2019/20,68290,Neymar,Paris Saint-Germain,7,4,3
2019/20,42460,Ivan Perisic,Bayern Munich,10,3,3
2019/20,80444,Philippe Coutinho,Bayern Munich,11,3,3
2019/20,190393,Corentin Tolisso,Bayern Munich,10,3,3
2019/20,64339,Pizzi,SL Benfica,6,2,3
2019/20,128223,Alvaro Morata,Atletico de Madrid,8,2,3
2019/20,205938,Mario Pasalic,Atalanta BC,9,2,3
2019/20,206050,Paulo Dybala,Juventus FC,8,2,3
2019/20,143424,Alex Oxlade-Chamberlain,Liverpool FC,5,1,3
2019/20,182201,Mbwana Samatta,KRC Genk,6,1,3
2019/20,243714,Kingsley Coman,Bayern Munich,9,1,3
2019/20,293385,Dani Olmo,two clubs,8,1,3
2019/20,331726,Tammy Abraham,Chelsea FC,8,1,3
2019/20,462250,Joao Felix,Atletico de Madrid,6,1,3
2019/20,96533,Youssef El Arabi,Olympiacos Piraeus,6,0,3
2019/20,191891,Arkadiusz Milik,SSC Napoli,5,0,3
2019/20,217111,Hakim Ziyech,two clubs,6,5,2
2019/20,161056,Joshua Kimmich,Bayern Munich,11,4,2
2019/20,39153,Gonzalo Higuain,Juventus FC,8,3,2
2019/20,165793,Takumi Minamino,two clubs,7,3,2
2019/20,187492,Julian Brandt,Borussia Dortmund,7,3,2
2019/20,74230,Pablo Sarabia,Paris Saint-Germain,9,2,2
2019/20,88755,Kevin De Bruyne,Manchester City,7,2,2
2019/20,96341,Romelu Lukaku,Inter Milan,5,2,2
2019/20,126719,Juan Bernat,Paris Saint-Germain,10,2,2
2019/20,131505,Rodrigo,Valencia CF,6,2,2
2019/20,200512,Sadio Mane,Liverpool FC,8,2,2
2019/20,398184,Ferran Torres,two clubs,6,2,2
2019/20,401173,Jadon Sancho,Borussia Dortmund,8,2,2
2019/20,406635,Phil Foden,Manchester City,5,2,2
2019/20,27389,Kevin Gameiro,Valencia CF,7,1,2
2019/20,48067,Artem Dzyuba,Zenit St. Petersburg,6,1,2
2019/20,52915,Junior Moraes,Shakhtar Donetsk,6,1,2
2019/20,53622,Ilkay Gundogan,Manchester City,9,1,2
2019/20,133964,Lorenzo Insigne,SSC Napoli,5,1,2
2019/20,229004,Moussa Dembele,Olympique Lyon,10,1,2
2019/20,275303,Hans Hateboer,Atalanta BC,9,1,2
2019/20,282411,Marcos Llorente,Atletico de Madrid,4,1,2
2019/20,288255,Donny van de Beek,Ajax Amsterdam,5,1,2
2019/20,448854,Emmanuel Dennis,Club Brugge KV,6,1,2
2019/20,25557,Sergio Ramos,Real Madrid,5,0,2
2019/20,26399,Sergio Aguero,Manchester City,3,0,2
2019/20,49499,Georginio Wijnaldum,Liverpool FC,8,0,2
2019/20,57500,Cesar Azpilicueta,Chelsea FC,7,0,2
2019/20,98322,Denis Cheryshev,Valencia CF,6,0,2
2019/20,102017,Jorginho,Chelsea FC,7,0,2
2019/20,109256,Haris Seferovic,SL Benfica,5,0,2
2019/20,125781,Antoine Griezmann,FC Barcelona,9,0,2
2019/20,180337,Sardar Azmoun,Zenit St. Petersburg,6,0,2
2019/20,181767,Marquinhos,Paris Saint-Germain,11,0,2
2019/20,197602,Ruben Semedo,Olympiacos Piraeus,6,0,2
2019/20,255450,Aleksey Miranchuk,Lokomotiv Moscow,4,0,2
2019/20,283628,Tomas Soucek,SK Slavia Prague,6,0,2
2019/20,396638,Manor Solomon,Shakhtar Donetsk,5,0,2
2019/20,401923,Victor Osimhen,LOSC Lille,5,0,2
2019/20,395693,Houssem Aouar,Olympique Lyon,8,6,1
2019/20,131789,Roberto Firmino,Liverpool FC,8,4,1
2019/20,171424,Riyad Mahrez,Manchester City,7,4,1
2019/20,59561,Dani Parejo,Valencia CF,8,3,1
2019/20,20005,Papu Gomez,Atalanta BC,9,2,1
2019/20,31909,Toni Kroos,Real Madrid,6,2,1
2019/20,73794,Duvan Zapata,Atalanta BC,5,2,1
2019/20,104505,Alan Patrick,Shakhtar Donetsk,6,2,1
2019/20,111630,Erik Lamela,Tottenham Hotspur,5,2,1
2019/20,127032,Serge Aurier,Tottenham Hotspur,5,2,1
2019/20,137206,Magomed Ozdoev,Zenit St. Petersburg,6,2,1
2019/20,315779,Christian Pulisic,Chelsea FC,4,2,1
2019/20,401529,Dodo,Shakhtar Donetsk,5,2,1
2019/20,16306,Casemiro,Real Madrid,8,1,1
2019/20,25488,Antonio Candreva,Inter Milan,5,1,1
2019/20,40687,Mathieu Valbuena,Olympiacos Piraeus,3,1,1
2019/20,51604,Marin Leovac,GNK Dinamo Zagreb,5,1,1
2019/20,52769,Willian,Chelsea FC,7,1,1
2019/20,69633,Christian Eriksen,Tottenham Hotspur,5,1,1
2019/20,71542,Arijan Ademi,GNK Dinamo Zagreb,6,1,1
2019/20,77100,Lucas Moura,Tottenham Hotspur,6,1,1
2019/20,91970,Juan Cuadrado,Juventus FC,6,1,1
2019/20,115382,Guilherme,Olympiacos Piraeus,5,1,1
2019/20,131225,Nicolas Tagliafico,Ajax Amsterdam,6,1,1
2019/20,153084,Leon Goretzka,Bayern Munich,8,1,1
2019/20,197300,Federico Bernardeschi,Juventus FC,6,1,1
2019/20,207877,Ruslan Malinovskyi,Atalanta BC,9,1,1
2019/20,207929,Dele Alli,Tottenham Hotspur,7,1,1
2019/20,223967,Konrad Laimer,RB Leipzig,10,1,1
2019/20,230784,Thomas Partey,Atletico de Madrid,8,1,1
2019/20,234781,Maxwel Cornet,Olympique Lyon,8,1,1
2019/20,238055,Rafa Silva,SL Benfica,3,1,1
2019/20,248393,Peter Olayinka,SK Slavia Prague,6,1,1
2019/20,256358,Bruno Petkovic,GNK Dinamo Zagreb,6,1,1
2019/20,341110,Franco Cervi,SL Benfica,5,1,1
2019/20,353948,Lucas Tousart,Olympique Lyon,7,1,1
2019/20,371998,Vinicius Junior,Real Madrid,5,1,1
2019/20,392775,Ryan Sessegnon,Tottenham Hotspur,3,1,1
2019/20,451276,Dominik Szoboszlai,Red Bull Salzburg,5,1,1
2019/20,27992,Luka Modric,Real Madrid,6,0,1
2019/20,29993,Sven Bender,Bayer 04 Leverkusen,6,0,1
2019/20,31196,Andreas Ulmer,Red Bull Salzburg,6,0,1
2019/20,33923,Blaise Matuidi,Juventus FC,5,0,1
2019/20,35564,Fernando Llorente,SSC Napoli,6,0,1
2019/20,37838,Dejan Lovren,Liverpool FC,3,0,1
2019/20,45121,Loic Remy,LOSC Lille,4,0,1
2019/20,45184,Grzegorz Krychowiak,Lokomotiv Moscow,6,0,1
2019/20,45660,Eric-Maxim Choupo-Moting,Paris Saint-Germain,6,0,1
2019/20,48280,Edinson Cavani,Paris Saint-Germain,3,0,1
2019/20,50057,Aaron Ramsey,Juventus FC,6,0,1
2019/20,51471,Mateo Kovacic,Chelsea FC,8,0,1
2019/20,54148,Adem Buyuk,Galatasaray,2,0,1
2019/20,58949,Yevgen Konoplyanka,Shakhtar Donetsk,4,0,1
2019/20,63463,Daniel Wass,Valencia CF,8,0,1
2019/20,70412,Nemanja Milunovic,Red Star Belgrade,6,0,1
2019/20,75615,Douglas Costa,Juventus FC,1,0,1
2019/20,82009,Kevin Volland,Bayer 04 Leverkusen,6,0,1
2019/20,82070,Diego Demme,two clubs,7,0,1
2019/20,85288,Isco,Real Madrid,4,0,1
2019/20,89222,Yaroslav Rakitskyi,Zenit St. Petersburg,5,0,1
2019/20,100986,Thomas Meunier,Paris Saint-Germain,5,0,1
2019/20,107010,Stefan Savic,Atletico de Madrid,4,0,1
2019/20,119213,Richmond Boakye,Red Star Belgrade,5,0,1
2019/20,119228,Luis Muriel,Atalanta BC,6,0,1
2019/20,122043,Hector Herrera,Atletico de Madrid,6,0,1
2019/20,127189,Geoffrey Kondogbia,Valencia CF,5,0,1
2019/20,129655,Jan Boril,SK Slavia Prague,6,0,1
2019/20,131996,Bertrand Traore,Olympique Lyon,5,0,1
2019/20,137576,Hans Vanaken,Club Brugge KV,6,0,1
2019/20,143812,Matias Vecino,Inter Milan,3,0,1
2019/20,148252,Remo Freuler,Atalanta BC,8,0,1
2019/20,148928,Saul Niguez,Atletico de Madrid,9,0,1
2019/20,156501,Felipe,Atletico de Madrid,8,0,1
2019/20,162038,Raul de Tomas,SL Benfica,4,0,1
2019/20,179184,Michy Batshuayi,Chelsea FC,4,0,1
2019/20,182904,Clement Lenglet,FC Barcelona,9,0,1
2019/20,234803,Andrew Robertson,Liverpool FC,8,0,1
2019/20,255942,Nicolo Barella,Inter Milan,4,0,1
2019/20,256977,Daniel Podence,Olympiacos Piraeus,6,0,1
2019/20,260827,Joachim Andersen,Olympique Lyon,6,0,1
2019/20,262226,Timothy Castagne,Atalanta BC,6,0,1
2019/20,263905,Dmitriy Barinov,Lokomotiv Moscow,5,0,1
2019/20,270901,Milos Vulic,Red Star Belgrade,4,0,1
2019/20,273132,Robin Gosens,Atalanta BC,8,0,1
2019/20,282810,Carles Perez,FC Barcelona,1,0,1
2019/20,302215,Naby Keita,Liverpool FC,4,0,1
2019/20,316889,Hirving Lozano,SSC Napoli,7,0,1
2019/20,324690,Jonathan Ikone,LOSC Lille,4,0,1
2019/20,332705,Tyler Adams,RB Leipzig,3,0,1
2019/20,348795,Giovani Lo Celso,Tottenham Hotspur,5,0,1
2019/20,365172,Patson Daka,Red Bull Salzburg,6,0,1
2019/20,371256,Tete,Shakhtar Donetsk,3,0,1
2019/20,372246,Carlos Soler,Valencia CF,5,0,1
2019/20,387105,Luka Ivanusec,GNK Dinamo Zagreb,4,0,1
2019/20,401356,Edson Alvarez,Ajax Amsterdam,6,0,1
2019/20,413565,Jhon Lucumi,KRC Genk,6,0,1
2019/20,442891,Martin Terrier,Olympique Lyon,5,0,1
2019/20,466810,Ansu Fati,FC Barcelona,5,0,1
2019/20,472423,Reece James,Chelsea FC,6,0,1
2019/20,490426,Krepin Diatta,Club Brugge KV,5,0,1
2019/20,491890,Stephen Odey,KRC Genk,1,0,1
2019/20,525287,Carlos Vinicius,SL Benfica,5,0,1
2020/21,418560,Erling Haaland,Borussia Dortmund,8,2,10
2020/21,342229,Kylian Mbappe,Paris Saint-Germain,10,3,8
2020/21,68290,Neymar,Paris Saint-Germain,9,4,6
2020/21,128223,Alvaro Morata,Juventus FC,8,1,6
2020/21,148455,Mohamed Salah,Liverpool FC,10,1,6
2020/21,258923,Marcus Rashford,Manchester United,6,1,6
2020/21,18922,Karim Benzema,Real Madrid,10,0,6
2020/21,82442,Olivier Giroud,Chelsea FC,8,0,6
2020/21,433049,Youssef En-Nesyri,Sevilla FC,8,0,6
2020/21,167329,Alassane Plea,Borussia Monchengladbach,8,3,5
2020/21,28003,Lionel Messi,FC Barcelona,6,2,5
2020/21,105521,Ciro Immobile,SS Lazio,5,1,5
2020/21,38253,Robert Lewandowski,Bayern Munich,6,0,5
2020/21,112465,Sergio Oliveira,FC Porto,8,0,5
2020/21,8198,Cristiano Ronaldo,Juventus FC,6,2,4
2020/21,170527,Timo Werner,Chelsea FC,12,2,4
2020/21,171424,Riyad Mahrez,Manchester City,12,2,4
2020/21,307924,Mergim Berisha,Red Bull Salzburg,6,2,4
2020/21,240306,Bruno Fernandes,Manchester United,6,1,4
2020/21,340950,Diogo Jota,Liverpool FC,9,1,4
2020/21,341092,Federico Chiesa,Juventus FC,8,1,4
2020/21,45660,Eric-Maxim Choupo-Moting,Bayern Munich,7,0,4
2020/21,96341,Romelu Lukaku,Inter Milan,5,0,4
2020/21,398184,Ferran Torres,Manchester City,6,0,4
2020/21,88755,Kevin De Bruyne,Manchester City,8,4,3
2020/21,243714,Kingsley Coman,Bayern Munich,7,3,3
2020/21,277179,Angelino,RB Leipzig,7,3,3
2020/21,406635,Phil Foden,Manchester City,13,3,3
2020/21,73794,Duvan Zapata,Atalanta BC,8,2,3
2020/21,95732,Martin Braithwaite,FC Barcelona,6,2,3
2020/21,227081,Joaquin Correa,SS Lazio,8,2,3
2020/21,288230,Ousmane Dembele,FC Barcelona,6,2,3
2020/21,371998,Vinicius Junior,Real Madrid,12,2,3
2020/21,53622,Ilkay Gundogan,Manchester City,12,1,3
2020/21,192565,Leroy Sane,Bayern Munich,8,1,3
2020/21,200512,Sadio Mane,Liverpool FC,10,1,3
2020/21,216603,Irfan Can Kahveci,Basaksehir FK,6,1,3
2020/21,364135,Moise Kean,Paris Saint-Germain,9,1,3
2020/21,119228,Luis Muriel,Atalanta BC,7,0,3
2020/21,137576,Hans Vanaken,Club Brugge KV,6,0,3
2020/21,181767,Marquinhos,Paris Saint-Germain,10,0,3
2020/21,255451,Anton Miranchuk,Lokomotiv Moscow,6,0,3
2020/21,462250,Joao Felix,Atletico de Madrid,8,0,3
2020/21,318528,Marcus Thuram,Borussia Monchengladbach,8,4,2
2020/21,36139,Dusan Tadic,Ajax Amsterdam,6,3,2
2020/21,58358,Thomas Muller,Bayern Munich,9,3,2
2020/21,401173,Jadon Sancho,Borussia Dortmund,6,3,2
2020/21,32467,Ivan Rakitic,Sevilla FC,8,2,2
2020/21,48298,Lars Stindl,Borussia Monchengladbach,8,2,2
2020/21,153084,Leon Goretzka,Bayern Munich,7,2,2
2020/21,182877,Anthony Martial,Manchester United,5,2,2
2020/21,283130,Moussa Marega,FC Porto,9,2,2
2020/21,315779,Christian Pulisic,Chelsea FC,10,2,2
2020/21,346483,Mason Mount,Chelsea FC,11,2,2
2020/21,435772,Charles De Ketelaere,Club Brugge KV,6,2,2
2020/21,25557,Sergio Ramos,Real Madrid,5,1,2
2020/21,72522,Luuk de Jong,Sevilla FC,6,1,2
2020/21,307058,Mehdi Taremi,FC Porto,6,1,2
2020/21,480692,Luis Diaz,FC Porto,9,1,2
2020/21,26399,Sergio Aguero,Manchester City,7,0,2
2020/21,30418,Marcus Berg,FC Krasnodar,6,0,2
2020/21,37647,Dimitri Payet,Olympique Marseille,6,0,2
2020/21,84545,Marco Parolo,SS Lazio,5,0,2
2020/21,125781,Antoine Griezmann,FC Barcelona,7,0,2
2020/21,153582,Alexander Scholz,FC Midtjylland,6,0,2
2020/21,212630,Franck Boli,Ferencvarosi TC,5,0,2
2020/21,217111,Hakim Ziyech,Chelsea FC,10,0,2
2020/21,264372,Viktor Tsygankov,Dynamo Kyiv,5,0,2
2020/21,270541,Serhou Guirassy,Stade Rennais FC,4,0,2
2020/21,284732,Ramy Bensebaini,Borussia Monchengladbach,5,0,2
2020/21,296622,Marco Asensio,Real Madrid,11,0,2
2020/21,363205,Gabriel Jesus,Manchester City,7,0,2
2020/21,392768,Callum Hudson-Odoi,Chelsea FC,7,0,2
2020/21,396638,Manor Solomon,Shakhtar Donetsk,6,0,2
2020/21,451276,Dominik Szoboszlai,two clubs,6,0,2
2020/21,45320,Angel Di Maria,Paris Saint-Germain,10,5,1
2020/21,161056,Joshua Kimmich,Bayern Munich,7,4,1
2020/21,27992,Luka Modric,Real Madrid,12,3,1
2020/21,134425,Raheem Sterling,Manchester City,11,3,1
2020/21,466810,Ansu Fati,FC Barcelona,3,3,1
2020/21,20005,Papu Gomez,two clubs,8,2,1
2020/21,35207,Marco Reus,Borussia Dortmund,10,2,1
2020/21,45864,Ruud Vormer,Club Brugge KV,6,2,1
2020/21,102226,Thorgan Hazard,Borussia Dortmund,7,2,1
2020/21,109217,Edin Visca,Basaksehir FK,5,2,1
2020/21,241641,Bernardo Silva,Manchester City,13,2,1
2020/21,309400,Kai Havertz,Chelsea FC,12,2,1
2020/21,331726,Tammy Abraham,Chelsea FC,5,2,1
2020/21,344381,Christopher Nkunku,RB Leipzig,7,2,1
2020/21,412363,Rodrygo,Real Madrid,11,2,1
2020/21,433188,Curtis Jones,Liverpool FC,5,2,1
2020/21,532826,Mason Greenwood,Manchester United,5,2,1
2020/21,551695,Lassina Traore,Ajax Amsterdam,5,2,1
2020/21,7161,Jonas Hofmann,Borussia Monchengladbach,5,1,1
2020/21,16306,Casemiro,Real Madrid,10,1,1
2020/21,31007,Zlatko Junuzovic,Red Bull Salzburg,6,1,1
2020/21,40205,Demba Ba,Basaksehir FK,6,1,1
2020/21,48067,Artem Dzyuba,Zenit St. Petersburg,5,1,1
2020/21,80351,Josip Ilicic,Atalanta BC,6,1,1
2020/21,102017,Jorginho,Chelsea FC,12,1,1
2020/21,111078,Emil Forsberg,RB Leipzig,7,1,1
2020/21,140776,Yannick Carrasco,Atletico de Madrid,5,1,1
2020/21,157635,Yussuf Poulsen,RB Leipzig,8,1,1
2020/21,182712,Joao Cancelo,Manchester City,9,1,1
2020/21,182913,Adrien Rabiot,Juventus FC,7,1,1
2020/21,205586,Tokmac Chol Nguen,Ferencvarosi TC,6,1,1
2020/21,206050,Paulo Dybala,Juventus FC,5,1,1
2020/21,214538,Matheus Uribe,FC Porto,9,1,1
2020/21,216662,Deniz Turuc,Basaksehir FK,6,1,1
2020/21,282411,Marcos Llorente,Atletico de Madrid,8,1,1
2020/21,339332,Noa Lang,Club Brugge KV,6,1,1
2020/21,342389,Anders Dreyer,FC Midtjylland,6,1,1
2020/21,355915,Cristian Romero,Atalanta BC,7,1,1
2020/21,371256,Tete,Shakhtar Donetsk,6,1,1
2020/21,406625,Lautaro Martinez,Inter Milan,6,1,1
2020/21,448854,Emmanuel Dennis,Club Brugge KV,4,1,1
2020/21,581678,Jude Bellingham,Borussia Dortmund,10,1,1
2020/21,683840,Pedri,FC Barcelona,7,1,1
2020/21,18944,Gerard Pique,FC Barcelona,3,0,1
2020/21,19305,Oscar Wendt,Borussia Monchengladbach,4,0,1
2020/21,25727,Lukasz Piszczek,Borussia Dortmund,3,0,1
2020/21,26485,Jerome Boateng,Bayern Munich,7,0,1
2020/21,35047,Axel Witsel,Borussia Dortmund,5,0,1
2020/21,37834,Felipe Caicedo,SS Lazio,5,0,1
2020/21,42460,Ivan Perisic,Inter Milan,6,0,1
2020/21,44402,Mehmet Topal,Basaksehir FK,4,0,1
2020/21,50202,Eden Hazard,Real Madrid,5,0,1
2020/21,52787,Dentinho,Shakhtar Donetsk,4,0,1
2020/21,54906,Matteo Darmian,Inter Milan,4,0,1
2020/21,80444,Philippe Coutinho,FC Barcelona,2,0,1
2020/21,84481,Eder,Lokomotiv Moscow,3,0,1
2020/21,84483,Aleksandr Erokhin,Zenit St. Petersburg,5,0,1
2020/21,111961,Suso,Sevilla FC,4,0,1
2020/21,113707,Remy Cabella,FC Krasnodar,3,0,1
2020/21,166601,Niklas Sule,Bayern Munich,7,0,1
2020/21,170481,Jean-Daniel Akpa Akpro,SS Lazio,8,0,1
2020/21,170986,Raphael Guerreiro,Borussia Dortmund,8,0,1
2020/21,181778,Emerson,Chelsea FC,6,0,1
2020/21,184816,Ahmed Hassan,Olympiacos Piraeus,3,0,1
2020/21,189485,Cristian Ramirez,FC Krasnodar,6,0,1
2020/21,190393,Corentin Tolisso,Bayern Munich,3,0,1
2020/21,191422,Mahmoud Dahoud,Borussia Dortmund,6,0,1
2020/21,192635,Nico Elvedi,Borussia Monchengladbach,7,0,1
2020/21,213976,Igor Kharatin,Ferencvarosi TC,5,0,1
2020/21,223725,Munir El Haddadi,Sevilla FC,6,0,1
2020/21,231289,Otavio,FC Porto,9,0,1
2020/21,236202,Wanderson,FC Krasnodar,4,0,1
2020/21,237662,Breel Embolo,Borussia Monchengladbach,7,0,1
2020/21,238407,Alexander Srloth,RB Leipzig,4,0,1
2020/21,250845,Jose Maria Gimenez,Atletico de Madrid,4,0,1
2020/21,255450,Aleksey Miranchuk,Atalanta BC,3,0,1
2020/21,255729,Awer Mabil,FC Midtjylland,6,0,1
2020/21,257740,Carlos de Pena,Dynamo Kyiv,6,0,1
2020/21,273132,Robin Gosens,Atalanta BC,7,0,1
2020/21,281769,Mario Hermoso,Atletico de Madrid,6,0,1
2020/21,281963,Lucas Hernandez,Bayern Munich,10,0,1
2020/21,291417,Ferland Mendy,Real Madrid,11,0,1
2020/21,293385,Dani Olmo,RB Leipzig,8,0,1
2020/21,294853,Sebastian Driussi,Zenit St. Petersburg,5,0,1
2020/21,307052,Masaya Okugawa,Red Bull Salzburg,3,0,1
2020/21,315289,Myrto Uzuni,Ferencvarosi TC,4,0,1
2020/21,316125,Ben Chilwell,Chelsea FC,10,0,1
2020/21,319301,Daniel James,Manchester United,2,0,1
2020/21,330659,Justin Kluivert,RB Leipzig,7,0,1
2020/21,332697,Weston McKennie,Juventus FC,7,0,1
2020/21,335725,Shapi Suleymanov,FC Krasnodar,6,0,1
2020/21,340456,Noussair Mazraoui,Ajax Amsterdam,6,0,1
2020/21,344565,Vitaliy Lisakovich,Lokomotiv Moscow,3,0,1
2020/21,348026,Nordi Mukiele,RB Leipzig,7,0,1
2020/21,361104,Sergino Dest,FC Barcelona,7,0,1
2020/21,402008,Amadou Haidara,RB Leipzig,6,0,1
2020/21,404841,Denys Popov,Dynamo Kyiv,6,0,1
2020/21,411975,Jules Kounde,Sevilla FC,7,0,1
2020/21,469822,David Neres,Ajax Amsterdam,4,0,1
2020/21,478573,Ryan Gravenberch,Ajax Amsterdam,6,0,1
2020/21,481173,Mady Camara,Olympiacos Piraeus,4,0,1
2020/21,496094,Karim Adeyemi,Red Bull Salzburg,3,0,1
2020/21,537598,Fabio Vieira,FC Porto,6,0,1
2020/21,538977,Georginio Rutter,Stade Rennais FC,1,0,1
2020/21,544784,Zaidu Sanusi,FC Porto,10,0,1
2020/21,580195,Jamal Musiala,Bayern Munich,6,0,1
2020/21,602105,Antony,Ajax Amsterdam,4,0,1
2021/22,18922,Karim Benzema,Real Madrid,12,2,15
2021/22,38253,Robert Lewandowski,Bayern Munich,10,3,13
2021/22,181375,Sebastien Haller,Ajax Amsterdam,8,2,11
2021/22,148455,Mohamed Salah,Liverpool FC,13,2,8
2021/22,171424,Riyad Mahrez,Manchester City,12,2,7
2021/22,344381,Christopher Nkunku,RB Leipzig,6,2,7
2021/22,192565,Leroy Sane,Bayern Munich,10,6,6
2021/22,342229,Kylian Mbappe,Paris Saint-Germain,8,6,6
2021/22,355861,Arnaut Danjuma,Villarreal CF,11,1,6
2021/22,8198,Cristiano Ronaldo,Manchester United,7,0,6
2021/22,546543,Darwin Nunez,SL Benfica,10,0,6
2021/22,412363,Rodrygo,Real Madrid,11,2,5
2021/22,200512,Sadio Mane,Liverpool FC,13,1,5
2021/22,28003,Lionel Messi,Paris Saint-Germain,7,0,5
2021/22,131789,Roberto Firmino,Liverpool FC,7,0,5
2021/22,371998,Vinicius Junior,Real Madrid,13,7,4
2021/22,58358,Thomas Muller,Bayern Munich,10,4,4
2021/22,125781,Antoine Griezmann,Atletico de Madrid,9,2,4
2021/22,170527,Timo Werner,Chelsea FC,5,2,4
2021/22,426620,Pedro Goncalves,Sporting CP,5,2,4
2021/22,363205,Gabriel Jesus,Manchester City,8,1,4
2021/22,480692,Luis Diaz,two clubs,13,1,4
2021/22,241641,Bernardo Silva,Manchester City,11,3,3
2021/22,73794,Duvan Zapata,Atalanta BC,6,2,3
2021/22,134425,Raheem Sterling,Manchester City,12,2,3
2021/22,406635,Phil Foden,Manchester City,11,2,3
2021/22,496094,Karim Adeyemi,Red Bull Salzburg,8,2,3
2021/22,28396,Edin Dzeko,Inter Milan,7,1,3
2021/22,35207,Marco Reus,Borussia Dortmund,6,1,3
2021/22,129554,Steven Berghuis,Ajax Amsterdam,8,1,3
2021/22,137576,Hans Vanaken,Club Brugge KV,6,1,3
2021/22,159471,Serge Gnabry,Bayern Munich,8,1,3
2021/22,198008,Andre Silva,RB Leipzig,6,1,3
2021/22,206050,Paulo Dybala,Juventus FC,5,1,3
2021/22,211072,Paulinho,Sporting CP,8,1,3
2021/22,34987,Burak Ylmaz,LOSC Lille,7,0,3
2021/22,221958,Roman Yaremchuk,SL Benfica,10,0,3
2021/22,309400,Kai Havertz,Chelsea FC,9,0,3
2021/22,326029,Donyell Malen,Borussia Dortmund,6,0,3
2021/22,346890,Noah Okafor,Red Bull Salzburg,6,0,3
2021/22,418560,Erling Haaland,Borussia Dortmund,3,0,3
2021/22,533738,Jonathan David,LOSC Lille,8,0,3
2021/22,63494,Etienne Capoue,Villarreal CF,12,4,2
2021/22,88755,Kevin De Bruyne,Manchester City,10,4,2
2021/22,602105,Antony,Ajax Amsterdam,7,4,2
2021/22,177467,Gerard Moreno,Villarreal CF,7,3,2
2021/22,182712,Joao Cancelo,Manchester City,9,3,2
2021/22,243714,Kingsley Coman,Bayern Munich,9,3,2
2021/22,102017,Jorginho,Chelsea FC,8,2,2
2021/22,111078,Emil Forsberg,RB Leipzig,6,2,2
2021/22,32467,Ivan Rakitic,Sevilla FC,5,1,2
2021/22,36139,Dusan Tadic,Ajax Amsterdam,7,1,2
2021/22,74230,Pablo Sarabia,Sporting CP,8,1,2
2021/22,96341,Romelu Lukaku,Chelsea FC,6,1,2
2021/22,128223,Alvaro Morata,Juventus FC,7,1,2
2021/22,158594,Sebastien Thill,FC Sheriff Tiraspol,6,1,2
2021/22,315779,Christian Pulisic,Chelsea FC,7,1,2
2021/22,341092,Federico Chiesa,Juventus FC,4,1,2
2021/22,364405,Adama Traore,FC Sheriff Tiraspol,6,1,2
2021/22,31909,Toni Kroos,Real Madrid,12,0,2
2021/22,49499,Georginio Wijnaldum,Paris Saint-Germain,5,0,2
2021/22,92164,Mats Rits,Club Brugge KV,6,0,2
2021/22,102427,Sebastian Coates,Sporting CP,6,0,2
2021/22,180337,Sardar Azmoun,Zenit St. Petersburg,5,0,2
2021/22,194638,Renato Steffen,VfL Wolfsburg,5,0,2
2021/22,314288,Lukas Nmecha,VfL Wolfsburg,5,0,2
2021/22,355369,Jordan,BSC Young Boys,6,0,2
2021/22,357119,Ibrahima Konate,Liverpool FC,8,0,2
2021/22,401922,Samuel Chukwueze,Villarreal CF,9,0,2
2021/22,403315,Claudinho,Zenit St. Petersburg,6,0,2
2021/22,451276,Dominik Szoboszlai,RB Leipzig,4,0,2
2021/22,550495,Fernando,Shakhtar Donetsk,5,0,2
2021/22,59561,Dani Parejo,Villarreal CF,12,3,1
2021/22,581678,Jude Bellingham,Borussia Dortmund,6,3,1
2021/22,37666,Arturo Vidal,Inter Milan,7,2,1
2021/22,61651,Jordan Henderson,Liverpool FC,12,2,1
2021/22,86202,Antonio Rudiger,Chelsea FC,9,2,1
2021/22,89222,Yaroslav Rakitskyi,Zenit St. Petersburg,6,2,1
2021/22,217111,Hakim Ziyech,Chelsea FC,9,2,1
2021/22,296622,Marco Asensio,Real Madrid,8,2,1
2021/22,302215,Naby Keita,Liverpool FC,10,2,1
2021/22,324690,Jonathan Ikone,LOSC Lille,5,2,1
2021/22,340950,Diogo Jota,Liverpool FC,11,2,1
2021/22,346483,Mason Mount,Chelsea FC,7,2,1
2021/22,392768,Callum Hudson-Odoi,Chelsea FC,5,2,1
2021/22,476352,Renan Lodi,Atletico de Madrid,10,2,1
2021/22,12282,Daley Blind,Ajax Amsterdam,8,1,1
2021/22,40433,Alexis Sanchez,Inter Milan,6,1,1
2021/22,57500,Cesar Azpilicueta,Chelsea FC,9,1,1
2021/22,74869,Francis Coquelin,Villarreal CF,8,1,1
2021/22,80351,Josip Ilicic,Atalanta BC,4,1,1
2021/22,125020,Jose Luis Palomino,Atalanta BC,5,1,1
2021/22,148252,Remo Freuler,Atalanta BC,6,1,1
2021/22,148368,Divock Origi,Liverpool FC,7,1,1
2021/22,156617,Marcelo Brozovic,Inter Milan,8,1,1
2021/22,182932,Davy Klaassen,Ajax Amsterdam,7,1,1
2021/22,189441,Lucas Ocampos,Sevilla FC,6,1,1
2021/22,196948,Andreas Christensen,Chelsea FC,8,1,1
2021/22,203460,Jack Grealish,Manchester City,7,1,1
2021/22,205938,Mario Pasalic,Atalanta BC,5,1,1
2021/22,237666,Silvan Hefti,BSC Young Boys,6,1,1
2021/22,238055,Rafa Silva,SL Benfica,9,1,1
2021/22,266768,Nicolas Moumi Ngamaleu,BSC Young Boys,6,1,1
2021/22,307058,Mehdi Taremi,FC Porto,6,1,1
2021/22,314678,Brahim Diaz,AC Milan,5,1,1
2021/22,348026,Nordi Mukiele,RB Leipzig,6,1,1
2021/22,357164,Rafael Leao,AC Milan,4,1,1
2021/22,392770,Angel Gomes,LOSC Lille,4,1,1
2021/22,438202,Bruno Tabata,Sporting CP,4,1,1
2021/22,449151,Junior Messias,AC Milan,2,1,1
2021/22,462250,Joao Felix,Atletico de Madrid,8,1,1
2021/22,507341,Fabian Rieder,BSC Young Boys,6,1,1
2021/22,532826,Mason Greenwood,Manchester United,4,1,1
2021/22,18944,Gerard Pique,FC Barcelona,5,0,1
2021/22,44352,Luis Suarez,Atletico de Madrid,7,0,1
2021/22,44471,Sren Rieks,Malmo FF,3,0,1
2021/22,45660,Eric-Maxim Choupo-Moting,Bayern Munich,4,0,1
2021/22,59016,David Alaba,Real Madrid,12,0,1
2021/22,60444,Thiago Alcantara,Liverpool FC,10,0,1
2021/22,70754,Denys Garmash,Dynamo Kyiv,6,0,1
2021/22,79960,Alex Sandro,Juventus FC,7,0,1
2021/22,95424,Kyle Walker,Manchester City,7,0,1
2021/22,99343,Ander Herrera,Paris Saint-Germain,6,0,1
2021/22,111196,Stefan de Vrij,Inter Milan,6,0,1
2021/22,112465,Sergio Oliveira,FC Porto,6,0,1
2021/22,118287,Rachid Ghezzal,Besiktas JK,5,0,1
2021/22,119228,Luis Muriel,Atalanta BC,5,0,1
2021/22,126665,Idrissa Gueye,Paris Saint-Germain,7,0,1
2021/22,126716,Paco Alcacer,Villarreal CF,3,0,1
2021/22,137206,Magomed Ozdoev,Zenit St. Petersburg,1,0,1
2021/22,177476,Nathan Ake,Manchester City,6,0,1
2021/22,177907,Harry Maguire,Manchester United,6,0,1
2021/22,187587,Ante Rebic,AC Milan,2,0,1
2021/22,188854,Manu Trigueros,Villarreal CF,9,0,1
2021/22,204069,Milan Skriniar,Inter Milan,8,0,1
2021/22,207625,Boban Nikolov,FC Sheriff Tiraspol,5,0,1
2021/22,207877,Ruslan Malinovskyi,Atalanta BC,5,0,1
2021/22,207917,Alberto Moreno,Villarreal CF,7,0,1
2021/22,217033,Aleksey Sutormin,Zenit St. Petersburg,4,0,1
2021/22,225693,Fabinho,Liverpool FC,13,0,1
2021/22,231614,Gilberto,SL Benfica,9,0,1
2021/22,255755,Alex Telles,Manchester United,4,0,1
2021/22,255901,Rodrigo De Paul,Atletico de Madrid,9,0,1
2021/22,258923,Marcus Rashford,Manchester United,5,0,1
2021/22,263361,Maximilian Wober,Red Bull Salzburg,7,0,1
2021/22,263727,Joan Jordan,Sevilla FC,6,0,1
2021/22,266807,Angel Correa,Atletico de Madrid,10,0,1
2021/22,273132,Robin Gosens,two clubs,2,0,1
2021/22,279570,Daler Kuzyaev,Zenit St. Petersburg,4,0,1
2021/22,280387,Vincent Sierro,BSC Young Boys,5,0,1
2021/22,290391,Nuno Santos,Sporting CP,7,0,1
2021/22,303254,Fikayo Tomori,AC Milan,5,0,1
2021/22,327251,Ridle Baku,VfL Wolfsburg,6,0,1
2021/22,332179,Matteo Pessina,Atalanta BC,4,0,1
2021/22,340879,Merih Demiral,Atalanta BC,6,0,1
2021/22,343463,Cyle Larin,Besiktas JK,5,0,1
2021/22,346314,Trevoh Chalobah,Chelsea FC,3,0,1
2021/22,357498,Dusan Vlahovic,Juventus FC,2,0,1
2021/22,361254,Rafa Mir,Sevilla FC,6,0,1
2021/22,364135,Moise Kean,Juventus FC,6,0,1
2021/22,396333,Javi Montero,Besiktas JK,4,0,1
2021/22,399776,Pau Torres,Villarreal CF,12,0,1
2021/22,401173,Jadon Sancho,Manchester United,7,0,1
2021/22,406625,Lautaro Martinez,Inter Milan,8,0,1
2021/22,423678,Meschack Elia,BSC Young Boys,6,0,1
2021/22,431755,Dejan Kulusevski,Juventus FC,5,0,1
2021/22,452477,Junior Adamu,Red Bull Salzburg,8,0,1
2021/22,466810,Ansu Fati,FC Barcelona,3,0,1
2021/22,469822,David Neres,Ajax Amsterdam,5,0,1
2021/22,472423,Reece James,Chelsea FC,6,0,1
2021/22,490292,Momo Yansane,FC Sheriff Tiraspol,3,0,1
2021/22,493692,Jasur Yakhshiboev,FC Sheriff Tiraspol,3,0,1
2021/22,499721,Wendel,Zenit St. Petersburg,6,0,1
2021/22,502722,Luka Sucic,Red Bull Salzburg,8,0,1
2021/22,550550,Goncalo Ramos,SL Benfica,7,0,1
2021/22,553875,Pedro Porro,Sporting CP,7,0,1
2021/22,568157,Yeremy Pino,Villarreal CF,7,0,1
2021/22,568177,Cole Palmer,Manchester City,3,0,1
2021/22,580195,Jamal Musiala,Bayern Munich,8,0,1
2021/22,583189,Anthony Elanga,Manchester United,3,0,1
2021/22,610405,Maurits Kjrgaard,Red Bull Salzburg,4,0,1
2021/22,626913,Boulaye Dia,Villarreal CF,8,0,1
2021/22,673492,Morato,SL Benfica,2,0,1
2022/23,418560,Erling Haaland,Manchester City,11,1,12
2022/23,148455,Mohamed Salah,Liverpool FC,8,2,8
2022/23,371998,Vinicius Junior,Real Madrid,12,5,7
2022/23,342229,Kylian Mbappe,Paris Saint-Germain,8,3,7
2022/23,149729,Joao Mario,SL Benfica,10,2,6
2022/23,82442,Olivier Giroud,AC Milan,12,2,5
2022/23,238055,Rafa Silva,SL Benfica,10,2,5
2022/23,307058,Mehdi Taremi,FC Porto,7,2,5
2022/23,412363,Rodrygo,Real Madrid,12,2,5
2022/23,38253,Robert Lewandowski,FC Barcelona,5,0,5
2022/23,401923,Victor Osimhen,SSC Napoli,6,0,5
2022/23,28003,Lionel Messi,Paris Saint-Germain,7,4,4
2022/23,405885,Giacomo Raspadori,SSC Napoli,7,3,4
2022/23,181136,Piotr Zielinski,SSC Napoli,10,2,4
2022/23,192565,Leroy Sane,Bayern Munich,8,2,4
2022/23,543499,Mohammed Kudus,Ajax Amsterdam,6,2,4
2022/23,18922,Karim Benzema,Real Madrid,10,1,4
2022/23,28396,Edin Dzeko,Inter Milan,13,1,4
2022/23,581678,Jude Bellingham,Borussia Dortmund,7,1,4
2022/23,45660,Eric-Maxim Choupo-Moting,Bayern Munich,7,0,4
2022/23,282388,Giovanni Simeone,SSC Napoli,7,0,4
2022/23,546543,Darwin Nunez,Liverpool FC,8,0,4
2022/23,406625,Lautaro Martinez,Inter Milan,13,3,3
2022/23,550550,Goncalo Ramos,SL Benfica,10,3,3
2022/23,171424,Riyad Mahrez,Manchester City,9,2,3
2022/23,198008,Andre Silva,RB Leipzig,8,2,3
2022/23,537860,Mykhaylo Mudryk,two clubs,8,2,3
2022/23,576024,Julian Alvarez,Manchester City,10,2,3
2022/23,96341,Romelu Lukaku,Inter Milan,8,1,3
2022/23,134425,Raheem Sterling,Chelsea FC,9,1,3
2022/23,200512,Sadio Mane,Bayern Munich,9,1,3
2022/23,241641,Bernardo Silva,Manchester City,13,1,3
2022/23,296622,Marco Asensio,Real Madrid,12,1,3
2022/23,344381,Christopher Nkunku,RB Leipzig,7,1,3
2022/23,398184,Ferran Torres,FC Barcelona,5,1,3
2022/23,469822,David Neres,SL Benfica,9,1,3
2022/23,255942,Nicolo Barella,Inter Milan,12,0,3
2022/23,346890,Noah Okafor,Red Bull Salzburg,6,0,3
2022/23,356141,Daichi Kamada,Eintracht Frankfurt,8,0,3
2022/23,88755,Kevin De Bruyne,Manchester City,10,7,2
2022/23,193082,Alejandro Grimaldo,SL Benfica,10,5,2
2022/23,153084,Leon Goretzka,Bayern Munich,9,4,2
2022/23,502670,Khvicha Kvaratskhelia,SSC Napoli,9,4,2
2022/23,68290,Neymar,Paris Saint-Germain,6,3,2
2022/23,159471,Serge Gnabry,Bayern Munich,8,3,2
2022/23,369081,Federico Valverde,Real Madrid,11,3,2
2022/23,454121,Galeno,FC Porto,8,3,2
2022/23,129554,Steven Berghuis,Ajax Amsterdam,6,2,2
2022/23,169880,Giovanni Di Lorenzo,SSC Napoli,10,2,2
2022/23,314367,Marcus Edwards,Sporting CP,6,2,2
2022/23,599231,Ferran Jutgla,Club Brugge KV,8,2,2
2022/23,27992,Luka Modric,Real Madrid,10,1,2
2022/23,58864,Pierre-Emerick Aubameyang,Chelsea FC,6,1,2
2022/23,76326,Tjaronn Chery,Maccabi Haifa,6,1,2
2022/23,131789,Roberto Firmino,Liverpool FC,8,1,2
2022/23,170527,Timo Werner,RB Leipzig,8,1,2
2022/23,170986,Raphael Guerreiro,Borussia Dortmund,6,1,2
2022/23,203348,Chancel Mbemba,Olympique Marseille,5,1,2
2022/23,294568,Omer Atzili,Maccabi Haifa,6,1,2
2022/23,40433,Alexis Sanchez,Olympique Marseille,5,0,2
2022/23,55735,Henrikh Mkhitaryan,Inter Milan,13,0,2
2022/23,91845,Heung-min Son,Tottenham Hotspur,8,0,2
2022/23,119150,Mislav Orsic,GNK Dinamo Zagreb,6,0,2
2022/23,182913,Adrien Rabiot,Juventus FC,5,0,2
2022/23,191891,Arkadiusz Milik,Juventus FC,5,0,2
2022/23,198614,Tomas Chory,FC Viktoria Plzen,6,0,2
2022/23,265383,Abdoulaye Seck,Maccabi Haifa,6,0,2
2022/23,284165,Steven Bergwijn,Ajax Amsterdam,6,0,2
2022/23,289075,Oleksandr Zubkov,Shakhtar Donetsk,5,0,2
2022/23,309400,Kai Havertz,Chelsea FC,10,0,2
2022/23,329812,Jota,Celtic FC,4,0,2
2022/23,332697,Weston McKennie,Juventus FC,5,0,2
2022/23,353366,Benjamin Pavard,Bayern Munich,9,0,2
2022/23,357565,Rodri,Manchester City,12,0,2
2022/23,359247,Maryan Shved,Shakhtar Donetsk,3,0,2
2022/23,378710,Richarlison,Tottenham Hotspur,6,0,2
2022/23,381950,Alexis Saelemaekers,AC Milan,8,0,2
2022/23,387110,Petar Musa,SL Benfica,5,0,2
2022/23,395516,Moussa Diaby,Bayer 04 Leverkusen,6,0,2
2022/23,401534,Arthur Gomes,Sporting CP,3,0,2
2022/23,412669,Francisco Trincao,Sporting CP,6,0,2
2022/23,433049,Youssef En-Nesyri,Sevilla FC,4,0,2
2022/23,465830,Matteo Guendouzi,Olympique Marseille,6,0,2
2022/23,475959,Josko Gvardiol,RB Leipzig,6,0,2
2022/23,487969,Randal Kolo Muani,Eintracht Frankfurt,7,0,2
2022/23,496094,Karim Adeyemi,Borussia Dortmund,6,0,2
2022/23,512913,Stephen Eustaquio,FC Porto,7,0,2
2022/23,564489,Kamal Sowah,Club Brugge KV,7,0,2
2022/23,565822,Harvey Elliott,Liverpool FC,8,0,2
2022/23,650568,Antonio Silva,SL Benfica,10,0,2
2022/23,357164,Rafael Leao,AC Milan,11,5,1
2022/23,161056,Joshua Kimmich,Bayern Munich,9,3,1
2022/23,354361,Frank Anguissa,SSC Napoli,8,3,1
2022/23,372711,Amine Harit,Olympique Marseille,6,3,1
2022/23,666234,Mohamed Simakan,RB Leipzig,7,3,1
2022/23,53622,Ilkay Gundogan,Manchester City,13,2,1
2022/23,126414,Hakan Calhanoglu,Inter Milan,12,2,1
2022/23,132098,Harry Kane,Tottenham Hotspur,8,2,1
2022/23,140776,Yannick Carrasco,Atletico de Madrid,6,2,1
2022/23,167799,Pierre-Emile Hjbjerg,Tottenham Hotspur,7,2,1
2022/23,211072,Paulinho,Sporting CP,5,2,1
2022/23,227081,Joaquin Correa,Inter Milan,9,2,1
2022/23,256358,Bruno Petkovic,GNK Dinamo Zagreb,6,2,1
2022/23,288230,Ousmane Dembele,FC Barcelona,6,2,1
2022/23,451276,Dominik Szoboszlai,RB Leipzig,8,2,1
2022/23,35207,Marco Reus,Borussia Dortmund,3,1,1
2022/23,50202,Eden Hazard,Real Madrid,3,1,1
2022/23,58358,Thomas Muller,Bayern Munich,8,1,1
2022/23,85288,Isco,Sevilla FC,6,1,1
2022/23,125781,Antoine Griezmann,Atletico de Madrid,6,1,1
2022/23,165895,Matteo Politano,SSC Napoli,9,1,1
2022/23,186590,John Stones,Manchester City,8,1,1
2022/23,187492,Julian Brandt,Borussia Dortmund,7,1,1
2022/23,243714,Kingsley Coman,Bayern Munich,7,1,1
2022/23,281906,Adam Vlkanova,FC Viktoria Plzen,6,1,1
2022/23,316889,Hirving Lozano,SSC Napoli,9,1,1
2022/23,357498,Dusan Vlahovic,Juventus FC,5,1,1
2022/23,406635,Phil Foden,Manchester City,8,1,1
2022/23,432982,Andreas Skov Olsen,Club Brugge KV,5,1,1
2022/23,450936,Tanguy Ndombele,SSC Napoli,9,1,1
2022/23,452477,Junior Adamu,Red Bull Salzburg,6,1,1
2022/23,472423,Reece James,Chelsea FC,8,1,1
2022/23,480692,Luis Diaz,Liverpool FC,3,1,1
2022/23,594227,Bjorn Meijer,Club Brugge KV,8,1,1
2022/23,711337,Evanilson,FC Porto,8,1,1
2022/23,39983,Leonardo Bonucci,Juventus FC,6,0,1
2022/23,51471,Mateo Kovacic,Chelsea FC,8,0,1
2022/23,55291,Scott Arfield,Rangers FC,4,0,1
2022/23,62094,James Tavernier,Rangers FC,6,0,1
2022/23,82105,Joel Matip,Liverpool FC,4,0,1
2022/23,86202,Antonio Rudiger,Real Madrid,10,0,1
2022/23,102017,Jorginho,Chelsea FC,6,0,1
2022/23,102226,Thorgan Hazard,Borussia Dortmund,5,0,1
2022/23,111078,Emil Forsberg,RB Leipzig,8,0,1
2022/23,112515,Marcos Alonso,FC Barcelona,5,0,1
2022/23,159088,Robert Andrich,Bayer 04 Leverkusen,5,0,1
2022/23,182904,Clement Lenglet,Tottenham Hotspur,7,0,1
2022/23,182932,Davy Klaassen,Ajax Amsterdam,5,0,1
2022/23,187490,Jan Sykora,FC Viktoria Plzen,2,0,1
2022/23,214538,Matheus Uribe,FC Porto,7,0,1
2022/23,218299,Jan Kliment,FC Viktoria Plzen,1,0,1
2022/23,223367,Fredrik Aursnes,SL Benfica,10,0,1
2022/23,234850,Georgios Giakoumakis,Celtic FC,6,0,1
2022/23,255901,Rodrigo De Paul,Atletico de Madrid,5,0,1
2022/23,258004,Ruben Dias,Manchester City,12,0,1
2022/23,259953,Rade Krunic,AC Milan,11,0,1
2022/23,273132,Robin Gosens,Inter Milan,11,0,1
2022/23,281769,Mario Hermoso,Atletico de Madrid,3,0,1
2022/23,281963,Lucas Hernandez,Bayern Munich,2,0,1
2022/23,284730,Manuel Akanji,Manchester City,11,0,1
2022/23,290391,Nuno Santos,Sporting CP,6,0,1
2022/23,294808,Franck Kessie,FC Barcelona,6,0,1
2022/23,314129,Dean David,Maccabi Haifa,6,0,1
2022/23,314353,Trent Alexander-Arnold,Liverpool FC,7,0,1
2022/23,314678,Brahim Diaz,AC Milan,10,0,1
2022/23,321528,Denzel Dumfries,Inter Milan,12,0,1
2022/23,323167,Matteo Gabbia,AC Milan,4,0,1
2022/23,334526,Denis Zakaria,Chelsea FC,2,0,1
2022/23,351816,Ismael Bennacer,AC Milan,10,0,1
2022/23,353634,Robert Ljubicic,GNK Dinamo Zagreb,6,0,1
2022/23,354362,Rodrigo Bentancur,Tottenham Hotspur,6,0,1
2022/23,361254,Rafa Mir,Sevilla FC,3,0,1
2022/23,364135,Moise Kean,Juventus FC,5,0,1
2022/23,367284,Leo stigard,SSC Napoli,3,0,1
2022/23,372246,Carlos Soler,Paris Saint-Germain,6,0,1
2022/23,392538,Tommaso Pobega,AC Milan,8,0,1
2022/23,392768,Callum Hudson-Odoi,Bayer 04 Leverkusen,6,0,1
2022/23,401356,Edson Alvarez,Ajax Amsterdam,6,0,1
2022/23,401530,Eder Militao,Real Madrid,9,0,1
2022/23,402733,Gonzalo Montiel,Sevilla FC,4,0,1
2022/23,404950,Nicolas Seiwald,Red Bull Salzburg,6,0,1
2022/23,449151,Junior Messias,AC Milan,9,0,1
2022/23,456492,Faride Alidou,Eintracht Frankfurt,5,0,1
2022/23,475411,Wesley Fofana,Chelsea FC,5,0,1
2022/23,487474,Francisco Conceicao,Ajax Amsterdam,3,0,1
2022/23,513245,Jesper Lindstrm,Eintracht Frankfurt,7,0,1
2022/23,538996,Tanguy Nianzou,Sevilla FC,2,0,1
2022/23,544784,Zaidu Sanusi,FC Porto,8,0,1
2022/23,551695,Lassina Traore,Shakhtar Donetsk,6,0,1
2022/23,575998,Leonardo Balerdi,Olympique Marseille,6,0,1
2022/23,616341,Nuno Mendes,Paris Saint-Germain,6,0,1
2022/23,617267,Henrique Araujo,SL Benfica,1,0,1
2022/23,652275,Hakon Arnar Haraldsson,FC Copenhagen,6,0,1
2022/23,701057,Rico Lewis,Manchester City,2,0,1
2022/23,720038,Pablo Torre,FC Barcelona,3,0,1
2022/23,894914,Antonio Nusa,Club Brugge KV,4,0,1
2022/23,962555,Abakar Sylla,Club Brugge KV,6,0,1
2023/24,132098,Harry Kane,Bayern Munich,12,4,8
2023/24,342229,Kylian Mbappe,Paris Saint-Germain,12,0,8
2023/24,371998,Vinicius Junior,Real Madrid,10,5,6
2023/24,125781,Antoine Griezmann,Atletico de Madrid,10,1,6
2023/24,418560,Erling Haaland,Manchester City,9,1,6
2023/24,406635,Phil Foden,Manchester City,8,3,5
2023/24,412363,Rodrygo,Real Madrid,13,3,5
2023/24,454121,Galeno,FC Porto,7,3,5
2023/24,576024,Julian Alvarez,Manchester City,7,2,5
2023/24,128223,Alvaro Morata,Atletico de Madrid,10,1,5
2023/24,81999,Joselu,Real Madrid,11,0,5
2023/24,610442,Rasmus Hjlund,Manchester United,6,0,5
2023/24,581678,Jude Bellingham,Real Madrid,11,5,4
2023/24,433177,Bukayo Saka,Arsenal FC,9,4,4
2023/24,363205,Gabriel Jesus,Arsenal FC,8,3,4
2023/24,144028,Leandro Trossard,Arsenal FC,9,1,4
2023/24,417228,Danylo Sikan,Shakhtar Donetsk,6,1,4
2023/24,711337,Evanilson,FC Porto,7,1,4
2023/24,105521,Ciro Immobile,SS Lazio,8,0,4
2023/24,368887,Lois Openda,RB Leipzig,8,0,4
2023/24,411295,Raphinha,FC Barcelona,7,4,3
2023/24,694928,Samuel Lino,Atletico de Madrid,7,3,3
2023/24,75489,Niclas Fullkrug,Borussia Dortmund,13,2,3
2023/24,38253,Robert Lewandowski,FC Barcelona,9,1,3
2023/24,167105,Lukas Lerager,FC Copenhagen,6,1,3
2023/24,309110,Brais Mendez,Real Sociedad,7,1,3
2023/24,398184,Ferran Torres,FC Barcelona,8,1,3
2023/24,462250,Joao Felix,FC Barcelona,9,1,3
2023/24,72522,Luuk de Jong,PSV Eindhoven,7,0,3
2023/24,149729,Joao Mario,SL Benfica,5,0,3
2023/24,186644,Mohamed Elyounoussi,FC Copenhagen,8,0,3
2023/24,187492,Julian Brandt,Borussia Dortmund,12,3,2
2023/24,88755,Kevin De Bruyne,Manchester City,2,2,2
2023/24,192565,Leroy Sane,Bayern Munich,12,2,2
2023/24,240306,Bruno Fernandes,Manchester United,6,2,2
2023/24,288230,Ousmane Dembele,Paris Saint-Germain,11,2,2
2023/24,307058,Mehdi Taremi,FC Porto,7,2,2
2023/24,548650,Osman Bukari,Red Star Belgrade,6,2,2
2023/24,566931,Xavi Simons,RB Leipzig,8,2,2
2023/24,580195,Jamal Musiala,Bayern Munich,11,2,2
2023/24,25557,Sergio Ramos,Sevilla FC,5,1,2
2023/24,35207,Marco Reus,Borussia Dortmund,13,1,2
2023/24,139396,Bruma,SC Braga,5,1,2
2023/24,182712,Joao Cancelo,FC Barcelona,10,1,2
2023/24,217111,Hakim Ziyech,Galatasaray,5,1,2
2023/24,258015,Diogo Goncalves,FC Copenhagen,7,1,2
2023/24,314678,Brahim Diaz,Real Madrid,9,1,2
2023/24,316264,Martin degaard,Arsenal FC,9,1,2
2023/24,338424,Mikel Merino,Real Sociedad,7,1,2
2023/24,401923,Victor Osimhen,SSC Napoli,6,1,2
2023/24,433049,Youssef En-Nesyri,Sevilla FC,6,1,2
2023/24,487469,Vitinha,Paris Saint-Germain,12,1,2
2023/24,496094,Karim Adeyemi,Borussia Dortmund,12,1,2
2023/24,552955,Santiago Gimenez,Feyenoord Rotterdam,4,1,2
2023/24,636703,Fermin Lopez,FC Barcelona,8,1,2
2023/24,655488,Gabriel Martinelli,Arsenal FC,6,1,2
2023/24,659542,Elye Wahi,RC Lens,6,1,2
2023/24,801734,Mathys Tel,Bayern Munich,8,1,2
2023/24,930571,Oscar Gloukh,Red Bull Salzburg,6,1,2
2023/24,14132,Pepe,FC Porto,7,0,2
2023/24,16306,Casemiro,Manchester United,2,0,2
2023/24,40433,Alexis Sanchez,Inter Milan,8,0,2
2023/24,41384,Marko Arnautovic,Inter Milan,4,0,2
2023/24,65278,Pedro,SS Lazio,8,0,2
2023/24,68863,Mauro Icardi,Galatasaray,6,0,2
2023/24,74294,Nemanja Gudelj,Sevilla FC,6,0,2
2023/24,159471,Serge Gnabry,Bayern Munich,7,0,2
2023/24,188888,Sheraldo Becker,two clubs,6,0,2
2023/24,238055,Rafa Silva,SL Benfica,6,0,2
2023/24,241641,Bernardo Silva,Manchester City,8,0,2
2023/24,243714,Kingsley Coman,Bayern Munich,7,0,2
2023/24,250013,Angelo Fulgini,RC Lens,6,0,2
2023/24,284730,Manuel Akanji,Manchester City,8,0,2
2023/24,351478,Mikel Oyarzabal,Real Sociedad,7,0,2
2023/24,382528,Kerem Akturkoglu,Galatasaray,6,0,2
2023/24,401922,Samuel Chukwueze,AC Milan,4,0,2
2023/24,406625,Lautaro Martinez,Inter Milan,8,0,2
2023/24,423678,Meschack Elia,BSC Young Boys,6,0,2
2023/24,489463,Kyogo Furuhashi,Celtic FC,6,0,2
2023/24,539043,Luis Palma,Celtic FC,5,0,2
2023/24,627442,Benjamin Sesko,RB Leipzig,8,0,2
2023/24,671649,Alvaro Djalo,SC Braga,5,0,2
2023/24,106987,Marcel Sabitzer,Borussia Dortmund,12,5,1
2023/24,318204,David Raum,RB Leipzig,7,3,1
2023/24,357565,Rodri,Manchester City,8,3,1
2023/24,394300,Davide Frattesi,Inter Milan,7,3,1
2023/24,810092,Warren Zaire-Emery,Paris Saint-Germain,11,3,1
2023/24,161056,Joshua Kimmich,Bayern Munich,12,2,1
2023/24,165895,Matteo Politano,SSC Napoli,8,2,1
2023/24,223979,Xaver Schlager,RB Leipzig,8,2,1
2023/24,239743,Przemyslaw Frankowski,RC Lens,6,2,1
2023/24,409517,Yorbe Vertessen,PSV Eindhoven,5,2,1
2023/24,520662,Pepe,FC Porto,7,2,1
2023/24,926694,Arthur Vermeeren,two clubs,6,2,1
2023/24,39728,Mats Hummels,Borussia Dortmund,13,1,1
2023/24,45320,Angel Di Maria,SL Benfica,5,1,1
2023/24,58358,Thomas Muller,Bayern Munich,9,1,1
2023/24,82442,Olivier Giroud,AC Milan,6,1,1
2023/24,138927,Daniel Carvajal,Real Madrid,10,1,1
2023/24,145988,Wilfried Zaha,Galatasaray,6,1,1
2023/24,169880,Giovanni Di Lorenzo,SSC Napoli,8,1,1
2023/24,181136,Piotr Zielinski,SSC Napoli,6,1,1
2023/24,281769,Mario Hermoso,Atletico de Madrid,9,1,1
2023/24,315969,Scott McTominay,Manchester United,5,1,1
2023/24,318528,Marcus Thuram,Inter Milan,8,1,1
2023/24,337333,Alex Kral,1.FC Union Berlin,6,1,1
2023/24,354361,Frank Anguissa,SSC Napoli,7,1,1
2023/24,365394,In-beom Hwang,Red Star Belgrade,6,1,1
2023/24,369081,Federico Valverde,Real Madrid,13,1,1
2023/24,371256,Tete,Galatasaray,5,1,1
2023/24,394236,Filip Ugrinic,BSC Young Boys,6,1,1
2023/24,398073,Achraf Hakimi,Paris Saint-Germain,11,1,1
2023/24,409344,Calvin Stengs,Feyenoord Rotterdam,6,1,1
2023/24,415381,Mats Wieffer,Feyenoord Rotterdam,6,1,1
2023/24,475959,Josko Gvardiol,Manchester City,6,1,1
2023/24,486049,Jeremy Doku,Manchester City,7,1,1
2023/24,487474,Francisco Conceicao,FC Porto,8,1,1
2023/24,512913,Stephen Eustaquio,FC Porto,8,1,1
2023/24,557149,Kang-in Lee,Paris Saint-Germain,9,1,1
2023/24,565424,Johan Bakayoko,PSV Eindhoven,8,1,1
2023/24,600481,Alhassan Yusuf,Royal Antwerp FC,6,1,1
2023/24,616369,Ander Barrenetxea,Real Sociedad,7,1,1
2023/24,627207,Ricardo Pepi,PSV Eindhoven,8,1,1
2023/24,652797,Micah Hamilton,Manchester City,2,1,1
2023/24,658693,Roko Simic,Red Bull Salzburg,6,1,1
2023/24,670882,Jamie Gittens,Borussia Dortmund,7,1,1
2023/24,708265,Bradley Barcola,Paris Saint-Germain,10,1,1
2023/24,775605,Pablo Barrios,Atletico de Madrid,7,1,1
2023/24,58267,Castro,SC Braga,1,0,1
2023/24,82009,Kevin Volland,1.FC Union Berlin,5,0,1
2023/24,89222,Yaroslav Rakitskyi,Shakhtar Donetsk,5,0,1
2023/24,93740,Willi Orban,RB Leipzig,2,0,1
2023/24,102017,Jorginho,Arsenal FC,9,0,1
2023/24,111078,Emil Forsberg,RB Leipzig,6,0,1
2023/24,126414,Hakan Calhanoglu,Inter Milan,6,0,1
2023/24,127048,Cedric Bakambu,Galatasaray,2,0,1
2023/24,134270,Dan Burn,Newcastle United,4,0,1
2023/24,135343,Fabian Schar,Newcastle United,6,0,1
2023/24,139915,Aleksandar Katai,Red Star Belgrade,5,0,1
2023/24,143812,Matias Vecino,SS Lazio,6,0,1
2023/24,148928,Saul Niguez,Atletico de Madrid,10,0,1
2023/24,167850,Memphis Depay,Atletico de Madrid,3,0,1
2023/24,177907,Harry Maguire,Manchester United,4,0,1
2023/24,181375,Sebastien Haller,Borussia Dortmund,4,0,1
2023/24,189441,Lucas Ocampos,Sevilla FC,5,0,1
2023/24,196948,Andreas Christensen,FC Barcelona,7,0,1
2023/24,197929,Ivan Provedel,SS Lazio,8,0,1
2023/24,198116,Federico Dimarco,Inter Milan,7,0,1
2023/24,204069,Milan Skriniar,Paris Saint-Germain,6,0,1
2023/24,207015,Vincent Janssen,Royal Antwerp FC,6,0,1
2023/24,213268,Alireza Jahanbakhsh,Feyenoord Rotterdam,4,0,1
2023/24,215977,Adrien Thomasson,RC Lens,5,0,1
2023/24,243856,Cedric Itten,BSC Young Boys,4,0,1
2023/24,255901,Rodrigo De Paul,Atletico de Madrid,8,0,1
2023/24,257732,Amir Rrahmani,SSC Napoli,7,0,1
2023/24,266807,Angel Correa,Atletico de Madrid,10,0,1
2023/24,272999,Miguel Almiron,Newcastle United,6,0,1
2023/24,273132,Robin Gosens,1.FC Union Berlin,6,0,1
2023/24,281963,Lucas Hernandez,Paris Saint-Germain,11,0,1
2023/24,282388,Giovanni Simeone,SSC Napoli,6,0,1
2023/24,289059,Mykola Matvienko,Shakhtar Donetsk,5,0,1
2023/24,293385,Dani Olmo,RB Leipzig,3,0,1
2023/24,309400,Kai Havertz,Arsenal FC,10,0,1
2023/24,315779,Christian Pulisic,AC Milan,6,0,1
2023/24,319745,Dani Ceballos,Real Madrid,3,0,1
2023/24,326029,Donyell Malen,Borussia Dortmund,8,0,1
2023/24,333241,Joelinton,Newcastle United,4,0,1
2023/24,340324,Eddie Nketiah,Arsenal FC,6,0,1
2023/24,346707,Sean Longstaff,Newcastle United,5,0,1
2023/24,349066,Alexander Isak,Newcastle United,5,0,1
2023/24,351749,Kalvin Phillips,Manchester City,4,0,1
2023/24,357164,Rafael Leao,AC Milan,5,0,1
2023/24,364245,Jordan Teze,PSV Eindhoven,8,0,1
2023/24,367284,Leo stigard,SSC Napoli,4,0,1
2023/24,390638,Arthur Cabral,SL Benfica,4,0,1
2023/24,401173,Jadon Sancho,two clubs,7,0,1
2023/24,404418,David Hancko,Feyenoord Rotterdam,6,0,1
2023/24,405885,Giacomo Raspadori,SSC Napoli,8,0,1
2023/24,406640,Felix Nmecha,Borussia Dortmund,8,0,1
2023/24,413118,Sikou Niakate,SC Braga,5,0,1
2023/24,416660,Ramiz Zerrouki,Feyenoord Rotterdam,5,0,1
2023/24,424204,Alphonso Davies,Bayern Munich,10,0,1
2023/24,475413,Sacha Boey,two clubs,6,0,1
2023/24,480705,Cherif Ndiaye,Red Star Belgrade,6,0,1
2023/24,485395,Gustaf Lagerbielke,Celtic FC,2,0,1
2023/24,485585,Ian Maatsen,Borussia Dortmund,7,0,1
2023/24,487969,Randal Kolo Muani,Paris Saint-Germain,10,0,1
2023/24,489929,Magnus Mattsson,FC Copenhagen,2,0,1
2023/24,502239,Michel-Ange Balikwisha,Royal Antwerp FC,5,0,1
2023/24,502722,Luka Sucic,Red Bull Salzburg,6,0,1
2023/24,507455,Lewin Blum,BSC Young Boys,4,0,1
2023/24,567217,Ebrima Colley,BSC Young Boys,2,0,1
2023/24,606967,Arbnor Muja,Royal Antwerp FC,5,0,1
2023/24,617018,Marko Stamenic,Red Star Belgrade,4,0,1
2023/24,623325,Georgiy Sudakov,Shakhtar Donetsk,6,0,1
2023/24,646740,Gavi,FC Barcelona,3,0,1
2023/24,661207,Oscar Bobb,Manchester City,4,0,1
2023/24,666234,Mohamed Simakan,RB Leipzig,7,0,1
2023/24,702869,Ismael Saibari,PSV Eindhoven,7,0,1
2023/24,787232,David Datro Fofana,1.FC Union Berlin,4,0,1
2023/24,792331,Roony Bardghji,FC Copenhagen,4,0,1
2023/24,811779,Alejandro Garnacho,Manchester United,6,0,1
2023/24,888023,Kevin Kelsy,Shakhtar Donetsk,5,0,1
2023/24,938158,Marc Guiu,FC Barcelona,2,0,1
2023/24,948294,Nico Paz,Real Madrid,3,0,1
2023/24,1004834,George Ilenikhena,Royal Antwerp FC,6,0,1
2023/24,1012534,Yankuba Minteh,Feyenoord Rotterdam,4,0,1
2023/24,1033963,Eguinaldo,Shakhtar Donetsk,3,0,1
2024/25,411295,Raphinha,FC Barcelona,14,9,13
2024/25,270541,Serhou Guirassy,Borussia Dortmund,14,5,13
2024/25,132098,Harry Kane,Bayern Munich,13,2,11
2024/25,38253,Robert Lewandowski,FC Barcelona,13,0,11
2024/25,406625,Lautaro Martinez,Inter Milan,14,2,9
2024/25,288230,Ousmane Dembele,Paris Saint-Germain,15,6,8
2024/25,371998,Vinicius Junior,Real Madrid,12,3,8
2024/25,418560,Erling Haaland,Manchester City,9,0,8
2024/25,324503,Vangelis Pavlidis,SL Benfica,12,3,7
2024/25,533738,Jonathan David,LOSC Lille,10,2,7
2024/25,342229,Kylian Mbappe,Real Madrid,14,1,7
2024/25,576024,Julian Alvarez,Atletico de Madrid,10,1,7
2024/25,125781,Antoine Griezmann,Atletico de Madrid,10,2,6
2024/25,433177,Bukayo Saka,Arsenal FC,9,2,6
2024/25,552955,Santiago Gimenez,two clubs,7,1,6
2024/25,598577,Florian Wirtz,Bayer 04 Leverkusen,9,1,6
2024/25,325443,Viktor Gyokeres,Sporting CP,8,0,6
2024/25,914562,Desire Doue,Paris Saint-Germain,16,4,5
2024/25,937958,Lamine Yamal,FC Barcelona,13,4,5
2024/25,406040,Ademola Lookman,Atalanta BC,7,2,5
2024/25,412363,Rodrygo,Real Madrid,12,2,5
2024/25,496094,Karim Adeyemi,Borussia Dortmund,10,2,5
2024/25,566723,Michael Olise,Bayern Munich,14,2,5
2024/25,398073,Achraf Hakimi,Paris Saint-Germain,17,5,4
2024/25,435772,Charles De Ketelaere,Atalanta BC,10,5,4
2024/25,503743,Morgan Rogers,Aston Villa,12,3,4
2024/25,126414,Hakan Calhanoglu,Inter Milan,12,2,4
2024/25,309400,Kai Havertz,Arsenal FC,8,2,4
2024/25,318528,Marcus Thuram,Inter Milan,14,2,4
2024/25,357662,Declan Rice,Arsenal FC,13,2,4
2024/25,616341,Nuno Mendes,Paris Saint-Germain,16,2,4
2024/25,315779,Christian Pulisic,AC Milan,9,1,4
2024/25,357498,Dusan Vlahovic,Juventus FC,9,1,4
2024/25,382528,Kerem Akturkoglu,SL Benfica,12,1,4
2024/25,420931,Daizen Maeda,Celtic FC,9,1,4
2024/25,670882,Jamie Gittens,Borussia Dortmund,14,1,4
2024/25,454567,Orkun Kokcu,SL Benfica,12,0,4
2024/25,627442,Benjamin Sesko,RB Leipzig,8,0,4
2024/25,148455,Mohamed Salah,Liverpool FC,9,4,3
2024/25,580195,Jamal Musiala,Bayern Munich,12,4,3
2024/25,708265,Bradley Barcola,Paris Saint-Germain,17,4,3
2024/25,581678,Jude Bellingham,Real Madrid,13,3,3
2024/25,193116,John McGinn,Aston Villa,10,2,3
2024/25,316264,Martin degaard,Arsenal FC,11,2,3
2024/25,406635,Phil Foden,Manchester City,9,2,3
2024/25,467437,Malik Tillman,PSV Eindhoven,6,2,3
2024/25,502670,Khvicha Kvaratskhelia,Paris Saint-Germain,9,2,3
2024/25,58358,Thomas Muller,Bayern Munich,12,1,3
2024/25,165793,Takumi Minamino,AS Monaco,9,1,3
2024/25,205938,Mario Pasalic,Atalanta BC,10,1,3
2024/25,266807,Angel Correa,Atletico de Madrid,8,1,3
2024/25,336012,Nicolas Kuhn,Celtic FC,10,1,3
2024/25,357164,Rafael Leao,AC Milan,10,1,3
2024/25,398184,Ferran Torres,FC Barcelona,11,1,3
2024/25,434675,Cody Gakpo,Liverpool FC,8,1,3
2024/25,480692,Luis Diaz,Liverpool FC,9,1,3
2024/25,550550,Goncalo Ramos,Paris Saint-Germain,12,1,3
2024/25,586429,Ryan Flamingo,PSV Eindhoven,11,1,3
2024/25,683620,Antoni Milambo,Feyenoord Rotterdam,9,1,3
2024/25,702869,Ismael Saibari,PSV Eindhoven,10,1,3
2024/25,917911,Anis Hadj Moussa,Feyenoord Rotterdam,11,1,3
2024/25,42460,Ivan Perisic,PSV Eindhoven,4,0,3
2024/25,245078,Nemanja Radonjic,Red Star Belgrade,4,0,3
2024/25,296622,Marco Asensio,two clubs,8,0,3
2024/25,332697,Weston McKennie,Juventus FC,9,0,3
2024/25,357778,Sandro Kulenovic,GNK Dinamo Zagreb,7,0,3
2024/25,434223,Adam Idah,Celtic FC,10,0,3
2024/25,460939,Tijjani Reijnders,AC Milan,10,0,3
2024/25,554903,Mateo Retegui,Atalanta BC,10,0,3
2024/25,565822,Harvey Elliott,Liverpool FC,5,0,3
2024/25,649317,Jhon Duran,Aston Villa,7,0,3
2024/25,776798,Abdallah Sima,Stade Brestois 29,9,0,3
2024/25,653610,Igor Paixao,Feyenoord Rotterdam,11,5,2
2024/25,282411,Marcos Llorente,Atletico de Madrid,8,4,2
2024/25,249565,Youri Tielemans,Aston Villa,12,3,2
2024/25,321528,Denzel Dumfries,Inter Milan,12,3,2
2024/25,338424,Mikel Merino,Arsenal FC,12,3,2
2024/25,569366,Enzo Millot,VfB Stuttgart,8,3,2
2024/25,580657,Osame Sahraoui,LOSC Lille,9,3,2
2024/25,72522,Luuk de Jong,PSV Eindhoven,12,2,2
2024/25,144028,Leandro Trossard,Arsenal FC,14,2,2
2024/25,339332,Noa Lang,PSV Eindhoven,10,2,2
2024/25,487469,Vitinha,Paris Saint-Germain,17,2,2
2024/25,599231,Ferran Jutgla,Club Brugge KV,12,2,2
2024/25,655488,Gabriel Martinelli,Arsenal FC,13,2,2
2024/25,745200,Maghnes Akliouche,AS Monaco,10,2,2
2024/25,119296,Emre Can,Borussia Dortmund,12,1,2
2024/25,158863,Inigo Martinez,FC Barcelona,11,1,2
2024/25,193082,Alejandro Grimaldo,Bayer 04 Leverkusen,10,1,2
2024/25,284732,Ramy Bensebaini,Borussia Dortmund,12,1,2
2024/25,289075,Oleksandr Zubkov,Shakhtar Donetsk,8,1,2
2024/25,293385,Dani Olmo,FC Barcelona,9,1,2
2024/25,314678,Brahim Diaz,Real Madrid,11,1,2
2024/25,326029,Donyell Malen,two clubs,5,1,2
2024/25,331726,Tammy Abraham,AC Milan,9,1,2
2024/25,424204,Alphonso Davies,Bayern Munich,9,1,2
2024/25,480705,Cherif Ndiaye,Red Star Belgrade,8,1,2
2024/25,518505,Jamie Leweling,VfB Stuttgart,5,1,2
2024/25,565045,Victor Olatunji,AC Sparta Praha,8,1,2
2024/25,565424,Johan Bakayoko,PSV Eindhoven,12,1,2
2024/25,580451,Martin Baturina,GNK Dinamo Zagreb,8,1,2
2024/25,623325,Georgiy Sudakov,Shakhtar Donetsk,8,1,2
2024/25,627207,Ricardo Pepi,PSV Eindhoven,7,1,2
2024/25,648779,Wilfried Singo,AS Monaco,6,1,2
2024/25,743384,Chemsdine Talbi,Club Brugge KV,11,1,2
2024/25,53622,Ilkay Gundogan,Manchester City,10,0,2
2024/25,86202,Antonio Rudiger,Real Madrid,13,0,2
2024/25,256358,Bruno Petkovic,GNK Dinamo Zagreb,3,0,2
2024/25,322989,Kaan Kairinen,AC Sparta Praha,8,0,2
2024/25,324278,Christoph Baumgartner,RB Leipzig,8,0,2
2024/25,394300,Davide Frattesi,Inter Milan,13,0,2
2024/25,466794,Eric Garcia,FC Barcelona,9,0,2
2024/25,482836,David Strelec,Slovan Bratislava,8,0,2
2024/25,534033,Alexis Mac Allister,Liverpool FC,8,0,2
2024/25,565821,Mika Biereth,two clubs,8,0,2
2024/25,589128,Ayase Ueda,Feyenoord Rotterdam,8,0,2
2024/25,589374,Milson,Red Star Belgrade,5,0,2
2024/25,612826,Silas,Red Star Belgrade,8,0,2
2024/25,652275,Hakon Arnar Haraldsson,LOSC Lille,6,0,2
2024/25,668207,Petar Sucic,GNK Dinamo Zagreb,3,0,2
2024/25,810895,Eliesse Ben Seghir,AS Monaco,10,0,2
2024/25,847278,Karim Konate,Red Bull Salzburg,5,0,2
2024/25,890719,Ethan Nwaneri,Arsenal FC,7,0,2
2024/25,900195,Kevin,Shakhtar Donetsk,7,0,2
2024/25,903693,Senny Mayulu,Paris Saint-Germain,4,0,2
2024/25,1004834,George Ilenikhena,AS Monaco,6,0,2
2024/25,1016015,Ngal'ayel Mukau,LOSC Lille,8,0,2
2024/25,307058,Mehdi Taremi,Inter Milan,12,4,1
2024/25,324358,Ollie Watkins,Aston Villa,12,4,1
2024/25,350219,Fabian Ruiz,Paris Saint-Germain,17,4,1
2024/25,636703,Fermin Lopez,FC Barcelona,11,4,1
2024/25,82873,Pascal Gro,Borussia Dortmund,13,3,1
2024/25,205940,Marko Pjaca,GNK Dinamo Zagreb,6,3,1
2024/25,237662,Breel Embolo,AS Monaco,10,3,1
2024/25,451677,Christos Tzolis,Club Brugge KV,12,3,1
2024/25,507341,Fabian Rieder,VfB Stuttgart,8,3,1
2024/25,565435,Arne Engels,Celtic FC,10,3,1
2024/25,601883,Matheus Nunes,Manchester City,7,3,1
2024/25,45320,Angel Di Maria,SL Benfica,9,2,1
2024/25,94005,Sead Kolasinac,Atalanta BC,9,2,1
2024/25,186590,John Stones,Manchester City,6,2,1
2024/25,259953,Rade Krunic,Red Star Belgrade,8,2,1
2024/25,270605,Tigran Barseghyan,Slovan Bratislava,8,2,1
2024/25,355861,Arnaut Danjuma,Girona FC,7,2,1
2024/25,368887,Lois Openda,RB Leipzig,8,2,1
2024/25,461943,Daniel Braganca,Sporting CP,8,2,1
2024/25,487474,Francisco Conceicao,Juventus FC,9,2,1
2024/25,496656,Reo Hatate,Celtic FC,10,2,1
2024/25,503749,Jacob Ramsey,Aston Villa,10,2,1
2024/25,572675,Maxi Araujo,Sporting CP,10,2,1
2024/25,701979,Geny Catamo,Sporting CP,8,2,1
2024/25,742201,Giuliano Simeone,Atletico de Madrid,9,2,1
2024/25,59145,Gernot Trauner,Feyenoord Rotterdam,9,1,1
2024/25,113707,Remy Cabella,LOSC Lille,7,1,1
2024/25,115333,Juanpe,Girona FC,5,1,1
2024/25,128223,Alvaro Morata,AC Milan,7,1,1
2024/25,131075,Francesco Acerbi,Inter Milan,9,1,1
2024/25,137576,Hans Vanaken,Club Brugge KV,12,1,1
2024/25,153084,Leon Goretzka,Bayern Munich,12,1,1
2024/25,221316,Lucas Vazquez,Real Madrid,10,1,1
2024/25,223967,Konrad Laimer,Bayern Munich,11,1,1
2024/25,228948,Thilo Kehrer,AS Monaco,10,1,1
2024/25,233129,Mirko Ivanic,Red Star Belgrade,5,1,1
2024/25,324795,Mahdi Camara,Stade Brestois 29,10,1,1
2024/25,339314,Deniz Undav,VfB Stuttgart,6,1,1
2024/25,348026,Nordi Mukiele,Bayer 04 Leverkusen,5,1,1
2024/25,349264,Marko Tolic,Slovan Bratislava,7,1,1
2024/25,361065,Mitchel Bakker,LOSC Lille,8,1,1
2024/25,370846,Timothy Weah,Juventus FC,9,1,1
2024/25,387626,Leon Bailey,Aston Villa,8,1,1
2024/25,404418,David Hancko,Feyenoord Rotterdam,12,1,1
2024/25,406640,Felix Nmecha,Borussia Dortmund,9,1,1
2024/25,420243,Jurrien Timber,Arsenal FC,13,1,1
2024/25,448258,Josha Vagnoman,VfB Stuttgart,7,1,1
2024/25,451276,Dominik Szoboszlai,Liverpool FC,9,1,1
2024/25,452607,Alexander Bah,SL Benfica,7,1,1
2024/25,474662,Hugo Magnetti,Stade Brestois 29,10,1,1
2024/25,486031,Nico Gonzalez,Juventus FC,6,1,1
2024/25,488362,Conor Gallagher,Atletico de Madrid,9,1,1
2024/25,496857,Edon Zhegrova,LOSC Lille,5,1,1
2024/25,502821,Riccardo Calafiori,Arsenal FC,8,1,1
2024/25,521964,Malick Thiaw,AC Milan,5,1,1
2024/25,528833,Lazar Samardzic,Atalanta BC,8,1,1
2024/25,546543,Darwin Nunez,Liverpool FC,9,1,1
2024/25,548193,Zeno Debast,Sporting CP,8,1,1
2024/25,548729,Zeki Amdouni,SL Benfica,11,1,1
2024/25,670681,Joao Neves,Paris Saint-Germain,17,1,1
2024/25,699783,Raphael Onyedika,Club Brugge KV,11,1,1
2024/25,743591,Savio,Manchester City,9,1,1
2024/25,845654,Kenan Yldz,Juventus FC,10,1,1
2024/25,862297,Nasser Djiga,Red Star Belgrade,8,1,1
2024/25,41384,Marko Arnautovic,Inter Milan,7,0,1
2024/25,51471,Mateo Kovacic,Manchester City,6,0,1
2024/25,54781,Nicolas Otamendi,SL Benfica,12,0,1
2024/25,102017,Jorginho,Arsenal FC,6,0,1
2024/25,122675,Kevin Wimmer,Slovan Bratislava,5,0,1
2024/25,129444,David Lopez,Girona FC,5,0,1
2024/25,131978,Ross Barkley,Aston Villa,6,0,1
2024/25,139208,Virgil van Dijk,Liverpool FC,9,0,1
2024/25,148365,Casper Nielsen,Club Brugge KV,6,0,1
2024/25,157635,Yussuf Poulsen,RB Leipzig,6,0,1
2024/25,165513,Berat Djimsiti,Atalanta BC,9,0,1
2024/25,170986,Raphael Guerreiro,Bayern Munich,9,0,1
2024/25,175722,Eric Dier,Bayern Munich,6,0,1
2024/25,192565,Leroy Sane,Bayern Munich,13,0,1
2024/25,203460,Jack Grealish,Manchester City,6,0,1
2024/25,203853,Oleksandr Zinchenko,Arsenal FC,6,0,1
2024/25,231306,Guelor Kanga,Red Star Belgrade,5,0,1
2024/25,242086,Patrik Schick,Bayer 04 Leverkusen,8,0,1
2024/25,243714,Kingsley Coman,Bayern Munich,11,0,1
2024/25,247555,Edimilson Fernandes,Stade Brestois 29,10,0,1
2024/25,250845,Jose Maria Gimenez,Atletico de Madrid,8,0,1
2024/25,261504,Aleix Garcia,Bayer 04 Leverkusen,10,0,1
2024/25,272278,Chris Fuhrich,VfB Stuttgart,7,0,1
2024/25,288255,Donny van de Beek,Girona FC,7,0,1
2024/25,290391,Nuno Santos,Sporting CP,2,0,1
2024/25,290552,Qazim Laci,AC Sparta Praha,8,0,1
2024/25,312819,Silvere Ganvoula,BSC Young Boys,8,0,1
2024/25,320440,Gustaf Nilsson,Club Brugge KV,7,0,1
2024/25,334526,Denis Zakaria,AS Monaco,7,0,1
2024/25,335457,Ermedin Demirovic,VfB Stuttgart,8,0,1
2024/25,340322,Nathan Tella,Bayer 04 Leverkusen,7,0,1
2024/25,342039,Yannik Keitel,VfB Stuttgart,4,0,1
2024/25,347900,Jerdy Schouten,PSV Eindhoven,7,0,1
2024/25,352596,Otar Kiteishvili,SK Sturm Graz,7,0,1
2024/25,353366,Benjamin Pavard,Inter Milan,12,0,1
2024/25,357119,Ibrahima Konate,Liverpool FC,7,0,1
2024/25,357992,Raoul Bellanova,Atalanta BC,8,0,1
2024/25,377393,Pierre Lees-Melou,Stade Brestois 29,5,0,1
2024/25,384461,Jakub Moder,Feyenoord Rotterdam,4,0,1
2024/25,390638,Arthur Cabral,SL Benfica,6,0,1
2024/25,392085,Nicolo Zaniolo,Atalanta BC,7,0,1
2024/25,392538,Tommaso Pobega,Bologna FC 1909,5,0,1
2024/25,392770,Angel Gomes,LOSC Lille,4,0,1
2024/25,401598,Lukasz Lakomy,BSC Young Boys,7,0,1
2024/25,403290,Dario Spikic,GNK Dinamo Zagreb,5,0,1
2024/25,413403,Ezri Konsa,Aston Villa,11,0,1
2024/25,413565,Jhon Lucumi,Bologna FC 1909,7,0,1
2024/25,417228,Danylo Sikan,Shakhtar Donetsk,5,0,1
2024/25,424042,Nahuel Molina,Atletico de Madrid,8,0,1
2024/25,424072,Mathias Pereira Lage,Stade Brestois 29,9,0,1
2024/25,429915,Maxim De Cuyper,Club Brugge KV,12,0,1
2024/25,435338,Gabriel,Arsenal FC,9,0,1
2024/25,439497,Liam Scales,Celtic FC,6,0,1
2024/25,443710,Angelo Stiller,VfB Stuttgart,8,0,1
2024/25,459128,Marco Brescianini,Atalanta BC,6,0,1
2024/25,462832,Mads Bidstrup,Red Bull Salzburg,5,0,1
2024/25,466805,Nico Gonzalez,Manchester City,1,0,1
2024/25,469957,Kastriot Imeri,BSC Young Boys,5,0,1
2024/25,480267,Ronald Araujo,FC Barcelona,8,0,1
2024/25,485585,Ian Maatsen,Aston Villa,10,0,1
2024/25,485706,Amadou Onana,Aston Villa,5,0,1
2024/25,489463,Kyogo Furuhashi,Celtic FC,7,0,1
2024/25,491707,Julian Carranza,Feyenoord Rotterdam,7,0,1
2024/25,492730,Takuya Ogiwara,GNK Dinamo Zagreb,3,0,1
2024/25,503482,Min-jae Kim,Bayern Munich,13,0,1
2024/25,525299,Miguel Gutierrez,Girona FC,6,0,1
2024/25,538964,Thijs Dallinga,Bologna FC 1909,8,0,1
2024/25,549006,Goncalo Inacio,Sporting CP,7,0,1
2024/25,563963,Mohammed Salisu,AS Monaco,6,0,1
2024/25,578392,Maximilian Beier,Borussia Dortmund,12,0,1
2024/25,581672,Samuel Iling-Junior,Bologna FC 1909,8,0,1
2024/25,583199,James McAtee,Manchester City,5,0,1
2024/25,593837,Couhaib Driouech,PSV Eindhoven,5,0,1
2024/25,607854,Ederson,Atalanta BC,9,0,1
2024/25,649016,El Bilal Toure,VfB Stuttgart,4,0,1
2024/25,654991,Samuel Mbangula,Juventus FC,7,0,1
2024/25,656681,Victor Boniface,Bayer 04 Leverkusen,4,0,1
2024/25,659813,Piero Hincapie,Bayer 04 Leverkusen,9,0,1
2024/25,668235,Marlon Gomes,Shakhtar Donetsk,7,0,1
2024/25,671590,Daouda Guindo,Red Bull Salzburg,4,0,1
2024/25,726661,Nino Marcelli,Slovan Bratislava,8,0,1
2024/25,743122,Kyriani Sabbe,Club Brugge KV,6,0,1
2024/25,745181,Soungoutou Magassa,AS Monaco,7,0,1
2024/25,794349,Julien Le Cardinal,Stade Brestois 29,4,0,1
2024/25,805534,Arjan Malic,SK Sturm Graz,3,0,1
2024/25,807386,Conrad Harder,Sporting CP,9,0,1
2024/25,810092,Warren Zaire-Emery,Paris Saint-Germain,13,0,1
2024/25,881297,Adam Daghim,Red Bull Salzburg,7,0,1
2024/25,903706,Albion Rrahmani,AC Sparta Praha,6,0,1
2024/25,913305,Idjessi Metsoko,Slovan Bratislava,7,0,1
2024/25,971570,Endrick,Real Madrid,9,0,1
2025/26,342229,Kylian Mbappe,Real Madrid,11,1,15
2025/26,132098,Harry Kane,Bayern Munich,13,2,14
2025/26,502670,Khvicha Kvaratskhelia,Paris Saint-Germain,16,7,10
2025/26,576024,Julian Alvarez,Atletico de Madrid,15,4,10
2025/26,503733,Anthony Gordon,Newcastle United,12,2,10
2025/26,288230,Ousmane Dembele,Paris Saint-Germain,13,2,8
2025/26,418560,Erling Haaland,Manchester City,10,0,8
2025/26,480692,Luis Diaz,Bayern Munich,12,4,7
2025/26,401923,Victor Osimhen,Galatasaray,10,3,7
2025/26,398065,Harvey Barnes,Newcastle United,12,4,6
2025/26,636703,Fermin Lopez,FC Barcelona,11,4,6
2025/26,937958,Lamine Yamal,FC Barcelona,10,4,6
2025/26,422355,Jens Petter Hauge,FK Bod/Glimt,12,2,6
2025/26,655488,Gabriel Martinelli,Arsenal FC,14,2,6
2025/26,238407,Alexander Srloth,Atletico de Madrid,14,1,6
2025/26,487469,Vitinha,Paris Saint-Germain,17,1,6
2025/26,371998,Vinicius Junior,Real Madrid,14,8,5
2025/26,566723,Michael Olise,Bayern Munich,13,7,5
2025/26,258923,Marcus Rashford,FC Barcelona,11,4,5
2025/26,451276,Dominik Szoboszlai,Liverpool FC,12,4,5
2025/26,914562,Desire Doue,Paris Saint-Germain,13,4,5
2025/26,542877,Kasper Hgh,FK Bod/Glimt,12,3,5
2025/26,424784,Luis Suarez,Sporting CP,12,2,5
2025/26,325443,Viktor Gyokeres,Arsenal FC,13,1,5
2025/26,997867,Camilo Duran,Qarabag FK,10,1,5
2025/26,340205,Gorka Guruzeta,Athletic Bilbao,7,0,5
2025/26,503770,Folarin Balogun,AS Monaco,10,0,5
2025/26,270541,Serhou Guirassy,Borussia Dortmund,10,4,4
2025/26,193082,Alejandro Grimaldo,Bayer 04 Leverkusen,12,3,4
2025/26,412669,Francisco Trincao,Sporting CP,11,3,4
2025/26,282411,Marcos Llorente,Atletico de Madrid,14,2,4
2025/26,487969,Randal Kolo Muani,Tottenham Hotspur,9,2,4
2025/26,1075147,Lennart Karl,Bayern Munich,8,2,4
2025/26,38253,Robert Lewandowski,FC Barcelona,11,1,4
2025/26,242086,Patrik Schick,Bayer 04 Leverkusen,9,1,4
2025/26,309400,Kai Havertz,Arsenal FC,6,1,4
2025/26,315969,Scott McTominay,SSC Napoli,8,1,4
2025/26,332697,Weston McKennie,Juventus FC,10,1,4
2025/26,335298,Sondre Brunstad Fet,FK Bod/Glimt,12,1,4
2025/26,653610,Igor Paixao,Olympique Marseille,8,1,4
2025/26,406625,Lautaro Martinez,Inter Milan,8,0,4
2025/26,528833,Lazar Samardzic,Atalanta BC,10,0,4
2025/26,58864,Pierre-Emerick Aubameyang,Olympique Marseille,8,4,3
2025/26,369081,Federico Valverde,Real Madrid,13,4,3
2025/26,406040,Ademola Lookman,two clubs,15,4,3
2025/26,411295,Raphinha,FC Barcelona,7,3,3
2025/26,148455,Mohamed Salah,Liverpool FC,10,2,3
2025/26,205938,Mario Pasalic,Atalanta BC,9,2,3
2025/26,433177,Bukayo Saka,Arsenal FC,11,2,3
2025/26,496094,Karim Adeyemi,Borussia Dortmund,9,2,3
2025/26,593837,Couhaib Driouech,PSV Eindhoven,7,2,3
2025/26,648195,Enzo Fernandez,Chelsea FC,10,2,3
2025/26,776890,Nicolas Jackson,Bayern Munich,10,2,3
2025/26,315867,Gianluca Scamacca,Atalanta BC,10,1,3
2025/26,357498,Dusan Vlahovic,Juventus FC,4,1,3
2025/26,398184,Ferran Torres,FC Barcelona,10,1,3
2025/26,503987,Noni Madueke,Arsenal FC,10,1,3
2025/26,532826,Mason Greenwood,Olympique Marseille,8,1,3
2025/26,534033,Alexis Mac Allister,Liverpool FC,12,1,3
2025/26,566931,Xavi Simons,Tottenham Hotspur,10,1,3
2025/26,627207,Ricardo Pepi,PSV Eindhoven,5,1,3
2025/26,669959,Leandro Andrade,Qarabag FK,9,1,3
2025/26,709726,Hugo Ekitike,Liverpool FC,12,1,3
2025/26,717329,Nicolo Tresoldi,Club Brugge KV,10,1,3
2025/26,187492,Julian Brandt,Borussia Dortmund,9,0,3
2025/26,257448,Gelson Martins,Olympiacos Piraeus,9,0,3
2025/26,258889,Dominic Solanke,Tottenham Hotspur,3,0,3
2025/26,308552,Jordan Larsson,FC Copenhagen,8,0,3
2025/26,364245,Jordan Teze,AS Monaco,9,0,3
2025/26,406640,Felix Nmecha,Borussia Dortmund,10,0,3
2025/26,607223,Rayan Cherki,Manchester City,8,0,3
2025/26,610442,Rasmus Hjlund,SSC Napoli,7,0,3
2025/26,626724,Joao Pedro,Chelsea FC,8,0,3
2025/26,702869,Ismael Saibari,PSV Eindhoven,7,0,3
2025/26,830365,Alisson Santos,Sporting CP,8,0,3
2025/26,930571,Oscar Gloukh,Ajax Amsterdam,8,0,3
2025/26,945021,Anan Khalaili,Union Saint-Gilloise,8,0,3
2025/26,1056993,Estevao,Chelsea FC,7,0,3
2025/26,1072751,Viktor Dadason,FC Copenhagen,6,0,3
2025/26,159471,Serge Gnabry,Bayern Munich,11,4,2
2025/26,644607,Ole Didrik Blomberg,FK Bod/Glimt,10,4,2
2025/26,708265,Bradley Barcola,Paris Saint-Germain,16,4,2
2025/26,861410,Arda Guler,Real Madrid,14,4,2
2025/26,125781,Antoine Griezmann,Atletico de Madrid,15,3,2
2025/26,137576,Hans Vanaken,Club Brugge KV,10,3,2
2025/26,139208,Virgil van Dijk,Liverpool FC,12,3,2
2025/26,372267,Guus Til,PSV Eindhoven,8,3,2
2025/26,670681,Joao Neves,Paris Saint-Germain,14,3,2
2025/26,742451,Carlos Forbs,Club Brugge KV,9,3,2
2025/26,119150,Mislav Orsic,Pafos FC,8,2,2
2025/26,307058,Mehdi Taremi,Olympiacos Piraeus,10,2,2
2025/26,324503,Vangelis Pavlidis,SL Benfica,10,2,2
2025/26,429874,Ansgar Knauff,Eintracht Frankfurt,8,2,2
2025/26,435772,Charles De Ketelaere,Atalanta BC,8,2,2
2025/26,563137,Robert Navarro,Athletic Bilbao,7,2,2
2025/26,616341,Nuno Mendes,Paris Saint-Germain,17,2,2
2025/26,780136,Aleksandar Stankovic,Club Brugge KV,10,2,2
2025/26,930781,Pio Esposito,Inter Milan,9,2,2
2025/26,1054839,Mamadou Diakhon,Club Brugge KV,9,2,2
2025/26,1138758,Geovany Quenda,Sporting CP,6,2,2
2025/26,318528,Marcus Thuram,Inter Milan,9,1,2
2025/26,333241,Joelinton,Newcastle United,10,1,2
2025/26,333647,Jonathan Burkardt,Eintracht Frankfurt,5,1,2
2025/26,360518,Teun Koopmeiners,Juventus FC,10,1,2
2025/26,404418,David Hancko,Atletico de Madrid,13,1,2
2025/26,406635,Phil Foden,Manchester City,7,1,2
2025/26,411975,Jules Kounde,FC Barcelona,10,1,2
2025/26,434675,Cody Gakpo,Liverpool FC,11,1,2
2025/26,451677,Christos Tzolis,Club Brugge KV,9,1,2
2025/26,521127,Ayoub El Kaabi,Olympiacos Piraeus,10,1,2
2025/26,533738,Jonathan David,Juventus FC,9,1,2
2025/26,554940,Elvin Cafarquliyev,Qarabag FK,10,1,2
2025/26,572675,Maxi Araujo,Sporting CP,11,1,2
2025/26,580195,Jamal Musiala,Bayern Munich,6,1,2
2025/26,581678,Jude Bellingham,Real Madrid,9,1,2
2025/26,583189,Anthony Elanga,Newcastle United,10,1,2
2025/26,661171,Willian Pacho,Paris Saint-Germain,17,1,2
2025/26,699783,Raphael Onyedika,Club Brugge KV,6,1,2
2025/26,742201,Giuliano Simeone,Atletico de Madrid,15,1,2
2025/26,1084714,Robert,FC Copenhagen,6,1,2
2025/26,181767,Marquinhos,Paris Saint-Germain,15,0,2
2025/26,261504,Aleix Garcia,Bayer 04 Leverkusen,12,0,2
2025/26,283196,Kasper Dolberg,Ajax Amsterdam,5,0,2
2025/26,284732,Ramy Bensebaini,Borussia Dortmund,9,0,2
2025/26,321528,Denzel Dumfries,Inter Milan,5,0,2
2025/26,338424,Mikel Merino,Arsenal FC,7,0,2
2025/26,339332,Noa Lang,two clubs,10,0,2
2025/26,351809,Robin Le Normand,Atletico de Madrid,14,0,2
2025/26,357233,Leandro Barreiro,SL Benfica,9,0,2
2025/26,363205,Gabriel Jesus,Arsenal FC,6,0,2
2025/26,396908,Yunus Akgun,Galatasaray,9,0,2
2025/26,397486,Dennis Man,PSV Eindhoven,8,0,2
2025/26,467437,Malik Tillman,Bayer 04 Leverkusen,10,0,2
2025/26,509022,Federico Gatti,Juventus FC,5,0,2
2025/26,550550,Goncalo Ramos,Paris Saint-Germain,11,0,2
2025/26,557459,Micky van de Ven,Tottenham Hotspur,8,0,2
2025/26,579287,Daniel Svensson,Borussia Dortmund,9,0,2
2025/26,670103,Andreas Schjelderup,SL Benfica,7,0,2
2025/26,687626,Moises Caicedo,Chelsea FC,10,0,2
2025/26,708454,Romeo Vermant,Club Brugge KV,8,0,2
2025/26,816585,Can Uzun,Eintracht Frankfurt,5,0,2
2025/26,888785,Promise David,Union Saint-Gilloise,7,0,2
2025/26,903693,Senny Mayulu,Paris Saint-Germain,11,0,2
2025/26,972465,Tani Oluwaseyi,Villarreal CF,7,0,2
2025/26,1422277,Youssoupha Mbodji,SK Slavia Prague,7,0,2
2025/26,398073,Achraf Hakimi,Paris Saint-Germain,13,7,1
2025/26,144028,Leandro Trossard,Arsenal FC,11,5,1
2025/26,598577,Florian Wirtz,Liverpool FC,11,4,1
2025/26,199527,Jacob Murphy,Newcastle United,9,3,1
2025/26,355915,Cristian Romero,Tottenham Hotspur,8,3,1
2025/26,486049,Jeremy Doku,Manchester City,9,3,1
2025/26,553875,Pedro Porro,Tottenham Hotspur,9,3,1
2025/26,745200,Maghnes Akliouche,AS Monaco,10,3,1
2025/26,845654,Kenan Yldz,Juventus FC,10,3,1
2025/26,42460,Ivan Perisic,PSV Eindhoven,8,2,1
2025/26,126414,Hakan Calhanoglu,Inter Milan,6,2,1
2025/26,134270,Dan Burn,Newcastle United,11,2,1
2025/26,222223,Marko Jankovic,Qarabag FK,9,2,1
2025/26,256973,Abdellah Zoubir,Qarabag FK,10,2,1
2025/26,293385,Dani Olmo,FC Barcelona,10,2,1
2025/26,334557,Chiquinho,Olympiacos Piraeus,10,2,1
2025/26,344695,Dayot Upamecano,Bayern Munich,12,2,1
2025/26,357662,Declan Rice,Arsenal FC,13,2,1
2025/26,394688,Hakon Evjen,FK Bod/Glimt,12,2,1
2025/26,412363,Rodrygo,Real Madrid,5,2,1
2025/26,463618,Khephren Thuram,Juventus FC,9,2,1
2025/26,478573,Ryan Gravenberch,Liverpool FC,11,2,1
2025/26,479999,Eberechi Eze,Arsenal FC,13,2,1
2025/26,541537,Bars Alper Ylmaz,Galatasaray,12,2,1
2025/26,568177,Cole Palmer,Chelsea FC,4,2,1
2025/26,659459,Carney Chukwuemeka,Borussia Dortmund,8,2,1
2025/26,743413,Nico O'Reilly,Manchester City,8,2,1
2025/26,743498,Wilson Odobert,Tottenham Hotspur,7,2,1
2025/26,1364454,Christian Kofane,Bayer 04 Leverkusen,11,2,1
2025/26,159088,Robert Andrich,Bayer 04 Leverkusen,9,1,1
2025/26,165793,Takumi Minamino,AS Monaco,5,1,1
2025/26,170934,Mario Lemina,Galatasaray,9,1,1
2025/26,186644,Mohamed Elyounoussi,FC Copenhagen,7,1,1
2025/26,196357,Jonathan Tah,Bayern Munich,14,1,1
2025/26,234803,Andrew Robertson,Liverpool FC,7,1,1
2025/26,236168,Brandon Mechele,Club Brugge KV,10,1,1
2025/26,257455,Joao Palhinha,Tottenham Hotspur,8,1,1
2025/26,314678,Brahim Diaz,Real Madrid,12,1,1
2025/26,315853,Alessandro Bastoni,Inter Milan,9,1,1
2025/26,350219,Fabian Ruiz,Paris Saint-Germain,9,1,1
2025/26,370846,Timothy Weah,Olympique Marseille,7,1,1
2025/26,378710,Richarlison,Tottenham Hotspur,7,1,1
2025/26,388165,Yoane Wissa,Newcastle United,4,1,1
2025/26,397033,Sandro Tonali,Newcastle United,11,1,1
2025/26,405885,Giacomo Raspadori,two clubs,3,1,1
2025/26,413112,Aurelien Tchouameni,Real Madrid,13,1,1
2025/26,420243,Jurrien Timber,Arsenal FC,8,1,1
2025/26,426620,Pedro Goncalves,Sporting CP,8,1,1
2025/26,428920,Kevin Mac Allister,Union Saint-Gilloise,8,1,1
2025/26,434433,Nikola Krstovic,Atalanta BC,12,1,1
2025/26,435338,Gabriel,Arsenal FC,12,1,1
2025/26,455661,Nick Woltemade,Newcastle United,10,1,1
2025/26,480116,Lloyd Kelly,Juventus FC,9,1,1
2025/26,483046,Josip Stanisic,Bayern Munich,10,1,1
2025/26,486039,Anouar Ait El Hadj,Union Saint-Gilloise,7,1,1
2025/26,505653,Fabio Silva,Borussia Dortmund,9,1,1
2025/26,553469,Gabriel Sara,Galatasaray,12,1,1
2025/26,571020,Oihan Sancet,Athletic Bilbao,6,1,1
2025/26,578392,Maximilian Beier,Borussia Dortmund,9,1,1
2025/26,593208,Matheus Silva,Qarabag FK,10,1,1
2025/26,607854,Ederson,Atalanta BC,9,1,1
2025/26,620322,Malo Gusto,Chelsea FC,7,1,1
2025/26,640428,Eduardo Camavinga,Real Madrid,11,1,1
2025/26,645589,Elias Achouri,FC Copenhagen,7,1,1
2025/26,701055,Anton Gaaei,Ajax Amsterdam,7,1,1
2025/26,701979,Geny Catamo,Sporting CP,11,1,1
2025/26,735573,Richard Rios,SL Benfica,8,1,1
2025/26,742803,Santiago Hezze,Olympiacos Piraeus,9,1,1
2025/26,792380,Aleksandar Pavlovic,Bayern Munich,14,1,1
2025/26,855015,Fares Chaibi,Eintracht Frankfurt,8,1,1
2025/26,868887,Ricardinho,Kairat Almaty,8,1,1
2025/26,944827,Stepan Chaloupek,SK Slavia Prague,8,1,1
2025/26,1057316,Franco Mastantuono,Real Madrid,8,1,1
2025/26,46741,David Luiz,Pafos FC,7,0,1
2025/26,170986,Raphael Guerreiro,Bayern Munich,7,0,1
2025/26,173859,Davide Zappacosta,Atalanta BC,10,0,1
2025/26,175722,Eric Dier,AS Monaco,3,0,1
2025/26,181136,Piotr Zielinski,Inter Milan,10,0,1
2025/26,193004,Waldemar Anton,Borussia Dortmund,9,0,1
2025/26,198116,Federico Dimarco,Inter Milan,9,0,1
2025/26,200495,Ofri Arad,Kairat Almaty,4,0,1
2025/26,203412,Andreas Cornelius,FC Copenhagen,3,0,1
2025/26,228645,Wout Weghorst,Ajax Amsterdam,5,0,1
2025/26,230166,Haitam Aleesami,FK Bod/Glimt,9,0,1
2025/26,238055,Rafa Silva,SL Benfica,2,0,1
2025/26,241457,Derrick Luckassen,Pafos FC,8,0,1
2025/26,241641,Bernardo Silva,Manchester City,8,0,1
2025/26,250845,Jose Maria Gimenez,Atletico de Madrid,6,0,1
2025/26,265088,Manuel Locatelli,Juventus FC,9,0,1
2025/26,285111,Bahlul Mustafazada,Qarabag FK,9,0,1
2025/26,319213,Vlad Dragomir,Pafos FC,8,0,1
2025/26,333012,Andreas Helmersen,FK Bod/Glimt,12,0,1
2025/26,340329,Joe Willock,Newcastle United,9,0,1
2025/26,341092,Federico Chiesa,Liverpool FC,5,0,1
2025/26,341429,Davinson Sanchez,Galatasaray,11,0,1
2025/26,357119,Ibrahima Konate,Liverpool FC,10,0,1
2025/26,361093,Sven Botman,Newcastle United,8,0,1
2025/26,367255,Bruno,Pafos FC,7,0,1
2025/26,368887,Lois Openda,Juventus FC,8,0,1
2025/26,369684,Rasmus Nissen Kristensen,Eintracht Frankfurt,4,0,1
2025/26,374326,Oliver Edvardsen,Ajax Amsterdam,4,0,1
2025/26,380598,Santi Comesana,Villarreal CF,8,0,1
2025/26,396235,Vasil Kusej,SK Slavia Prague,7,0,1
2025/26,404849,Oleksiy Kashchuk,Qarabag FK,8,0,1
2025/26,450958,Ross Sykes,Union Saint-Gilloise,6,0,1
2025/26,466810,Ansu Fati,AS Monaco,5,0,1
2025/26,470607,Brennan Johnson,Tottenham Hotspur,4,0,1
2025/26,475413,Sacha Boey,two clubs,7,0,1
2025/26,487474,Francisco Conceicao,Juventus FC,9,0,1
2025/26,488362,Conor Gallagher,two clubs,8,0,1
2025/26,521964,Malick Thiaw,Newcastle United,11,0,1
2025/26,522714,Anderson Silva,Pafos FC,7,0,1
2025/26,537844,Anatoliy Trubin,SL Benfica,10,0,1
2025/26,539252,Costinha,Olympiacos Piraeus,7,0,1
2025/26,543499,Mohammed Kudus,Tottenham Hotspur,5,0,1
2025/26,549006,Goncalo Inacio,Sporting CP,11,0,1
2025/26,585982,Carlos Augusto,Inter Milan,7,0,1
2025/26,590291,Jorginho,Kairat Almaty,8,0,1
2025/26,605396,Samuel Dahl,SL Benfica,9,0,1
2025/26,610849,Liam Delap,Chelsea FC,5,0,1
2025/26,627228,Yan Couto,Borussia Dortmund,7,0,1
2025/26,668183,Nico Serrano,Athletic Bilbao,5,0,1
2025/26,668207,Petar Sucic,Inter Milan,10,0,1
2025/26,671915,Enzo Barrenechea,SL Benfica,9,0,1
2025/26,689505,Johnny Cardoso,Atletico de Madrid,10,0,1
2025/26,703245,Antonio Vergara,SSC Napoli,4,0,1
2025/26,711976,Andy Diouf,Inter Milan,4,0,1
2025/26,729814,Georges Mikautadze,Villarreal CF,7,0,1
2025/26,735701,Ruben van Bommel,PSV Eindhoven,1,0,1
2025/26,805714,Renato Veiga,Villarreal CF,8,0,1
2025/26,811779,Alejandro Garnacho,Chelsea FC,9,0,1
2025/26,881434,Adilet Sadybekov,Kairat Almaty,5,0,1
2025/26,893661,Joel Ordonez,Club Brugge KV,10,0,1
2025/26,902747,Edmilson,Kairat Almaty,7,0,1
2025/26,912959,Fredrik Sjvold,FK Bod/Glimt,12,0,1
2025/26,922769,Lewis Miley,Newcastle United,7,0,1
2025/26,936874,Tyrique George,Chelsea FC,4,0,1
2025/26,938158,Marc Guiu,Chelsea FC,1,0,1
2025/26,939183,Olzhas Baybek,Kairat Almaty,4,0,1
2025/26,944367,Emmanuel Addai,Qarabag FK,10,0,1
2025/26,974982,Ousmane Diomande,Sporting CP,9,0,1
2025/26,1015245,Daniel Bassi,FK Bod/Glimt,3,0,1
2025/26,1018920,Marc Bernal,FC Barcelona,6,0,1
2025/26,1057523,Rafael Nel,Sporting CP,3,0,1
2025/26,1179146,Dastan Satpaev,Kairat Almaty,5,0,1
