player_id,player,full_name,surname,position,nationality,first_season,last_season,seasons,clubs,total_apps,total_goals
Max Aarons,Max Aarons,Max Aarons,Aarons,DEF,England,2019/20,2024/25,4,Norwich; Bournemouth,93,0
Rolando Aarons,Rolando Aarons,Rolando Aarons,Aarons,FWD,Jamaica,2014/15,2017/18,3,Newcastle,18,2
Brenden Aaronson,Brenden Aaronson,Brenden Aaronson,Aaronson,MID,United States,2022/23,2025/26,2,Leeds,73,5
Jerome Abbey,Jerome Abbey,Jerome Abbey,Abbey,MID,England,2025/26,2025/26,1,Wolves,1,0
George Abbott,George Abbott,George Abbott,Abbott,MID,England,2022/23,2022/23,1,Spurs,1,0
Zach Abbott,Zach Abbott,Zach Abbott,Abbott,DEF,England,2025/26,2025/26,1,Nottingham Forest,3,0
Almen Abdi,Almen Abdi,Almen Abdi,Abdi,MID,Switzerland,2015/16,2015/16,1,Watford,32,2
Mehdi Abeid,Mehdi Abeid,Mehdi Abeid,Abeid,MID,Algeria,2014/15,2014/15,1,Newcastle,13,0
Nabil Abidallah,Nabil Abidallah,Nabil Abidallah,Abidallah,MID,Netherlands,2000/01,2000/01,1,Ipswich,2,0
Gary Ablett,Gary Ablett,Gary Ablett,Ablett,DEF,England,1992/93,1995/96,4,Everton,111,4
Samassi Abou,Samassi Abou,Samassi Abou,Abou,FWD,France,1997/98,1998/99,2,West Ham,22,5
Tammy Abraham,Tammy Abraham,Tammy Abraham,Abraham,FWD,England,2015/16,2025/26,5,Chelsea; Swansea; Aston Villa,101,28
Josh Acheampong,Josh Acheampong,Joshua Acheampong,Acheampong,DEF,England,2023/24,2025/26,3,Chelsea,22,1
Milenko Acimovic,Milenko Acimovic,Milenko Ačimovič,Acimovic,MID,Slovenia,2002/03,2002/03,1,Spurs,17,0
Clarence Acuna,Clarence Acuna,Clarence Acuña,Acuna,MID,Chile,2000/01,2002/03,3,Newcastle,46,6
Charlie Adam,Charlie Adam,Charlie Adam,Adam,MID,Scotland,2010/11,2017/18,8,Blackpool; Liverpool; Stoke,207,33
Che Adams,Che Adams,Ché Adams,Adams,FWD,Scotland,2019/20,2022/23,4,Southampton,124,25
Micky Adams,Micky Adams,Micky Adams,Adams,DEF,England,1992/93,1993/94,2,Southampton,57,4
Neil Adams,Neil Adams,Neil Adams,Adams,MID,England,1992/93,1994/95,3,Oldham; Norwich,92,12
Tony Adams,Tony Adams,Tony Adams,Adams,DEF,England,1992/93,2001/02,10,Arsenal,255,12
Tyler Adams,Tyler Adams,Tyler Adams,Adams,MID,United States,2022/23,2025/26,4,Leeds; Bournemouth,80,2
Tosin Adarabioyo,Tosin Adarabioyo,Tosin Adarabioyo,Adarabioyo,DEF,England,2020/21,2025/26,5,Fulham; Chelsea,116,4
Miles Addison,Miles Addison,Miles Addison,Addison,DEF,England,2007/08,2007/08,1,Derby,1,0
Elijah Adebayo,Elijah Adebayo,Elijah Adebayo,Adebayo,FWD,England,2023/24,2023/24,1,Luton,27,10
Emmanuel Adebayor,Emmanuel Adebayor,Emmanuel Adebayor,Adebayor,FWD,Togo,2005/06,2015/16,11,Arsenal; Man City; Spurs; Crystal Palace,242,97
Simon Adingra,Simon Adingra,Simon Adingra,Adingra,FWD,Ivory Coast,2023/24,2025/26,3,Brighton; Sunderland,74,9
Amine Adli,Amine Adli,Amine Adli,Adli,FWD,Morocco,2025/26,2025/26,1,Bournemouth,31,3
Albert Adomah,Albert Adomah,Albert Adomah,Adomah,MID,Ghana,2016/17,2016/17,1,Middlesbrough,2,0
Adrian,Adrian,Adrián,Adrian,GK,Spain,2013/14,2020/21,7,West Ham; Liverpool,139,0
Ibrahim Afellay,Ibrahim Afellay,Ibrahim Afellay,Afellay,MID,Netherlands,2015/16,2017/18,3,Stoke,49,2
Benik Afobe,Benik Afobe,Benik Afobe,Afobe,FWD,England,2015/16,2017/18,3,Bournemouth,63,10
Kieran Agard,Kieran Agard,Kieran Agard,Agard,FWD,England,2009/10,2009/10,1,Everton,1,0
Didier Agathe,Didier Agathe,Didier Agathe,Agathe,MID,France,2006/07,2006/07,1,Aston Villa,5,0
Emmanuel Agbadou,Emmanuel Agbadou,Emmanuel Agbadou,Agbadou,DEF,Ivory Coast,2024/25,2025/26,2,Wolves,30,1
Asher Agbinone,Asher Agbinone,Asher Agbinone,Agbinone,FWD,England,2024/25,2024/25,1,Crystal Palace,2,0
Gabriel Agbonlahor,Gabriel Agbonlahor,Gabriel Agbonlahor,Agbonlahor,FWD,England,2005/06,2015/16,11,Aston Villa,322,74
Daniel Agger,Daniel Agger,Daniel Agger,Agger,DEF,Denmark,2005/06,2013/14,9,Liverpool,175,9
Julius Aghahowa,Julius Aghahowa,Julius Aghahowa,Aghahowa,FWD,Nigeria,2006/07,2007/08,2,Wigan,20,0
Steve Agnew,Steve Agnew,Steve Agnew,Agnew,MID,England,1994/95,1996/97,2,Leicester; Sunderland,26,2
Junior Agogo,Junior Agogo,Junior Agogo,Agogo,FWD,Ghana,1997/98,1998/99,2,Sheffield Wed,2,0
Nayef Aguerd,Nayef Aguerd,Nayef Aguerd,Aguerd,DEF,Morocco,2022/23,2025/26,3,West Ham,41,3
Sergio Aguero,Sergio Aguero,Sergio Agüero,Aguero,FWD,Argentina,2011/12,2020/21,10,Man City,275,184
Brandon Aguilera,Brandon Aguilera,Brandon Aguilera,Aguilera,MID,Costa Rica,2023/24,2023/24,1,Nottingham Forest,1,0
Kemy Agustien,Kemy Agustien,Kemy Agustien,Agustien,MID,Netherlands,2011/12,2012/13,2,Swansea,31,0
Dan Agyei,Dan Agyei,Daniel Agyei,Agyei,FWD,England,2016/17,2016/17,1,Burnley,3,0
Patrick Agyemang,Patrick Agyemang,Patrick Agyemang,Agyemang,FWD,Ghana,2011/12,2011/12,1,QPR,2,0
Naouirou Ahamada,Naouirou Ahamada,Naouirou Ahamada,Ahamada,MID,France,2022/23,2023/24,2,Crystal Palace,28,0
Anel Ahmedhodzic,Anel Ahmedhodzic,Anel Ahmedhodžić,Ahmedhodžić,DEF,Bosnia and Herzegovina,2023/24,2023/24,1,Sheffield Utd,31,2
Ola Aina,Ola Aina,Ola Aina,Aina,DEF,Nigeria,2016/17,2025/26,5,Chelsea; Fulham; Nottingham Forest,109,5
Gareth Ainsworth,Gareth Ainsworth,Gareth Ainsworth,Ainsworth,MID,England,1998/99,1999/00,2,Wimbledon,10,2
Sam Aiston,Sam Aiston,Sam Aiston,Aiston,MID,England,1996/97,1996/97,1,Sunderland,2,0
Semi Ajayi,Semi Ajayi,Semi Ajayi,Ajayi,DEF,Nigeria,2020/21,2020/21,1,West Brom,33,2
Kristoffer Ajer,Kristoffer Ajer,Kristoffer Ajer,Ajer,DEF,Norway,2021/22,2025/26,5,Brentford,112,3
Albian Ajeti,Albian Ajeti,Albian Ajeti,Ajeti,FWD,Switzerland,2019/20,2019/20,1,West Ham,9,0
Manuel Akanji,Manuel Akanji,Manuel Akanji,Akanji,DEF,Switzerland,2022/23,2024/25,3,Man City,85,2
Nathan Ake,Nathan Ake,Nathan Aké,Ake,DEF,Netherlands,2012/13,2025/26,14,Chelsea; Watford; Bournemouth; Man City,253,18
Bulent Akin,Bulent Akin,Bülent Akın,Akin,MID,Turkey,2002/03,2002/03,1,Bolton,1,0
Ade Akinbiyi,Ade Akinbiyi,Adeola Akinbiyi,Akinbiyi,FWD,Nigeria,1993/94,2006/07,5,Norwich; Leicester; Sheffield Utd,76,11
Hope Akpan,Hope Akpan,Hope Akpan,Akpan,MID,England,2012/13,2012/13,1,Reading,9,0
Chuba Akpom,Chuba Akpom,Chuba Akpom,Akpom,FWD,England,2013/14,2014/15,2,Arsenal,4,0
Ameen Al-Dakhil,Ameen Al-Dakhil,Ameen Al-Dakhil,Al-Dakhil,DEF,Belgium,2023/24,2023/24,1,Burnley,13,1
Ali Al-Habsi,Ali Al-Habsi,Ali Al-Habsi,Al-Habsi,GK,Oman,2007/08,2012/13,4,Bolton; Wigan,111,0
Ali Al-Hamadi,Ali Al-Hamadi,Ali Al-Hamadi,Al-Hamadi,FWD,Iraq,2024/25,2024/25,1,Ipswich,11,0
Philippe Albert,Philippe Albert,Philippe Albert,Albert,DEF,Belgium,1994/95,1998/99,5,Newcastle,96,8
Martin Albrechtsen,Martin Albrechtsen,Martin Albrechtsen,Albrechtsen,DEF,Denmark,2004/05,2005/06,2,West Brom,55,1
Marc Albrighton,Marc Albrighton,Marc Albrighton,Albrighton,MID,England,2009/10,2022/23,14,Aston Villa; Leicester,310,20
Antolin Alcaraz,Antolin Alcaraz,Antolín Alcaraz,Alcaraz,DEF,Paraguay,2010/11,2014/15,5,Wigan; Everton,83,3
Carlos Alcaraz,Carlos Alcaraz,Carlos Alcaraz Durán,Alcaraz,MID,Argentina,2022/23,2025/26,3,Southampton; Everton,54,6
Omar Alderete,Omar Alderete,Omar Alderete,Alderete,DEF,Paraguay,2025/26,2025/26,1,Sunderland,33,1
Toby Alderweireld,Toby Alderweireld,Toby Alderweireld,Alderweireld,DEF,Belgium,2014/15,2020/21,7,Southampton; Spurs,200,9
Rati Aleksidze,Rati Aleksidze,Rati Aleksidze,Aleksidze,MID,Georgia,2000/01,2000/01,1,Chelsea,2,0
Alex,Alex,Alex Rodrigo Dias da Costa,Alex,DEF,Brazil,2007/08,2011/12,5,Chelsea,86,7
Graham Alexander,Graham Alexander,Graham Alexander,Alexander,DEF,Scotland,2009/10,2009/10,1,Burnley,33,7
Trent Alexander-Arnold,Trent Alexander-Arnold,Trent Alexander-Arnold,Alexander-Arnold,DEF,England,2016/17,2024/25,9,Liverpool,259,18
Niclas Alexandersson,Niclas Alexandersson,Niclas Alexandersson,Alexandersson,MID,Sweden,1997/98,2002/03,6,Sheffield Wed; Everton,133,12
Jeremie Aliadiere,Jeremie Aliadiere,Jérémie Aliadière,Aliadiere,FWD,France,2001/02,2008/09,8,Arsenal; West Ham; Middlesbrough,94,8
Ezgjan Alioski,Ezgjan Alioski,Ezgjan Alioski,Alioski,DEF,North Macedonia,2020/21,2020/21,1,Leeds,36,2
Alisson,Alisson,Alisson Becker,Alisson,GK,Brazil,2018/19,2025/26,8,Liverpool,255,1
Hasney Aljofree,Hasney Aljofree,Hasney Aljofree,Aljofree,DEF,England,1997/98,1997/98,1,Bolton,2,0
Allan,Allan,Allan Marques Loureiro,Allan,MID,Brazil,2020/21,2021/22,2,Everton,52,0
Derek Allan,Derek Allan,Derek Allan,Allan,DEF,Scotland,1992/93,1992/93,1,Southampton,1,0
Marcus Allback,Marcus Allback,Marcus Allbäck,Allback,FWD,Sweden,2002/03,2003/04,2,Aston Villa,35,6
Bradley Allen,Bradley Allen,Bradley Allen,Allen,FWD,England,1992/93,1995/96,4,QPR,59,20
Chris Allen,Chris Allen,Chris Allen,Allen,MID,England,1995/96,1996/97,2,Nottingham Forest,27,1
Clive Allen,Clive Allen,Clive Allen,Allen,FWD,England,1993/94,1993/94,1,West Ham,7,2
Graham Allen,Graham Allen,Graham Allen,Allen,DEF,England,1996/97,1997/98,2,Everton,6,0
Joe Allen,Joe Allen,Joe Allen,Allen,MID,Wales,2011/12,2017/18,7,Swansea; Liverpool; Stoke,199,16
Malcolm Allen,Malcolm Allen,Malcolm Allen,Allen,MID,Wales,1993/94,1994/95,2,Newcastle,10,5
Martin Allen,Martin Allen,Martin Allen,Allen,MID,England,1993/94,1995/96,3,West Ham,58,10
Paul Allen,Paul Allen,Paul Allen,Allen,MID,England,1992/93,1994/95,3,Spurs; Southampton,82,4
Rory Allen,Rory Allen,Rory Allen,Allen,FWD,England,1996/97,1998/99,3,Spurs,20,2
Max Alleyne,Max Alleyne,Max Alleyne,Alleyne,DEF,England,2025/26,2025/26,1,Man City,2,0
Dele Alli,Dele Alli,Bamidele Jermaine Alli,Alli,MID,England,2015/16,2022/23,8,Spurs; Everton,194,51
Joe Allon,Joe Allon,Joe Allon,Allon,FWD,England,1992/93,1992/93,1,Chelsea,3,0
Bernard Allou,Bernard Allou,Bernard Allou,Allou,MID,France,1998/99,1998/99,1,Nottingham Forest,2,0
Ryan Allsop,Ryan Allsop,Ryan Allsop,Allsop,GK,England,2015/16,2016/17,2,Bournemouth,2,0
Danny Allsopp,Danny Allsopp,Danny Allsopp,Allsopp,FWD,Australia,2000/01,2000/01,1,Man City,1,0
Marco Almeida,Marco Almeida,Marco Almeida,Almeida,DEF,Portugal,1999/00,1999/00,1,Southampton,1,0
Miguel Almiron,Miguel Almiron,Miguel Almirón,Almiron,MID,Paraguay,2018/19,2024/25,7,Newcastle,186,23
Manuel Almunia,Manuel Almunia,Manuel Almunia,Almunia,GK,Spain,2004/05,2010/11,6,Arsenal,109,0
Ben Alnwick,Ben Alnwick,Ben Alnwick,Alnwick,GK,England,2005/06,2009/10,2,Sunderland; Spurs,6,0
Jak Alnwick,Jak Alnwick,Jak Alnwick,Alnwick,GK,England,2014/15,2014/15,1,Newcastle,6,0
John Aloisi,John Aloisi,John Aloisi,Aloisi,FWD,Australia,1998/99,2000/01,3,Coventry,42,10
Marcos Alonso,Marcos Alonso,Marcos Alonso,Alonso,DEF,Spain,2010/11,2021/22,9,Bolton; Sunderland; Chelsea,179,26
Mikel Alonso,Mikel Alonso,Mikel Alonso,Alonso,MID,Spain,2007/08,2007/08,1,Bolton,7,0
Xabi Alonso,Xabi Alonso,Xabi Alonso,Alonso,MID,Spain,2004/05,2008/09,5,Liverpool,143,14
Alpay,Alpay,Alpay Özalan,Alpay,DEF,Turkey,2000/01,2003/04,4,Aston Villa,58,1
Jozy Altidore,Jozy Altidore,Jozy Altidore,Altidore,FWD,United States,2009/10,2014/15,3,Hull; Sunderland,70,2
Olabade Aluko,Olabade Aluko,Olabade Aluko,Aluko,MID,England,2024/25,2024/25,1,Leicester,1,0
Sone Aluko,Sone Aluko,Sone Aluko,Aluko,FWD,Nigeria,2013/14,2014/15,2,Hull,42,2
Julian Alvarez,Julian Alvarez,Julián Álvarez,Alvarez,FWD,Argentina,2022/23,2023/24,2,Man City,67,20
Ricky Alvarez,Ricky Alvarez,Ricardo Álvarez,Alvarez,MID,Argentina,2014/15,2014/15,1,Sunderland,13,0
Afonso Alves,Afonso Alves,Afonso Alves,Alves,FWD,Brazil,2007/08,2008/09,2,Middlesbrough,42,10
Paulo Alves,Paulo Alves,Paulo Alves,Alves,FWD,Portugal,1997/98,1997/98,1,West Ham,4,0
Will Alves,Will Alves,Will Alves,Alves,MID,England,2024/25,2024/25,1,Leicester,1,0
Alysson,Alysson,Alysson Edward,Alysson,FWD,Brazil,2025/26,2025/26,1,Aston Villa,3,0
Steven Alzate,Steven Alzate,Steven Alzate,Alzate,MID,Colombia,2019/20,2021/22,3,Brighton,43,1
Ibrahim Amadou,Ibrahim Amadou,Ibrahim Amadou,Amadou,MID,France,2019/20,2019/20,1,Norwich,11,0
Morgan Amalfitano,Morgan Amalfitano,Morgan Amalfitano,Amalfitano,MID,France,2013/14,2014/15,2,West Brom; West Ham,52,7
Daniel Amartey,Daniel Amartey,Daniel Amartey,Amartey,MID,Ghana,2015/16,2022/23,7,Leicester,106,2
Harry Amass,Harry Amass,Harry Amass,Amass,DEF,England,2024/25,2024/25,1,Man Utd,5,0
Jordi Amat,Jordi Amat,Jordi Amat,Amat,DEF,Indonesia,2013/14,2016/17,4,Swansea,52,0
Jordan Amavi,Jordan Amavi,Jordan Amavi,Amavi,DEF,France,2015/16,2015/16,1,Aston Villa,10,0
Darren Ambrose,Darren Ambrose,Darren Ambrose,Ambrose,MID,England,2001/02,2006/07,6,Ipswich; Newcastle; Charlton,92,11
Gabriele Ambrosetti,Gabriele Ambrosetti,Gabriele Ambrosetti,Ambrosetti,MID,Italy,1999/00,1999/00,1,Chelsea,16,0
Marco Ambrosio,Marco Ambrosio,Marco Ambrosio,Ambrosio,GK,Italy,2003/04,2003/04,1,Chelsea,8,0
Zeki Amdouni,Zeki Amdouni,Zeki Amdouni,Amdouni,FWD,Switzerland,2023/24,2025/26,2,Burnley,38,5
Sammy Ameobi,Sammy Ameobi,Sammy Ameobi,Ameobi,FWD,England,2010/11,2014/15,5,Newcastle,54,2
Shola Ameobi,Shola Ameobi,Shola Ameobi,Ameobi,FWD,Nigeria,2000/01,2014/15,14,Newcastle; Crystal Palace,298,43
Samuel Amo-Ameyaw,Samuel Amo-Ameyaw,Samuel Amo-Ameyaw,Amo-Ameyaw,FWD,England,2022/23,2024/25,2,Southampton,3,0
Daniel Amokachi,Daniel Amokachi,Daniel Amokachi,Amokachi,FWD,Nigeria,1994/95,1995/96,2,Everton,43,10
Fernando Amorebieta,Fernando Amorebieta,Fernando Amorebieta,Amorebieta,DEF,Venezuela,2013/14,2013/14,1,Fulham,23,1
Lorenzo Amoruso,Lorenzo Amoruso,Lorenzo Amoruso,Amoruso,DEF,Italy,2003/04,2004/05,2,Blackburn,18,3
Ben Amos,Ben Amos,Ben Amos,Amos,GK,England,2011/12,2011/12,1,Man Utd,1,0
Luke Amos,Luke Amos,Luke Amos,Amos,MID,England,2018/19,2018/19,1,Spurs,1,0
Mathis Amougou,Mathis Amougou,Mathis Amougou,Amougou,MID,France,2024/25,2024/25,1,Chelsea,1,0
Ethan Ampadu,Ethan Ampadu,Ethan Ampadu,Ampadu,DEF,Wales,2017/18,2025/26,3,Chelsea; Sheffield Utd; Leeds,61,1
Nordin Amrabat,Nordin Amrabat,Nordin Amrabat,Amrabat,MID,Morocco,2015/16,2017/18,3,Watford,44,0
Sofyan Amrabat,Sofyan Amrabat,Sofyan Amrabat,Amrabat,MID,Morocco,2023/24,2023/24,1,Man Utd,21,0
Joachim Andersen,Joachim Andersen,Joachim Andersen,Andersen,DEF,Denmark,2020/21,2025/26,6,Fulham; Crystal Palace,198,4
Mads Andersen,Mads Andersen,Mads Juel Andersen,Andersen,DEF,Denmark,2023/24,2023/24,1,Luton,8,1
Stephan Andersen,Stephan Andersen,Stephan Andersen,Andersen,GK,Denmark,2004/05,2005/06,2,Charlton,17,0
Trond Andersen,Trond Andersen,Trond Andersen,Andersen,DEF,Norway,1999/00,1999/00,1,Wimbledon,36,0
Anderson,Anderson,Anderson,Anderson,MID,Brazil,2007/08,2014/15,8,Man Utd,105,5
Elliot Anderson,Elliot Anderson,Elliot Anderson,Anderson,MID,England,2020/21,2025/26,5,Newcastle; Nottingham Forest,119,6
Russell Anderson,Russell Anderson,Russell Anderson,Anderson,DEF,Scotland,2007/08,2007/08,1,Sunderland,1,0
Viv Anderson,Viv Anderson,Viv Anderson,Anderson,DEF,England,1992/93,1992/93,1,Sheffield Wed,26,3
Anders Andersson,Anders Andersson,Anders Andersson,Andersson,MID,Sweden,1997/98,1997/98,1,Blackburn,4,0
Andreas Andersson,Andreas Andersson,Andreas Andersson,Andersson,FWD,Sweden,1997/98,1998/99,2,Newcastle,27,4
Patrik Andersson,Patrik Andersson,Patrik Andersson,Andersson,DEF,Sweden,1992/93,1993/94,2,Blackburn,12,0
Darren Anderton,Darren Anderton,Darren Anderton,Anderton,MID,England,1992/93,2004/05,13,Spurs; Birmingham,319,37
Florin Andone,Florin Andone,Florin Andone,Andone,FWD,Romania,2018/19,2019/20,2,Brighton,26,4
Bruno Andrade,Bruno Andrade,Bruno Andrade,Andrade,MID,Portugal,2011/12,2011/12,1,QPR,1,0
Pierre-Yves Andre,Pierre-Yves Andre,Pierre-Yves André,Andre,FWD,France,2002/03,2002/03,1,Bolton,9,0
Leon Andreasen,Leon Andreasen,Leon Andreasen,Andreasen,DEF,Denmark,2007/08,2008/09,2,Fulham,19,0
Martin Andresen,Martin Andresen,Martin Andresen,Andresen,MID,Norway,1999/00,2003/04,2,Wimbledon; Blackburn,25,1
Ian Andrews,Ian Andrews,Ian Andrews,Andrews,GK,England,1993/94,1993/94,1,Southampton,5,0
Keith Andrews,Keith Andrews,Keith Andrews,Andrews,MID,Republic of Ireland,2003/04,2011/12,5,Wolves; Blackburn; West Brom,85,7
Wayne Andrews,Wayne Andrews,Wayne Andrews,Andrews,FWD,England,2004/05,2004/05,1,Crystal Palace,9,0
Andre,Andre,André Trindade da Costa Neto,André,MID,Brazil,2024/25,2025/26,2,Wolves,68,1
Nicolas Anelka,Nicolas Anelka,Nicolas Anelka,Anelka,FWD,France,1996/97,2013/14,14,Arsenal; Liverpool; Man City; Bolton; Chelsea; West Brom,364,125
Juan Pablo Angel,Juan Pablo Angel,Juan Pablo Ángel,Angel,FWD,Colombia,2000/01,2006/07,7,Aston Villa,175,44
Marcos Angeleri,Marcos Angeleri,Marcos Angeleri,Angeleri,DEF,Argentina,2010/11,2010/11,1,Sunderland,2,0
Angelino,Angelino,Angeliño,Angelino,DEF,Spain,2019/20,2019/20,1,Man City,6,0
Brett Angell,Brett Angell,Brett Angell,Angell,FWD,England,1993/94,1994/95,2,Everton,20,1
Nilson Angulo,Nilson Angulo,Nilson Angulo,Angulo,FWD,Ecuador,2025/26,2025/26,1,Sunderland,8,0
Victor Anichebe,Victor Anichebe,Victor Anichebe,Anichebe,FWD,Nigeria,2005/06,2016/17,12,Everton; West Brom; Sunderland,204,26
Vurnon Anita,Vurnon Anita,Vurnon Anita,Anita,MID,Curacao,2012/13,2015/16,4,Newcastle,106,2
Tino Anjorin,Tino Anjorin,Faustino Anjorin,Anjorin,MID,England,2019/20,2019/20,1,Chelsea,1,0
Jaidon Anthony,Jaidon Anthony,Jaidon Anthony,Anthony,FWD,England,2022/23,2025/26,3,Bournemouth; Burnley,70,11
Steve Anthrobus,Steve Anthrobus,Steve Anthrobus,Anthrobus,FWD,England,1992/93,1992/93,1,Wimbledon,5,0
Michail Antonio,Michail Antonio,Michail Antonio,Antonio,FWD,Jamaica,2015/16,2024/25,10,West Ham,268,68
Antony,Antony,Antony,Antony,FWD,Brazil,2022/23,2024/25,3,Man Utd,62,5
Ikechi Anya,Ikechi Anya,Ikechi Anya,Anya,MID,Scotland,2015/16,2016/17,2,Watford,29,0
Matty Appleby,Matty Appleby,Matty Appleby,Appleby,DEF,England,1993/94,1997/98,2,Newcastle; Barnsley,16,0
Alberto Aquilani,Alberto Aquilani,Alberto Aquilani,Aquilani,MID,Italy,2009/10,2009/10,1,Liverpool,18,1
Julian Araujo,Julian Araujo,Julián Araujo,Araujo,DEF,Mexico,2024/25,2024/25,1,Bournemouth,12,0
Alvaro Arbeloa,Alvaro Arbeloa,Álvaro Arbeloa,Arbeloa,DEF,Spain,2006/07,2016/17,4,Liverpool; West Ham,69,2
Oliver Arblaster,Oliver Arblaster,Oliver Arblaster,Arblaster,MID,England,2023/24,2023/24,1,Sheffield Utd,12,0
Julio Arca,Julio Arca,Julio Arca,Arca,DEF,Argentina,2000/01,2008/09,7,Sunderland; Middlesbrough,149,8
Cameron Archer,Cameron Archer,Cameron Archer,Archer,FWD,England,2021/22,2024/25,4,Aston Villa; Sheffield Utd; Southampton,74,6
Neal Ardley,Neal Ardley,Neal Ardley,Ardley,MID,England,1992/93,1999/00,8,Wimbledon,170,12
Alphonse Areola,Alphonse Areola,Alphonse Areola,Areola,GK,France,2020/21,2025/26,6,Fulham; West Ham,119,0
Scott Arfield,Scott Arfield,Scott Arfield,Arfield,MID,Canada,2014/15,2017/18,3,Burnley,86,5
Jhon Arias,Jhon Arias,Jhon Arias,Arias,MID,Colombia,2025/26,2025/26,1,Wolves,23,1
Joe Aribo,Joe Aribo,Joe Aribo,Aribo,MID,Nigeria,2022/23,2024/25,2,Southampton,53,5
Giedrius Arlauskis,Giedrius Arlauskis,Giedrius Arlauskis,Arlauskis,GK,Lithuania,2015/16,2015/16,1,Watford,1,0
Pablo Armero,Pablo Armero,Pablo Armero,Armero,DEF,Colombia,2013/14,2013/14,1,West Ham,5,0
Adam Armstrong,Adam Armstrong,Adam Armstrong,Armstrong,FWD,England,2013/14,2025/26,6,Newcastle; Southampton; Wolves,102,8
Alun Armstrong,Alun Armstrong,Alun Armstrong,Armstrong,FWD,England,1998/99,2001/02,4,Middlesbrough; Ipswich,71,13
Chris Armstrong,Chris Armstrong,Chris Armstrong,Armstrong,FWD,England,1992/93,2000/01,8,Crystal Palace; Spurs,216,71
Chris Armstrong (b.1982),Chris Armstrong,Chris Armstrong,Armstrong,DEF,England,2006/07,2006/07,1,Sheffield Utd,27,0
Craig Armstrong,Craig Armstrong,Craig Armstrong,Armstrong,DEF,England,1998/99,1998/99,1,Nottingham Forest,22,0
Harrison Armstrong,Harrison Armstrong,Harrison Armstrong,Armstrong,MID,England,2024/25,2025/26,2,Everton,16,0
Stuart Armstrong,Stuart Armstrong,Stuart Armstrong,Armstrong,MID,Scotland,2018/19,2022/23,5,Southampton,149,16
Marko Arnautovic,Marko Arnautovic,Marko Arnautović,Arnautović,FWD,Austria,2013/14,2018/19,6,Stoke; West Ham,184,43
Tolu Arokodare,Tolu Arokodare,Tolu Arokodare,Arokodare,FWD,Nigeria,2025/26,2025/26,1,Wolves,33,3
Pegguy Arphexad,Pegguy Arphexad,Pegguy Arphexad,Arphexad,GK,France,1997/98,2001/02,4,Leicester; Liverpool,23,0
Andrey Arshavin,Andrey Arshavin,Andrey Arshavin,Arshavin,MID,Russia,2008/09,2012/13,5,Arsenal,105,23
Harry Arter,Harry Arter,Harry Arter,Arter,MID,Republic of Ireland,2015/16,2018/19,4,Bournemouth; Cardiff,94,3
Mikel Arteta,Mikel Arteta,Mikel Arteta,Arteta,MID,Spain,2004/05,2015/16,12,Everton; Arsenal,284,41
Aljosa Asanovic,Aljosa Asanovic,Aljoša Asanović,Asanovic,MID,Croatia,1996/97,1997/98,2,Derby,38,7
Marco Asensio,Marco Asensio,Marco Asensio Willemsen,Asensio,FWD,Spain,2024/25,2024/25,1,Aston Villa,13,3
Ian Ashbee,Ian Ashbee,Ian Ashbee,Ashbee,MID,England,2008/09,2008/09,1,Hull,31,1
Harrison Ashby,Harrison Ashby,Harrison Ashby,Ashby,DEF,Scotland,2021/22,2021/22,1,West Ham,1,0
Jamie Ashdown,Jamie Ashdown,Jamie Ashdown,Ashdown,GK,England,2004/05,2009/10,4,Portsmouth,42,0
Moses Ashikodi,Moses Ashikodi,Moses Ashikodi,Ashikodi,FWD,Antigua and Barbuda,2006/07,2006/07,1,Watford,2,0
Dean Ashton,Dean Ashton,Dean Ashton,Ashton,FWD,England,2004/05,2008/09,4,Norwich; West Ham,62,22
Jon Ashton,Jon Ashton,Jon Ashton,Ashton,MID,England,2001/02,2001/02,1,Leicester,7,0
Nathan Ashton,Nathan Ashton,Nathan Ashton,Ashton,DEF,England,2007/08,2007/08,1,Fulham,1,0
Joel Asoro,Joel Asoro,Joel Asoro,Asoro,FWD,Sweden,2016/17,2016/17,1,Sunderland,1,0
Iago Aspas,Iago Aspas,Iago Aspas,Aspas,FWD,Spain,2013/14,2013/14,1,Liverpool,14,0
Faustino Asprilla,Faustino Asprilla,Faustino Asprilla,Asprilla,FWD,Colombia,1995/96,1997/98,3,Newcastle,48,9
Oussama Assaidi,Oussama Assaidi,Oussama Assaidi,Assaidi,MID,Morocco,2012/13,2014/15,3,Liverpool; Stoke,32,4
Lorenz Assignon,Lorenz Assignon,Lorenz Assignon,Assignon,DEF,France,2023/24,2023/24,1,Burnley,15,1
Benoit Assou-Ekotto,Benoit Assou-Ekotto,Benoît Assou-Ekotto,Assou-Ekotto,DEF,Cameroon,2006/07,2012/13,7,Spurs,155,4
Peter Atherton,Peter Atherton,Peter Atherton,Atherton,DEF,England,1992/93,2000/01,9,Coventry; Sheffield Wed; Bradford,318,9
Mark Atkins,Mark Atkins,Mark Atkins,Atkins,MID,England,1992/93,1995/96,4,Blackburn,84,12
Dalian Atkinson,Dalian Atkinson,Dalian Atkinson,Atkinson,FWD,England,1992/93,1994/95,3,Aston Villa,73,22
Will Atkinson,Will Atkinson,Will Atkinson,Atkinson,MID,England,2009/10,2009/10,1,Hull,2,1
Timothee Atouba,Timothee Atouba,Thimothée Atouba,Atouba,DEF,Cameroon,2004/05,2004/05,1,Spurs,18,1
Christian Atsu,Christian Atsu,Christian Atsu,Atsu,MID,Ghana,2014/15,2019/20,4,Everton; Newcastle,80,3
Pierre-Emerick Aubameyang,Pierre-Emerick Aubameyang,Pierre-Emerick Aubameyang,Aubameyang,FWD,Gabon,2017/18,2022/23,6,Arsenal; Chelsea,143,69
Lucien Aubey,Lucien Aubey,Lucien Aubey,Aubey,DEF,Congo,2007/08,2007/08,1,Portsmouth,3,0
Ludwig Augustinsson,Ludwig Augustinsson,Ludwig Augustinsson,Augustinsson,DEF,Sweden,2022/23,2022/23,1,Aston Villa,3,0
Fabio Aurelio,Fabio Aurelio,Fábio Aurélio,Aurelio,DEF,Brazil,2006/07,2011/12,6,Liverpool,87,3
Serge Aurier,Serge Aurier,Serge Aurier,Aurier,DEF,Ivory Coast,2017/18,2023/24,6,Spurs; Nottingham Forest,113,6
Brandon Austin,Brandon Austin,Brandon Austin,Austin,GK,United States,2024/25,2024/25,1,Spurs,1,0
Charlie Austin,Charlie Austin,Charlie Austin,Austin,FWD,England,2014/15,2020/21,6,QPR; Southampton; West Brom,111,34
Dean Austin,Dean Austin,Dean Austin,Austin,DEF,England,1992/93,1996/97,5,Spurs,124,0
Cedric Avinel,Cedric Avinel,Cédric Avinel,Avinel,DEF,Guadeloupe,2006/07,2006/07,1,Watford,1,0
Taiwo Awoniyi,Taiwo Awoniyi,Taiwo Awoniyi,Awoniyi,FWD,Nigeria,2022/23,2025/26,4,Nottingham Forest,90,21
Daniel Ayala,Daniel Ayala,Daniel Ayala,Ayala,DEF,Spain,2009/10,2016/17,3,Liverpool; Norwich; Middlesbrough,26,1
Yasin Ayari,Yasin Ayari,Yasin Ayari,Ayari,MID,Sweden,2022/23,2025/26,3,Brighton,66,5
Andre Ayew,Andre Ayew,André Ayew,Ayew,FWD,Ghana,2015/16,2022/23,4,Swansea; West Ham; Nottingham Forest,102,21
Jordan Ayew,Jordan Ayew,Jordan Ayew,Ayew,FWD,Ghana,2015/16,2024/25,10,Aston Villa; Swansea; Crystal Palace; Leicester,305,42
Floyd Ayite,Floyd Ayite,Floyd Ayité,Ayite,FWD,Togo,2018/19,2018/19,1,Fulham,16,1
Luke Ayling,Luke Ayling,Luke Ayling,Ayling,DEF,England,2020/21,2022/23,3,Leeds,93,4
Cesar Azpilicueta,Cesar Azpilicueta,César Azpilicueta,Azpilicueta,DEF,Spain,2012/13,2022/23,11,Chelsea,349,10
Rayan Ait-Nouri,Rayan Ait-Nouri,Rayan Aït-Nouri,Aït-Nouri,DEF,Algeria,2020/21,2025/26,6,Wolves; Man City,152,9
Demba Ba,Demba Ba,Demba Ba,Ba,FWD,Senegal,2010/11,2013/14,4,West Ham; Newcastle; Chelsea,99,43
El-Hadji Ba,El-Hadji Ba,El-Hadji Ba,Ba,MID,France,2013/14,2013/14,1,Sunderland,1,0
Ibrahim Ba,Ibrahim Ba,Ibrahim Ba,Ba,MID,France,2003/04,2003/04,1,Bolton,9,0
Espen Baardsen,Espen Baardsen,Espen Baardsen,Baardsen,GK,Norway,1996/97,2002/03,4,Spurs; Everton,24,0
Baba Rahman,Baba Rahman,Abdul Rahman Baba,Baba,DEF,Ghana,2015/16,2015/16,1,Chelsea,15,0
Celestine Babayaro,Celestine Babayaro,Celestine Babayaro,Babayaro,DEF,Nigeria,1997/98,2006/07,10,Chelsea; Newcastle,179,5
Phil Babb,Phil Babb,Philip Babb,Babb,DEF,Republic of Ireland,1992/93,2002/03,8,Coventry; Liverpool; Sunderland,231,4
Markus Babbel,Markus Babbel,Markus Babbel,Babbel,DEF,Germany,2000/01,2003/04,4,Liverpool; Blackburn,67,6
Ryan Babel,Ryan Babel,Ryan Babel,Babel,FWD,Netherlands,2007/08,2018/19,5,Liverpool; Fulham,107,17
Daniel Bachmann,Daniel Bachmann,Daniel Bachmann,Bachmann,GK,Austria,2021/22,2021/22,1,Watford,12,0
Juninho Bacuna,Juninho Bacuna,Juninho Bacuna,Bacuna,MID,Netherlands,2018/19,2018/19,1,Huddersfield,21,1
Leandro Bacuna,Leandro Bacuna,Leandro Bacuna,Bacuna,MID,Curacao,2013/14,2018/19,4,Aston Villa; Cardiff,96,6
Benoit Badiashile,Benoit Badiashile,Benoît Badiashile,Badiashile,DEF,France,2022/23,2025/26,4,Chelsea,42,1
Walid Badir,Walid Badir,Walid Badir,Badir,MID,Israel,1999/00,1999/00,1,Wimbledon,21,1
Dino Baggio,Dino Baggio,Dino Baggio,Baggio,MID,Italy,2003/04,2003/04,1,Blackburn,9,1
Karim Bagheri,Karim Bagheri,Karim Bagheri,Bagheri,MID,Iran,2000/01,2000/01,1,Charlton,1,0
Francesco Baiano,Francesco Baiano,Francesco Baiano,Baiano,FWD,Italy,1997/98,1999/00,3,Derby,64,16
Dennis Bailey,Dennis Bailey,Dennis Bailey,Bailey,FWD,England,1992/93,1992/93,1,QPR,15,1
Leon Bailey,Leon Bailey,Leon Bailey,Bailey,FWD,Jamaica,2021/22,2025/26,5,Aston Villa,123,16
Eric Bailly,Eric Bailly,Eric Bailly,Bailly,DEF,Ivory Coast,2016/17,2021/22,6,Man Utd,70,1
Leighton Baines,Leighton Baines,Leighton Baines,Baines,DEF,England,2005/06,2019/20,15,Wigan; Everton,420,32
Chris Baird,Chris Baird,Chris Baird,Baird,DEF,Northern Ireland,2002/03,2014/15,9,Southampton; Fulham; West Brom,153,4
Stefan Bajcetic,Stefan Bajcetic,Stefan Bajčetić,Bajcetic,MID,Spain,2022/23,2023/24,2,Liverpool,12,1
Adrian Bakalli,Adrian Bakalli,Adrian Bakalli,Bakalli,MID,Belgium,1999/00,1999/00,1,Watford,2,0
Ibrahima Bakayoko,Ibrahima Bakayoko,Ibrahima Bakayoko,Bakayoko,FWD,Ivory Coast,1998/99,1998/99,1,Everton,23,4
Tiemoue Bakayoko,Tiemoue Bakayoko,Tiémoué Bakayoko,Bakayoko,MID,France,2017/18,2017/18,1,Chelsea,29,2
Clive Baker,Clive Baker,Clive Baker,Baker,GK,England,1992/93,1994/95,3,Ipswich,48,0
Nathan Baker,Nathan Baker,Nathan Baker,Baker,DEF,England,2010/11,2014/15,5,Aston Villa,79,0
Steve Baker,Steve Baker,Steve Baker,Baker,DEF,England,1998/99,1998/99,1,Middlesbrough,2,0
Benicio Baker-Boaitey,Benicio Baker-Boaitey,Benicio Baker-Boaitey,Baker-Boaitey,MID,England,2023/24,2023/24,1,Brighton,5,0
Eirik Bakke,Eirik Bakke,Eirik Bakke,Bakke,MID,Norway,1999/00,2005/06,6,Leeds; Aston Villa,143,8
Dilane Bakwa,Dilane Bakwa,Dilane Bakwa,Bakwa,FWD,France,2025/26,2025/26,1,Nottingham Forest,14,0
Bosko Balaban,Bosko Balaban,Boško Balaban,Balaban,FWD,Croatia,2001/02,2001/02,1,Aston Villa,8,0
Fabian Balbuena,Fabian Balbuena,Fabián Balbuena,Balbuena,DEF,Paraguay,2018/19,2020/21,3,West Ham,54,3
George Baldock,George Baldock,George Baldock,Baldock,DEF,Greece,2019/20,2023/24,3,Sheffield Utd,83,2
Sam Baldock,Sam Baldock,Sam Baldock,Baldock,FWD,England,2017/18,2017/18,1,Brighton,2,0
Gareth Bale,Gareth Bale,Gareth Bale,Bale,MID,Wales,2007/08,2020/21,7,Spurs,166,53
Carlos Baleba,Carlos Baleba,Carlos Baleba,Baleba,MID,Cameroon,2023/24,2025/26,3,Brighton,92,3
Igor Balis,Igor Balis,Igor Bališ,Balis,DEF,Slovakia,2002/03,2002/03,1,West Brom,28,2
Kevin Ball,Kevin Ball,Kevin Ball,Ball,MID,England,1996/97,1999/00,2,Sunderland,43,3
Michael Ball,Michael Ball,Michael Ball,Ball,DEF,England,1996/97,2008/09,8,Everton; Man City,169,8
Michael Ballack,Michael Ballack,Michael Ballack,Ballack,MID,Germany,2006/07,2009/10,4,Chelsea,105,17
Daniel Ballard,Daniel Ballard,Daniel Ballard,Ballard,DEF,Northern Ireland,2025/26,2025/26,1,Sunderland,29,2
Dominic Ballard,Dominic Ballard,Dominic Ballard,Ballard,FWD,England,2022/23,2022/23,1,Southampton,2,0
Fode Ballo-Toure,Fode Ballo-Toure,Fodé Ballo-Touré,Ballo-Toure,DEF,Senegal,2023/24,2023/24,1,Fulham,6,0
Folarin Balogun,Folarin Balogun,Folarin Balogun,Balogun,FWD,England,2021/22,2021/22,1,Arsenal,2,0
Leon Balogun,Leon Balogun,Leon Balogun,Balogun,DEF,Nigeria,2018/19,2018/19,1,Brighton,8,1
Mario Balotelli,Mario Balotelli,Mario Balotelli,Balotelli,FWD,Italy,2010/11,2014/15,4,Man City; Liverpool,70,21
Sol Bamba,Sol Bamba,Souleymane Bamba,Bamba,DEF,Ivory Coast,2018/19,2018/19,1,Cardiff,28,4
Patrick Bamford,Patrick Bamford,Patrick Bamford,Bamford,FWD,England,2015/16,2022/23,5,Crystal Palace; Norwich; Burnley; Middlesbrough; Leeds,102,24
Jaydon Banel,Jaydon Banel,Jaydon Banel,Banel,FWD,Netherlands,2025/26,2025/26,1,Burnley,1,0
Nicky Banger,Nicky Banger,Nicky Banger,Banger,FWD,England,1992/93,1994/95,3,Southampton,45,8
Al Bangura,Al Bangura,Alhassan Bangura,Bangura,MID,Sierra Leone,2006/07,2006/07,1,Watford,16,0
Beni Baningime,Beni Baningime,Beni Baningime,Baningime,MID,DR Congo,2017/18,2017/18,1,Everton,8,0
Steve Banks,Steve Banks,Steve Banks,Banks,GK,England,2001/02,2001/02,1,Bolton,1,0
Barry Bannan,Barry Bannan,Barry Bannan,Bannan,MID,Scotland,2010/11,2014/15,5,Aston Villa; Crystal Palace,86,2
Gary Bannister,Gary Bannister,Gary Bannister,Bannister,FWD,England,1992/93,1992/93,1,Nottingham Forest,31,8
Julio Baptista,Julio Baptista,Júlio Baptista,Baptista,MID,Brazil,2006/07,2006/07,1,Arsenal,24,3
Alex Baptiste,Alex Baptiste,Alex John-Baptiste,Baptiste,DEF,England,2010/11,2010/11,1,Blackpool,21,2
Shandon Baptiste,Shandon Baptiste,Shandon Baptiste,Baptiste,MID,Grenada,2021/22,2023/24,3,Brentford,55,2
Valentin Barco,Valentin Barco,Valentín Barco,Barco,DEF,Argentina,2023/24,2023/24,1,Brighton,6,0
David Bardsley,David Bardsley,David Bardsley,Bardsley,DEF,England,1992/93,1995/96,4,QPR,131,3
Phil Bardsley,Phil Bardsley,Phil Bardsley,Bardsley,DEF,Scotland,2005/06,2020/21,16,Man Utd; Aston Villa; Sunderland; Stoke; Burnley,303,7
Simon Barker,Simon Barker,Simon Barker,Barker,MID,England,1992/93,1995/96,4,QPR,132,15
Ross Barkley,Ross Barkley,Ross Barkley,Barkley,MID,England,2011/12,2025/26,14,Everton; Chelsea; Aston Villa; Luton,305,40
Andy Barlow,Andy Barlow,Andy Barlow,Barlow,DEF,England,1992/93,1993/94,2,Oldham,12,0
Stuart Barlow,Stuart Barlow,Stuart Barlow,Barlow,FWD,England,1992/93,1995/96,4,Everton,62,10
Nick Barmby,Nick Barmby,Nick Barmby,Barmby,MID,England,1992/93,2009/10,14,Spurs; Middlesbrough; Everton; Liverpool; Leeds; Hull,343,53
Darren Barnard,Darren Barnard,Darren Barnard,Barnard,MID,Wales,1992/93,1997/98,3,Chelsea; Barnsley,60,4
Lee Barnard,Lee Barnard,Lee Barnard,Barnard,FWD,England,2005/06,2005/06,1,Spurs,3,0
Ashley Barnes,Ashley Barnes,Ashley Barnes,Barnes,FWD,Austria,2014/15,2025/26,8,Burnley,207,42
David Barnes,David Barnes,David Barnes,Barnes,DEF,England,1992/93,1993/94,2,Sheffield Utd,15,0
Giles Barnes,Giles Barnes,Giles Barnes,Barnes,FWD,England,2007/08,2010/11,2,Derby; West Brom,35,1
Harvey Barnes,Harvey Barnes,Harvey Barnes,Barnes,MID,England,2017/18,2025/26,9,Leicester; Newcastle,237,56
John Barnes,John Barnes,John Barnes,Barnes,MID,England,1992/93,1998/99,7,Liverpool; Newcastle; Charlton,201,28
Anthony Barness,Anthony Barness,Anthony Barness,Barness,DEF,England,1992/93,2004/05,7,Chelsea; Charlton; Bolton,90,0
Leon Barnett,Leon Barnett,Leon Barnett,Barnett,DEF,England,2008/09,2012/13,3,West Brom; Norwich,36,1
Jamie Barnwell-Edinboro,Jamie Barnwell-Edinboro,Jamie Barnwell-Edinboro,Barnwell-Edinboro,FWD,England,1995/96,1995/96,1,Coventry,1,0
Milan Baros,Milan Baros,Milan Baroš,Baros,FWD,Czech Republic,2002/03,2007/08,6,Liverpool; Aston Villa; Portsmouth,122,28
Antonio Barragan,Antonio Barragan,Antonio Barragán,Barragan,DEF,Spain,2016/17,2016/17,1,Middlesbrough,26,0
Antonio Barreca,Antonio Barreca,Antonio Barreca,Barreca,DEF,Italy,2018/19,2018/19,1,Newcastle,1,0
Pablo Barrera,Pablo Barrera,Pablo Barrera,Barrera,MID,Mexico,2010/11,2010/11,1,West Ham,14,0
Earl Barrett,Earl Barrett,Earl Barrett,Barrett,DEF,England,1992/93,1998/99,7,Aston Villa; Everton; Sheffield Wed,195,1
Graham Barrett,Graham Barrett,Graham Barrett,Barrett,FWD,Republic of Ireland,1999/00,1999/00,1,Arsenal,2,0
Michael Barron,Michael Barron,Michael Barron,Barron,DEF,England,1995/96,1995/96,1,Middlesbrough,1,0
Modou Barrow,Modou Barrow,Modou Barrow,Barrow,FWD,Gambia,2014/15,2016/17,3,Swansea,51,1
Andrew Barrowman,Andrew Barrowman,Andrew Barrowman,Barrowman,FWD,Scotland,2003/04,2003/04,1,Birmingham,1,0
Gareth Barry,Gareth Barry,Gareth Barry,Barry,DEF,England,1997/98,2017/18,21,Aston Villa; Man City; Everton; West Brom,653,53
Thierno Barry,Thierno Barry,Thierno Barry,Barry,FWD,France,2025/26,2025/26,1,Everton,38,8
Chris Bart-Williams,Chris Bart-Williams,Chris Bart-Williams,Bart-Williams,MID,England,1992/93,2002/03,8,Sheffield Wed; Nottingham Forest; Charlton,211,22
Fabien Barthez,Fabien Barthez,Fabien Barthez,Barthez,GK,France,2000/01,2002/03,3,Man Utd,92,0
Neal Bartlett,Neal Bartlett,Neal Bartlett,Bartlett,MID,England,1992/93,1993/94,2,Southampton,8,0
Shaun Bartlett,Shaun Bartlett,Shaun Bartlett,Bartlett,FWD,South Africa,2000/01,2005/06,6,Charlton,123,24
Kyle Bartley,Kyle Bartley,Kyle Bartley,Bartley,DEF,England,2012/13,2020/21,6,Swansea; West Brom,51,3
Joey Barton,Joey Barton,Joey Barton,Barton,MID,England,2002/03,2016/17,11,Man City; Newcastle; QPR; Burnley,269,26
Warren Barton,Warren Barton,Warren Barton,Barton,DEF,England,1992/93,2001/02,10,Wimbledon; Newcastle; Derby,279,10
Vince Bartram,Vince Bartram,Vince Bartram,Bartram,GK,England,1994/95,1994/95,1,Arsenal,11,0
Chris Basham,Chris Basham,Chris Basham,Basham,MID,England,2008/09,2023/24,6,Bolton; Blackpool; Sheffield Utd,98,1
Steve Basham,Steve Basham,Steve Basham,Basham,FWD,England,1996/97,1998/99,3,Southampton,19,1
Angelos Basinas,Angelos Basinas,Angelos Basinas,Basinas,MID,Greece,2008/09,2009/10,2,Portsmouth,15,0
Christian Bassedas,Christian Bassedas,Christian Bassedas,Bassedas,MID,Argentina,2000/01,2001/02,2,Newcastle,24,1
Calvin Bassey,Calvin Bassey,Calvin Bassey,Bassey,DEF,Nigeria,2023/24,2025/26,3,Fulham,94,3
Christian Bassila,Christian Bassila,Christian Bassila,Bassila,MID,France,2000/01,2005/06,2,West Ham; Sunderland,16,0
Sebastien Bassong,Sebastien Bassong,Sébastien Bassong,Bassong,DEF,Cameroon,2008/09,2015/16,7,Newcastle; Spurs; Wolves; Norwich,177,6
Borja Baston,Borja Baston,Borja Bastón,Baston,FWD,Spain,2016/17,2019/20,2,Swansea; Aston Villa,20,1
Yildiray Basturk,Yildiray Basturk,Yıldıray Baştürk,Basturk,MID,Turkey,2009/10,2009/10,1,Blackburn,1,0
Lewis Bate,Lewis Bate,Lewis Bate,Bate,MID,England,2021/22,2021/22,1,Leeds,3,0
Matthew Bates,Matthew Bates,Matthew Bates,Bates,DEF,England,2004/05,2008/09,4,Middlesbrough,36,1
Michy Batshuayi,Michy Batshuayi,Michy Batshuayi,Batshuayi,FWD,Belgium,2016/17,2020/21,5,Chelsea; Crystal Palace,77,15
David Batty,David Batty,David Batty,Batty,MID,England,1992/93,2003/04,11,Leeds; Blackburn; Newcastle,266,5
Moritz Bauer,Moritz Bauer,Moritz Bauer,Bauer,DEF,Austria,2017/18,2017/18,1,Stoke,15,0
Jose Baxter,Jose Baxter,Jose Baxter,Baxter,FWD,England,2008/09,2011/12,4,Everton,7,0
Altay Bayindir,Altay Bayindir,Altay Bayındır,Bayindir,GK,Turkey,2024/25,2025/26,2,Man Utd,10,0
Gavin Bazunu,Gavin Bazunu,Gavin Bazunu,Bazunu,GK,Republic of Ireland,2022/23,2022/23,1,Southampton,32,0
Peter Beagrie,Peter Beagrie,Peter Beagrie,Beagrie,MID,England,1992/93,2000/01,7,Everton; Man City; Bradford,162,18
Peter Beardsley,Peter Beardsley,Peter Beardsley,Beardsley,FWD,England,1992/93,1997/98,6,Everton; Newcastle; Bolton,185,58
Dave Beasant,Dave Beasant,Dave Beasant,Beasant,GK,England,1992/93,1998/99,6,Chelsea; Southampton; Nottingham Forest,131,0
DaMarcus Beasley,DaMarcus Beasley,DaMarcus Beasley,Beasley,MID,United States,2006/07,2006/07,1,Man City,18,3
Craig Beattie,Craig Beattie,Craig Beattie,Beattie,FWD,Scotland,2008/09,2008/09,1,West Brom,7,1
James Beattie,James Beattie,James Beattie,Beattie,FWD,England,1996/97,2010/11,14,Blackburn; Southampton; Everton; Stoke; Blackpool,331,91
Jean Beausejour,Jean Beausejour,Jean Beausejour,Beausejour,MID,Chile,2010/11,2012/13,3,Birmingham; Wigan,67,3
Bebe,Bebe,Bebé,Bebe,FWD,Portugal,2010/11,2010/11,1,Man Utd,2,0
Luciano Becchio,Luciano Becchio,Luciano Becchio,Becchio,FWD,Argentina,2012/13,2013/14,2,Norwich,13,0
Mads Bech Sorensen,Mads Bech Sorensen,Mads Bech Sørensen,Bech Sorensen,DEF,Denmark,2021/22,2022/23,2,Brentford,15,0
Mikkel Beck,Mikkel Beck,Mikkel Beck,Beck,FWD,Denmark,1996/97,1999/00,3,Middlesbrough; Derby,70,12
Owen Beck,Owen Beck,Owen Beck,Beck,DEF,Wales,2023/24,2023/24,1,Liverpool,1,0
Darren Beckford,Darren Beckford,Darren Beckford,Beckford,FWD,England,1992/93,1993/94,2,Norwich; Oldham,37,10
Jermaine Beckford,Jermaine Beckford,Jermaine Beckford,Beckford,FWD,England,2010/11,2011/12,2,Everton,34,8
David Beckham,David Beckham,David Beckham,Beckham,MID,England,1994/95,2002/03,9,Man Utd,265,62
Roman Bednar,Roman Bednar,Roman Bednář,Bednar,FWD,Czech Republic,2008/09,2010/11,2,West Brom,30,6
Jan Bednarek,Jan Bednarek,Jan Bednarek,Bednarek,DEF,Poland,2017/18,2024/25,7,Southampton; Aston Villa,184,9
Mark Beeney,Mark Beeney,Mark Beeney,Beeney,GK,England,1992/93,1997/98,5,Leeds,35,0
Paul Beesley,Paul Beesley,Paul Beesley,Beesley,DEF,England,1992/93,1996/97,4,Sheffield Utd; Leeds,86,2
Asmir Begovic,Asmir Begovic,Asmir Begović,Begovic,GK,Bosnia and Herzegovina,2008/09,2022/23,13,Portsmouth; Stoke; Chelsea; Bournemouth; Everton,256,1
David Beharall,David Beharall,David Beharall,Beharall,DEF,England,1998/99,1999/00,2,Newcastle,6,0
Valon Behrami,Valon Behrami,Valon Behrami,Behrami,MID,Switzerland,2008/09,2016/17,5,West Ham; Watford,106,4
Stefan Beinlich,Stefan Beinlich,Stefan Beinlich,Beinlich,MID,Germany,1992/93,1993/94,2,Aston Villa,14,1
Nadir Belhadj,Nadir Belhadj,Nadir Belhadj,Belhadj,DEF,Algeria,2008/09,2009/10,2,Portsmouth,48,5
Amari'i Bell,Amari'i Bell,Amari'i Bell,Bell,DEF,Jamaica,2023/24,2023/24,1,Luton,21,0
Armel Bella-Kotchap,Armel Bella-Kotchap,Armel Bella-Kotchap,Bella-Kotchap,DEF,Germany,2022/23,2024/25,2,Southampton,28,0
Craig Bellamy,Craig Bellamy,Craig Bellamy,Bellamy,FWD,Wales,2000/01,2013/14,12,Coventry; Newcastle; Blackburn; Liverpool; West Ham; Man City; Cardiff,294,81
Jean-Ricner Bellegarde,Jean-Ricner Bellegarde,Jean-Ricner Bellegarde,Bellegarde,MID,Haiti,2023/24,2025/26,3,Wolves,83,5
Hector Bellerin,Hector Bellerin,Héctor Bellerín,Bellerin,DEF,Spain,2014/15,2020/21,7,Arsenal,183,8
Belletti,Belletti,Juliano Belletti,Belletti,DEF,Brazil,2007/08,2009/10,3,Chelsea,54,5
David Bellion,David Bellion,David Bellion,Bellion,FWD,France,2001/02,2005/06,5,Sunderland; Man Utd; West Ham,52,4
Djamel Belmadi,Djamel Belmadi,Djamel Belmadi,Belmadi,MID,Algeria,2002/03,2002/03,1,Man City,8,0
Emre Belozoglu,Emre Belozoglu,Emre Belözoğlu,Belozoglu,MID,Turkey,2005/06,2007/08,3,Newcastle,58,5
Hatem Ben Arfa,Hatem Ben Arfa,Hatem Ben Arfa,Ben Arfa,MID,France,2010/11,2014/15,5,Newcastle; Hull,84,13
Tal Ben Haim,Tal Ben Haim,Tal Ben Haim,Ben Haim,DEF,Israel,2004/05,2012/13,8,Bolton; Chelsea; Man City; Sunderland; Portsmouth; West Ham; QPR,148,1
Anis Ben Slimane,Anis Ben Slimane,Anis Ben Slimane,Ben Slimane,MID,Tunisia,2023/24,2023/24,1,Sheffield Utd,15,0
Francis Benali,Francis Benali,Francis Benali,Benali,DEF,England,1992/93,2002/03,11,Southampton,243,1
Yohan Benalouane,Yohan Benalouane,Yohan Benalouane,Benalouane,DEF,Tunisia,2015/16,2017/18,3,Leicester,16,0
Ali Benarbia,Ali Benarbia,Ali Benarbia,Benarbia,MID,Algeria,2002/03,2002/03,1,Man City,33,3
Yossi Benayoun,Yossi Benayoun,Yossi Benayoun,Benayoun,MID,Israel,2005/06,2012/13,8,West Ham; Liverpool; Chelsea; Arsenal,194,31
Nicklas Bendtner,Nicklas Bendtner,Nicklas Bendtner,Bendtner,FWD,Denmark,2007/08,2013/14,6,Arsenal; Sunderland,136,32
Christian Benitez,Christian Benitez,Christian Benítez,Benitez,FWD,Ecuador,2009/10,2009/10,1,Birmingham,30,3
Walter Benitez,Walter Benitez,Walter Benítez,Benitez,GK,Argentina,2025/26,2025/26,1,Crystal Palace,1,0
Trevor Benjamin,Trevor Benjamin,Trevor Benjamin,Benjamin,FWD,Jamaica,2000/01,2003/04,3,Leicester,36,1
Benjani,Benjani,Benjani Mwaruwari,Benjani,FWD,Zimbabwe,2005/06,2010/11,6,Portsmouth; Man City; Sunderland; Blackburn,119,26
Elliott Bennett,Elliott Bennett,Elliott Bennett,Bennett,MID,England,2011/12,2013/14,3,Norwich,59,2
Frankie Bennett,Frankie Bennett,Frankie Bennett,Bennett,FWD,England,1993/94,1995/96,2,Southampton,19,1
Ian Bennett,Ian Bennett,Ian Bennett,Bennett,GK,England,2002/03,2006/07,3,Birmingham; Sheffield Utd,18,0
Joe Bennett,Joe Bennett,Joe Bennett,Bennett,DEF,England,2008/09,2018/19,4,Middlesbrough; Aston Villa; Cardiff,61,0
Ryan Bennett,Ryan Bennett,Ryan Bennett,Bennett,DEF,England,2011/12,2019/20,6,Norwich; Wolves; Leicester,111,3
Said Benrahma,Said Benrahma,Saïd Benrahma,Benrahma,FWD,Algeria,2020/21,2023/24,4,West Ham,110,15
Josh Benson,Josh Benson,Josh Benson,Benson,MID,England,2020/21,2020/21,1,Burnley,6,0
Manuel Benson,Manuel Benson,Manuel Benson Hedilazio,Benson,FWD,Belgium,2023/24,2023/24,1,Burnley,8,0
Darren Bent,Darren Bent,Darren Bent,Bent,FWD,England,2001/02,2014/15,11,Ipswich; Charlton; Spurs; Sunderland; Aston Villa; Fulham,276,106
Marcus Bent,Marcus Bent,Marcus Bent,Bent,FWD,England,1997/98,2010/11,8,Crystal Palace; Blackburn; Ipswich; Leicester; Everton; Charlton; Wigan; Wolves,215,40
Nabil Bentaleb,Nabil Bentaleb,Nabil Bentaleb,Bentaleb,MID,Algeria,2013/14,2019/20,4,Spurs; Newcastle,58,0
Rodrigo Bentancur,Rodrigo Bentancur,Rodrigo Bentancur,Bentancur,MID,Uruguay,2021/22,2025/26,5,Spurs,110,9
Christian Benteke,Christian Benteke,Christian Benteke,Benteke,FWD,Belgium,2012/13,2021/22,10,Aston Villa; Liverpool; Crystal Palace,280,86
Jonathan Benteke,Jonathan Benteke,Jonathan Benteke,Benteke,FWD,Belgium,2016/17,2016/17,1,Crystal Palace,1,0
Daniel Bentley,Daniel Bentley,Daniel Bentley,Bentley,GK,England,2022/23,2025/26,4,Wolves,12,0
David Bentley,David Bentley,David Bentley,Bentley,FWD,England,2003/04,2010/11,8,Arsenal; Norwich; Blackburn; Spurs; Birmingham,184,18
Saido Berahino,Saido Berahino,Saido Berahino,Berahino,FWD,Burundi,2013/14,2017/18,5,West Brom; Stoke,133,23
Gaetano Berardi,Gaetano Berardi,Gaetano Berardi,Berardi,DEF,Switzerland,2020/21,2020/21,1,Leeds,2,0
Dimitar Berbatov,Dimitar Berbatov,Dimitar Berbatov,Berbatov,FWD,Bulgaria,2006/07,2013/14,8,Spurs; Man Utd; Fulham,229,94
David Beresford,David Beresford,David Beresford,Beresford,MID,England,1993/94,1993/94,1,Oldham,1,0
John Beresford,John Beresford,John Beresford,Beresford,DEF,England,1993/94,1999/00,7,Newcastle; Southampton,154,2
Marlon Beresford,Marlon Beresford,Marlon Beresford,Beresford,GK,England,1998/99,2001/02,4,Middlesbrough,7,0
Henning Berg,Henning Berg,Henning Berg,Berg,DEF,Norway,1992/93,2002/03,11,Blackburn; Man Utd,275,8
Sander Berge,Sander Berge,Sander Berge,Berge,MID,Norway,2019/20,2025/26,5,Sheffield Utd; Burnley; Fulham,132,3
Patrik Berger,Patrik Berger,Patrik Berger,Berger,MID,Czech Republic,1996/97,2007/08,12,Liverpool; Portsmouth; Aston Villa,229,38
Jo Inge Berget,Jo Inge Berget,Jo Inge Berget,Berget,FWD,Norway,2013/14,2013/14,1,Cardiff,1,0
Steven Berghuis,Steven Berghuis,Steven Berghuis,Berghuis,MID,Netherlands,2015/16,2015/16,1,Watford,9,0
Dennis Bergkamp,Dennis Bergkamp,Dennis Bergkamp,Bergkamp,FWD,Netherlands,1995/96,2005/06,11,Arsenal,315,87
Gudni Bergsson,Gudni Bergsson,Guðni Bergsson,Bergsson,DEF,Iceland,1992/93,2002/03,5,Spurs; Bolton,135,8
Lucas Bergvall,Lucas Bergvall,Lucas Bergvall,Bergvall,MID,Sweden,2024/25,2025/26,2,Spurs,50,1
Steven Bergwijn,Steven Bergwijn,Steven Bergwijn,Bergwijn,FWD,Netherlands,2019/20,2021/22,3,Spurs,60,7
Eyal Berkovic,Eyal Berkovic,Eyal Berkovic,Berkovic,MID,Israel,1996/97,2004/05,6,Southampton; West Ham; Man City; Portsmouth,146,17
Bernard,Bernard,Bernard,Bernard,MID,Brazil,2018/19,2020/21,3,Everton,73,5
Olivier Bernard,Olivier Bernard,Olivier Bernard,Bernard,DEF,France,2001/02,2004/05,4,Newcastle; Southampton,115,6
Paul Bernard,Paul Bernard,Paul Bernard,Bernard,MID,Scotland,1992/93,1993/94,2,Oldham,65,9
Bernardo,Bernardo,Bernardo,Bernardo,DEF,Brazil,2018/19,2020/21,3,Brighton,39,0
Bruno Berner,Bruno Berner,Bruno Berner,Berner,MID,Switzerland,2006/07,2007/08,2,Blackburn,3,0
Christophe Berra,Christophe Berra,Christophe Berra,Berra,DEF,Scotland,2009/10,2011/12,3,Wolves,96,0
Greg Berry,Greg Berry,Greg Berry,Berry,MID,England,1992/93,1993/94,2,Wimbledon,7,1
Luke Berry,Luke Berry,Luke Berry,Berry,MID,England,2023/24,2023/24,1,Luton,17,2
Mathieu Berson,Mathieu Berson,Mathieu Berson,Berson,MID,France,2004/05,2004/05,1,Aston Villa,11,0
Nicola Berti,Nicola Berti,Nicola Berti,Berti,MID,Italy,1997/98,1998/99,2,Spurs,21,3
Ryan Bertrand,Ryan Bertrand,Ryan Bertrand,Bertrand,DEF,England,2010/11,2021/22,12,Chelsea; Aston Villa; Southampton; Leicester,262,7
Muhamed Besic,Muhamed Besic,Muhamed Bešić,Besic,MID,Bosnia and Herzegovina,2014/15,2019/20,4,Everton; Sheffield Utd,46,0
Fede Bessone,Fede Bessone,Fede Bessone,Bessone,DEF,Argentina,2011/12,2011/12,1,Swansea,1,0
Leon Best,Leon Best,Leon Best,Best,FWD,Republic of Ireland,2004/05,2011/12,3,Southampton; Newcastle,32,10
Beto,Beto,Beto,Beto,FWD,Guinea-Bissau,2023/24,2025/26,3,Everton,97,20
Kevin Betsy,Kevin Betsy,Kevin Betsy,Betsy,FWD,Seychelles,2001/02,2001/02,1,Fulham,1,0
Marcus Bettinelli,Marcus Bettinelli,Marcus Bettinelli,Bettinelli,GK,England,2018/19,2018/19,1,Fulham,7,0
Robert Betts,Robert Betts,Robert Betts,Betts,MID,England,1999/00,2000/01,2,Coventry,3,0
Owen Bevan,Owen Bevan,Owen Bevan,Bevan,DEF,Wales,2022/23,2022/23,1,Bournemouth,1,0
Jon Bewers,Jon Bewers,Jonathan Bewers,Bewers,DEF,England,1999/00,1999/00,1,Aston Villa,1,0
Habib Beye,Habib Beye,Habib Beye,Beye,DEF,Senegal,2007/08,2010/11,4,Newcastle; Aston Villa,61,1
Jordan Beyer,Jordan Beyer,Jordan Beyer,Beyer,DEF,Germany,2023/24,2023/24,1,Burnley,15,0
Rolando Bianchi,Rolando Bianchi,Rolando Bianchi,Bianchi,FWD,Italy,2007/08,2007/08,1,Man City,19,4
Giulian Biancone,Giulian Biancone,Giulian Biancone,Biancone,DEF,France,2022/23,2022/23,1,Nottingham Forest,2,0
Mads Bidstrup,Mads Bidstrup,Mads Bidstrup,Bidstrup,MID,Denmark,2021/22,2021/22,1,Brentford,4,0
Thievy Bifouma,Thievy Bifouma,Thievy Bifouma,Bifouma,FWD,Congo,2013/14,2013/14,1,West Brom,6,2
Gael Bigirimana,Gael Bigirimana,Gaël Bigirimana,Bigirimana,MID,Burundi,2012/13,2012/13,1,Newcastle,13,1
Jaka Bijol,Jaka Bijol,Jaka Bijol,Bijol,DEF,Slovenia,2025/26,2025/26,1,Leeds,25,1
Andre Bikey,Andre Bikey,André Bikey,Bikey,DEF,Cameroon,2006/07,2009/10,3,Reading; Burnley,65,4
Slaven Bilic,Slaven Bilic,Slaven Bilić,Bilic,DEF,Croatia,1995/96,1998/99,4,West Ham; Everton,76,2
Peter Billing,Peter Billing,Peter Billing,Billing,DEF,England,1992/93,1992/93,1,Coventry,3,0
Philip Billing,Philip Billing,Philip Billing,Billing,MID,Denmark,2017/18,2024/25,6,Huddersfield; Bournemouth,152,12
Patrizio Billio,Patrizio Billio,Patrizio Billio,Billio,MID,Italy,1997/98,1997/98,1,Crystal Palace,3,0
Diniyar Bilyaletdinov,Diniyar Bilyaletdinov,Diniyar Bilyaletdinov,Bilyaletdinov,MID,Russia,2009/10,2011/12,3,Everton,59,8
Mathew Birley,Mathew Birley,Mathew Birley,Birley,MID,England,2005/06,2005/06,1,Birmingham,1,0
Igor Biscan,Igor Biscan,Igor Bišćan,Biscan,MID,Croatia,2000/01,2004/05,5,Liverpool,72,2
Amaury Bischoff,Amaury Bischoff,Amaury Bischoff,Bischoff,MID,Portugal,2008/09,2008/09,1,Arsenal,1,0
Mikkel Bischoff,Mikkel Bischoff,Mikkel Bischoff,Bischoff,DEF,Denmark,2002/03,2002/03,1,Man City,1,0
Ian Bishop,Ian Bishop,Ian Bishop,Bishop,MID,England,1993/94,2000/01,6,West Ham; Man City,144,4
Yves Bissouma,Yves Bissouma,Yves Bissouma,Bissouma,MID,Mali,2018/19,2025/26,8,Brighton; Spurs,202,5
Marco Bizot,Marco Bizot,Marco Bizot,Bizot,GK,Netherlands,2025/26,2025/26,1,Aston Villa,7,0
Joachim Bjorklund,Joachim Bjorklund,Joachim Björklund,Bjorklund,DEF,Sweden,2001/02,2002/03,2,Sunderland,32,0
Stig Inge Bjornebye,Stig Inge Bjornebye,Stig Inge Bjørnebye,Bjornebye,DEF,Norway,1992/93,2001/02,8,Liverpool; Blackburn,162,2
Chris Black,Chris Black,Chris Black,Black,MID,England,2002/03,2002/03,1,Sunderland,2,0
Kingsley Black,Kingsley Black,Kingsley Black,Black,MID,Northern Ireland,1992/93,1995/96,3,Nottingham Forest,36,7
Tommy Black,Tommy Black,Tommy Black,Black,MID,England,1999/00,1999/00,1,Arsenal,1,0
Tyler Blackett,Tyler Blackett,Tyler Blackett,Blackett,DEF,England,2014/15,2014/15,1,Man Utd,11,0
Nick Blackman,Nick Blackman,Nick Blackman,Blackman,FWD,England,2011/12,2012/13,2,Blackburn; Reading,12,0
Clayton Blackmore,Clayton Blackmore,Clayton Blackmore,Blackmore,DEF,Wales,1992/93,1996/97,3,Man Utd; Middlesbrough,35,2
Dexter Blackstock,Dexter Blackstock,Dexter Blackstock,Blackstock,FWD,Antigua and Barbuda,2004/05,2004/05,1,Southampton,9,1
Dean Blackwell,Dean Blackwell,Dean Blackwell,Blackwell,DEF,England,1992/93,1999/00,7,Wimbledon,157,0
Mark Blake,Mark Blake,Mark Blake,Blake,MID,England,1992/93,1994/95,2,Aston Villa; Leicester,31,3
Nathan Blake,Nathan Blake,Nathan Blake,Blake,FWD,Wales,1993/94,2003/04,6,Sheffield Utd; Bolton; Blackburn; Wolves,92,23
Robbie Blake,Robbie Blake,Robbie Blake,Blake,FWD,England,1999/00,2011/12,6,Bradford; Birmingham; Burnley; Bolton,100,11
Laurent Blanc,Laurent Blanc,Laurent Blanc,Blanc,DEF,France,2001/02,2002/03,2,Man Utd,48,1
Sebastian Blanco,Sebastian Blanco,Sebastián Blanco,Blanco,MID,Argentina,2014/15,2014/15,1,West Brom,3,0
Steve Blatherwick,Steve Blatherwick,Steve Blatherwick,Blatherwick,DEF,England,1996/97,1996/97,1,Nottingham Forest,7,0
Con Blatsis,Con Blatsis,Con Blatsis,Blatsis,DEF,Australia,2000/01,2000/01,1,Derby,2,0
Alan Blayney,Alan Blayney,Alan Blayney,Blayney,GK,Northern Ireland,2003/04,2004/05,2,Southampton,3,0
Imants Bleidelis,Imants Bleidelis,Imants Bleidelis,Bleidelis,MID,Latvia,2000/01,2001/02,2,Southampton,2,0
Daley Blind,Daley Blind,Daley Blind,Blind,MID,Netherlands,2014/15,2017/18,4,Man Utd,90,4
Regi Blinker,Regi Blinker,Regi Blinker,Blinker,MID,Netherlands,1995/96,1996/97,2,Sheffield Wed,42,3
Gary Blissett,Gary Blissett,Gary Blissett,Blissett,FWD,England,1993/94,1995/96,3,Wimbledon,31,3
Jesper Blomqvist,Jesper Blomqvist,Jesper Blomqvist,Blomqvist,MID,Sweden,1998/99,2002/03,3,Man Utd; Everton; Charlton,43,2
Patrick Blondeau,Patrick Blondeau,Patrick Blondeau,Blondeau,DEF,France,1997/98,1997/98,1,Sheffield Wed,6,0
Jonathan Blondel,Jonathan Blondel,Jonathan Blondel,Blondel,MID,Belgium,2002/03,2003/04,2,Spurs,2,0
Jason Blunt,Jason Blunt,Jason Blunt,Blunt,MID,England,1995/96,1996/97,2,Leeds,4,0
Luis Boa Morte,Luis Boa Morte,Luís Boa Morte,Boa Morte,MID,Portugal,1997/98,2010/11,13,Arsenal; Southampton; Fulham; West Ham,296,29
Derek Boateng,Derek Boateng,Derek Boateng,Boateng,MID,Ghana,2013/14,2013/14,1,Fulham,3,0
George Boateng,George Boateng,George Boateng,Boateng,MID,Netherlands,1997/98,2009/10,13,Coventry; Aston Villa; Middlesbrough; Hull,384,17
Hiram Boateng,Hiram Boateng,Hiram Boateng,Boateng,MID,England,2015/16,2015/16,1,Crystal Palace,1,0
Jerome Boateng,Jerome Boateng,Jérôme Boateng,Boateng,DEF,Germany,2010/11,2010/11,1,Man City,16,0
Kevin-Prince Boateng,Kevin-Prince Boateng,Kevin-Prince Boateng,Boateng,MID,Ghana,2007/08,2009/10,3,Spurs; Portsmouth,36,3
Oscar Bobb,Oscar Bobb,Oscar Bobb,Bobb,MID,Norway,2023/24,2025/26,3,Man City; Fulham,40,1
Fredi Bobic,Fredi Bobic,Fredi Bobic,Bobic,FWD,Germany,2001/02,2001/02,1,Bolton,16,4
Carlos Bocanegra,Carlos Bocanegra,Carlos Bocanegra,Bocanegra,DEF,United States,2003/04,2007/08,5,Fulham,116,8
Chris Boden,Chris Boden,Chris Boden,Boden,DEF,England,1994/95,1994/95,1,Aston Villa,1,0
Paul Bodin,Paul Bodin,Paul Bodin,Bodin,DEF,Wales,1993/94,1993/94,1,Swindon,32,7
Jeroen Boere,Jeroen Boere,Jeroen Boere,Boere,FWD,Netherlands,1993/94,1995/96,3,West Ham,25,6
Paul Boertien,Paul Boertien,Paul Boertien,Boertien,DEF,England,1998/99,2001/02,4,Derby,43,1
Ruud Boffin,Ruud Boffin,Ruud Boffin,Boffin,GK,Belgium,2010/11,2010/11,1,West Ham,1,0
Jeremie Boga,Jeremie Boga,Jérémie Boga,Boga,MID,France,2017/18,2017/18,1,Chelsea,1,0
Lamare Bogarde,Lamare Bogarde,Lamare Bogarde,Bogarde,DEF,Netherlands,2024/25,2025/26,2,Aston Villa,36,0
Winston Bogarde,Winston Bogarde,Winston Bogarde,Bogarde,DEF,Netherlands,2000/01,2000/01,1,Chelsea,9,0
Adam Bogdan,Adam Bogdan,Ádám Bogdán,Bogdan,GK,Hungary,2010/11,2015/16,3,Bolton; Liverpool,26,0
Jayden Bogle,Jayden Bogle,Jayden Bogle,Bogle,DEF,England,2020/21,2025/26,3,Sheffield Utd; Leeds,84,6
Lars Bohinen,Lars Bohinen,Lars Bohinen,Bohinen,MID,Norway,1994/95,2000/01,7,Nottingham Forest; Blackburn; Derby,155,14
Bojan,Bojan,Bojan Krkić,Bojan,FWD,Spain,2014/15,2017/18,4,Stoke,53,14
Valeri Bojinov,Valeri Bojinov,Valeri Bojinov,Bojinov,FWD,Bulgaria,2007/08,2008/09,2,Man City,11,1
Alen Boksic,Alen Boksic,Alen Bokšić,Boksic,FWD,Croatia,2000/01,2002/03,3,Middlesbrough,68,22
Willie Boland,Willie Boland,Willie Boland,Boland,MID,Republic of Ireland,1992/93,1997/98,6,Coventry,63,0
Yannick Bolasie,Yannick Bolasie,Yannick Bolasie,Bolasie,MID,DR Congo,2013/14,2017/18,5,Crystal Palace; Everton,119,11
Adam Bolder,Adam Bolder,Adam Bolder,Bolder,MID,England,2000/01,2001/02,2,Derby,13,0
Willy Boly,Willy Boly,Willy Boly,Boly,DEF,Ivory Coast,2018/19,2024/25,7,Wolves; Nottingham Forest,126,7
Thierry Bonalair,Thierry Bonalair,Thierry Bonalair,Bonalair,MID,France,1998/99,1998/99,1,Nottingham Forest,28,1
Leo Bonatini,Leo Bonatini,Léo Bonatini,Bonatini,FWD,Brazil,2018/19,2018/19,1,Wolves,7,0
Ivano Bonetti,Ivano Bonetti,Ivano Bonetti,Bonetti,MID,Italy,1997/98,1997/98,1,Crystal Palace,2,0
Gaetan Bong,Gaetan Bong,Gaëtan Bong,Bong,DEF,Cameroon,2017/18,2019/20,3,Brighton,51,0
Jerome Bonnissel,Jerome Bonnissel,Jérôme Bonnissel,Bonnissel,DEF,France,2003/04,2003/04,1,Fulham,16,0
Alex Bonnot,Alex Bonnot,Alexandre Bonnot,Bonnot,MID,France,1999/00,1999/00,1,Watford,12,0
Wilfried Bony,Wilfried Bony,Wilfried Bony,Bony,FWD,Ivory Coast,2013/14,2017/18,5,Swansea; Man City; Stoke,115,35
Marco Boogers,Marco Boogers,Marco Boogers,Boogers,FWD,Netherlands,1995/96,1995/96,1,West Ham,4,0
Andy Booth,Andy Booth,Andy Booth,Booth,FWD,England,1996/97,2000/01,5,Sheffield Wed; Spurs,119,25
Martyn Booty,Martyn Booty,Martyn Booty,Booty,DEF,England,1993/94,1993/94,1,Coventry,2,0
Vassilis Borbokis,Vassilis Borbokis,Vassilis Borbokis,Borbokis,DEF,Greece,1998/99,1999/00,2,Derby,16,0
Jared Borgetti,Jared Borgetti,Jared Borgetti,Borgetti,FWD,Mexico,2005/06,2005/06,1,Bolton,19,2
Fabio Borini,Fabio Borini,Fabio Borini,Borini,FWD,Italy,2009/10,2016/17,6,Chelsea; Liverpool; Sunderland,111,16
Sebastiaan Bornauw,Sebastiaan Bornauw,Sebastiaan Bornauw,Bornauw,DEF,Belgium,2025/26,2025/26,1,Leeds,12,0
Marco Borriello,Marco Borriello,Marco Borriello,Borriello,FWD,Italy,2013/14,2013/14,1,West Ham,2,0
Gary Borrowdale,Gary Borrowdale,Gary Borrowdale,Borrowdale,DEF,England,2004/05,2004/05,1,Crystal Palace,7,0
Brian Borrows,Brian Borrows,Brian Borrows,Borrows,DEF,England,1992/93,1996/97,5,Coventry,146,2
Cameron Borthwick-Jackson,Cameron Borthwick-Jackson,Cameron Borthwick-Jackson,Borthwick-Jackson,DEF,England,2015/16,2015/16,1,Man Utd,10,0
Artur Boruc,Artur Boruc,Artur Boruc,Boruc,GK,Poland,2012/13,2018/19,5,Southampton; Bournemouth,128,0
Jovo Bosancic,Jovo Bosancic,Jovo Bosančić,Bosancic,MID,Yugoslavia,1997/98,1997/98,1,Barnsley,17,2
Olivier Boscagli,Olivier Boscagli,Olivier Boscagli,Boscagli,DEF,France,2025/26,2025/26,1,Brighton,12,0
Mauro Boselli,Mauro Boselli,Mauro Boselli,Boselli,FWD,Argentina,2010/11,2012/13,2,Wigan,15,0
Jose Bosingwa,Jose Bosingwa,José Bosingwa,Bosingwa,DEF,Portugal,2008/09,2012/13,5,Chelsea; QPR,112,3
Mark Bosnich,Mark Bosnich,Mark Bosnich,Bosnich,GK,Australia,1992/93,2001/02,9,Aston Villa; Man Utd; Chelsea,206,0
Paul Bosvelt,Paul Bosvelt,Paul Bosvelt,Bosvelt,MID,Netherlands,2003/04,2004/05,2,Man City,53,2
Jay Bothroyd,Jay Bothroyd,Jay Bothroyd,Bothroyd,FWD,England,2000/01,2012/13,5,Coventry; Blackburn; Charlton; QPR,62,6
Sven Botman,Sven Botman,Sven Botman,Botman,DEF,Netherlands,2022/23,2025/26,4,Newcastle,86,3
Hameur Bouazza,Hameur Bouazza,Hameur Bouazza,Bouazza,FWD,Algeria,2006/07,2007/08,2,Watford; Fulham,52,7
Sofiane Boufal,Sofiane Boufal,Sofiane Boufal,Boufal,MID,Morocco,2016/17,2019/20,3,Southampton,70,3
Madjid Bougherra,Madjid Bougherra,Madjid Bougherra,Bougherra,DEF,Algeria,2006/07,2006/07,1,Charlton,5,0
Khalid Boulahrouz,Khalid Boulahrouz,Khalid Boulahrouz,Boulahrouz,DEF,Netherlands,2006/07,2006/07,1,Chelsea,13,0
Steve Bould,Steve Bould,Steve Bould,Bould,DEF,England,1992/93,2000/01,9,Arsenal; Sunderland,196,2
Wilfred Bouma,Wilfred Bouma,Wilfred Bouma,Bouma,DEF,Netherlands,2005/06,2007/08,3,Aston Villa,83,1
Jean-Alain Boumsong,Jean-Alain Boumsong,Jean-Alain Boumsong,Boumsong,DEF,France,2004/05,2005/06,2,Newcastle,47,0
Matt Bound,Matt Bound,Matt Bound,Bound,DEF,Wales,1992/93,1993/94,2,Southampton,4,0
Jarrod Bowen,Jarrod Bowen,Jarrod Bowen,Bowen,FWD,England,2016/17,2025/26,8,Hull; West Ham,238,65
Jason Bowen,Jason Bowen,Jason Bowen,Bowen,MID,Wales,1997/98,1997/98,1,Southampton,3,0
Mark Bowen,Mark Bowen,Mark Bowen,Bowen,DEF,Wales,1992/93,1998/99,5,Norwich; West Ham; Charlton,142,9
Jordan Bowery,Jordan Bowery,Jordan Bowery,Bowery,FWD,England,2012/13,2013/14,2,Aston Villa,19,0
Rob Bowman,Rob Bowman,Rob Bowman,Bowman,DEF,England,1992/93,1995/96,2,Leeds,7,0
Bobby Bowry,Bobby Bowry,Bobby Bowry,Bowry,MID,England,1992/93,1994/95,2,Crystal Palace,29,1
Lee Bowyer,Lee Bowyer,Lee Bowyer,Bowyer,MID,England,1996/97,2010/11,15,Leeds; West Ham; Newcastle; Birmingham,397,57
Danny Boxall,Danny Boxall,Danny Boxall,Boxall,DEF,Republic of Ireland,1997/98,1997/98,1,Crystal Palace,1,0
Dedryck Boyata,Dedryck Boyata,Dedryck Boyata,Boyata,DEF,Belgium,2009/10,2014/15,5,Man City; Bolton,27,1
Emmerson Boyce,Emmerson Boyce,Emmerson Boyce,Boyce,DEF,Barbados,2004/05,2012/13,8,Crystal Palace; Wigan,221,11
George Boyd,George Boyd,George Boyd,Boyd,MID,Scotland,2013/14,2016/17,3,Hull; Burnley,101,9
Lee Boylan,Lee Boylan,Lee Boylan,Boylan,FWD,Republic of Ireland,1996/97,1996/97,1,West Ham,1,0
Wesley Boyle,Wesley Boyle,Wesley Boyle,Boyle,MID,Northern Ireland,1996/97,1996/97,1,Leeds,1,0
Vlado Bozinoski,Vlado Bozinoski,Vlado Bozinoski,Bozinoski,MID,Australia,1992/93,1992/93,1,Ipswich,9,0
Daniel Braaten,Daniel Braaten,Daniel Braaten,Braaten,FWD,Norway,2007/08,2007/08,1,Bolton,6,1
Paul Bracewell,Paul Bracewell,Paul Bracewell,Bracewell,MID,England,1993/94,1996/97,3,Newcastle; Sunderland,86,1
Conor Bradley,Conor Bradley,Conor Bradley,Bradley,DEF,Northern Ireland,2023/24,2025/26,3,Liverpool,45,1
Michael Bradley,Michael Bradley,Michael Bradley,Bradley,MID,United States,2010/11,2010/11,1,Aston Villa,3,0
Shayne Bradley,Shayne Bradley,Shayne Bradley,Bradley,FWD,England,1998/99,1999/00,2,Southampton,4,0
Carl Bradshaw,Carl Bradshaw,Carl Bradshaw,Bradshaw,DEF,England,1992/93,1994/95,3,Sheffield Utd; Norwich,98,3
Garry Brady,Garry Brady,Garry Brady,Brady,MID,Scotland,1997/98,1998/99,2,Spurs; Newcastle,18,0
Robbie Brady,Robbie Brady,Robbie Brady,Brady,MID,Republic of Ireland,2013/14,2020/21,8,Hull; Norwich; Burnley,160,10
Bjorn Otto Bragstad,Bjorn Otto Bragstad,Bjørn Otto Bragstad,Bragstad,DEF,Norway,2000/01,2000/01,1,Derby,12,0
Titus Bramble,Titus Bramble,Titus Bramble,Bramble,DEF,England,2000/01,2012/13,13,Ipswich; Newcastle; Wigan; Sunderland,292,10
Keith Branagan,Keith Branagan,Keith Branagan,Branagan,GK,Republic of Ireland,1995/96,2001/02,4,Bolton; Ipswich,68,0
Marco Branca,Marco Branca,Marco Branca,Branca,FWD,Italy,1998/99,1998/99,1,Middlesbrough,1,0
Michael Branch,Michael Branch,Michael Branch,Branch,FWD,England,1995/96,1998/99,4,Everton,41,3
Branco,Branco,Cláudio Ibraim Vaz Leal,Branco,DEF,Brazil,1995/96,1996/97,2,Middlesbrough,9,0
Cameron Brannagan,Cameron Brannagan,Cameron Brannagan,Brannagan,MID,England,2015/16,2015/16,1,Liverpool,3,0
Jarrad Branthwaite,Jarrad Branthwaite,Jarrad Branthwaite,Branthwaite,DEF,England,2019/20,2025/26,5,Everton,85,5
Claudio Bravo,Claudio Bravo,Claudio Bravo,Bravo,GK,Chile,2016/17,2019/20,3,Man City,29,0
Raul Bravo,Raul Bravo,Raúl Bravo,Bravo,MID,Spain,2002/03,2002/03,1,Leeds,5,0
Matt Brazier,Matt Brazier,Matt Brazier,Brazier,DEF,England,1995/96,1995/96,1,QPR,11,0
Tim Breacker,Tim Breacker,Tim Breacker,Breacker,DEF,England,1993/94,1998/99,6,West Ham,143,3
James Bree,James Bree,James Bree,Bree,DEF,England,2022/23,2024/25,2,Southampton,22,0
Gary Breen,Gary Breen,Gary Breen,Breen,DEF,Republic of Ireland,1996/97,2005/06,7,Coventry; West Ham; Sunderland,165,3
Matthias Breitkreutz,Matthias Breitkreutz,Matthias Breitkreutz,Breitkreutz,MID,Germany,1992/93,1993/94,2,Aston Villa,5,0
Jim Brennan,Jim Brennan,Jim Brennan,Brennan,DEF,Canada,2004/05,2004/05,1,Norwich,10,0
Mark Brennan,Mark Brennan,Mark Brennan,Brennan,MID,England,1992/93,1993/94,2,Oldham,25,3
Ben Brereton Diaz,Ben Brereton Diaz,Ben Brereton Díaz,Brereton Díaz,FWD,Chile,2023/24,2024/25,2,Sheffield Utd; Southampton,24,6
Rufus Brevett,Rufus Brevett,Rufus Brevett,Brevett,DEF,England,1992/93,2002/03,6,QPR; Fulham; West Ham,136,1
Rhian Brewster,Rhian Brewster,Rhian Brewster,Brewster,FWD,England,2020/21,2023/24,2,Sheffield Utd,40,0
Liam Bridcutt,Liam Bridcutt,Liam Bridcutt,Bridcutt,MID,Scotland,2013/14,2014/15,2,Sunderland,30,0
Wayne Bridge,Wayne Bridge,Wayne Bridge,Bridge,DEF,England,1998/99,2011/12,14,Southampton; Chelsea; Fulham; Man City; West Ham; Sunderland,316,3
Marc Bridge-Wilkinson,Marc Bridge-Wilkinson,Marc Bridge-Wilkinson,Bridge-Wilkinson,MID,England,1998/99,1998/99,1,Derby,1,0
Michael Bridges,Michael Bridges,Michael Bridges,Bridges,FWD,England,1996/97,2003/04,5,Sunderland; Leeds; Newcastle,87,22
Matthew Briggs,Matthew Briggs,Matthew Briggs,Briggs,DEF,England,2006/07,2013/14,5,Fulham,13,0
Mark Bright,Mark Bright,Mark Bright,Bright,FWD,England,1992/93,1998/99,6,Crystal Palace; Sheffield Wed; Charlton,143,50
David Brightwell,David Brightwell,David Brightwell,Brightwell,DEF,England,1992/93,1994/95,3,Man City,39,1
Ian Brightwell,Ian Brightwell,Ian Brightwell,Brightwell,DEF,England,1992/93,1995/96,4,Man City,87,1
Lee Briscoe,Lee Briscoe,Lee Briscoe,Briscoe,DEF,England,1993/94,1999/00,7,Sheffield Wed,78,1
Miguel Britos,Miguel Britos,Miguel Ángel Britos,Britos,DEF,Uruguay,2015/16,2018/19,4,Watford,66,2
Martin Brittain,Martin Brittain,Martin Brittain,Brittain,MID,England,2003/04,2003/04,1,Newcastle,1,0
Leon Britton,Leon Britton,Leon Britton,Britton,MID,England,2011/12,2017/18,7,Swansea,149,0
Nathan Broadhead,Nathan Broadhead,Nathan Broadhead,Broadhead,FWD,Wales,2020/21,2024/25,2,Everton; Ipswich,19,2
Brian Brobbey,Brian Brobbey,Brian Brobbey,Brobbey,FWD,Netherlands,2025/26,2025/26,1,Sunderland,31,7
Armando Broja,Armando Broja,Armando Broja,Broja,FWD,Albania,2019/20,2025/26,6,Chelsea; Southampton; Fulham; Everton; Burnley,100,9
Tomas Brolin,Tomas Brolin,Tomas Brolin,Brolin,FWD,Sweden,1995/96,1997/98,2,Leeds; Crystal Palace,32,4
Leigh Bromby,Leigh Bromby,Leigh Bromby,Bromby,DEF,England,2006/07,2006/07,1,Sheffield Utd,17,0
Paul Brooker,Paul Brooker,Paul Brooker,Brooker,MID,England,2003/04,2003/04,1,Leicester,3,0
Stephen Brooker,Stephen Brooker,Stephen Brooker,Brooker,FWD,England,1999/00,1999/00,1,Watford,1,0
Andre Brooks,Andre Brooks,Andre Brooks,Brooks,MID,Jamaica,2023/24,2023/24,1,Sheffield Utd,20,0
David Brooks,David Brooks,David Brooks,Brooks,MID,Wales,2018/19,2025/26,6,Bournemouth,118,12
Marlon Broomes,Marlon Broomes,Marlon Broomes,Broomes,DEF,England,1997/98,1998/99,2,Blackburn,17,0
Chris Brown,Chris Brown,Chris Brown,Brown,FWD,England,2005/06,2005/06,1,Sunderland,13,1
Izzy Brown,Izzy Brown,Izzy Brown,Brown,FWD,England,2012/13,2017/18,3,West Brom; Chelsea; Brighton,15,0
Jacob Brown,Jacob Brown,Jacob Brown,Brown,FWD,Scotland,2023/24,2023/24,1,Luton,19,2
Jason Brown,Jason Brown,Jason Brown,Brown,GK,Wales,2006/07,2009/10,3,Blackburn,9,0
Kenny Brown,Kenny Brown,Kenny Brown,Brown,DEF,England,1993/94,1995/96,3,West Ham,21,0
Michael Brown,Michael Brown,Michael Brown,Brown,MID,England,1995/96,2009/10,8,Man City; Spurs; Fulham; Wigan; Portsmouth,194,4
Richard Brown,Richard Brown,Richard Brown,Brown,DEF,England,1992/93,1992/93,1,Blackburn,2,0
Steve Brown,Steve Brown,Steve Brown,Brown,DEF,England,1998/99,2002/03,4,Charlton,60,2
Wayne Brown,Wayne Brown,Wayne Brown,Brown,DEF,England,2000/01,2008/09,2,Ipswich; Hull,5,0
Wayne Brown (Fulham),Wayne Brown,Wayne Brown,Brown,MID,England,2008/09,2008/09,1,Fulham,1,0
Wes Brown,Wes Brown,Wes Brown,Brown,DEF,England,1997/98,2015/16,17,Man Utd; Sunderland,308,4
Paul Browne,Paul Browne,Paul Browne,Browne,DEF,Scotland,1995/96,1995/96,1,Aston Villa,2,0
Josh Brownhill,Josh Brownhill,Josh Brownhill,Brownhill,MID,England,2019/20,2023/24,4,Burnley,111,6
Tyias Browning,Tyias Browning,Tyias Browning,Browning,DEF,China,2014/15,2015/16,2,Everton,7,0
Alex Bruce,Alex Bruce,Alex Bruce,Bruce,DEF,Northern Ireland,2005/06,2014/15,3,Birmingham; Hull,48,0
Steve Bruce,Steve Bruce,Steve Bruce,Bruce,DEF,England,1992/93,1995/96,4,Man Utd,148,11
Jeffrey Bruma,Jeffrey Bruma,Jeffrey Bruma,Bruma,DEF,Netherlands,2009/10,2010/11,2,Chelsea,4,0
Bruno,Bruno,Bruno Saltor,Bruno,DEF,Spain,2017/18,2018/19,2,Brighton,39,0
Chris Brunt,Chris Brunt,Chris Brunt,Brunt,MID,Northern Ireland,2008/09,2017/18,9,West Brom,269,24
Lewis Brunt,Lewis Brunt,Lewis Brunt,Brunt,DEF,England,2021/22,2022/23,2,Leicester,2,0
Jacob Bruun Larsen,Jacob Bruun Larsen,Jacob Bruun Larsen,Bruun Larsen,FWD,Denmark,2023/24,2025/26,2,Burnley,60,6
Joe Bryan,Joe Bryan,Joe Bryan,Bryan,DEF,England,2018/19,2020/21,2,Fulham,44,1
Kean Bryan,Kean Bryan,Kean Bryan,Bryan,MID,England,2020/21,2020/21,1,Sheffield Utd,13,1
Ian Bryson,Ian Bryson,Ian Bryson,Bryson,MID,Scotland,1992/93,1992/93,1,Sheffield Utd,16,3
Malik Buari,Malik Buari,Malik Buari,Buari,MID,Ghana,2003/04,2003/04,1,Fulham,3,0
Will Buckley,Will Buckley,Will Buckley,Buckley,MID,England,2014/15,2014/15,1,Sunderland,22,0
Emiliano Buendia,Emiliano Buendia,Emiliano Buendía,Buendia,MID,Argentina,2019/20,2025/26,5,Norwich; Aston Villa,157,16
Hugo Bueno,Hugo Bueno,Hugo Bueno,Bueno,DEF,Spain,2022/23,2025/26,3,Wolves,78,1
Santiago Bueno,Santiago Bueno,Santiago Bueno,Bueno,DEF,Uruguay,2023/24,2025/26,3,Wolves,70,3
Gary Bull,Gary Bull,Gary Bull,Bull,FWD,England,1994/95,1994/95,1,Nottingham Forest,1,1
Jimmy Bullard,Jimmy Bullard,Jimmy Bullard,Bullard,MID,England,2005/06,2009/10,5,Wigan; Fulham; Hull,90,15
Martin Bullock,Martin Bullock,Martin Bullock,Bullock,MID,England,1997/98,1997/98,1,Barnsley,33,0
Goran Bunjevcevic,Goran Bunjevcevic,Goran Bunjevčević,Bunjevcevic,DEF,Serbia,2001/02,2004/05,4,Spurs,51,0
Mark Bunn,Mark Bunn,Mark Bunn,Bunn,GK,England,2010/11,2015/16,4,Blackburn; Norwich; Aston Villa,39,0
Facundo Buonanotte,Facundo Buonanotte,Facundo Buonanotte,Buonanotte,MID,Argentina,2022/23,2025/26,4,Brighton; Leicester; Chelsea; Leeds,75,9
Mark Burchill,Mark Burchill,Mark Burchill,Burchill,FWD,Scotland,2000/01,2000/01,1,Ipswich,7,1
Cameron Burgess,Cameron Burgess,Cameron Burgess,Burgess,DEF,Australia,2024/25,2024/25,1,Ipswich,18,0
Oliver Burke,Oliver Burke,Oliver Burke,Burke,MID,Scotland,2017/18,2020/21,2,West Brom; Sheffield Utd,40,1
Reece Burke,Reece Burke,Reece Burke,Burke,DEF,England,2014/15,2023/24,2,West Ham; Luton,27,0
Craig Burley,Craig Burley,Craig Burley,Burley,MID,Scotland,1992/93,2001/02,8,Chelsea; Derby,157,14
Dan Burn,Dan Burn,Dan Burn,Burn,DEF,England,2013/14,2025/26,8,Fulham; Brighton; Newcastle,236,7
Wayne Burnett,Wayne Burnett,Wayne Burnett,Burnett,MID,England,1995/96,1995/96,1,Bolton,1,0
Jacob Burns,Jacob Burns,Jacob Burns,Burns,MID,Australia,2000/01,2002/03,2,Leeds,6,0
Wes Burns,Wes Burns,Wes Burns,Burns,FWD,Wales,2024/25,2024/25,1,Ipswich,18,0
John Burridge,John Burridge,John Burridge,Burridge,GK,England,1994/95,1994/95,1,Man City,4,0
Bradley Burrowes,Bradley Burrowes,Bradley Burrowes,Burrowes,MID,England,2025/26,2025/26,1,Aston Villa,1,0
David Burrows,David Burrows,David Burrows,Burrows,DEF,England,1992/93,1999/00,8,Liverpool; West Ham; Coventry; Everton,193,3
Mason Burstow,Mason Burstow,Mason Burstow,Burstow,FWD,England,2023/24,2023/24,1,Chelsea,2,0
Deon Burton,Deon Burton,Deon Burton,Burton,FWD,Jamaica,1997/98,2003/04,6,Derby; Portsmouth,119,22
Sagi Burton-Godwin,Sagi Burton-Godwin,Sagi Burton-Godwin,Burton-Godwin,DEF,St Kitts and Nevis,1997/98,1997/98,1,Crystal Palace,2,0
David Busst,David Busst,David Busst,Busst,DEF,England,1992/93,1995/96,4,Coventry,50,4
Jack Butland,Jack Butland,Jack Butland,Butland,GK,England,2013/14,2021/22,7,Stoke; Crystal Palace,87,0
Paul Butler,Paul Butler,Paul Butler,Butler,DEF,Republic of Ireland,1999/00,2003/04,3,Sunderland; Wolves,72,2
Peter Butler,Peter Butler,Peter Butler,Butler,MID,England,1993/94,1994/95,2,West Ham,31,1
Thomas Butler,Thomas Butler,Thomas Butler,Butler,MID,Republic of Ireland,1999/00,2002/03,4,Sunderland,19,0
Nathan Butler-Oyedeji,Nathan Butler-Oyedeji,Nathan Butler-Oyedeji,Butler-Oyedeji,FWD,England,2024/25,2024/25,1,Arsenal,1,0
Nicky Butt,Nicky Butt,Nicky Butt,Butt,MID,England,1992/93,2008/09,17,Man Utd; Newcastle; Birmingham,411,29
Danny Butterfield,Danny Butterfield,Danny Butterfield,Butterfield,DEF,England,2004/05,2004/05,1,Crystal Palace,7,0
Ian Butterworth,Ian Butterworth,Ian Butterworth,Butterworth,DEF,England,1992/93,1993/94,2,Norwich,51,1
Alexander Buttner,Alexander Buttner,Alexander Büttner,Buttner,DEF,Netherlands,2012/13,2013/14,2,Man Utd,13,2
David Button,David Button,David Button,Button,GK,England,2018/19,2020/21,2,Brighton; West Brom,5,0
Oskar Buur,Oskar Buur,Oskar Buur,Buur,DEF,Denmark,2020/21,2020/21,1,Wolves,1,0
Akos Buzsaky,Akos Buzsaky,Ákos Buzsáky,Buzsaky,MID,Hungary,2011/12,2011/12,1,QPR,18,2
Darren Byfield,Darren Byfield,Darren Byfield,Byfield,FWD,Jamaica,1997/98,1997/98,1,Aston Villa,7,0
Jun'ai Byfield,Jun'ai Byfield,Jun'ai Byfield,Byfield,DEF,England,2025/26,2025/26,1,Spurs,1,0
Sam Byram,Sam Byram,Sam Byram,Byram,DEF,England,2015/16,2025/26,6,West Ham; Norwich; Leeds,61,0
Shaun Byrne,Shaun Byrne,Shaun Byrne,Byrne,DEF,Republic of Ireland,1999/00,2001/02,2,West Ham,2,0
Stephen Bywater,Stephen Bywater,Stephen Bywater,Bywater,GK,England,1999/00,2007/08,4,West Ham; Derby,24,0
Fabian Caballero,Fabian Caballero,Fabián Caballero,Caballero,FWD,Argentina,1998/99,1998/99,1,Arsenal,1,0
Willy Caballero,Willy Caballero,Wilfredo Caballero,Caballero,GK,Argentina,2014/15,2021/22,8,Man City; Chelsea; Southampton,36,0
Yohan Cabaye,Yohan Cabaye,Yohan Cabaye,Cabaye,MID,France,2011/12,2017/18,6,Newcastle; Crystal Palace,175,26
Remy Cabella,Remy Cabella,Rémy Cabella,Cabella,MID,France,2014/15,2014/15,1,Newcastle,31,1
Cabral,Cabral,Adilson Tavares Varela,Cabral,MID,Cape Verde,2013/14,2013/14,1,Sunderland,1,0
Claudio Cacapa,Claudio Cacapa,Cláudio Caçapa,Cacapa,DEF,Brazil,2007/08,2008/09,2,Newcastle,25,1
Martin Caceres,Martin Caceres,Martín Cáceres,Caceres,DEF,Uruguay,2016/17,2016/17,1,Southampton,1,0
Danny Cadamarteri,Danny Cadamarteri,Danny Cadamarteri,Cadamarteri,FWD,England,1996/97,2001/02,6,Everton,93,13
Jorge Cadete,Jorge Cadete,Jorge Cadete,Cadete,FWD,Portugal,1999/00,1999/00,1,Bradford,7,0
Cafu,Cafu,Cafú,Cafu,MID,Portugal,2022/23,2022/23,1,Nottingham Forest,1,0
Gary Cahill,Gary Cahill,Gary Cahill,Cahill,DEF,England,2005/06,2020/21,16,Aston Villa; Bolton; Chelsea; Crystal Palace,394,28
Tim Cahill,Tim Cahill,Tim Cahill,Cahill,MID,Australia,2004/05,2011/12,8,Everton,226,56
Felipe Caicedo,Felipe Caicedo,Felipe Caicedo,Caicedo,FWD,Ecuador,2007/08,2008/09,2,Man City,27,5
Moises Caicedo,Moises Caicedo,Moisés Caicedo,Caicedo,MID,Ecuador,2021/22,2025/26,5,Brighton; Chelsea,151,7
Tony Caig,Tony Caig,Tony Caig,Caig,GK,England,2000/01,2000/01,1,Charlton,1,0
Tom Cairney,Tom Cairney,Tom Cairney,Cairney,MID,Scotland,2009/10,2025/26,7,Hull; Fulham,168,10
Jens Cajuste,Jens Cajuste,Jens Cajuste,Cajuste,MID,Sweden,2024/25,2024/25,1,Ipswich,30,1
Juan Cala,Juan Cala,Juan Cala,Cala,DEF,Spain,2013/14,2013/14,1,Cardiff,7,2
Riccardo Calafiori,Riccardo Calafiori,Riccardo Calafiori,Calafiori,DEF,Italy,2024/25,2025/26,2,Arsenal,45,3
Colin Calderwood,Colin Calderwood,Colin Calderwood,Calderwood,DEF,Scotland,1993/94,1999/00,7,Spurs; Aston Villa,189,6
Gary Caldwell,Gary Caldwell,Gary Caldwell,Caldwell,DEF,Scotland,2009/10,2012/13,4,Wigan,100,6
Steven Caldwell,Steven Caldwell,Steven Caldwell,Caldwell,DEF,Scotland,2000/01,2010/11,6,Newcastle; Leeds; Sunderland; Burnley; Wigan,88,3
Jonathan Calleri,Jonathan Calleri,Jonathan Calleri,Calleri,FWD,Argentina,2016/17,2016/17,1,West Ham,16,1
Dominic Calvert-Lewin,Dominic Calvert-Lewin,Dominic Calvert-Lewin,Calvert-Lewin,FWD,England,2016/17,2025/26,10,Everton; Leeds,274,71
Rafael Camacho,Rafael Camacho,Rafael Camacho,Camacho,MID,Portugal,2018/19,2018/19,1,Liverpool,1,0
Henri Camara,Henri Camara,Henri Camara,Camara,FWD,Senegal,2003/04,2008/09,6,Wolves; Southampton; Wigan; West Ham; Stoke,126,31
Mo Camara,Mo Camara,Mohamed Camara,Camara,DEF,Guinea,2007/08,2007/08,1,Derby,1,0
Titi Camara,Titi Camara,Titi Camara,Camara,FWD,Guinea,1999/00,2002/03,4,Liverpool; West Ham,44,9
Zoumana Camara,Zoumana Camara,Zoumana Camara,Camara,DEF,France,2003/04,2003/04,1,Leeds,13,1
Victor Camarasa,Victor Camarasa,Víctor Camarasa,Camarasa,MID,Spain,2018/19,2019/20,2,Cardiff; Crystal Palace,33,5
Esteban Cambiasso,Esteban Cambiasso,Esteban Cambiasso,Cambiasso,MID,Argentina,2014/15,2014/15,1,Leicester,31,5
Colin Cameron,Colin Cameron,Colin Cameron,Cameron,MID,Scotland,2003/04,2003/04,1,Wolves,30,4
Geoff Cameron,Geoff Cameron,Geoff Cameron,Cameron,DEF,United States,2012/13,2017/18,6,Stoke,168,2
Lee Camp,Lee Camp,Lee Camp,Camp,GK,Northern Ireland,2012/13,2012/13,1,Norwich,3,0
Edu Campabadal,Edu Campabadal,Edu Campabadal,Campabadal,DEF,Spain,2012/13,2012/13,1,Wigan,1,0
Jose Campana,Jose Campana,José Campaña,Campana,MID,Spain,2013/14,2013/14,1,Crystal Palace,6,0
Adam Campbell,Adam Campbell,Adam Campbell,Campbell,FWD,England,2012/13,2012/13,1,Newcastle,3,0
Andy Campbell,Andy Campbell,Andy Campbell,Campbell,FWD,England,1995/96,2001/02,6,Middlesbrough,49,4
Chem Campbell,Chem Campbell,Chem Campbell,Campbell,FWD,Wales,2021/22,2022/23,2,Wolves,6,0
DJ Campbell,DJ Campbell,DJ Campbell,Campbell,FWD,England,2005/06,2011/12,3,Birmingham; Blackpool; QPR,53,14
Fraizer Campbell,Fraizer Campbell,Fraizer Campbell,Campbell,FWD,England,2007/08,2016/17,10,Man Utd; Spurs; Sunderland; Cardiff; Crystal Palace,150,18
Joel Campbell,Joel Campbell,Joel Campbell,Campbell,FWD,Costa Rica,2014/15,2015/16,2,Arsenal,23,3
Kevin Campbell,Kevin Campbell,Kevin Campbell,Campbell,FWD,England,1992/93,2005/06,13,Arsenal; Nottingham Forest; Everton; West Brom,325,82
Sol Campbell,Sol Campbell,Sol Campbell,Campbell,DEF,England,1992/93,2010/11,19,Spurs; Arsenal; Portsmouth; Newcastle,503,20
Stuart Campbell,Stuart Campbell,Stuart Campbell,Campbell,MID,Scotland,1996/97,1999/00,4,Leicester,37,0
Tyrese Campbell,Tyrese Campbell,Tyrese Campbell,Campbell,FWD,England,2017/18,2017/18,1,Stoke,4,0
Jamal Campbell-Ryce,Jamal Campbell-Ryce,Jamal Campbell-Ryce,Campbell-Ryce,MID,Jamaica,2002/03,2003/04,2,Charlton,3,0
Ivan Campo,Ivan Campo,Iván Campo,Campo,MID,Spain,2002/03,2007/08,6,Bolton,172,13
Emre Can,Emre Can,Emre Can,Can,MID,Germany,2014/15,2017/18,4,Liverpool,115,10
Lorik Cana,Lorik Cana,Lorik Cana,Cana,MID,Albania,2009/10,2009/10,1,Sunderland,31,0
Jose Canas,Jose Canas,José Alberto Cañas,Canas,MID,Spain,2013/14,2013/14,1,Swansea,23,0
Joao Cancelo,Joao Cancelo,João Cancelo,Cancelo,DEF,Portugal,2019/20,2022/23,4,Man City,98,5
Vincent Candela,Vincent Candela,Vincent Candela,Candela,DEF,France,2004/05,2004/05,1,Bolton,10,0
Peter Canero,Peter Canero,Peter Canero,Canero,MID,Scotland,2003/04,2003/04,1,Leicester,7,0
Tom Cannon,Tom Cannon,Thomas Cannon,Cannon,FWD,Republic of Ireland,2022/23,2023/24,2,Everton,3,0
Sergi Canos,Sergi Canos,Sergi Canós,Canos,FWD,Spain,2015/16,2022/23,3,Liverpool; Brentford,37,3
Eric Cantona,Eric Cantona,Eric Cantona,Cantona,FWD,France,1992/93,1996/97,5,Leeds; Man Utd,156,70
Todd Cantwell,Todd Cantwell,Todd Cantwell,Cantwell,MID,England,2019/20,2021/22,2,Norwich,45,6
Jaydee Canvot,Jaydee Canvot,Jaydee Canvot,Canvot,DEF,France,2025/26,2025/26,1,Crystal Palace,20,0
Etienne Capoue,Etienne Capoue,Étienne Capoue,Capoue,MID,France,2013/14,2019/20,7,Spurs; Watford,180,10
Matt Carbon,Matt Carbon,Matt Carbon,Carbon,DEF,England,1996/97,1997/98,2,Derby,14,0
Horacio Carbonari,Horacio Carbonari,Horacio Carbonari,Carbonari,DEF,Argentina,1998/99,2001/02,4,Derby,88,8
Benito Carbone,Benito Carbone,Benito Carbone,Carbone,FWD,Italy,1996/97,2001/02,6,Sheffield Wed; Aston Villa; Bradford; Derby; Middlesbrough,177,35
Rio Cardines,Rio Cardines,Rio Cardines,Cardines,DEF,Trinidad and Tobago,2025/26,2025/26,1,Crystal Palace,1,0
John Carew,John Carew,John Carew,Carew,FWD,Norway,2006/07,2010/11,5,Aston Villa; Stoke,123,38
Brian Carey,Brian Carey,Brian Carey,Carey,DEF,Republic of Ireland,1994/95,1994/95,1,Leicester,12,0
Baily Cargill,Baily Cargill,Baily Cargill,Cargill,DEF,England,2016/17,2016/17,1,Bournemouth,1,0
Clarke Carlisle,Clarke Carlisle,Clarke Carlisle,Carlisle,DEF,England,2006/07,2009/10,2,Watford; Burnley,31,0
David Carney,David Carney,David Carney,Carney,DEF,Australia,2010/11,2010/11,1,Blackpool,11,0
Franz Carr,Franz Carr,Franz Carr,Carr,MID,England,1992/93,1997/98,5,Sheffield Utd; Aston Villa; Leicester; Bolton,39,5
Stephen Carr,Stephen Carr,Stephen Carr,Carr,DEF,Republic of Ireland,1993/94,2010/11,14,Spurs; Newcastle; Birmingham,377,8
Jamie Carragher,Jamie Carragher,Jamie Carragher,Carragher,DEF,England,1996/97,2012/13,17,Liverpool,508,3
Michael Carrick,Michael Carrick,Michael Carrick,Carrick,MID,England,1999/00,2017/18,18,West Ham; Spurs; Man Utd,481,24
Daniel Carrico,Daniel Carrico,Daniel Carriço,Carrico,DEF,Portugal,2012/13,2012/13,1,Reading,3,0
Andre Carrillo,Andre Carrillo,André Carrillo,Carrillo,MID,Peru,2017/18,2017/18,1,Watford,28,1
Guido Carrillo,Guido Carrillo,Guido Carrillo,Carrillo,FWD,Argentina,2017/18,2017/18,1,Southampton,7,0
Andy Carroll,Andy Carroll,Andy Carroll,Carroll,FWD,England,2006/07,2020/21,14,Newcastle; Liverpool; West Ham,248,54
Roy Carroll,Roy Carroll,Roy Carroll,Carroll,GK,Northern Ireland,2001/02,2007/08,7,Man Utd; West Ham; Derby,94,0
Tom Carroll,Tom Carroll,Tom Carroll,Carroll,MID,England,2012/13,2017/18,5,Spurs; Swansea,94,2
Martin Carruthers,Martin Carruthers,Martin Carruthers,Carruthers,FWD,England,1992/93,1992/93,1,Aston Villa,1,0
Samir Carruthers,Samir Carruthers,Samir Carruthers,Carruthers,MID,Republic of Ireland,2011/12,2011/12,1,Aston Villa,3,0
Lee Carsley,Lee Carsley,Lee Carsley,Carsley,MID,Republic of Ireland,1996/97,2009/10,12,Derby; Blackburn; Coventry; Everton; Birmingham,282,16
Scott Carson,Scott Carson,Scott Carson,Carson,GK,England,2003/04,2020/21,7,Leeds; Liverpool; Charlton; Aston Villa; West Brom; Man City,146,0
Darren Carter,Darren Carter,Darren Carter,Carter,MID,England,2002/03,2005/06,4,Birmingham; West Brom,52,3
Jimmy Carter,Jimmy Carter,Jimmy Carter,Carter,MID,England,1992/93,1994/95,2,Arsenal,19,2
Patrice Carteron,Patrice Carteron,Patrice Carteron,Carteron,DEF,France,2000/01,2000/01,1,Sunderland,8,1
Fabio Carvalho,Fabio Carvalho,Fábio Carvalho,Carvalho,MID,Portugal,2020/21,2025/26,4,Fulham; Liverpool; Brentford,42,6
Ricardo Carvalho,Ricardo Carvalho,Ricardo Carvalho,Carvalho,DEF,Portugal,2004/05,2009/10,6,Chelsea,135,7
Cesare Casadei,Cesare Casadei,Cesare Casadei,Casadei,MID,Italy,2023/24,2023/24,1,Chelsea,11,0
Tony Cascarino,Tony Cascarino,Tony Cascarino,Cascarino,FWD,Republic of Ireland,1992/93,1993/94,2,Chelsea,29,6
Casemiro,Casemiro,Casemiro,Casemiro,MID,Brazil,2022/23,2025/26,4,Man Utd,111,15
Kaelan Casey,Kaelan Casey,Kaelan Casey,Casey,DEF,England,2023/24,2024/25,2,West Ham,2,0
Matty Cash,Matty Cash,Matty Cash,Cash,DEF,Poland,2020/21,2025/26,6,Aston Villa,183,10
Eiran Cashin,Eiran Cashin,Eiran Cashin,Cashin,DEF,Republic of Ireland,2024/25,2024/25,1,Brighton,2,0
Kiko Casilla,Kiko Casilla,Francisco Casilla,Casilla,GK,Spain,2020/21,2020/21,1,Leeds,3,0
Pierluigi Casiraghi,Pierluigi Casiraghi,Pierluigi Casiraghi,Casiraghi,FWD,Italy,1998/99,1998/99,1,Chelsea,10,1
Darren Caskey,Darren Caskey,Darren Caskey,Caskey,MID,England,1993/94,1995/96,3,Spurs,32,4
Chris Casper,Chris Casper,Chris Casper,Casper,DEF,England,1996/97,1996/97,1,Man Utd,2,0
Timothy Castagne,Timothy Castagne,Timothy Castagne,Castagne,DEF,Belgium,2020/21,2025/26,6,Leicester; Fulham,179,6
Taty Castellanos,Taty Castellanos,Valentín Castellanos,Castellanos,FWD,Argentina,2025/26,2025/26,1,West Ham,18,6
Nery Castillo,Nery Castillo,Nery Castillo,Castillo,MID,Mexico,2007/08,2007/08,1,Man City,7,0
Segundo Castillo,Segundo Castillo,Segundo Castillo,Castillo,MID,Ecuador,2008/09,2009/10,2,Everton; Wolves,17,0
Stewart Castledine,Stewart Castledine,Stewart Castledine,Castledine,MID,England,1993/94,1998/99,6,Wimbledon,26,4
Craig Cathcart,Craig Cathcart,Craig Cathcart,Cathcart,DEF,Northern Ireland,2010/11,2021/22,7,Blackpool; Watford,183,5
Lee Cattermole,Lee Cattermole,Lee Cattermole,Cattermole,MID,England,2005/06,2016/17,12,Middlesbrough; Wigan; Sunderland,271,6
Steven Caulker,Steven Caulker,Steven Caulker,Caulker,DEF,Sierra Leone,2011/12,2015/16,5,Swansea; Spurs; Cardiff; QPR; Liverpool; Southampton,123,8
Ivan Cavaleiro,Ivan Cavaleiro,Ivan Cavaleiro,Cavaleiro,MID,Portugal,2018/19,2020/21,2,Wolves; Fulham,59,6
Johan Cavalli,Johan Cavalli,Johan Cavalli,Cavalli,MID,France,2006/07,2006/07,1,Watford,3,0
Edinson Cavani,Edinson Cavani,Edinson Cavani,Cavani,FWD,Uruguay,2020/21,2021/22,2,Man Utd,41,12
Santi Cazorla,Santi Cazorla,Santi Cazorla,Cazorla,MID,Spain,2012/13,2016/17,5,Arsenal,129,25
Dani Ceballos,Dani Ceballos,Dani Ceballos,Ceballos,MID,Spain,2019/20,2020/21,2,Arsenal,49,0
Marek Cech,Marek Cech,Marek Čech,Cech,DEF,Slovakia,2008/09,2010/11,2,West Brom,23,0
Petr Cech,Petr Cech,Petr Čech,Cech,GK,Czech Republic,2004/05,2018/19,15,Chelsea; Arsenal,443,0
Bersant Celina,Bersant Celina,Bersant Celina,Celina,MID,Kosovo,2015/16,2015/16,1,Man City,1,0
Ondrej Celustka,Ondrej Celustka,Ondřej Čelůstka,Celustka,DEF,Czech Republic,2013/14,2013/14,1,Sunderland,21,0
Radek Cerny,Radek Cerny,Radek Černý,Cerny,GK,Czech Republic,2004/05,2011/12,3,Spurs; QPR,21,0
Nacer Chadli,Nacer Chadli,Nacer Chadli,Chadli,MID,Belgium,2013/14,2017/18,5,Spurs; West Brom,124,21
Luke Chadwick,Luke Chadwick,Luke Chadwick,Chadwick,MID,England,2000/01,2002/03,3,Man Utd,25,2
Nick Chadwick,Nick Chadwick,Nick Chadwick,Chadwick,FWD,England,2001/02,2004/05,4,Everton,14,3
Kostas Chalkias,Kostas Chalkias,Konstantinos Chalkias,Chalkias,GK,Greece,2004/05,2004/05,1,Portsmouth,5,0
Trevor Challis,Trevor Challis,Trevor Challis,Challis,DEF,England,1995/96,1995/96,1,QPR,11,0
Nathaniel Chalobah,Nathaniel Chalobah,Nathaniel Chalobah,Chalobah,DEF,England,2014/15,2022/23,6,Burnley; Chelsea; Watford; Fulham,55,0
Trevoh Chalobah,Trevoh Chalobah,Trevoh Chalobah,Chalobah,DEF,England,2021/22,2025/26,5,Chelsea; Crystal Palace,117,10
Marouane Chamakh,Marouane Chamakh,Marouane Chamakh,Chamakh,FWD,Morocco,2010/11,2015/16,6,Arsenal; West Ham; Crystal Palace,103,15
Alec Chamberlain,Alec Chamberlain,Alec Chamberlain,Chamberlain,GK,England,1999/00,2006/07,2,Watford,28,0
Adam Chambers,Adam Chambers,Adam Chambers,Chambers,DEF,England,2002/03,2002/03,1,West Brom,13,0
Calum Chambers,Calum Chambers,Calum Chambers,Chambers,DEF,England,2013/14,2023/24,11,Southampton; Arsenal; Middlesbrough; Fulham; Aston Villa,181,7
James Chambers,James Chambers,James Chambers,Chambers,DEF,England,2002/03,2006/07,2,West Brom; Watford,20,0
Justin Channing,Justin Channing,Justin Channing,Channing,DEF,England,1992/93,1992/93,1,QPR,2,1
Conor Chaplin,Conor Chaplin,Conor Chaplin,Chaplin,FWD,England,2024/25,2024/25,1,Ipswich,22,1
Richard Chaplow,Richard Chaplow,Richard Chaplow,Chaplow,MID,England,2004/05,2012/13,3,West Brom; Southampton,14,0
Lee Chapman,Lee Chapman,Lee Chapman,Chapman,FWD,England,1992/93,1995/96,4,Leeds; West Ham; Ipswich,98,21
Cyril Chapuis,Cyril Chapuis,Cyril Chapuis,Chapuis,FWD,France,2003/04,2003/04,1,Leeds,1,0
Gary Charles,Gary Charles,Gary Charles,Charles,DEF,England,1992/93,2000/01,7,Nottingham Forest; Aston Villa; West Ham,98,3
Lee Charles,Lee Charles,Lee Charles,Charles,FWD,England,1995/96,1995/96,1,QPR,4,0
Shea Charles,Shea Charles,Shea Charles,Charles,DEF,Northern Ireland,2022/23,2022/23,1,Man City,1,0
Simon Charlton,Simon Charlton,Simon Charlton,Charlton,DEF,England,1993/94,2004/05,9,Southampton; Bolton; Norwich,236,3
Laurent Charvet,Laurent Charvet,Laurent Charvet,Charvet,DEF,France,1997/98,2000/01,4,Chelsea; Newcastle; Man City,71,3
Rayan Cherki,Rayan Cherki,Rayan Cherki,Cherki,MID,France,2025/26,2025/26,1,Man City,33,4
Youssef Chermiti,Youssef Chermiti,Youssef Chermiti,Chermiti,FWD,Portugal,2023/24,2024/25,2,Everton,22,0
James Chester,James Chester,James Chester,Chester,DEF,Wales,2013/14,2015/16,3,Hull; West Brom,60,3
Dan Chesters,Dan Chesters,Daniel Chesters,Chesters,FWD,England,2021/22,2021/22,1,West Ham,1,0
Steve Chettle,Steve Chettle,Steve Chettle,Chettle,DEF,England,1992/93,1998/99,5,Nottingham Forest,174,2
Bruno Cheyrou,Bruno Cheyrou,Bruno Cheyrou,Cheyrou,MID,France,2002/03,2003/04,2,Liverpool,31,2
Chico,Chico,José Manuel Flores Moreno,Chico,DEF,Spain,2012/13,2013/14,2,Swansea,57,2
Federico Chiesa,Federico Chiesa,Federico Chiesa,Chiesa,FWD,Italy,2024/25,2025/26,2,Liverpool,32,2
Ben Chilwell,Ben Chilwell,Ben Chilwell,Chilwell,DEF,England,2016/17,2024/25,9,Leicester; Chelsea; Crystal Palace,177,13
Pascal Chimbonda,Pascal Chimbonda,Pascal Chimbonda,Chimbonda,DEF,France,2005/06,2010/11,6,Wigan; Spurs; Sunderland; Blackburn,149,6
Youssef Chippo,Youssef Chippo,Youssef Chippo,Chippo,MID,Morocco,1999/00,2000/01,2,Coventry,65,2
Chiquinho,Chiquinho,Francisco Costa Chiquinho,Chiquinho,FWD,Portugal,2021/22,2024/25,2,Wolves,9,0
Tawanda Chirewa,Tawanda Chirewa,Tawanda Chirewa,Chirewa,MID,Zimbabwe,2023/24,2025/26,2,Wolves,10,0
Vlad Chiriches,Vlad Chiriches,Vlad Chiricheș,Chiriches,DEF,Romania,2013/14,2014/15,2,Spurs,27,1
Pedro Chirivella,Pedro Chirivella,Pedro Chirivella,Chirivella,MID,Spain,2015/16,2015/16,1,Liverpool,1,0
Leon Chiwome,Leon Chiwome,Leon Chiwome,Chiwome,FWD,England,2023/24,2023/24,1,Wolves,3,0
Cho Won-hee,Cho Won-hee,Cho Won-hee,Cho,MID,South Korea,2008/09,2009/10,2,Wigan,5,0
Tahith Chong,Tahith Chong,Tahith Chong,Chong,FWD,Netherlands,2018/19,2023/24,3,Man Utd; Luton,38,4
Michael Chopra,Michael Chopra,Michael Chopra,Chopra,FWD,England,2002/03,2008/09,6,Newcastle; Sunderland,60,9
Hamza Choudhury,Hamza Choudhury,Hamza Choudhury,Choudhury,MID,Bangladesh,2017/18,2024/25,6,Leicester,57,1
Eric Maxim Choupo-Moting,Eric Maxim Choupo-Moting,Eric Maxim Choupo-Moting,Choupo-Moting,FWD,Cameroon,2017/18,2017/18,1,Stoke,30,5
Philippe Christanval,Philippe Christanval,Philippe Christanval,Christanval,DEF,France,2005/06,2007/08,3,Fulham,36,1
Andreas Christensen,Andreas Christensen,Andreas Christensen,Christensen,DEF,Denmark,2014/15,2021/22,6,Chelsea,93,0
Cyrus Christie,Cyrus Christie,Cyrus Christie,Christie,DEF,Republic of Ireland,2018/19,2018/19,1,Fulham,28,0
Iyseden Christie,Iyseden Christie,Iyseden Christie,Christie,FWD,England,1995/96,1995/96,1,Coventry,1,0
Malcolm Christie,Malcolm Christie,Malcolm Christie,Christie,FWD,England,1998/99,2006/07,9,Derby; Middlesbrough,135,29
Ryan Christie,Ryan Christie,Ryan Christie,Christie,MID,Scotland,2022/23,2025/26,4,Bournemouth,124,5
Carney Chukwuemeka,Carney Chukwuemeka,Carney Chibueze Chukwuemeka,Chukwuemeka,MID,England,2020/21,2023/24,4,Aston Villa; Chelsea,37,1
Samuel Chukwueze,Samuel Chukwueze,Samuel Chukwueze,Chukwueze,FWD,Nigeria,2025/26,2025/26,1,Fulham,23,3
Gerald Cid,Gerald Cid,Gérald Cid,Cid,DEF,France,2007/08,2007/08,1,Bolton,7,0
Dennis Cirkin,Dennis Cirkin,Dennis Cirkin,Cirkin,DEF,Latvia,2025/26,2025/26,1,Sunderland,8,0
Aliou Cisse,Aliou Cisse,Aliou Cissé,Cisse,MID,Senegal,2002/03,2005/06,4,Birmingham; Portsmouth,59,0
Djibril Cisse,Djibril Cisse,Djibril Cissé,Cisse,FWD,France,2004/05,2012/13,5,Liverpool; Sunderland; QPR,110,32
Edouard Cisse,Edouard Cisse,Édouard Cissé,Cisse,MID,France,2002/03,2002/03,1,West Ham,25,0
Ibrahima Cisse,Ibrahima Cisse,Ibrahima Cissé,Cisse,MID,Guinea,2018/19,2018/19,1,Fulham,3,0
Kalifa Cisse,Kalifa Cisse,Kalifa Cissé,Cisse,MID,Mali,2007/08,2007/08,1,Reading,22,1
Papiss Cisse,Papiss Cisse,Papiss Cissé,Cisse,FWD,Senegal,2011/12,2015/16,5,Newcastle,117,37
Aly Cissokho,Aly Cissokho,Aly Cissokho,Cissokho,DEF,France,2013/14,2015/16,3,Liverpool; Aston Villa,58,0
Jamie Clapham,Jamie Clapham,Jamie Clapham,Clapham,DEF,England,1996/97,2005/06,7,Spurs; Ipswich; Birmingham,152,5
Steve Claridge,Steve Claridge,Steve Claridge,Claridge,FWD,England,1996/97,1997/98,2,Leicester,49,11
Ben Clark,Ben Clark,Ben Clark,Clark,DEF,England,2002/03,2002/03,1,Sunderland,1,0
Bobby Clark,Bobby Clark,Bobby Clark,Clark,MID,England,2022/23,2023/24,2,Liverpool,6,0
Ciaran Clark,Ciaran Clark,Ciaran Clark,Clark,DEF,Republic of Ireland,2009/10,2021/22,12,Aston Villa; Newcastle,214,15
Jordan Clark,Jordan Clark,Jordan Clark,Clark,MID,England,2023/24,2023/24,1,Luton,23,1
Lee Clark,Lee Clark,Lee Clark,Clark,MID,England,1993/94,2005/06,9,Newcastle; Fulham,185,13
Adrian Clarke,Adrian Clarke,Adrian Clarke,Clarke,MID,England,1994/95,1995/96,2,Arsenal,7,0
Andy Clarke,Andy Clarke,Andy Clarke,Clarke,FWD,England,1992/93,1997/98,6,Wimbledon,124,11
Clive Clarke,Clive Clarke,Clive Clarke,Clarke,DEF,Republic of Ireland,2005/06,2005/06,1,West Ham,2,0
Harry Clarke,Harry Clarke,Harry Clarke,Clarke,DEF,England,2024/25,2024/25,1,Ipswich,7,0
Jack Clarke,Jack Clarke,Jack Clarke,Clarke,FWD,England,2024/25,2024/25,1,Ipswich,32,0
Leon Clarke,Leon Clarke,Leon Clarke,Clarke,FWD,England,2019/20,2019/20,1,Sheffield Utd,2,0
Matt Clarke,Matt Clarke,Matt Clarke,Clarke,GK,England,1996/97,2000/01,4,Sheffield Wed; Bradford,42,0
Peter Clarke,Peter Clarke,Peter Clarke,Clarke,DEF,England,2000/01,2003/04,3,Everton,9,0
Steve Clarke,Steve Clarke,Steve Clarke,Clarke,DEF,Scotland,1992/93,1997/98,6,Chelsea,167,1
Jake Clarke-Salter,Jake Clarke-Salter,Jake Clarke-Salter,Clarke-Salter,DEF,England,2015/16,2015/16,1,Chelsea,1,0
Jordy Clasie,Jordy Clasie,Jordy Clasie,Clasie,MID,Netherlands,2015/16,2016/17,2,Southampton,38,1
Adam Clayton,Adam Clayton,Adam Clayton,Clayton,MID,England,2016/17,2016/17,1,Middlesbrough,34,0
Michael Clegg,Michael Clegg,Michael Clegg,Clegg,DEF,England,1996/97,1999/00,3,Man Utd,9,0
Alec Cleland,Alec Cleland,Alec Cleland,Cleland,DEF,Scotland,1998/99,2001/02,4,Everton,35,0
Stephen Clemence,Stephen Clemence,Stephen Clemence,Clemence,MID,England,1997/98,2005/06,9,Spurs; Birmingham,176,6
Neil Clement,Neil Clement,Neil Clement,Clement,DEF,England,1996/97,2005/06,4,Chelsea; West Brom,103,7
Philippe Clement,Philippe Clement,Philippe Clement,Clement,MID,Belgium,1998/99,1998/99,1,Coventry,12,0
Tom Cleverley,Tom Cleverley,Tom Cleverley,Cleverley,MID,England,2010/11,2021/22,11,Wigan; Man Utd; Aston Villa; Everton; Watford,242,14
Gael Clichy,Gael Clichy,Gaël Clichy,Clichy,DEF,France,2003/04,2016/17,14,Arsenal; Man City,325,3
Nigel Clough,Nigel Clough,Nigel Clough,Clough,FWD,England,1992/93,1997/98,6,Nottingham Forest; Liverpool; Man City; Sheffield Wed,110,20
Sam Clucas,Sam Clucas,Sam Clucas,Clucas,MID,England,2016/17,2017/18,2,Hull; Swansea,66,6
Mark Clyde,Mark Clyde,Mark Clyde,Clyde,DEF,Northern Ireland,2003/04,2003/04,1,Wolves,9,0
Nathaniel Clyne,Nathaniel Clyne,Nathaniel Clyne,Clyne,DEF,England,2012/13,2025/26,13,Southampton; Liverpool; Bournemouth; Crystal Palace,278,4
Conor Coady,Conor Coady,Conor Coady,Coady,DEF,England,2012/13,2024/25,7,Liverpool; Wolves; Everton; Leicester,198,7
Sebastian Coates,Sebastian Coates,Sebastián Coates,Coates,DEF,Uruguay,2011/12,2015/16,4,Liverpool; Sunderland,38,1
Juan Cobian,Juan Cobian,Juan Cobián,Cobian,DEF,Argentina,1998/99,1998/99,1,Sheffield Wed,9,0
Glenn Cockerill,Glenn Cockerill,Glenn Cockerill,Cockerill,MID,England,1992/93,1993/94,2,Southampton,37,0
Tamir Cohen,Tamir Cohen,Tamir Cohen,Cohen,MID,Israel,2007/08,2010/11,4,Bolton,49,6
Jack Colback,Jack Colback,Jack Colback,Colback,MID,England,2009/10,2022/23,8,Sunderland; Newcastle; Nottingham Forest,190,9
Andy Cole,Andy Cole,Andrew Cole,Cole,FWD,England,1993/94,2007/08,15,Newcastle; Man Utd; Blackburn; Fulham; Man City; Portsmouth; Sunderland,414,187
Ashley Cole,Ashley Cole,Ashley Cole,Cole,DEF,England,1999/00,2013/14,15,Arsenal; Chelsea,385,15
Carlton Cole,Carlton Cole,Carlton Cole,Cole,FWD,England,2001/02,2014/15,13,Chelsea; Charlton; Aston Villa; West Ham,289,52
Joe Cole,Joe Cole,Joe Cole,Cole,MID,England,1998/99,2014/15,16,West Ham; Chelsea; Liverpool; Aston Villa,378,46
Larnell Cole,Larnell Cole,Larnell Cole,Cole,MID,England,2013/14,2013/14,1,Fulham,1,0
Chris Coleman,Chris Coleman,Chris Coleman,Coleman,DEF,Wales,1992/93,1996/97,4,Crystal Palace; Blackburn,101,6
Joel Coleman,Joel Coleman,Joel Coleman,Coleman,GK,England,2018/19,2018/19,1,Huddersfield,1,0
Seamus Coleman,Seamus Coleman,Séamus Coleman,Coleman,DEF,Republic of Ireland,2009/10,2025/26,17,Everton,374,22
Simon Coleman,Simon Coleman,Simon Coleman,Coleman,DEF,England,1993/94,1995/96,3,Sheffield Wed; Bolton,28,2
Nick Colgan,Nick Colgan,Nick Colgan,Colgan,GK,Republic of Ireland,1996/97,1996/97,1,Chelsea,1,0
Patrick Colleter,Patrick Colleter,Patrick Colleter,Colleter,DEF,France,1998/99,1999/00,2,Southampton,24,1
Andy Collett,Andy Collett,Andy Collett,Collett,GK,England,1992/93,1992/93,1,Middlesbrough,2,0
Danny Collins,Danny Collins,Danny Collins,Collins,DEF,Wales,2005/06,2010/11,5,Sunderland; Stoke,147,3
James Collins,James Collins,James Collins,Collins,DEF,Wales,2005/06,2017/18,13,West Ham; Aston Villa,279,11
John Collins,John Collins,John Collins,Collins,MID,Scotland,1998/99,2002/03,4,Everton; Fulham,94,3
Nathan Collins,Nathan Collins,Nathan Collins,Collins,DEF,Republic of Ireland,2021/22,2025/26,5,Burnley; Wolves; Brentford,150,6
Wayne Collins,Wayne Collins,Wayne Collins,Collins,MID,England,1996/97,1997/98,2,Sheffield Wed,31,6
Jack Collison,Jack Collison,Jack Collison,Collison,MID,Wales,2007/08,2013/14,6,West Ham,74,7
Toby Collyer,Toby Collyer,Toby Collyer,Collyer,MID,England,2024/25,2024/25,1,Man Utd,6,0
Stan Collymore,Stan Collymore,Stan Collymore,Collymore,FWD,England,1992/93,2000/01,8,Crystal Palace; Nottingham Forest; Liverpool; Aston Villa; Leicester; Bradford,163,62
Fabricio Coloccini,Fabricio Coloccini,Fabricio Coloccini,Coloccini,DEF,Argentina,2008/09,2015/16,7,Newcastle,211,4
Levi Colwill,Levi Colwill,Levi Colwill,Colwill,DEF,England,2022/23,2025/26,4,Brighton; Chelsea,78,3
Ferdinand Coly,Ferdinand Coly,Ferdinand Coly,Coly,DEF,Senegal,2002/03,2002/03,1,Birmingham,1,0
Brandon Comley,Brandon Comley,Brandon Comley,Comley,MID,Montserrat,2014/15,2014/15,1,QPR,1,0
Aaron Connolly,Aaron Connolly,Aaron Connolly,Connolly,FWD,Republic of Ireland,2019/20,2021/22,3,Brighton,45,5
Callum Connolly,Callum Connolly,Callum Connolly,Connolly,DEF,England,2015/16,2015/16,1,Everton,1,0
David Connolly,David Connolly,David Connolly,Connolly,FWD,Republic of Ireland,2005/06,2007/08,3,Wigan; Sunderland,22,1
Matthew Connolly,Matthew Connolly,Matthew Connolly,Connolly,DEF,England,2011/12,2013/14,2,QPR; Cardiff,9,0
Cosmin Contra,Cosmin Contra,Cosmin Contra,Contra,DEF,Romania,2004/05,2004/05,1,West Brom,5,0
Bobby Convey,Bobby Convey,Bobby Convey,Convey,FWD,United States,2006/07,2007/08,2,Reading,29,0
Jordan Cook,Jordan Cook,Jordan Cook,Cook,MID,England,2010/11,2010/11,1,Sunderland,3,0
Lewis Cook,Lewis Cook,Lewis Cook,Cook,MID,England,2016/17,2025/26,8,Bournemouth,190,1
Paul Cook,Paul Cook,Paul Cook,Cook,MID,England,1994/95,1995/96,2,Coventry,37,3
Steve Cook,Steve Cook,Steve Cook,Cook,DEF,England,2015/16,2022/23,6,Bournemouth; Nottingham Forest,180,10
Stephen Cooke,Stephen Cooke,Stephen Cooke,Cooke,MID,England,2002/03,2002/03,1,Aston Villa,3,0
Terry Cooke,Terry Cooke,Terry Cooke,Cooke,MID,England,1995/96,1995/96,1,Man Utd,4,0
Colin Cooper,Colin Cooper,Colin Cooper,Cooper,DEF,England,1994/95,2005/06,11,Nottingham Forest; Middlesbrough,266,13
Kevin Cooper,Kevin Cooper,Kevin Cooper,Cooper,MID,England,2003/04,2003/04,1,Wolves,1,0
Liam Cooper,Liam Cooper,Liam Cooper,Cooper,DEF,Scotland,2009/10,2022/23,4,Hull; Leeds,66,2
James Coppinger,James Coppinger,James Coppinger,Coppinger,FWD,England,2000/01,2000/01,1,Newcastle,1,0
Diego Coppola,Diego Coppola,Diego Coppola,Coppola,DEF,Italy,2025/26,2025/26,1,Brighton,5,0
Francis Coquelin,Francis Coquelin,Francis Coquelin,Coquelin,MID,France,2011/12,2017/18,6,Arsenal,105,0
Theo Corbeanu,Theo Corbeanu,Theo Corbeanu,Corbeanu,FWD,Canada,2020/21,2020/21,1,Wolves,1,0
Daniel Cordone,Daniel Cordone,Daniel Cordone,Cordone,FWD,Argentina,2000/01,2000/01,1,Newcastle,21,2
Alan Cork,Alan Cork,Alan Cork,Cork,FWD,England,1992/93,1993/94,2,Sheffield Utd,46,5
Jack Cork,Jack Cork,Jack Cork,Cork,MID,England,2009/10,2023/24,12,Burnley; Southampton; Swansea,304,9
Vedran Corluka,Vedran Corluka,Vedran Ćorluka,Corluka,DEF,Croatia,2007/08,2011/12,5,Man City; Spurs,119,2
Andreas Cornelius,Andreas Cornelius,Andreas Cornelius,Cornelius,FWD,Denmark,2013/14,2013/14,1,Cardiff,8,0
Maxwel Cornet,Maxwel Cornet,Maxwel Cornet,Cornet,FWD,Ivory Coast,2021/22,2024/25,4,Burnley; West Ham; Southampton,49,10
Bernardo Corradi,Bernardo Corradi,Bernardo Corradi,Corradi,FWD,Italy,2006/07,2006/07,1,Man City,25,3
Carl Cort,Carl Cort,Carl Cort,Cort,FWD,Guyana,1996/97,2003/04,8,Wimbledon; Newcastle; Wolves,111,28
Leon Cort,Leon Cort,Leon Cort,Cort,DEF,England,2008/09,2009/10,2,Stoke; Burnley,26,0
Diego Costa,Diego Costa,Diego Costa,Costa,FWD,Spain,2014/15,2022/23,4,Chelsea; Wolves,112,53
Helder Costa,Helder Costa,Hélder Costa,Costa,FWD,Angola,2018/19,2021/22,3,Wolves; Leeds,48,4
Jorge Costa,Jorge Costa,Jorge Costa,Costa,DEF,Portugal,2001/02,2001/02,1,Charlton,24,0
Tony Coton,Tony Coton,Tony Coton,Coton,GK,England,1992/93,1996/97,4,Man City; Sunderland,104,0
Tony Cottee,Tony Cottee,Tony Cottee,Cottee,FWD,England,1992/93,2000/01,9,Everton; West Ham; Leicester,220,78
Leo Cotterell,Leo Cotterell,Leo Cotterell,Cotterell,DEF,England,1994/95,1994/95,1,Ipswich,2,0
David Cotterill,David Cotterill,David Cotterill,Cotterill,FWD,Wales,2006/07,2007/08,2,Wigan,18,1
Steve Cotterill,Steve Cotterill,Steve Cotterill,Cotterill,FWD,England,1992/93,1992/93,1,Wimbledon,7,3
Vladimir Coufal,Vladimir Coufal,Vladimír Coufal,Coufal,DEF,Czech Republic,2020/21,2024/25,5,West Ham,147,0
Woyo Coulibaly,Woyo Coulibaly,Woyo Coulibaly,Coulibaly,DEF,France,2024/25,2024/25,1,Leicester,4,0
Pablo Counago,Pablo Counago,Pablo Couñago,Counago,FWD,Spain,2001/02,2001/02,1,Ipswich,13,0
Laurent Courtois,Laurent Courtois,Laurent Courtois,Courtois,MID,France,2001/02,2001/02,1,West Ham,7,0
Thibaut Courtois,Thibaut Courtois,Thibaut Courtois,Courtois,GK,Belgium,2014/15,2017/18,4,Chelsea,126,0
Daniel Cousin,Daniel Cousin,Daniel Cousin,Cousin,FWD,Gabon,2008/09,2009/10,2,Hull,30,4
Philippe Coutinho,Philippe Coutinho,Philippe Coutinho,Coutinho,MID,Brazil,2012/13,2023/24,9,Liverpool; Aston Villa,193,47
Andy Couzens,Andy Couzens,Andy Couzens,Couzens,MID,England,1994/95,1996/97,3,Leeds,28,1
Conor Coventry,Conor Coventry,Conor Coventry,Coventry,MID,Republic of Ireland,2022/23,2022/23,1,West Ham,1,0
Tom Cowan,Tom Cowan,Tom Cowan,Cowan,DEF,Scotland,1992/93,1993/94,2,Sheffield Utd,25,0
Gordon Cowans,Gordon Cowans,Gordon Cowans,Cowans,MID,England,1992/93,1993/94,2,Blackburn; Aston Villa,35,1
Don Cowie,Don Cowie,Don Cowie,Cowie,MID,Scotland,2013/14,2013/14,1,Cardiff,18,0
Ian Cox,Ian Cox,Ian Cox,Cox,DEF,Trinidad and Tobago,1994/95,1994/95,1,Crystal Palace,11,0
Neil Cox,Neil Cox,Neil Cox,Cox,DEF,England,1992/93,1999/00,6,Aston Villa; Middlesbrough; Bolton; Watford,143,6
Simon Cox,Simon Cox,Simon Cox,Cox,FWD,Republic of Ireland,2010/11,2011/12,2,West Brom,37,1
Owen Coyle,Owen Coyle,Owen Coyle,Coyle,FWD,Republic of Ireland,1995/96,1995/96,1,Bolton,5,0
Chris Coyne,Chris Coyne,Chris Coyne,Coyne,DEF,Australia,1998/99,1998/99,1,West Ham,1,0
Danny Coyne,Danny Coyne,Danny Coyne,Coyne,GK,Wales,2003/04,2003/04,1,Leicester,4,0
Jody Craddock,Jody Craddock,Jody Craddock,Craddock,DEF,England,1999/00,2011/12,8,Sunderland; Wolves,189,9
Tom Craddock,Tom Craddock,Tom Craddock,Craddock,FWD,England,2005/06,2007/08,2,Middlesbrough,4,0
Matthew Craig,Matthew Craig,Matthew Craig,Craig,MID,Scotland,2022/23,2022/23,1,Spurs,1,0
Stephen Crainey,Stephen Crainey,Stephen Crainey,Crainey,DEF,Scotland,2003/04,2010/11,2,Southampton; Blackpool,36,0
Colin Cramb,Colin Cramb,Colin Cramb,Cramb,FWD,Scotland,1993/94,1993/94,1,Southampton,1,0
Martin Cranie,Martin Cranie,Martin Cranie,Cranie,DEF,England,2003/04,2017/18,4,Southampton; Portsmouth; Huddersfield,9,0
Jimmy Crawford,Jimmy Crawford,Jimmy Crawford,Crawford,MID,Republic of Ireland,1996/97,1996/97,1,Newcastle,2,0
Gerry Creaney,Gerry Creaney,Gerry Creaney,Creaney,FWD,Scotland,1995/96,1995/96,1,Man City,15,3
Hernan Crespo,Hernan Crespo,Hernán Crespo,Crespo,FWD,Argentina,2003/04,2005/06,2,Chelsea,49,20
Jose Angel Crespo,Jose Angel Crespo,José Ángel Crespo,Crespo,DEF,Spain,2015/16,2015/16,1,Aston Villa,1,0
Aaron Cresswell,Aaron Cresswell,Aaron Cresswell,Cresswell,DEF,England,2014/15,2024/25,11,West Ham,312,10
Charlie Cresswell,Charlie Cresswell,Charlie Cresswell,Cresswell,DEF,England,2021/22,2021/22,1,Leeds,5,0
Richard Cresswell,Richard Cresswell,Richard Cresswell,Cresswell,FWD,England,1998/99,2009/10,5,Sheffield Wed; Leicester; Stoke,67,2
Nick Crittenden,Nick Crittenden,Nick Crittenden,Crittenden,MID,England,1997/98,1997/98,1,Chelsea,2,0
Gary Croft,Gary Croft,Gary Croft,Croft,DEF,England,1996/97,2000/01,4,Blackburn; Ipswich,48,1
Lee Croft,Lee Croft,Lee Croft,Croft,MID,England,2004/05,2005/06,2,Man City,28,1
Andrew Crofts,Andrew Crofts,Andrew Crofts,Crofts,MID,Wales,2011/12,2011/12,1,Norwich,24,0
Ian Crook,Ian Crook,Ian Crook,Crook,MID,England,1992/93,1994/95,3,Norwich,106,3
Lee Crooks,Lee Crooks,Lee Crooks,Crooks,DEF,England,2000/01,2000/01,1,Man City,2,0
Gary Crosby,Gary Crosby,Gary Crosby,Crosby,MID,England,1992/93,1992/93,1,Nottingham Forest,23,1
Mark Crossley,Mark Crossley,Mark Crossley,Crossley,GK,Wales,1992/93,2005/06,10,Nottingham Forest; Middlesbrough; Fulham,204,0
Peter Crouch,Peter Crouch,Peter Crouch,Crouch,FWD,England,2001/02,2018/19,18,Aston Villa; Southampton; Liverpool; Portsmouth; Spurs; Stoke; Burnley,468,108
Danny Crow,Danny Crow,Danny Crow,Crow,FWD,England,2004/05,2004/05,1,Norwich,3,0
Albert Crusat,Albert Crusat,Albert Crusat,Crusat,MID,Spain,2011/12,2011/12,1,Wigan,15,1
Jordi Cruyff,Jordi Cruyff,Jordi Cruyff,Cruyff,MID,Netherlands,1996/97,1999/00,4,Man Utd,34,8
Juan Cuadrado,Juan Cuadrado,Juan Cuadrado,Cuadrado,MID,Colombia,2014/15,2015/16,2,Chelsea,13,0
Marc Cucurella,Marc Cucurella,Marc Cucurella,Cucurella,DEF,Spain,2021/22,2025/26,5,Brighton; Chelsea,150,7
Carlo Cudicini,Carlo Cudicini,Carlo Cudicini,Cudicini,GK,Italy,1999/00,2010/11,12,Chelsea; Spurs,161,0
Carlos Cuellar,Carlos Cuellar,Carlos Cuéllar,Cuellar,DEF,Spain,2008/09,2013/14,6,Aston Villa; Sunderland,124,3
Jorge Cuenca,Jorge Cuenca,Jorge Cuenca Barreda,Cuenca,DEF,Spain,2024/25,2025/26,2,Fulham,23,0
Nick Culkin,Nick Culkin,Nick Culkin,Culkin,GK,England,1999/00,1999/00,1,Man Utd,1,0
Josh Cullen,Josh Cullen,Josh Cullen,Cullen,MID,Republic of Ireland,2015/16,2025/26,4,West Ham; Burnley,46,4
Mark Cullen,Mark Cullen,Mark Cullen,Cullen,FWD,England,2009/10,2009/10,1,Hull,3,1
Ian Culverhouse,Ian Culverhouse,Ian Culverhouse,Culverhouse,DEF,England,1992/93,1993/94,2,Norwich,83,1
Shaun Cummings,Shaun Cummings,Shaun Cummings,Cummings,DEF,England,2012/13,2012/13,1,Reading,9,0
Micky Cummins,Micky Cummins,Michael Cummins,Cummins,MID,Republic of Ireland,1998/99,1999/00,2,Middlesbrough,2,0
Luke Cundle,Luke Cundle,Luke Cundle,Cundle,MID,England,2021/22,2021/22,1,Wolves,4,0
Jason Cundy,Jason Cundy,Jason Cundy,Cundy,DEF,England,1992/93,1995/96,2,Spurs,16,1
Jair Cunha,Jair Cunha,Jair Cunha,Cunha,DEF,Brazil,2025/26,2025/26,1,Nottingham Forest,9,0
Matheus Cunha,Matheus Cunha,Matheus Cunha,Cunha,FWD,Brazil,2022/23,2025/26,4,Wolves; Man Utd,115,39
Greg Cunningham,Greg Cunningham,Greg Cunningham,Cunningham,DEF,Republic of Ireland,2009/10,2018/19,2,Man City; Cardiff,9,0
Kenny Cunningham,Kenny Cunningham,Kenny Cunningham,Cunningham,DEF,Republic of Ireland,1994/95,2005/06,10,Wimbledon; Birmingham,335,0
Sasa Curcic,Sasa Curcic,Saša Ćurčić,Curcic,MID,Yugoslavia,1995/96,1997/98,3,Bolton; Aston Villa; Crystal Palace,65,5
Jamie Cureton,Jamie Cureton,Jamie Cureton,Cureton,FWD,England,1994/95,1994/95,1,Norwich,17,4
Keith Curle,Keith Curle,Keith Curle,Curle,DEF,England,1992/93,1995/96,4,Man City,131,6
John Curtis,John Curtis,John Curtis,Curtis,DEF,England,1997/98,2004/05,7,Man Utd; Blackburn; Leicester; Portsmouth,50,0
Sam Curtis,Sam Curtis,Sam Curtis,Curtis,DEF,Republic of Ireland,2023/24,2023/24,1,Sheffield Utd,1,0
Neil Cutler,Neil Cutler,Neil Cutler,Cutler,GK,England,1999/00,1999/00,1,Aston Villa,1,0
Patrick Cutrone,Patrick Cutrone,Patrick Cutrone,Cutrone,FWD,Italy,2019/20,2020/21,2,Wolves,14,2
Pascal Cygan,Pascal Cygan,Pascal Cygan,Cygan,DEF,France,2002/03,2005/06,4,Arsenal,63,3
Andres D'Alessandro,Andres D'Alessandro,Andrés D'Alessandro,D'Alessandro,MID,Argentina,2005/06,2005/06,1,Portsmouth,13,1
Nikos Dabizas,Nikos Dabizas,Nikos Dabizas,Dabizas,DEF,Greece,1997/98,2003/04,7,Newcastle; Leicester,148,10
Ousmane Dabo,Ousmane Dabo,Ousmane Dabo,Dabo,MID,France,2006/07,2006/07,1,Man City,13,0
Olivier Dacourt,Olivier Dacourt,Olivier Dacourt,Dacourt,MID,France,1998/99,2008/09,5,Everton; Leeds; Fulham,96,5
Mats Moller Daehli,Mats Moller Daehli,Mats Møller Dæhli,Daehli,MID,Norway,2013/14,2013/14,1,Cardiff,13,1
Martin Dahlin,Martin Dahlin,Martin Dahlin,Dahlin,FWD,Sweden,1997/98,1998/99,2,Blackburn,26,4
Mahmoud Dahoud,Mahmoud Dahoud,Mahmoud Dahoud,Dahoud,MID,Germany,2023/24,2023/24,1,Brighton,9,0
Christian Dailly,Christian Dailly,Christian Dailly,Dailly,DEF,Scotland,1996/97,2006/07,8,Derby; Blackburn; West Ham,196,4
Daniele Daino,Daniele Daino,Daniele Daino,Daino,DEF,Italy,2001/02,2001/02,1,Derby,2,0
Liam Daish,Liam Daish,Liam Daish,Daish,DEF,Republic of Ireland,1995/96,1996/97,2,Coventry,31,2
Patson Daka,Patson Daka,Patson Daka,Daka,FWD,Zambia,2021/22,2024/25,3,Leicester,76,10
Tony Daley,Tony Daley,Tony Daley,Daley,MID,England,1992/93,1993/94,2,Aston Villa,40,3
Paul Dalglish,Paul Dalglish,Paul Dalglish,Dalglish,FWD,Scotland,1998/99,1998/99,1,Newcastle,11,1
Samuele Dalla Bona,Samuele Dalla Bona,Samuele Dalla Bona,Dalla Bona,DEF,Italy,1999/00,2001/02,3,Chelsea,55,6
Stuart Dallas,Stuart Dallas,Stuart Dallas,Dallas,DEF,Northern Ireland,2020/21,2021/22,2,Leeds,72,9
Stephane Dalmat,Stephane Dalmat,Stéphane Dalmat,Dalmat,MID,France,2003/04,2003/04,1,Spurs,22,3
Diogo Dalot,Diogo Dalot,Diogo Dalot,Dalot,DEF,Portugal,2018/19,2025/26,7,Man Utd,173,4
Matty Daly,Matty Daly,Matty Daly,Daly,MID,England,2018/19,2018/19,1,Huddersfield,2,0
Loic Damour,Loic Damour,Loïc Damour,Damour,MID,France,2018/19,2018/19,1,Cardiff,2,0
Mikkel Damsgaard,Mikkel Damsgaard,Mikkel Damsgaard,Damsgaard,MID,Denmark,2022/23,2025/26,4,Brentford,120,6
Dani,Dani,Dani Carvalho,Dani,FWD,Portugal,1995/96,1995/96,1,West Ham,9,2
Charlie Daniels,Charlie Daniels,Charlie Daniels,Daniels,DEF,England,2015/16,2019/20,5,Bournemouth,129,9
Luke Daniels,Luke Daniels,Luke Daniels,Daniels,GK,England,2013/14,2013/14,1,West Brom,1,0
Tomas Danilevicius,Tomas Danilevicius,Tomas Danilevičius,Danilevicius,FWD,Lithuania,2000/01,2000/01,1,Arsenal,2,0
Danilo,Danilo,Danilo,Danilo,DEF,Brazil,2017/18,2018/19,2,Man City,34,4
Danilo (Forest),Danilo,Danilo dos Santos de Oliveira,Danilo,MID,Brazil,2022/23,2024/25,3,Nottingham Forest,50,5
Arnaut Danjuma,Arnaut Danjuma,Arnaut Danjuma Groeneveld,Danjuma,FWD,Netherlands,2019/20,2023/24,3,Bournemouth; Spurs; Everton,37,2
Scott Dann,Scott Dann,Scott Dann,Dann,DEF,England,2009/10,2020/21,11,Birmingham; Blackburn; Crystal Palace,241,16
Jayden Danns,Jayden Danns,Jayden Danns,Danns,FWD,England,2023/24,2024/25,2,Liverpool,3,0
Neil Danns,Neil Danns,Neil Danns,Danns,MID,Guyana,2002/03,2007/08,3,Blackburn; Birmingham,5,0
Kevin Danso,Kevin Danso,Kevin Danso,Danso,DEF,Austria,2019/20,2025/26,3,Southampton; Spurs,40,0
Fabio Daprela,Fabio Daprela,Fabio Daprelà,Daprela,DEF,Switzerland,2009/10,2009/10,1,West Ham,7,0
Julian Darby,Julian Darby,Julian Darby,Darby,MID,England,1993/94,1994/95,2,Coventry,55,5
Stephen Darby,Stephen Darby,Stephen Darby,Darby,DEF,England,2009/10,2009/10,1,Liverpool,1,0
Jean-Claude Darcheville,Jean-Claude Darcheville,Jean-Claude Darcheville,Darcheville,FWD,France,1998/99,1998/99,1,Nottingham Forest,16,2
Karl Darlow,Karl Darlow,Karl Darlow,Darlow,GK,Wales,2015/16,2025/26,5,Newcastle; Leeds,74,0
Matteo Darmian,Matteo Darmian,Matteo Darmian,Darmian,DEF,Italy,2015/16,2018/19,4,Man Utd,60,1
Josh Dasilva,Josh Dasilva,Josh Dasilva,Dasilva,MID,England,2021/22,2025/26,4,Brentford,50,4
Calum Davenport,Calum Davenport,Calum Davenport,Davenport,DEF,England,2000/01,2008/09,5,Coventry; Southampton; Spurs; West Ham; Sunderland,44,2
Chris David,Chris David,Chris David,David,MID,Netherlands,2013/14,2013/14,1,Fulham,1,1
David Luiz,David Luiz,David Luiz,David Luiz,DEF,Brazil,2010/11,2020/21,9,Chelsea; Arsenal,213,14
Edgar Davids,Edgar Davids,Edgar Davids,Davids,MID,Netherlands,2005/06,2006/07,2,Spurs,40,1
Callum Davidson,Callum Davidson,Callum Davidson,Davidson,DEF,Scotland,1997/98,2003/04,5,Blackburn; Leicester,106,2
Jason Davidson,Jason Davidson,Jason Davidson,Davidson,DEF,Australia,2014/15,2014/15,1,West Brom,2,0
Andrew Davies,Andrew Davies,Andrew Davies,Davies,DEF,England,2002/03,2008/09,7,Middlesbrough; Stoke,55,0
Ben Davies,Ben Davies,Ben Davies,Davies,DEF,Wales,2012/13,2025/26,14,Swansea; Spurs,316,11
Curtis Davies,Curtis Davies,Curtis Davies,Davies,DEF,England,2005/06,2016/17,8,West Brom; Aston Villa; Birmingham; Hull,172,7
Gareth Davies,Gareth Davies,Gareth Davies,Davies,DEF,Wales,1997/98,1997/98,1,Crystal Palace,1,0
Kevin Davies,Kevin Davies,Kevin Davies,Davies,FWD,England,1997/98,2011/12,15,Southampton; Blackburn; Bolton,444,88
Mark Davies,Mark Davies,Mark Davies,Davies,MID,England,2008/09,2011/12,4,Bolton,86,5
Simon Davies,Simon Davies,Simon Davies,Davies,MID,Wales,1999/00,2011/12,13,Spurs; Everton; Fulham,303,27
Simon Davies (b.1974),Simon Davies,Simon Davies,Davies,MID,Wales,1994/95,1995/96,2,Man Utd,11,0
Tom Davies,Tom Davies,Tom Davies,Davies,MID,England,2015/16,2023/24,9,Everton; Sheffield Utd,164,6
Claude Davis,Claude Davis,Claude Davis,Davis,DEF,Jamaica,2006/07,2007/08,2,Sheffield Utd; Derby,40,0
David Davis,David Davis,David Davis,Davis,MID,England,2011/12,2011/12,1,Wolves,7,0
Keinan Davis,Keinan Davis,Keinan Davis,Davis,FWD,England,2019/20,2021/22,3,Aston Villa,34,1
Kelvin Davis,Kelvin Davis,Kelvin Davis,Davis,GK,England,2005/06,2015/16,5,Sunderland; Southampton,53,0
Leif Davis,Leif Davis,Leif Davis,Davis,DEF,England,2020/21,2024/25,2,Leeds; Ipswich,35,1
Neil Davis,Neil Davis,Neil Davis,Davis,FWD,England,1995/96,1995/96,1,Aston Villa,2,0
Paul Davis,Paul Davis,Paul Davis,Davis,MID,England,1992/93,1994/95,3,Arsenal,32,1
Sean Davis,Sean Davis,Sean Davis,Davis,MID,England,2001/02,2009/10,9,Fulham; Spurs; Portsmouth; Bolton,202,10
Steven Davis,Steven Davis,Steven Davis,Davis,MID,Northern Ireland,2004/05,2018/19,11,Aston Villa; Fulham; Southampton,306,17
Aidan Davison,Aidan Davison,Aidan Davison,Davison,GK,Northern Ireland,1995/96,2000/01,3,Bolton; Bradford,10,0
Bobby Davison,Bobby Davison,Bobby Davison,Davison,FWD,England,1993/94,1993/94,1,Sheffield Utd,9,0
Simon Dawkins,Simon Dawkins,Simon Dawkins,Dawkins,FWD,Jamaica,2012/13,2012/13,1,Aston Villa,4,0
Andy Dawson,Andy Dawson,Andy Dawson,Dawson,DEF,England,2008/09,2009/10,2,Hull,60,2
Craig Dawson,Craig Dawson,Craig Dawson,Dawson,DEF,England,2011/12,2024/25,13,West Brom; Watford; West Ham; Wolves,303,21
Michael Dawson,Michael Dawson,Michael Dawson,Dawson,DEF,England,2004/05,2016/17,12,Spurs; Hull,286,11
Chris Day,Chris Day,Chris Day,Day,GK,England,1999/00,1999/00,1,Watford,11,0
Mervyn Day,Mervyn Day,Mervyn Day,Day,GK,England,1992/93,1992/93,1,Leeds,2,0
Gilles De Bilde,Gilles De Bilde,Gilles De Bilde,De Bilde,FWD,Belgium,1999/00,2000/01,2,Sheffield Wed; Aston Villa,42,10
Kevin De Bruyne,Kevin De Bruyne,Kevin De Bruyne,De Bruyne,MID,Belgium,2013/14,2024/25,11,Chelsea; Man City,288,72
Bobby De Cordova-Reid,Bobby De Cordova-Reid,Bobby De Cordova-Reid,De Cordova-Reid,MID,Jamaica,2018/19,2024/25,5,Cardiff; Fulham; Leicester,152,21
Maxim De Cuyper,Maxim De Cuyper,Maxim De Cuyper,De Cuyper,DEF,Belgium,2025/26,2025/26,1,Brighton,30,2
Ritchie De Laet,Ritchie De Laet,Ritchie De Laet,De Laet,DEF,Belgium,2008/09,2015/16,5,Man Utd; Norwich; Leicester,47,2
Steve De Ridder,Steve De Ridder,Steve De Ridder,De Ridder,FWD,Belgium,2012/13,2012/13,1,Southampton,4,0
Jay DeMerit,Jay DeMerit,Jay DeMerit,DeMerit,DEF,United States,2006/07,2006/07,1,Watford,32,2
Brian Deane,Brian Deane,Brian Deane,Deane,FWD,England,1992/93,2003/04,10,Sheffield Utd; Leeds; Middlesbrough; Leicester,286,71
Kevin Dearden,Kevin Dearden,Kevin Dearden,Dearden,GK,England,1992/93,1992/93,1,Spurs,1,0
Mickael Debeve,Mickael Debeve,Mickaël Debève,Debeve,MID,France,2001/02,2001/02,1,Middlesbrough,4,0
Mathieu Debuchy,Mathieu Debuchy,Mathieu Debuchy,Debuchy,DEF,France,2012/13,2016/17,5,Newcastle; Arsenal,56,2
Deco,Deco,Anderson Luís de Souza,Deco,MID,Portugal,2008/09,2009/10,2,Chelsea,43,5
Troy Deeney,Troy Deeney,Troy Deeney,Deeney,FWD,England,2015/16,2021/22,6,Watford,165,47
Jermain Defoe,Jermain Defoe,Jermain Defoe,Defoe,FWD,England,2000/01,2018/19,19,West Ham; Spurs; Portsmouth; Sunderland; Bournemouth,496,162
Steven Defour,Steven Defour,Steven Defour,Defour,MID,Belgium,2016/17,2018/19,3,Burnley,51,2
Philipp Degen,Philipp Degen,Philipp Degen,Degen,DEF,Switzerland,2009/10,2009/10,1,Liverpool,7,0
Peter Degn,Peter Degn,Peter Degn,Degn,MID,Denmark,1998/99,1998/99,1,Everton,4,0
Marc Degryse,Marc Degryse,Marc Degryse,Degryse,FWD,Belgium,1995/96,1995/96,1,Sheffield Wed,34,8
Ashkan Dejagah,Ashkan Dejagah,Ashkan Dejagah,Dejagah,FWD,Iran,2012/13,2013/14,2,Fulham,43,5
Asier Del Horno,Asier Del Horno,Asier del Horno,Del Horno,DEF,Spain,2005/06,2005/06,1,Chelsea,25,1
Damien Delaney,Damien Delaney,Damien Delaney,Delaney,DEF,Republic of Ireland,2000/01,2017/18,7,Leicester; Crystal Palace,138,3
Mark Delaney,Mark Delaney,Mark Delaney,Delaney,DEF,Wales,1998/99,2005/06,8,Aston Villa,158,2
Liam Delap,Liam Delap,Liam Delap,Delap,FWD,England,2020/21,2025/26,4,Man City; Ipswich; Chelsea,67,13
Rory Delap,Rory Delap,Rory Delap,Delap,MID,Republic of Ireland,1997/98,2012/13,14,Derby; Southampton; Sunderland; Stoke,359,23
Hannes Delcroix,Hannes Delcroix,Hannes Delcroix,Delcroix,DEF,Belgium,2023/24,2023/24,1,Burnley,12,0
Nathan Delfouneso,Nathan Delfouneso,Nathan Delfouneso,Delfouneso,FWD,England,2008/09,2012/13,5,Aston Villa,31,2
Agustin Delgado,Agustin Delgado,Agustín Delgado,Delgado,FWD,Ecuador,2001/02,2003/04,3,Southampton,11,0
Fabian Delph,Fabian Delph,Fabian Delph,Delph,MID,England,2009/10,2021/22,13,Aston Villa; Man City; Everton,204,7
Moussa Dembele,Moussa Dembele,Moussa Dembélé,Dembele,FWD,France,2013/14,2013/14,1,Fulham,2,0
Siriki Dembele,Siriki Dembele,Siriki Dembélé,Dembele,MID,Ivory Coast,2022/23,2022/23,1,Bournemouth,6,0
Mousa Dembele,Mousa Dembele,Mousa Dembélé,Dembélé,MID,Belgium,2010/11,2018/19,9,Fulham; Spurs,243,12
Guy Demel,Guy Demel,Guy Demel,Demel,DEF,Ivory Coast,2012/13,2014/15,3,West Ham,69,1
Martin Demichelis,Martin Demichelis,Martín Demichelis,Demichelis,DEF,Argentina,2013/14,2015/16,3,Man City,78,3
Ishmel Demontagnac,Ishmel Demontagnac,Ishmel Demontagnac,Demontagnac,MID,England,2010/11,2010/11,1,Blackpool,1,0
Clint Dempsey,Clint Dempsey,Clint Dempsey,Dempsey,MID,United States,2006/07,2013/14,8,Fulham; Spurs,218,57
Jason Denayer,Jason Denayer,Jason Denayer,Denayer,DEF,Belgium,2016/17,2016/17,1,Sunderland,24,0
Leander Dendoncker,Leander Dendoncker,Leander Dendoncker,Dendoncker,MID,Belgium,2018/19,2023/24,6,Wolves; Aston Villa,152,10
Denilson,Denilson,Denílson,Denilson,MID,Brazil,2006/07,2010/11,5,Arsenal,96,6
Emmanuel Dennis,Emmanuel Dennis,Emmanuel Dennis,Dennis,FWD,Nigeria,2021/22,2022/23,2,Watford; Nottingham Forest,52,12
Memphis Depay,Memphis Depay,Memphis Depay,Depay,FWD,Netherlands,2015/16,2016/17,2,Man Utd,33,2
Laurent Depoitre,Laurent Depoitre,Laurent Depoitre,Depoitre,FWD,Belgium,2017/18,2018/19,2,Huddersfield,56,6
Matt Derbyshire,Matt Derbyshire,Matt Derbyshire,Derbyshire,FWD,England,2004/05,2010/11,5,Blackburn; Birmingham,76,10
Jesse Derry,Jesse Derry,Jesse Derry,Derry,FWD,England,2025/26,2025/26,1,Chelsea,1,0
Shaun Derry,Shaun Derry,Shaun Derry,Derry,MID,England,2004/05,2012/13,3,Crystal Palace; QPR,54,1
Halil Dervisoglu,Halil Dervisoglu,Halil Dervişoğlu,Dervisoglu,FWD,Turkey,2022/23,2022/23,1,Brentford,1,0
Marcel Desailly,Marcel Desailly,Marcel Desailly,Desailly,DEF,France,1998/99,2003/04,6,Chelsea,158,6
Didier Deschamps,Didier Deschamps,Didier Deschamps,Deschamps,MID,France,1999/00,1999/00,1,Chelsea,27,0
Gerard Deulofeu,Gerard Deulofeu,Gerard Deulofeu,Deulofeu,FWD,Spain,2013/14,2019/20,6,Everton; Watford,127,20
Justin Devenny,Justin Devenny,Justin Devenny,Devenny,MID,Northern Ireland,2024/25,2025/26,2,Crystal Palace,44,2
Paul Devlin,Paul Devlin,Paul Devlin,Devlin,FWD,Scotland,2002/03,2003/04,2,Birmingham,34,3
Kiernan Dewsbury-Hall,Kiernan Dewsbury-Hall,Kiernan Dewsbury-Hall,Dewsbury-Hall,MID,England,2021/22,2025/26,4,Leicester; Chelsea; Everton,103,11
Paolo Di Canio,Paolo Di Canio,Paolo Di Canio,Di Canio,FWD,Italy,1997/98,2003/04,7,Sheffield Wed; West Ham; Charlton,190,66
Angel Di Maria,Angel Di Maria,Ángel Di María,Di Maria,MID,Argentina,2014/15,2014/15,1,Man Utd,27,3
Roberto Di Matteo,Roberto Di Matteo,Roberto Di Matteo,Di Matteo,MID,Italy,1996/97,2000/01,5,Chelsea,119,15
David Di Michele,David Di Michele,David Di Michele,Di Michele,FWD,Italy,2008/09,2008/09,1,West Ham,30,4
Franco Di Santo,Franco Di Santo,Franco Di Santo,Di Santo,FWD,Argentina,2008/09,2012/13,5,Chelsea; Blackburn; Wigan,122,14
Ali Dia,Ali Dia,Ali Dia,Dia,FWD,Senegal,1996/97,1996/97,1,Southampton,1,0
Fousseni Diabate,Fousseni Diabate,Fousseni Diabaté,Diabate,MID,Mali,2017/18,2018/19,2,Leicester,15,0
Abou Diaby,Abou Diaby,Abou Diaby,Diaby,MID,France,2005/06,2013/14,9,Arsenal,124,14
Moussa Diaby,Moussa Diaby,Moussa Diaby,Diaby,FWD,France,2023/24,2023/24,1,Aston Villa,38,6
Mbaye Diagne,Mbaye Diagne,Mbaye Diagne,Diagne,FWD,Senegal,2020/21,2020/21,1,West Brom,16,3
Adama Diakhaby,Adama Diakhaby,Adama Diakhaby,Diakhaby,MID,France,2018/19,2018/19,1,Huddersfield,12,0
Bafode Diakite,Bafode Diakite,Bafodé Diakité,Diakite,DEF,France,2025/26,2025/26,1,Bournemouth,18,0
Modibo Diakite,Modibo Diakite,Modibo Diakité,Diakite,DEF,France,2013/14,2013/14,1,Sunderland,7,0
Samba Diakite,Samba Diakite,Samba Diakité,Diakite,MID,Mali,2011/12,2012/13,2,QPR,23,1
Amad Diallo,Amad Diallo,Amad Diallo,Diallo,MID,Ivory Coast,2020/21,2025/26,4,Man Utd,70,11
Amadou Diallo,Amadou Diallo,Amadou Diallo,Diallo,MID,England,2023/24,2023/24,1,Newcastle,1,0
Ibrahima Diallo,Ibrahima Diallo,Ibrahima Diallo,Diallo,MID,France,2020/21,2022/23,3,Southampton,63,0
Alessandro Diamanti,Alessandro Diamanti,Alessandro Diamanti,Diamanti,FWD,Italy,2009/10,2015/16,3,West Ham; Watford,31,7
Mohamed Diame,Mohamed Diame,Mohamed Diamé,Diame,MID,Senegal,2009/10,2018/19,8,Wigan; West Ham; Hull; Newcastle,239,18
Grady Diangana,Grady Diangana,Grady Diangana,Diangana,FWD,England,2018/19,2020/21,2,West Ham; West Brom,37,1
Salif Diao,Salif Diao,Salif Diao,Diao,MID,Senegal,2002/03,2011/12,8,Liverpool; Birmingham; Portsmouth; Stoke,100,2
Alou Diarra,Alou Diarra,Alou Diarra,Diarra,MID,France,2012/13,2013/14,2,West Ham,6,0
Habib Diarra,Habib Diarra,Habib Diarra,Diarra,MID,Senegal,2025/26,2025/26,1,Sunderland,20,2
Lassana Diarra,Lassana Diarra,Lassana Diarra,Diarra,MID,France,2005/06,2008/09,4,Chelsea; Arsenal; Portsmouth,44,1
Mahamadou Diarra,Mahamadou Diarra,Mahamadou Diarra,Diarra,MID,Mali,2011/12,2013/14,3,Fulham,23,1
Ruben Dias,Ruben Dias,Rúben Dias,Dias,DEF,Portugal,2020/21,2025/26,6,Man City,170,5
Lamine Diatta,Lamine Diatta,Lamine Diatta,Diatta,DEF,Senegal,2007/08,2007/08,1,Newcastle,2,0
Djibril Diawara,Djibril Diawara,Djibril Diawara,Diawara,DEF,Senegal,2001/02,2001/02,1,Bolton,9,0
Kaba Diawara,Kaba Diawara,Kaba Diawara,Diawara,FWD,Guinea,1998/99,2000/01,2,Arsenal; West Ham,23,0
Souleymane Diawara,Souleymane Diawara,Souleymane Diawara,Diawara,DEF,Senegal,2006/07,2006/07,1,Charlton,23,0
Brahim Diaz,Brahim Diaz,Brahim Díaz,Diaz,MID,Morocco,2017/18,2017/18,1,Man City,5,0
Luis Diaz,Luis Diaz,Luis Díaz,Diaz,FWD,Colombia,2021/22,2024/25,4,Liverpool,103,29
Andy Dibble,Andy Dibble,Andy Dibble,Dibble,GK,Wales,1992/93,1994/95,3,Man City,28,0
Tyler Dibling,Tyler Dibling,Tyler Dibling,Dibling,MID,England,2024/25,2025/26,2,Southampton; Everton,47,2
Danny Dichio,Danny Dichio,Danny Dichio,Dichio,FWD,England,1994/95,2002/03,5,QPR; Sunderland; West Brom,93,19
Carl Dickinson,Carl Dickinson,Carl Dickinson,Dickinson,DEF,England,2008/09,2008/09,1,Stoke,5,0
Jonjo Dickman,Jonjo Dickman,Jonjo Dickman,Dickman,MID,England,2002/03,2002/03,1,Sunderland,1,0
Paul Dickov,Paul Dickov,Paul Dickov,Dickov,FWD,Scotland,1992/93,2006/07,11,Arsenal; Man City; Leicester; Blackburn,155,36
Julian Dicks,Julian Dicks,Julian Dicks,Dicks,DEF,England,1993/94,1998/99,5,Liverpool; West Ham,134,24
Diego Carlos,Diego Carlos,Diego Carlos Santos Silva,Diego Carlos,DEF,Brazil,2022/23,2024/25,3,Aston Villa,40,0
Eric Dier,Eric Dier,Eric Dier,Dier,DEF,England,2014/15,2023/24,10,Spurs,274,12
Didier Digard,Didier Digard,Didier Digard,Digard,MID,France,2008/09,2008/09,1,Middlesbrough,23,0
Fraser Digby,Fraser Digby,Fraser Digby,Digby,GK,England,1993/94,1993/94,1,Swindon,28,0
Lucas Digne,Lucas Digne,Lucas Digne,Digne,DEF,France,2018/19,2025/26,8,Everton; Aston Villa,253,6
Sieb Dijkstra,Sieb Dijkstra,Sieb Dijkstra,Dijkstra,GK,Netherlands,1994/95,1994/95,1,QPR,11,0
Kagisho Dikgacoi,Kagisho Dikgacoi,Kagisho Dikgacoi,Dikgacoi,MID,South Africa,2009/10,2013/14,3,Fulham; Crystal Palace,39,0
Aruna Dindane,Aruna Dindane,Aruna Dindane,Dindane,FWD,Ivory Coast,2009/10,2009/10,1,Portsmouth,19,8
Adama Diomande,Adama Diomande,Adama Diomandé,Diomande,FWD,Norway,2016/17,2016/17,1,Hull,22,2
Bernard Diomede,Bernard Diomede,Bernard Diomède,Diomede,MID,France,2000/01,2000/01,1,Liverpool,2,0
Issa Diop,Issa Diop,Issa Diop,Diop,DEF,Morocco,2018/19,2025/26,8,West Ham; Fulham,173,8
Papa Bouba Diop,Papa Bouba Diop,Papa Bouba Diop,Diop,MID,Senegal,2004/05,2009/10,6,Fulham; Portsmouth,129,8
El Hadji Diouf,El Hadji Diouf,El Hadji Diouf,Diouf,FWD,Senegal,2002/03,2010/11,9,Liverpool; Bolton; Blackburn; Sunderland,243,28
El Hadji Malick Diouf,El Hadji Malick Diouf,El Hadji Malick Diouf,Diouf,DEF,Senegal,2025/26,2025/26,1,West Ham,32,0
Mame Biram Diouf,Mame Biram Diouf,Mame Biram Diouf,Diouf,FWD,Senegal,2009/10,2017/18,6,Man Utd; Blackburn; Stoke,153,27
Axel Disasi,Axel Disasi,Axel Disasi,Disasi,DEF,France,2023/24,2025/26,3,Chelsea; Aston Villa; West Ham,58,3
Sylvain Distin,Sylvain Distin,Sylvain Distin,Distin,DEF,France,2001/02,2015/16,15,Newcastle; Man City; Portsmouth; Everton; Bournemouth,469,7
Kerry Dixon,Kerry Dixon,Kerry Dixon,Dixon,FWD,England,1992/93,1992/93,1,Southampton,9,2
Lee Dixon,Lee Dixon,Lee Dixon,Dixon,DEF,England,1992/93,2001/02,10,Arsenal,305,9
Roman Dixon,Roman Dixon,Roman Dixon,Dixon,DEF,England,2024/25,2024/25,1,Everton,1,0
Eric Djemba-Djemba,Eric Djemba-Djemba,Eric Djemba-Djemba,Djemba-Djemba,MID,Cameroon,2003/04,2006/07,4,Man Utd; Aston Villa,31,0
Moussa Djenepo,Moussa Djenepo,Moussa Djenepo,Djenepo,MID,Mali,2019/20,2022/23,4,Southampton,73,3
Martin Djetou,Martin Djetou,Martin Djetou,Djetou,DEF,France,2002/03,2005/06,3,Fulham; Bolton,54,1
Nasser Djiga,Nasser Djiga,Nasser Djiga,Djiga,DEF,Burkina Faso,2024/25,2024/25,1,Wolves,5,0
Papy Djilobodji,Papy Djilobodji,Papy Djilobodji,Djilobodji,DEF,Senegal,2016/17,2016/17,1,Sunderland,18,0
Bojan Djordjic,Bojan Djordjic,Bojan Djordjic,Djordjic,MID,Sweden,2000/01,2000/01,1,Man Utd,1,0
Youri Djorkaeff,Youri Djorkaeff,Youri Djorkaeff,Djorkaeff,MID,France,2001/02,2004/05,4,Bolton; Blackburn,78,19
Johan Djourou,Johan Djourou,Johan Djourou,Djourou,DEF,Switzerland,2005/06,2011/12,7,Arsenal; Birmingham,99,1
Filip Djuricic,Filip Djuricic,Filip Đuričić,Djuricic,MID,Serbia,2014/15,2014/15,1,Southampton,9,0
Stephen Dobbie,Stephen Dobbie,Stephen Dobbie,Dobbie,FWD,Scotland,2011/12,2013/14,2,Swansea; Crystal Palace,9,0
Lewis Dobbin,Lewis Dobbin,Lewis Dobbin,Dobbin,FWD,England,2021/22,2023/24,2,Everton,15,1
Gerald Dobbs,Gerald Dobbs,Gerald Dobbs,Dobbs,DEF,England,1992/93,1993/94,2,Wimbledon,29,1
Scott Dobie,Scott Dobie,Scott Dobie,Dobie,FWD,Scotland,2002/03,2004/05,2,West Brom,36,6
Tony Dobson,Tony Dobson,Tony Dobson,Dobson,DEF,England,1992/93,1992/93,1,Blackburn,19,0
Jason Dodd,Jason Dodd,Jason Dodd,Dodd,DEF,England,1992/93,2004/05,13,Southampton,329,9
Joe Dodoo,Joe Dodoo,Joe Dodoo,Dodoo,FWD,England,2015/16,2015/16,1,Leicester,1,0
Gary Doherty,Gary Doherty,Gary Doherty,Doherty,DEF,Republic of Ireland,1999/00,2004/05,6,Spurs; Norwich,84,6
Matt Doherty,Matt Doherty,Matt Doherty,Doherty,DEF,Republic of Ireland,2011/12,2025/26,9,Wolves; Spurs,190,14
Chris Doig,Chris Doig,Chris Doig,Doig,DEF,Scotland,1998/99,1998/99,1,Nottingham Forest,2,0
Jeremy Doku,Jeremy Doku,Jérémy Doku,Doku,FWD,Belgium,2023/24,2025/26,3,Man City,88,11
Didier Domi,Didier Domi,Didier Domi,Domi,DEF,France,1998/99,2003/04,4,Newcastle; Leeds,67,3
Jose Dominguez,Jose Dominguez,José Dominguez,Dominguez,MID,Portugal,1997/98,2000/01,4,Spurs,45,4
Nicolas Dominguez,Nicolas Dominguez,Nicolás Domínguez,Domínguez,MID,Argentina,2023/24,2025/26,3,Nottingham Forest,87,3
Mal Donaghy,Mal Donaghy,Mal Donaghy,Donaghy,DEF,Northern Ireland,1992/93,1993/94,2,Chelsea,68,3
O'Neill Donaldson,O'Neill Donaldson,O'Neill Donaldson,Donaldson,FWD,England,1994/95,1997/98,4,Sheffield Wed,14,3
Dong Fangzhuo,Dong Fangzhuo,Dong Fangzhuo,Dong,FWD,China,2006/07,2006/07,1,Man Utd,1,0
Doni,Doni,Doni,Doni,GK,Brazil,2011/12,2011/12,1,Liverpool,4,0
Georgios Donis,Georgios Donis,Georgios Donis,Donis,MID,Greece,1996/97,1996/97,1,Blackburn,22,2
Ryan Donk,Ryan Donk,Ryan Donk,Donk,DEF,Suriname,2008/09,2008/09,1,West Brom,16,0
Jamie Donley,Jamie Donley,Jamie Donley,Donley,FWD,Northern Ireland,2023/24,2023/24,1,Spurs,3,0
Gianluigi Donnarumma,Gianluigi Donnarumma,Gianluigi Donnarumma,Donnarumma,GK,Italy,2025/26,2025/26,1,Man City,34,0
Simon Donnelly,Simon Donnelly,Simon Donnelly,Donnelly,FWD,Scotland,1999/00,1999/00,1,Sheffield Wed,12,1
Landon Donovan,Landon Donovan,Landon Donovan,Donovan,FWD,United States,2009/10,2011/12,2,Everton,17,2
Romelle Donovan,Romelle Donovan,Romelle Donovan,Donovan,MID,England,2025/26,2025/26,1,Brentford,4,0
Aaron Doran,Aaron Doran,Aaron Doran,Doran,MID,Republic of Ireland,2008/09,2008/09,1,Blackburn,3,0
Patrick Dorgu,Patrick Dorgu,Patrick Dorgu,Dorgu,DEF,Denmark,2024/25,2025/26,2,Man Utd,38,4
Tony Dorigo,Tony Dorigo,Tony Dorigo,Dorigo,DEF,England,1992/93,1999/00,7,Leeds; Derby,174,3
Doriva,Doriva,Doriva,Doriva,MID,Brazil,2002/03,2005/06,4,Middlesbrough,79,0
Graham Dorrans,Graham Dorrans,Graham Dorrans,Dorrans,MID,Scotland,2008/09,2015/16,7,West Brom; Norwich,142,8
Alfie Dorrington,Alfie Dorrington,Alfie Dorrington,Dorrington,DEF,England,2024/25,2024/25,1,Spurs,1,0
Andrea Dossena,Andrea Dossena,Andrea Dossena,Dossena,DEF,Italy,2008/09,2013/14,3,Liverpool; Sunderland,25,1
Rudolphe Douala,Rudolphe Douala,Rudolphe Douala M'Bela,Douala,FWD,Cameroon,2006/07,2006/07,1,Portsmouth,7,0
Abdoulaye Doucoure,Abdoulaye Doucoure,Abdoulaye Doucouré,Doucoure,MID,Mali,2016/17,2024/25,9,Watford; Everton,278,36
Cheick Doucoure,Cheick Doucoure,Cheick Doucouré,Doucoure,MID,Mali,2022/23,2024/25,3,Crystal Palace,58,0
Alfie Doughty,Alfie Doughty,Alfie Doughty,Doughty,DEF,England,2023/24,2023/24,1,Luton,37,2
Michael Doughty,Michael Doughty,Michael Doughty,Doughty,MID,Wales,2014/15,2014/15,1,QPR,3,0
Jonathan Douglas,Jonathan Douglas,Jonathan Douglas,Douglas,MID,Republic of Ireland,2002/03,2004/05,3,Blackburn,16,1
Douglas Luiz,Douglas Luiz,Douglas Luiz,Douglas Luiz,MID,Brazil,2019/20,2025/26,6,Aston Villa; Nottingham Forest,196,21
Seydou Doumbia,Seydou Doumbia,Seydou Doumbia,Doumbia,FWD,Ivory Coast,2015/16,2015/16,1,Newcastle,3,0
Andy Dow,Andy Dow,Andy Dow,Dow,DEF,Scotland,1993/94,1995/96,2,Chelsea,15,0
Kieran Dowell,Kieran Dowell,Kieran Dowell,Dowell,MID,England,2015/16,2021/22,2,Everton; Norwich,21,1
Iain Dowie,Iain Dowie,Iain Dowie,Dowie,FWD,Northern Ireland,1992/93,1997/98,6,Southampton; Crystal Palace; West Ham,175,33
Max Dowman,Max Dowman,Max Dowman,Dowman,FWD,England,2025/26,2025/26,1,Arsenal,6,1
Flynn Downes,Flynn Downes,Flynn Downes,Downes,MID,England,2022/23,2024/25,2,West Ham; Southampton,48,1
Stewart Downing,Stewart Downing,Stewart Downing,Downing,MID,England,2001/02,2016/17,15,Middlesbrough; Aston Villa; Liverpool; West Ham,408,37
Colin Doyle,Colin Doyle,Colin Doyle,Doyle,GK,Republic of Ireland,2007/08,2010/11,2,Birmingham,4,0
Kamari Doyle,Kamari Doyle,Kamari Doyle,Doyle,MID,England,2022/23,2022/23,1,Southampton,1,0
Kevin Doyle,Kevin Doyle,Kevin Doyle,Doyle,FWD,Republic of Ireland,2006/07,2014/15,6,Reading; Wolves; Crystal Palace,164,37
Maurice Doyle,Maurice Doyle,Maurice Doyle,Doyle,FWD,Wales,1992/93,1993/94,2,QPR,6,0
Nathan Doyle,Nathan Doyle,Nathan Doyle,Doyle,MID,England,2008/09,2008/09,1,Hull,3,0
Tommy Doyle,Tommy Doyle,Tommy Doyle,Doyle,MID,England,2019/20,2024/25,3,Man City; Wolves,51,0
Lloyd Doyley,Lloyd Doyley,Lloyd Doyley,Doyley,DEF,Jamaica,2006/07,2006/07,1,Watford,21,0
Jason Dozzell,Jason Dozzell,Jason Dozzell,Dozzell,MID,England,1992/93,1996/97,5,Ipswich; Spurs,125,20
Aleksandar Dragovic,Aleksandar Dragovic,Aleksandar Dragović,Dragovic,DEF,Austria,2017/18,2017/18,1,Leicester,11,0
Joel Drakes-Thomas,Joel Drakes-Thomas,Joél Drakes-Thomas,Drakes-Thomas,FWD,England,2025/26,2025/26,1,Crystal Palace,2,0
Cody Drameh,Cody Drameh,Cody Drameh,Drameh,DEF,England,2021/22,2022/23,2,Leeds,4,0
Mark Draper,Mark Draper,Mark Draper,Draper,MID,England,1994/95,2001/02,8,Leicester; Aston Villa; Southampton,183,13
Luke Dreher,Luke Dreher,Luke Dreher,Dreher,MID,England,2018/19,2018/19,1,Crystal Palace,1,0
Royston Drenthe,Royston Drenthe,Royston Drenthe,Drenthe,DEF,Netherlands,2011/12,2011/12,1,Everton,21,3
John Dreyer,John Dreyer,John Dreyer,Dreyer,DEF,England,1999/00,1999/00,1,Bradford,14,1
Danny Drinkwater,Danny Drinkwater,Danny Drinkwater,Drinkwater,MID,England,2014/15,2019/20,5,Leicester; Chelsea; Aston Villa; Burnley,104,4
Josip Drmic,Josip Drmic,Josip Drmić,Drmic,FWD,Switzerland,2019/20,2019/20,1,Norwich,21,1
Didier Drogba,Didier Drogba,Didier Drogba,Drogba,FWD,Ivory Coast,2004/05,2014/15,9,Chelsea,254,104
Adam Drury,Adam Drury,Adam Drury,Drury,DEF,England,2004/05,2011/12,2,Norwich,45,1
Richard Dryden,Richard Dryden,Richard Dryden,Dryden,DEF,England,1996/97,1999/00,4,Southampton,47,1
Radu Dragusin,Radu Dragusin,Radu Drăgușin,Drăgușin,DEF,Romania,2023/24,2025/26,3,Spurs,35,0
Michael Duberry,Michael Duberry,Michael Duberry,Duberry,DEF,England,1993/94,2007/08,12,Chelsea; Leeds; Reading,161,5
Dion Dublin,Dion Dublin,Dion Dublin,Dublin,FWD,England,1992/93,2003/04,12,Man Utd; Coventry; Aston Villa,312,111
Martin Dubravka,Martin Dubravka,Martin Dúbravka,Dubravka,GK,Slovakia,2017/18,2025/26,9,Newcastle; Burnley,197,0
Pierre Ducrocq,Pierre Ducrocq,Pierre Ducrocq,Ducrocq,MID,France,2001/02,2001/02,1,Derby,19,0
Andy Ducros,Andy Ducros,Andy Ducros,Ducros,FWD,England,1996/97,1997/98,2,Coventry,8,0
Ondrej Duda,Ondrej Duda,Ondrej Duda,Duda,MID,Slovakia,2019/20,2019/20,1,Norwich,10,0
Jerzy Dudek,Jerzy Dudek,Jerzy Dudek,Dudek,GK,Poland,2001/02,2006/07,6,Liverpool,127,0
Lawrie Dudfield,Lawrie Dudfield,Lawrie Dudfield,Dudfield,FWD,England,1999/00,1999/00,1,Leicester,2,0
Damien Duff,Damien Duff,Damien Duff,Duff,MID,Republic of Ireland,1996/97,2013/14,16,Blackburn; Chelsea; Newcastle; Fulham,392,54
Michael Duff,Michael Duff,Michael Duff,Duff,DEF,Northern Ireland,2009/10,2014/15,2,Burnley,32,0
Richard Duffy,Richard Duffy,Richard Duffy,Duffy,DEF,Wales,2003/04,2003/04,1,Portsmouth,1,0
Shane Duffy,Shane Duffy,Shane Duffy,Duffy,DEF,Republic of Ireland,2011/12,2022/23,7,Everton; Brighton; Fulham,119,7
Christophe Dugarry,Christophe Dugarry,Christophe Dugarry,Dugarry,FWD,France,2002/03,2003/04,2,Birmingham,30,6
Demeaco Duhaney,Demeaco Duhaney,Demeaco Duhaney,Duhaney,DEF,England,2018/19,2018/19,1,Huddersfield,1,0
Matt Duke,Matt Duke,Matt Duke,Duke,GK,England,2008/09,2009/10,2,Hull,21,0
Franck Dumas,Franck Dumas,Franck Dumas,Dumas,DEF,France,1999/00,1999/00,1,Newcastle,6,0
Ilie Dumitrescu,Ilie Dumitrescu,Ilie Dumitrescu,Dumitrescu,MID,Romania,1994/95,1996/97,3,Spurs; West Ham,28,4
Paul Dummett,Paul Dummett,Paul Dummett,Dummett,DEF,Wales,2013/14,2023/24,9,Newcastle,151,3
Sean Dundee,Sean Dundee,Sean Dundee,Dundee,FWD,Germany,1998/99,1998/99,1,Liverpool,3,0
Terry Dunfield,Terry Dunfield,Terry Dunfield,Dunfield,MID,Canada,2000/01,2000/01,1,Man City,1,0
Lewis Dunk,Lewis Dunk,Lewis Dunk,Dunk,DEF,England,2017/18,2025/26,9,Brighton,299,17
David Dunn,David Dunn,David Dunn,Dunn,MID,England,1998/99,2011/12,12,Blackburn; Birmingham,252,37
Jimmy Dunne,Jimmy Dunne,Jimmy Dunne,Dunne,DEF,Republic of Ireland,2020/21,2020/21,1,Burnley,3,1
Richard Dunne,Richard Dunne,Richard Dunne,Dunne,DEF,Republic of Ireland,1996/97,2014/15,16,Everton; Man City; Aston Villa; QPR,431,11
Gordon Durie,Gordon Durie,Gordon Durie,Durie,FWD,Scotland,1992/93,1993/94,2,Spurs,27,4
Erik Durm,Erik Durm,Erik Durm,Durm,DEF,Germany,2018/19,2018/19,1,Huddersfield,28,0
Ian Durrant,Ian Durrant,Ian Durrant,Durrant,MID,Scotland,1994/95,1994/95,1,Everton,5,0
Lee Durrant,Lee Durrant,Lee Durrant,Durrant,MID,England,1993/94,1993/94,1,Ipswich,7,0
Jhon Duran,Jhon Duran,Jhon Jader Durán Palacio,Durán,FWD,Colombia,2022/23,2024/25,3,Aston Villa,55,12
Bruce Dyer,Bruce Dyer,Bruce Dyer,Dyer,FWD,England,1994/95,1997/98,2,Crystal Palace,40,5
Kieron Dyer,Kieron Dyer,Kieron Dyer,Dyer,MID,England,1999/00,2012/13,14,Newcastle; West Ham; QPR,225,23
Lloyd Dyer,Lloyd Dyer,Lloyd Dyer,Dyer,MID,England,2004/05,2004/05,1,West Brom,4,0
Nathan Dyer,Nathan Dyer,Nathan Dyer,Dyer,MID,England,2011/12,2017/18,7,Swansea; Leicester,175,18
Edin Dzeko,Edin Dzeko,Edin Džeko,Dzeko,FWD,Bosnia and Herzegovina,2010/11,2014/15,5,Man City,130,50
Nicky Eaden,Nicky Eaden,Nicky Eaden,Eaden,DEF,England,1997/98,1997/98,1,Barnsley,35,0
Darren Eadie,Darren Eadie,Darren Eadie,Eadie,MID,England,1993/94,2000/01,4,Norwich; Leicester,81,7
Chris Eagles,Chris Eagles,Chris Eagles,Eagles,MID,England,2006/07,2011/12,4,Man Utd; Burnley; Bolton,74,7
Neal Eardley,Neal Eardley,Neal Eardley,Eardley,DEF,Wales,2010/11,2010/11,1,Blackpool,31,1
Robbie Earle,Robbie Earle,Robbie Earle,Earle,MID,Jamaica,1992/93,1999/00,8,Wimbledon,244,45
Robert Earnshaw,Robert Earnshaw,Robert Earnshaw,Earnshaw,FWD,Wales,2004/05,2007/08,3,West Brom; Derby,65,13
George Earthy,George Earthy,George Earthy,Earthy,MID,England,2023/24,2025/26,2,West Ham,4,1
Craig Eastmond,Craig Eastmond,Craig Eastmond,Eastmond,DEF,England,2009/10,2009/10,1,Arsenal,4,0
Clint Easton,Clint Easton,Clint Easton,Easton,MID,England,1999/00,1999/00,1,Watford,17,0
Sylvan Ebanks-Blake,Sylvan Ebanks-Blake,Sylvan Ebanks-Blake,Ebanks-Blake,FWD,England,2009/10,2011/12,3,Wolves,76,10
John Ebbrell,John Ebbrell,John Ebbrell,Ebbrell,MID,England,1992/93,1996/97,5,Everton,121,9
Malcolm Ebiowei,Malcolm Ebiowei,Malcolm Ebiowei,Ebiowei,FWD,England,2022/23,2022/23,1,Crystal Palace,3,0
Emmanuel Eboue,Emmanuel Eboue,Emmanuel Eboué,Eboue,DEF,Ivory Coast,2004/05,2010/11,7,Arsenal,132,5
Nathan Eccleston,Nathan Eccleston,Nathan Eccleston,Eccleston,FWD,England,2009/10,2010/11,2,Liverpool,2,0
Claudio Echeverri,Claudio Echeverri,Claudio Echeverri,Echeverri,MID,Argentina,2024/25,2024/25,1,Man City,1,0
Richard Eckersley,Richard Eckersley,Richard Eckersley,Eckersley,DEF,England,2008/09,2008/09,1,Man Utd,2,0
Bruno Ecuele Manga,Bruno Ecuele Manga,Bruno Ecuélé Manga,Ecuele Manga,DEF,Gabon,2018/19,2018/19,1,Cardiff,38,0
Eder,Eder,Éder,Eder,FWD,Portugal,2015/16,2015/16,1,Swansea,13,0
Ederson,Ederson,Ederson,Ederson,GK,Brazil,2017/18,2024/25,8,Man City,276,0
David Edgar,David Edgar,David Edgar,Edgar,DEF,Canada,2006/07,2009/10,4,Newcastle; Burnley,23,2
Richard Edghill,Richard Edghill,Richard Edghill,Edghill,DEF,England,1993/94,2000/01,4,Man City,55,0
Justin Edinburgh,Justin Edinburgh,Justin Edinburgh,Edinburgh,DEF,England,1992/93,1999/00,8,Spurs,174,0
Erik Edman,Erik Edman,Erik Edman,Edman,DEF,Sweden,2004/05,2009/10,5,Spurs; Wigan,41,1
George Edmundson,George Edmundson,George Edmundson,Edmundson,DEF,England,2024/25,2024/25,1,Ipswich,1,0
Odsonne Edouard,Odsonne Edouard,Odsonne Édouard,Edouard,FWD,France,2021/22,2025/26,5,Crystal Palace; Leicester,100,18
Samuel Edozie,Samuel Edozie,Samuel Edozie,Edozie,FWD,England,2022/23,2024/25,2,Southampton,19,0
Tom Edozie,Tom Edozie,Tom Edozie,Edozie,MID,England,2025/26,2025/26,1,Wolves,3,1
Edu,Edu,Eduardo César Daud Gaspar,Edu,MID,Brazil,2000/01,2004/05,5,Arsenal,79,7
Maurice Edu,Maurice Edu,Maurice Edu,Edu,MID,United States,2012/13,2012/13,1,Stoke,1,0
Eduardo,Eduardo,Eduardo da Silva,Eduardo,FWD,Croatia,2007/08,2009/10,2,Arsenal,41,6
Carlos Edwards,Carlos Edwards,Carlos Edwards,Edwards,MID,Trinidad and Tobago,2007/08,2008/09,2,Sunderland,35,0
Christian Edwards,Christian Edwards,Christian Edwards,Edwards,DEF,Wales,1998/99,1998/99,1,Nottingham Forest,12,0
David Edwards,David Edwards,David Edwards,Edwards,MID,Wales,2009/10,2011/12,3,Wolves,61,5
Kyle Edwards,Kyle Edwards,Kyle Edwards,Edwards,MID,England,2020/21,2020/21,1,West Brom,5,0
Marcus Edwards,Marcus Edwards,Marcus Edwards,Edwards,FWD,England,2025/26,2025/26,1,Burnley,23,1
Rob Edwards,Rob Edwards,Rob Edwards,Edwards,DEF,Wales,2002/03,2010/11,2,Aston Villa; Blackpool,10,0
Ronnie Edwards,Ronnie Edwards,Ronnie Edwards,Edwards,DEF,England,2024/25,2024/25,1,Southampton,1,0
Tom Edwards,Tom Edwards,Tom Edwards,Edwards,DEF,England,2017/18,2017/18,1,Stoke,6,0
Marc Edworthy,Marc Edworthy,Marc Edworthy,Edworthy,DEF,England,1997/98,2007/08,6,Crystal Palace; Coventry; Norwich; Derby,127,1
John Egan,John Egan,John Egan,Egan,DEF,Republic of Ireland,2019/20,2023/24,3,Sheffield Utd,73,2
CJ Egan-Riley,CJ Egan-Riley,CJ Egan-Riley,Egan-Riley,DEF,England,2021/22,2021/22,1,Man City,1,0
Ugo Ehiogu,Ugo Ehiogu,Ugo Ehiogu,Ehiogu,DEF,England,1992/93,2005/06,14,Aston Villa; Middlesbrough,355,19
Magnus Eikrem,Magnus Eikrem,Magnus Wolff Eikrem,Eikrem,MID,Norway,2013/14,2013/14,1,Cardiff,6,0
Ovie Ejaria,Ovie Ejaria,Ovie Ejaria,Ejaria,MID,England,2016/17,2016/17,1,Liverpool,2,0
Hjalmar Ekdal,Hjalmar Ekdal,Hjalmar Ekdal,Ekdal,DEF,Sweden,2023/24,2025/26,2,Burnley,27,0
Ronnie Ekelund,Ronnie Ekelund,Ronnie Ekelund,Ekelund,MID,Denmark,1994/95,1995/96,2,Southampton; Man City,21,5
Hugo Ekitike,Hugo Ekitike,Hugo Ekitike,Ekitike,FWD,France,2025/26,2025/26,1,Liverpool,28,11
Efan Ekoku,Efan Ekoku,Efan Ekoku,Ekoku,FWD,Nigeria,1992/93,1998/99,7,Norwich; Wimbledon,160,52
Karim El Ahmadi,Karim El Ahmadi,Karim El Ahmadi,El Ahmadi,MID,Morocco,2012/13,2013/14,2,Aston Villa,51,3
Anwar El Ghazi,Anwar El Ghazi,Anwar El Ghazi,El Ghazi,FWD,Netherlands,2019/20,2021/22,3,Aston Villa; Everton,73,15
Talal El Karkouri,Talal El Karkouri,Talal El Karkouri,El Karkouri,DEF,Morocco,2002/03,2006/07,4,Sunderland; Charlton,86,8
Tahar El Khalej,Tahar El Khalej,Tahar El Khalej,El Khalej,MID,Morocco,1999/00,2002/03,4,Southampton; Charlton,60,3
Bilal El Khannouss,Bilal El Khannouss,Bilal El Khannouss,El Khannouss,MID,Morocco,2024/25,2024/25,1,Leicester,32,2
Nabil El Zhar,Nabil El Zhar,Nabil El Zhar,El Zhar,MID,Morocco,2006/07,2009/10,3,Liverpool,21,0
Omar Elabdellaoui,Omar Elabdellaoui,Omar Elabdellaoui,Elabdellaoui,DEF,Norway,2016/17,2016/17,1,Hull,8,0
Anthony Elanga,Anthony Elanga,Anthony Elanga,Elanga,FWD,Sweden,2020/21,2025/26,6,Man Utd; Nottingham Forest; Newcastle,145,14
Elano,Elano,Elano Blumer,Elano,MID,Brazil,2007/08,2008/09,2,Man City,62,14
Andrew Eleftheriou,Andrew Eleftheriou,Andrew Eleftheriou,Eleftheriou,DEF,England,2016/17,2016/17,1,Watford,1,0
Eljero Elia,Eljero Elia,Eljero Elia,Elia,FWD,Netherlands,2014/15,2014/15,1,Southampton,16,2
Gary Elkins,Gary Elkins,Gary Elkins,Elkins,DEF,England,1992/93,1995/96,4,Wimbledon,82,2
Melker Ellborg,Melker Ellborg,Melker Ellborg,Ellborg,GK,Sweden,2025/26,2025/26,1,Sunderland,3,0
Kevin Stuhr Ellegaard,Kevin Stuhr Ellegaard,Kevin Stuhr Ellegaard,Ellegaard,GK,Denmark,2003/04,2003/04,1,Man City,4,0
Nathan Ellington,Nathan Ellington,Nathan Ellington,Ellington,FWD,England,2005/06,2005/06,1,West Brom,31,5
Rob Elliot,Rob Elliot,Rob Elliot,Elliot,GK,Republic of Ireland,2012/13,2017/18,5,Newcastle,52,0
Harvey Elliott,Harvey Elliott,Harvey Elliott,Elliott,MID,England,2018/19,2025/26,7,Fulham; Liverpool; Aston Villa,99,5
Matt Elliott,Matt Elliott,Matt Elliott,Elliott,DEF,Scotland,1996/97,2003/04,7,Leicester,199,22
Paul Elliott,Paul Elliott,Paul Elliott,Elliott,DEF,England,1992/93,1992/93,1,Chelsea,7,0
Robbie Elliott,Robbie Elliott,Robbie Elliott,Elliott,DEF,England,1993/94,2005/06,9,Newcastle; Bolton,131,11
Simon Elliott,Simon Elliott,Simon Elliott,Elliott,MID,New Zealand,2005/06,2005/06,1,Fulham,12,0
Stephen Elliott,Stephen Elliott,Stephen Elliott,Elliott,FWD,Republic of Ireland,2003/04,2005/06,2,Man City; Sunderland,17,2
Steve Elliott,Steve Elliott,Steve Elliott,Elliott,DEF,England,1997/98,2001/02,5,Derby,46,0
Wade Elliott,Wade Elliott,Wade Elliott,Elliott,MID,England,2009/10,2009/10,1,Burnley,38,4
Kevin Ellis,Kevin Ellis,Kevin Ellis,Ellis,DEF,England,1994/95,1994/95,1,Ipswich,1,0
Kevin Ellison,Kevin Ellison,Kevin Ellison,Ellison,FWD,England,2000/01,2000/01,1,Leicester,1,0
David Elm,David Elm,David Elm,Elm,FWD,Sweden,2009/10,2009/10,1,Fulham,10,1
Johan Elmander,Johan Elmander,Johan Elmander,Elmander,FWD,Sweden,2008/09,2013/14,4,Bolton; Norwich,121,19
Ahmed Elmohamady,Ahmed Elmohamady,Ahmed Elmohamady,Elmohamady,MID,Egypt,2010/11,2020/21,8,Sunderland; Hull; Aston Villa,197,6
Mohamed Elneny,Mohamed Elneny,Mohamed Elneny,Elneny,MID,Egypt,2015/16,2023/24,8,Arsenal,91,1
George Elokobi,George Elokobi,George Elokobi,Elokobi,DEF,Cameroon,2009/10,2011/12,3,Wolves,58,2
Tommy Elphick,Tommy Elphick,Tommy Elphick,Elphick,DEF,England,2015/16,2015/16,1,Bournemouth,12,1
Ahmad Elrich,Ahmad Elrich,Ahmad Elrich,Elrich,FWD,Australia,2005/06,2005/06,1,Fulham,6,0
Mohamed Elyounoussi,Mohamed Elyounoussi,Mohamed Elyounoussi,Elyounoussi,FWD,Norway,2018/19,2022/23,3,Southampton,79,5
Urby Emanuelson,Urby Emanuelson,Urby Emanuelson,Emanuelson,MID,Netherlands,2012/13,2012/13,1,Fulham,13,1
Neil Emblen,Neil Emblen,Neil Emblen,Emblen,DEF,England,1997/98,1997/98,1,Crystal Palace,13,0
Emmanuel Emenike,Emmanuel Emenike,Emmanuel Emenike,Emenike,FWD,Nigeria,2015/16,2015/16,1,West Ham,13,0
Emerson,Emerson,Emerson Palmieri,Emerson,DEF,Italy,2017/18,2024/25,8,Chelsea; West Ham,122,4
Emerson (Middlesbrough),Emerson,Emerson Moisés Costa,Emerson,MID,Brazil,1996/97,1996/97,1,Middlesbrough,32,4
Emerson Royal,Emerson Royal,Emerson Aparecido Leite de Souza Junior,Emerson,DEF,Brazil,2021/22,2023/24,3,Spurs,79,4
Brett Emerton,Brett Emerton,Brett Emerton,Emerton,MID,Australia,2003/04,2011/12,9,Blackburn,247,13
Jay Emmanuel-Thomas,Jay Emmanuel-Thomas,Jay Emmanuel-Thomas,Emmanuel-Thomas,MID,England,2010/11,2010/11,1,Arsenal,1,0
Marvin Emnes,Marvin Emnes,Marvin Emnes,Emnes,FWD,Netherlands,2008/09,2015/16,4,Middlesbrough; Swansea,41,1
Julio Enciso,Julio Enciso,Julio César Enciso,Enciso,FWD,Paraguay,2022/23,2024/25,3,Brighton; Ipswich,57,6
Peter Enckelman,Peter Enckelman,Peter Enckelman,Enckelman,GK,Finland,1999/00,2003/04,4,Aston Villa; Blackburn,54,0
Wataru Endo,Wataru Endo,Wataru Endo,Endo,MID,Japan,2023/24,2025/26,3,Liverpool,57,1
Bjorn Engels,Bjorn Engels,Björn Engels,Engels,DEF,Belgium,2019/20,2019/20,1,Aston Villa,17,1
Eyong Enoh,Eyong Enoh,Eyong Enoh,Enoh,MID,Cameroon,2012/13,2012/13,1,Fulham,9,0
Jose Enrique,Jose Enrique,José Enrique,Enrique,DEF,Spain,2007/08,2014/15,7,Newcastle; Liverpool,161,2
Hogan Ephraim,Hogan Ephraim,Hogan Ephraim,Ephraim,MID,England,2011/12,2011/12,1,QPR,2,0
Stefano Eranio,Stefano Eranio,Stefano Eranio,Eranio,MID,Italy,1997/98,2000/01,4,Derby,95,7
Christian Eriksen,Christian Eriksen,Christian Eriksen,Eriksen,MID,Denmark,2013/14,2024/25,11,Spurs; Brentford; Man Utd,310,55
Jan Eriksson,Jan Eriksson,Jan Eriksson,Eriksson,DEF,Sweden,1996/97,1996/97,1,Sunderland,1,0
Mario Espartero,Mario Espartero,Mario Espartero,Espartero,MID,France,2001/02,2001/02,1,Bolton,3,0
Bernardo Espinosa,Bernardo Espinosa,Bernardo Espinosa,Espinosa,DEF,Colombia,2016/17,2016/17,1,Middlesbrough,11,0
Roger Espinoza,Roger Espinoza,Róger Espinoza,Espinoza,MID,Honduras,2012/13,2012/13,1,Wigan,12,1
Romain Esse,Romain Esse,Romain Esse,Esse,MID,England,2024/25,2025/26,2,Crystal Palace,11,1
Michael Essien,Michael Essien,Michael Essien,Essien,MID,Ghana,2005/06,2013/14,8,Chelsea,168,17
Dario Essugo,Dario Essugo,Dário Essugo,Essugo,MID,Portugal,2025/26,2025/26,1,Chelsea,3,0
Estevao,Estevao,Estêvão,Estevao,FWD,Brazil,2025/26,2025/26,1,Chelsea,22,2
Maxime Esteve,Maxime Esteve,Maxime Estève,Esteve,DEF,France,2023/24,2025/26,2,Burnley,50,0
Pervis Estupinan,Pervis Estupinan,Pervis Estupiñán,Estupiñán,DEF,Ecuador,2022/23,2024/25,3,Brighton,84,4
Peter Etebo,Peter Etebo,Oghenekaro Etebo,Etebo,MID,Nigeria,2021/22,2021/22,1,Watford,9,0
Neil Etheridge,Neil Etheridge,Neil Etheridge,Etheridge,GK,Philippines,2018/19,2018/19,1,Cardiff,38,0
Matthew Etherington,Matthew Etherington,Matthew Etherington,Etherington,MID,England,1999/00,2013/14,13,Spurs; West Ham; Stoke,288,21
Samuel Eto'o,Samuel Eto'o,Samuel Eto'o,Eto'o,FWD,Cameroon,2013/14,2014/15,2,Chelsea; Everton,35,12
Dickson Etuhu,Dickson Etuhu,Dickson Etuhu,Etuhu,MID,Nigeria,2007/08,2011/12,5,Sunderland; Fulham,111,4
Kelvin Etuhu,Kelvin Etuhu,Kelvin Etuhu,Etuhu,FWD,Nigeria,2007/08,2008/09,2,Man City,10,1
Jason Euell,Jason Euell,Jason Euell,Euell,FWD,Jamaica,1995/96,2010/11,12,Wimbledon; Charlton; Middlesbrough; Blackpool,264,56
John Eustace,John Eustace,John Eustace,Eustace,MID,England,1999/00,2002/03,3,Coventry; Middlesbrough,49,3
Evandro,Evandro,Evandro Goebel,Evandro,MID,Brazil,2016/17,2016/17,1,Hull,11,0
Evanilson,Evanilson,Evanilson de Lima Barbosa,Evanilson,FWD,Brazil,2024/25,2025/26,2,Bournemouth,67,16
Ched Evans,Ched Evans,Ched Evans,Evans,FWD,Wales,2008/09,2008/09,1,Man City,16,1
Gareth Evans,Gareth Evans,Gareth Evans,Evans,DEF,England,2000/01,2000/01,1,Leeds,1,0
Jake Evans,Jake Evans,Jake Evans,Evans,FWD,England,2024/25,2024/25,1,Leicester,4,0
Jonny Evans,Jonny Evans,Jonny Evans,Evans,DEF,Northern Ireland,2007/08,2024/25,18,Sunderland; Man Utd; West Brom; Leicester,386,14
Micky Evans,Micky Evans,Michael Evans,Evans,FWD,Republic of Ireland,1996/97,1997/98,2,Southampton,22,4
Ian Evatt,Ian Evatt,Ian Evatt,Evatt,DEF,England,2000/01,2010/11,3,Derby; Blackpool,42,1
Patrice Evra,Patrice Evra,Patrice Evra,Evra,DEF,France,2005/06,2017/18,10,Man Utd; West Ham,278,7
John Eyre,John Eyre,John Eyre,Eyre,FWD,England,1993/94,1993/94,1,Oldham,2,0
Eberechi Eze,Eberechi Eze,Eberechi Eze,Eze,MID,England,2020/21,2025/26,6,Crystal Palace; Arsenal,179,41
Lukasz Fabianski,Lukasz Fabianski,Łukasz Fabiański,Fabiański,GK,Poland,2007/08,2024/25,17,Arsenal; Swansea; West Ham,376,0
Fabinho,Fabinho,Fabinho,Fabinho,MID,Brazil,2018/19,2022/23,5,Liverpool,151,8
Fabio,Fabio,Fábio da Silva,Fabio,DEF,Brazil,2009/10,2016/17,6,Man Utd; QPR; Cardiff; Middlesbrough,80,1
Cesc Fabregas,Cesc Fabregas,Cesc Fàbregas,Fabregas,MID,Spain,2004/05,2018/19,12,Arsenal; Chelsea,350,50
Fabri,Fabri,Fabricio Agosto Ramírez,Fabri,GK,Spain,2018/19,2018/19,1,Fulham,2,0
Delroy Facey,Delroy Facey,Delroy Facey,Facey,FWD,Grenada,2002/03,2003/04,2,Bolton,10,1
Khalilou Fadiga,Khalilou Fadiga,Khalilou Fadiga,Fadiga,MID,Senegal,2004/05,2005/06,2,Bolton,13,1
Emerse Fae,Emerse Fae,Emerse Faé,Fae,MID,Ivory Coast,2007/08,2007/08,1,Reading,8,0
Wout Faes,Wout Faes,Wout Faes,Faes,DEF,Belgium,2022/23,2024/25,2,Leicester,65,2
Craig Fagan,Craig Fagan,Craig Fagan,Fagan,FWD,England,2002/03,2009/10,4,Birmingham; Derby; Hull,70,5
Keith Fahey,Keith Fahey,Keith Fahey,Fahey,MID,Republic of Ireland,2009/10,2010/11,2,Birmingham,58,1
Ralf Fahrmann,Ralf Fahrmann,Ralf Fährmann,Fahrmann,GK,Germany,2019/20,2019/20,1,Norwich,1,0
Chris Fairclough,Chris Fairclough,Chris Fairclough,Fairclough,DEF,England,1992/93,1997/98,5,Leeds; Bolton,119,8
Romain Faivre,Romain Faivre,Romain Faivre,Faivre,MID,France,2023/24,2023/24,1,Bournemouth,5,0
Radamel Falcao,Radamel Falcao,Radamel Falcao García,Falcao,FWD,Colombia,2014/15,2015/16,2,Man Utd; Chelsea,36,5
Willie Falconer,Willie Falconer,Willie Falconer,Falconer,MID,Scotland,1992/93,1993/94,2,Middlesbrough; Sheffield Utd,51,9
Iago Falque,Iago Falque,Iago Falqué,Falque,MID,Spain,2012/13,2012/13,1,Spurs,1,0
Akin Famewo,Akin Famewo,Akin Famewo,Famewo,DEF,England,2019/20,2019/20,1,Norwich,1,0
Adam Farley,Adam Farley,Adam Farley,Farley,DEF,England,1998/99,1998/99,1,Everton,1,0
Dave Farrell,Dave Farrell,Dave Farrell,Farrell,MID,England,1992/93,1993/94,2,Aston Villa,6,0
Gareth Farrelly,Gareth Farrelly,Gareth Farrelly,Farrelly,MID,Republic of Ireland,1995/96,2002/03,6,Aston Villa; Everton; Bolton,61,2
John Fashanu,John Fashanu,John Fashanu,Fashanu,FWD,England,1992/93,1994/95,3,Wimbledon; Aston Villa,78,20
Abdul Fatawu,Abdul Fatawu,Abdul Fatawu,Fatawu,FWD,Ghana,2024/25,2024/25,1,Leicester,11,0
Ahmed Fathy,Ahmed Fathy,Ahmed Fathy,Fathy,MID,Egypt,2006/07,2006/07,1,Sheffield Utd,3,0
Ansu Fati,Ansu Fati,Anssumane Fati,Fati,FWD,Spain,2023/24,2023/24,1,Brighton,19,2
Julien Faubert,Julien Faubert,Julien Faubert,Faubert,MID,France,2007/08,2010/11,4,West Ham,69,1
Alejandro Faurlin,Alejandro Faurlin,Alejandro Faurlín,Faurlin,MID,Argentina,2011/12,2014/15,3,QPR,33,1
Abdoulaye Faye,Abdoulaye Faye,Abdoulaye Diagne-Faye,Faye,DEF,Senegal,2005/06,2013/14,7,Bolton; Newcastle; Stoke; Hull,166,10
Amdy Faye,Amdy Faye,Amdy Faye,Faye,MID,Senegal,2003/04,2008/09,5,Portsmouth; Newcastle; Charlton; Stoke,127,1
Federico Fazio,Federico Fazio,Federico Fazio,Fazio,DEF,Argentina,2014/15,2014/15,1,Spurs,20,0
Peter Fear,Peter Fear,Peter Fear,Fear,MID,England,1992/93,1998/99,7,Wimbledon,73,4
Adam Federici,Adam Federici,Adam Federici,Federici,GK,Australia,2006/07,2016/17,4,Reading; Bournemouth,31,0
Sofiane Feghouli,Sofiane Feghouli,Sofiane Feghouli,Feghouli,MID,Algeria,2016/17,2016/17,1,West Ham,21,3
Benny Feilhaber,Benny Feilhaber,Benny Feilhaber,Feilhaber,MID,United States,2007/08,2007/08,1,Derby,10,0
Felipe,Felipe,Felipe Augusto de Almeida Monteiro,Felipe,DEF,Brazil,2022/23,2023/24,2,Nottingham Forest,23,0
Felipe Anderson,Felipe Anderson,Felipe Anderson,Felipe Anderson,MID,Brazil,2018/19,2020/21,3,West Ham,63,10
Joao Felix,Joao Felix,João Félix,Felix,FWD,Portugal,2022/23,2024/25,2,Chelsea,28,5
Marouane Fellaini,Marouane Fellaini,Marouane Fellaini,Fellaini,MID,Belgium,2008/09,2018/19,11,Everton; Man Utd,260,37
Kiko Femenia,Kiko Femenia,Kiko Femenía,Femenía,MID,Spain,2017/18,2021/22,4,Watford,107,2
Neale Fenn,Neale Fenn,Neale Fenn,Fenn,FWD,Republic of Ireland,1996/97,1997/98,2,Spurs,8,0
Graham Fenton,Graham Fenton,Graham Fenton,Fenton,FWD,England,1993/94,1999/00,7,Aston Villa; Blackburn; Leicester,93,13
Terry Fenwick,Terry Fenwick,Terry Fenwick,Fenwick,DEF,England,1992/93,1993/94,2,Spurs; Swindon,31,0
Leroy Fer,Leroy Fer,Leroy Fer,Fer,MID,Netherlands,2013/14,2017/18,5,Norwich; QPR; Swansea,123,16
Anton Ferdinand,Anton Ferdinand,Anton Ferdinand,Ferdinand,DEF,England,2005/06,2012/13,8,West Ham; Sunderland; QPR,218,4
Les Ferdinand,Les Ferdinand,Les Ferdinand,Ferdinand,FWD,England,1992/93,2004/05,13,QPR; Newcastle; Spurs; West Ham; Leicester; Bolton,351,149
Rio Ferdinand,Rio Ferdinand,Rio Ferdinand,Ferdinand,DEF,England,1995/96,2014/15,20,West Ham; Leeds; Man Utd; QPR,504,11
Barry Ferguson,Barry Ferguson,Barry Ferguson,Ferguson,MID,Scotland,2003/04,2010/11,4,Blackburn; Birmingham,108,3
Darren Ferguson,Darren Ferguson,Darren Ferguson,Ferguson,MID,Scotland,1992/93,1993/94,2,Man Utd,18,0
Duncan Ferguson,Duncan Ferguson,Duncan Ferguson,Ferguson,FWD,Scotland,1994/95,2005/06,12,Everton; Newcastle,269,68
Evan Ferguson,Evan Ferguson,Evan Ferguson,Ferguson,FWD,Republic of Ireland,2021/22,2024/25,4,Brighton; West Ham,68,13
Nathan Ferguson,Nathan Ferguson,Nathan Ferguson,Ferguson,DEF,England,2021/22,2021/22,1,Crystal Palace,1,0
Shane Ferguson,Shane Ferguson,Shane Ferguson,Ferguson,DEF,Northern Ireland,2010/11,2012/13,3,Newcastle,23,0
Bruno Fernandes,Bruno Fernandes,Bruno Fernandes,Fernandes,MID,Portugal,2019/20,2025/26,7,Man Utd,230,71
Edimilson Fernandes,Edimilson Fernandes,Edimilson Fernandes,Fernandes,MID,Switzerland,2016/17,2017/18,2,West Ham,42,0
Fabrice Fernandes,Fabrice Fernandes,Fabrice Fernandes,Fernandes,MID,France,2001/02,2005/06,5,Southampton; Bolton,92,5
Gedson Fernandes,Gedson Fernandes,Gedson Fernandes,Fernandes,MID,Portugal,2019/20,2019/20,1,Spurs,7,0
Gelson Fernandes,Gelson Fernandes,Gelson Fernandes,Fernandes,MID,Switzerland,2007/08,2008/09,2,Man City,43,3
Manuel Fernandes,Manuel Fernandes,Manuel Fernandes,Fernandes,MID,Portugal,2006/07,2007/08,2,Everton; Portsmouth,31,2
Mateus Fernandes,Mateus Fernandes,Mateus Fernandes,Fernandes,MID,Portugal,2024/25,2025/26,2,Southampton; West Ham,72,5
Alvaro Fernandez,Alvaro Fernandez,Álvaro Fernández,Fernandez,GK,Spain,2021/22,2021/22,1,Brentford,12,0
Enzo Fernandez,Enzo Fernandez,Enzo Fernández,Fernandez,MID,Argentina,2022/23,2025/26,4,Chelsea,118,19
Federico Fernandez,Federico Fernandez,Federico Fernández,Fernandez,DEF,Argentina,2014/15,2021/22,8,Swansea; Newcastle,199,4
Fernandinho,Fernandinho,Fernandinho,Fernandinho,MID,Brazil,2013/14,2021/22,9,Man City,264,20
Fernando,Fernando,Fernando,Fernando,MID,Brazil,2014/15,2016/17,3,Man City,64,4
Matteo Ferrari,Matteo Ferrari,Matteo Ferrari,Ferrari,DEF,Italy,2005/06,2005/06,1,Everton,8,0
Paulo Ferreira,Paulo Ferreira,Paulo Ferreira,Ferreira,DEF,Portugal,2004/05,2012/13,9,Chelsea,141,0
Albert Ferrer,Albert Ferrer,Albert Ferrer,Ferrer,DEF,Spain,1998/99,2002/03,5,Chelsea,76,0
Jean-Michel Ferri,Jean-Michel Ferri,Jean-Michel Ferri,Ferri,MID,France,1998/99,1998/99,1,Liverpool,2,0
Gianluca Festa,Gianluca Festa,Gianluca Festa,Festa,DEF,Italy,1996/97,2001/02,5,Middlesbrough,100,8
Alan Fettis,Alan Fettis,Alan Fettis,Fettis,GK,Northern Ireland,1996/97,1998/99,3,Nottingham Forest; Blackburn,14,0
Ian Feuer,Ian Feuer,Ian Feuer,Feuer,GK,United States,1999/00,2001/02,2,West Ham; Derby,5,0
Sam Field,Sam Field,Sam Field,Field,MID,England,2015/16,2020/21,4,West Brom,22,1
Luciano Figueroa,Luciano Figueroa,Luciano Figueroa,Figueroa,FWD,Argentina,2003/04,2003/04,1,Birmingham,1,0
Maynor Figueroa,Maynor Figueroa,Maynor Figueroa,Figueroa,DEF,Honduras,2007/08,2014/15,8,Wigan; Hull,214,4
John Filan,John Filan,John Filan,Filan,GK,Australia,1994/95,2006/07,7,Coventry; Blackburn; Wigan,74,0
Filipe Luis,Filipe Luis,Filipe Luís,Filipe Luis,DEF,Brazil,2014/15,2014/15,1,Chelsea,15,0
Neil Finn,Neil Finn,Neil Finn,Finn,GK,England,1995/96,1995/96,1,West Ham,1,0
Steve Finnan,Steve Finnan,Steve Finnan,Finnan,DEF,Republic of Ireland,2001/02,2009/10,8,Fulham; Liverpool; Portsmouth,236,1
Roberto Firmino,Roberto Firmino,Roberto Firmino,Firmino,FWD,Brazil,2015/16,2022/23,8,Liverpool,256,82
Junior Firpo,Junior Firpo,Héctor Junior Firpo Adames,Firpo,DEF,Spain,2021/22,2022/23,2,Leeds,43,1
Viktor Fischer,Viktor Fischer,Viktor Fischer,Fischer,FWD,Denmark,2016/17,2016/17,1,Middlesbrough,13,0
Mark Fish,Mark Fish,Mark Fish,Fish,DEF,South Africa,1997/98,2004/05,6,Bolton; Charlton,124,4
Will Fish,Will Fish,William Fish,Fish,DEF,England,2020/21,2020/21,1,Man Utd,1,0
Scott Fitzgerald,Scott Fitzgerald,Scott Fitzgerald,Fitzgerald,DEF,Republic of Ireland,1992/93,1995/96,4,Wimbledon,69,0
Jan Aage Fjortoft,Jan Aage Fjortoft,Jan Åge Fjørtoft,Fjortoft,FWD,Norway,1993/94,1997/98,4,Swindon; Middlesbrough; Barnsley,84,25
Mathieu Flamini,Mathieu Flamini,Mathieu Flamini,Flamini,MID,France,2004/05,2016/17,8,Arsenal; Crystal Palace,178,10
Jon Flanagan,Jon Flanagan,Jon Flanagan,Flanagan,DEF,England,2010/11,2016/17,5,Liverpool; Burnley,46,1
Mark Flatts,Mark Flatts,Mark Flatts,Flatts,MID,England,1992/93,1994/95,3,Arsenal,16,0
John Fleck,John Fleck,John Fleck,Fleck,MID,Scotland,2019/20,2023/24,3,Sheffield Utd,65,5
Robert Fleck,Robert Fleck,Robert Fleck,Fleck,FWD,Scotland,1992/93,1993/94,2,Chelsea,40,3
Mark Flekken,Mark Flekken,Mark Flekken,Flekken,GK,Netherlands,2023/24,2024/25,2,Brentford,74,0
Craig Fleming,Craig Fleming,Craig Fleming,Fleming,DEF,England,1992/93,2004/05,3,Oldham; Norwich,99,1
Curtis Fleming,Curtis Fleming,Curtis Fleming,Fleming,DEF,Republic of Ireland,1992/93,2001/02,7,Middlesbrough,146,2
Terry Fleming,Terry Fleming,Terry Fleming,Fleming,MID,England,1992/93,1992/93,1,Coventry,11,0
Zian Flemming,Zian Flemming,Zian Flemming,Flemming,FWD,Netherlands,2025/26,2025/26,1,Burnley,29,11
Ashley Fletcher,Ashley Fletcher,Ashley Fletcher,Fletcher,FWD,England,2016/17,2021/22,2,West Ham; Watford,19,0
Carl Fletcher,Carl Fletcher,Carl Fletcher,Fletcher,MID,Wales,2005/06,2005/06,1,West Ham,12,1
Darren Fletcher,Darren Fletcher,Darren Fletcher,Fletcher,MID,Scotland,2003/04,2017/18,15,Man Utd; West Brom; Stoke,341,23
Jack Fletcher,Jack Fletcher,Jack Fletcher,Fletcher,MID,England,2025/26,2025/26,1,Man Utd,3,0
Steven Fletcher,Steven Fletcher,Steven Fletcher,Fletcher,FWD,Scotland,2009/10,2015/16,7,Burnley; Wolves; Sunderland,190,53
Tyler Fletcher,Tyler Fletcher,Tyler Fletcher,Fletcher,MID,Scotland,2025/26,2025/26,1,Man Utd,2,0
Garry Flitcroft,Garry Flitcroft,Garry Flitcroft,Flitcroft,MID,England,1992/93,2005/06,12,Man City; Blackburn,301,24
Jostein Flo,Jostein Flo,Jostein Flo,Flo,FWD,Norway,1993/94,1993/94,1,Sheffield Utd,33,9
Tore Andre Flo,Tore Andre Flo,Tore André Flo,Flo,FWD,Norway,1997/98,2002/03,5,Chelsea; Sunderland,141,38
Willo Flood,Willo Flood,Willo Flood,Flood,MID,Republic of Ireland,2004/05,2005/06,2,Man City,14,1
Florentino,Florentino,Florentino Luís,Florentino,MID,Portugal,2025/26,2025/26,1,Burnley,31,0
Tim Flowers,Tim Flowers,Tim Flowers,Flowers,GK,England,1992/93,2001/02,10,Southampton; Blackburn; Leicester,286,0
Sean Flynn,Sean Flynn,Sean Flynn,Flynn,MID,England,1992/93,1996/97,4,Coventry; Derby,92,8
Phil Foden,Phil Foden,Phil Foden,Foden,MID,England,2017/18,2025/26,9,Man City,225,68
Wes Foderingham,Wes Foderingham,Wes Foderingham,Foderingham,GK,England,2023/24,2023/24,1,Sheffield Utd,30,0
Marc-Vivien Foe,Marc-Vivien Foe,Marc-Vivien Foé,Foe,MID,Cameroon,1998/99,2002/03,3,West Ham; Man City,73,10
David Datro Fofana,David Datro Fofana,David Datro Fofana,Fofana,FWD,Ivory Coast,2022/23,2023/24,2,Chelsea; Burnley,18,4
Wesley Fofana,Wesley Fofana,Wesley Fofana,Fofana,DEF,France,2020/21,2025/26,5,Leicester; Chelsea,91,1
Jaroslaw Fojut,Jaroslaw Fojut,Jarosław Fojut,Fojut,DEF,Poland,2005/06,2005/06,1,Bolton,1,0
Caleb Folan,Caleb Folan,Caleb Folan,Folan,FWD,Republic of Ireland,2006/07,2009/10,4,Wigan; Hull,38,5
Tony Folan,Tony Folan,Tony Folan,Folan,DEF,Republic of Ireland,1997/98,1997/98,1,Crystal Palace,1,0
Patrick Foletti,Patrick Foletti,Patrick Foletti,Foletti,GK,Switzerland,2001/02,2001/02,1,Derby,2,0
Dominic Foley,Dominic Foley,Dominic Foley,Foley,FWD,Republic of Ireland,1999/00,1999/00,1,Watford,12,1
Kevin Foley,Kevin Foley,Kevin Foley,Foley,DEF,Republic of Ireland,2009/10,2011/12,3,Wolves,74,2
Michael Folivi,Michael Folivi,Michael Folivi,Folivi,FWD,England,2016/17,2016/17,1,Watford,1,0
Yoann Folly,Yoann Folly,Yoann Folly,Folly,MID,France,2003/04,2004/05,2,Southampton,12,0
Liam Fontaine,Liam Fontaine,Liam Fontaine,Fontaine,DEF,England,2004/05,2004/05,1,Fulham,1,0
Jose Fonte,Jose Fonte,José Fonte,Fonte,DEF,Portugal,2012/13,2017/18,6,Southampton; West Ham,178,7
Carlos Forbs,Carlos Forbs,Carlos Forbs,Forbs,FWD,Portugal,2024/25,2024/25,1,Wolves,10,0
Mark Ford,Mark Ford,Mark Ford,Ford,MID,England,1993/94,1996/97,3,Leeds,29,1
Anthony Forde,Anthony Forde,Anthony Forde,Forde,MID,Republic of Ireland,2011/12,2011/12,1,Wolves,6,0
Diego Forlan,Diego Forlan,Diego Forlán,Forlan,FWD,Uruguay,2001/02,2004/05,4,Man Utd,63,10
Mauro Formica,Mauro Formica,Mauro Fórmica,Formica,MID,Argentina,2011/12,2011/12,1,Blackburn,34,4
Pablo Fornals,Pablo Fornals,Pablo Fornals,Fornals,MID,Spain,2019/20,2023/24,5,West Ham,152,16
Craig Forrest,Craig Forrest,Craig Forrest,Forrest,GK,Canada,1992/93,2000/01,8,Ipswich; Chelsea; West Ham,107,0
Jamie Forrester,Jamie Forrester,Jamie Forrester,Forrester,FWD,England,1992/93,1993/94,2,Leeds,9,0
Adam Forshaw,Adam Forshaw,Adam Forshaw,Forshaw,MID,England,2010/11,2022/23,4,Everton; Middlesbrough; Leeds,69,0
Omari Forson,Omari Forson,Omari Forson,Forson,MID,England,2023/24,2023/24,1,Man Utd,4,0
Marcus Forss,Marcus Forss,Marcus Forss,Forss,FWD,Finland,2021/22,2021/22,1,Brentford,7,0
Mikael Forssell,Mikael Forssell,Mikael Forssell,Forssell,FWD,Finland,1998/99,2007/08,6,Chelsea; Birmingham,126,34
Fraser Forster,Fraser Forster,Fraser Forster,Forster,GK,England,2014/15,2024/25,9,Southampton; Spurs,155,0
Jonathan Fortune,Jonathan Fortune,Jonathan Fortune,Fortune,DEF,England,2001/02,2006/07,6,Charlton,123,5
Marc-Antoine Fortune,Marc-Antoine Fortune,Marc-Antoine Fortuné,Fortune,FWD,France,2008/09,2012/13,4,West Brom,80,10
Quinton Fortune,Quinton Fortune,Quinton Fortune,Fortune,MID,South Africa,1999/00,2006/07,7,Man Utd; Bolton,82,5
Ben Foster,Ben Foster,Ben Foster,Foster,GK,England,2006/07,2021/22,15,Watford; Man Utd; Birmingham; West Brom,390,0
Colin Foster,Colin Foster,Colin Foster,Foster,DEF,England,1993/94,1993/94,1,West Ham,5,0
John Foster,John Foster,John Foster,Foster,DEF,England,1993/94,1995/96,3,Man City,16,0
Lyle Foster,Lyle Foster,Lyle Foster,Foster,FWD,South Africa,2023/24,2025/26,2,Burnley,50,8
Tariqe Fosu,Tariqe Fosu,Tariqe Fosu,Fosu,MID,Ghana,2021/22,2021/22,1,Brentford,1,0
Tim Fosu-Mensah,Tim Fosu-Mensah,Timothy Fosu-Mensah,Fosu-Mensah,DEF,Netherlands,2015/16,2020/21,6,Man Utd; Crystal Palace; Fulham,49,0
Dimitri Foulquier,Dimitri Foulquier,Dimitri Foulquier,Foulquier,DEF,France,2019/20,2019/20,1,Watford,3,0
Robbie Fowler,Robbie Fowler,Robbie Fowler,Fowler,FWD,England,1993/94,2008/09,15,Liverpool; Leeds; Man City; Blackburn,379,163
Danny Fox,Danny Fox,Danny Fox,Fox,DEF,Scotland,2009/10,2013/14,3,Burnley; Southampton,37,2
David Fox,David Fox,David Fox,Fox,MID,England,2011/12,2012/13,2,Norwich,30,0
Ruel Fox,Ruel Fox,Ruel Fox,Fox,MID,England,1992/93,1999/00,8,Norwich; Newcastle; Spurs,223,36
Hayden Foxe,Hayden Foxe,Hayden Foxe,Foxe,DEF,Australia,2000/01,2003/04,3,West Ham; Portsmouth,21,1
Juan Foyth,Juan Foyth,Juan Foyth,Foyth,DEF,Argentina,2018/19,2019/20,2,Spurs,16,1
Matheus Franca,Matheus Franca,Matheus França,Franca,MID,Brazil,2023/24,2024/25,2,Crystal Palace,14,1
Ryan France,Ryan France,Ryan France,France,MID,England,2008/09,2008/09,1,Hull,2,0
Damien Francis,Damien Francis,Damien Francis,Francis,MID,Jamaica,1997/98,2006/07,5,Wimbledon; Norwich; Wigan; Watford,95,11
Simon Francis,Simon Francis,Simon Francis,Francis,DEF,England,2015/16,2019/20,5,Bournemouth,136,0
Trevor Francis,Trevor Francis,Trevor Francis,Francis,FWD,England,1992/93,1993/94,2,Sheffield Wed,6,0
Guillermo Franco,Guillermo Franco,Guillermo Franco,Franco,FWD,Mexico,2009/10,2009/10,1,West Ham,23,5
Tyrese Francois,Tyrese Francois,Tyrese Francois,Francois,DEF,Australia,2020/21,2022/23,2,Fulham,2,0
Per Frandsen,Per Frandsen,Per Frandsen,Frandsen,MID,Denmark,1997/98,2003/04,4,Bolton,134,8
Jonathan Franks,Jonathan Franks,Jonathan Franks,Franks,FWD,England,2008/09,2008/09,1,Middlesbrough,1,0
Nathan Fraser,Nathan Fraser,Nathan Fraser,Fraser,FWD,Republic of Ireland,2023/24,2023/24,1,Wolves,7,0
Ryan Fraser,Ryan Fraser,Ryan Fraser,Fraser,MID,Scotland,2016/17,2024/25,8,Bournemouth; Newcastle; Southampton,181,18
Fred,Fred,Fred,Fred,MID,Brazil,2018/19,2022/23,5,Man Utd,139,8
Ryan Fredericks,Ryan Fredericks,Ryan Fredericks,Fredericks,DEF,England,2018/19,2022/23,5,West Ham; Bournemouth,75,2
Carsten Fredgaard,Carsten Fredgaard,Carsten Fredgaard,Fredgaard,MID,Denmark,1999/00,1999/00,1,Sunderland,1,0
Tyler Fredricson,Tyler Fredricson,Tyler Fredricson,Fredricson,DEF,England,2024/25,2025/26,2,Man Utd,3,0
Dougie Freedman,Dougie Freedman,Dougie Freedman,Freedman,FWD,Scotland,1997/98,2004/05,3,Crystal Palace; Nottingham Forest,58,10
Kieron Freeman,Kieron Freeman,Kieron Freeman,Freeman,DEF,Wales,2019/20,2019/20,1,Sheffield Utd,2,0
Luke Freeman,Luke Freeman,Luke Freeman,Freeman,MID,England,2019/20,2019/20,1,Sheffield Utd,11,0
Chris Freestone,Chris Freestone,Chris Freestone,Freestone,FWD,England,1995/96,1996/97,2,Middlesbrough,6,1
Kerim Frei,Kerim Frei,Kerim Frei,Frei,MID,Turkey,2011/12,2012/13,2,Fulham,23,0
Remo Freuler,Remo Freuler,Remo Freuler,Freuler,MID,Switzerland,2022/23,2022/23,1,Nottingham Forest,28,0
Steffen Freund,Steffen Freund,Steffen Freund,Freund,MID,Germany,1998/99,2003/04,6,Spurs; Leicester,116,0
Brad Friedel,Brad Friedel,Brad Friedel,Friedel,GK,United States,1997/98,2013/14,16,Liverpool; Blackburn; Aston Villa; Spurs,450,1
George Friend,George Friend,George Friend,Friend,DEF,England,2009/10,2016/17,2,Wolves; Middlesbrough,25,0
Emmanuel Frimpong,Emmanuel Frimpong,Emmanuel Frimpong,Frimpong,MID,Ghana,2011/12,2012/13,2,Arsenal; Wolves; Fulham,17,0
Jeremie Frimpong,Jeremie Frimpong,Jeremie Frimpong,Frimpong,DEF,Netherlands,2025/26,2025/26,1,Liverpool,21,0
Steve Froggatt,Steve Froggatt,Steve Froggatt,Froggatt,MID,England,1992/93,1999/00,4,Aston Villa; Coventry,75,4
Michael Frontzeck,Michael Frontzeck,Michael Frontzeck,Frontzeck,DEF,Germany,1995/96,1995/96,1,Man City,12,0
Matty Fryatt,Matty Fryatt,Matthew Fryatt,Fryatt,FWD,England,2013/14,2013/14,1,Hull,10,2
Zeki Fryers,Zeki Fryers,Ezekiel Fryers,Fryers,DEF,England,2011/12,2016/17,4,Man Utd; Spurs; Crystal Palace,18,0
Christian Fuchs,Christian Fuchs,Christian Fuchs,Fuchs,DEF,Austria,2015/16,2020/21,6,Leicester,116,2
Esteban Fuertes,Esteban Fuertes,Esteban Fuertes,Fuertes,FWD,Argentina,1999/00,1999/00,1,Derby,8,1
Jamie Fullarton,Jamie Fullarton,Jamie Fullarton,Fullarton,MID,Scotland,1997/98,1997/98,1,Crystal Palace,25,1
Ricardo Fuller,Ricardo Fuller,Ricardo Fuller,Fuller,FWD,Jamaica,2004/05,2011/12,5,Portsmouth; Stoke,141,19
Marton Fulop,Marton Fulop,Márton Fülöp,Fulop,GK,Hungary,2007/08,2011/12,4,Sunderland; Man City; West Brom,44,0
Jay Fulton,Jay Fulton,Jay Fulton,Fulton,MID,Scotland,2013/14,2017/18,5,Swansea,19,0
Fumaca,Fumaca,José Antunes Fumaça,Fumaca,MID,Brazil,1999/00,1999/00,1,Newcastle,5,0
Ramiro Funes Mori,Ramiro Funes Mori,Ramiro Funes Mori,Funes Mori,DEF,Argentina,2015/16,2017/18,3,Everton,55,4
Darnell Furlong,Darnell Furlong,Darnell Furlong,Furlong,DEF,England,2014/15,2020/21,2,QPR; West Brom,38,1
Paul Furlong,Paul Furlong,Paul Furlong,Furlong,FWD,England,1994/95,1995/96,2,Chelsea,64,13
Kaye Furo,Kaye Furo,Kaye Furo,Furo,FWD,Belgium,2025/26,2025/26,1,Brentford,1,0
Paulo Futre,Paulo Futre,Paulo Futre,Futre,FWD,Portugal,1996/97,1996/97,1,West Ham,9,0
Fraser Fyvie,Fraser Fyvie,Fraser Fyvie,Fyvie,MID,Scotland,2012/13,2012/13,1,Wigan,1,0
Niclas Fullkrug,Niclas Fullkrug,Niclas Füllkrug,Füllkrug,FWD,Germany,2024/25,2025/26,2,West Ham,26,3
Thomas Gaardsoe,Thomas Gaardsoe,Thomas Gaardsøe,Gaardsoe,MID,Denmark,2001/02,2005/06,3,Ipswich; West Brom,40,1
Manolo Gabbiadini,Manolo Gabbiadini,Manolo Gabbiadini,Gabbiadini,FWD,Italy,2016/17,2018/19,3,Southampton,51,10
Marco Gabbiadini,Marco Gabbiadini,Marco Gabbiadini,Gabbiadini,FWD,England,1996/97,1996/97,1,Derby,14,0
Danny Gabbidon,Danny Gabbidon,Danny Gabbidon,Gabbidon,DEF,Wales,2005/06,2013/14,7,West Ham; QPR; Crystal Palace,136,1
Gabriel Magalhaes,Gabriel Magalhaes,Gabriel dos Santos Magalhães,Gabriel,DEF,Brazil,2020/21,2025/26,6,Arsenal,192,20
Kevin Gage,Kevin Gage,Kevin Gage,Gage,DEF,England,1992/93,1993/94,2,Sheffield Utd,48,0
Cody Gakpo,Cody Gakpo,Cody Gakpo,Gakpo,FWD,Netherlands,2022/23,2025/26,4,Liverpool,127,32
Tony Gale,Tony Gale,Tony Gale,Gale,DEF,England,1993/94,1994/95,2,West Ham; Blackburn,47,0
Kevin Gallacher,Kevin Gallacher,Kevin Gallacher,Gallacher,FWD,Scotland,1992/93,2000/01,9,Blackburn; Coventry; Newcastle,198,56
Conor Gallagher,Conor Gallagher,Conor Gallagher,Gallagher,MID,England,2020/21,2025/26,5,West Brom; Crystal Palace; Chelsea; Spurs,152,19
Paul Gallagher,Paul Gallagher,Paul Gallagher,Gallagher,FWD,Scotland,2002/03,2009/10,6,Blackburn,61,6
Sam Gallagher,Sam Gallagher,Sam Gallagher,Gallagher,FWD,England,2013/14,2018/19,2,Southampton,22,1
William Gallas,William Gallas,William Gallas,Gallas,DEF,France,2001/02,2012/13,12,Chelsea; Arsenal; Spurs,321,25
Kevin Gallen,Kevin Gallen,Kevin Gallen,Gallen,FWD,England,1994/95,1995/96,2,QPR,67,18
Brendan Galloway,Brendan Galloway,Brendan Galloway,Galloway,DEF,England,2014/15,2016/17,3,Everton; West Brom,20,0
Mick Galloway,Mick Galloway,Mick Galloway,Galloway,MID,Scotland,1994/95,1994/95,1,Leicester,5,0
Cristian Gamboa,Cristian Gamboa,Cristian Gamboa,Gamboa,DEF,Costa Rica,2014/15,2015/16,2,West Brom,11,0
Jesus Gamez,Jesus Gamez,Jesús Gámez,Gamez,DEF,Spain,2017/18,2017/18,1,Newcastle,2,0
Ioan Ganea,Ioan Ganea,Ioan Viorel Ganea,Ganea,FWD,Romania,2003/04,2003/04,1,Wolves,16,3
John Gannon,John Gannon,John Gannon,Gannon,MID,England,1992/93,1993/94,2,Sheffield Utd,41,1
Ben Gannon-Doak,Ben Gannon-Doak,Ben Gannon-Doak,Gannon-Doak,MID,Scotland,2022/23,2025/26,3,Liverpool; Bournemouth,11,0
Dominic Gape,Dominic Gape,Dominic Gape,Gape,MID,England,2014/15,2014/15,1,Southampton,1,0
Luke Garbutt,Luke Garbutt,Luke Garbutt,Garbutt,DEF,England,2013/14,2014/15,2,Everton,5,0
Aleix Garcia,Aleix Garcia,Aleix García,Garcia,MID,Spain,2016/17,2016/17,1,Man City,4,0
Eric Garcia,Eric Garcia,Eric García,Garcia,DEF,Spain,2019/20,2020/21,2,Man City,19,0
Javi Garcia,Javi Garcia,Javi García,Garcia,MID,Spain,2012/13,2013/14,2,Man City,53,2
Luis Garcia,Luis Garcia,Luis García,Garcia,FWD,Spain,2004/05,2006/07,3,Liverpool,77,18
Manu Garcia,Manu Garcia,Manuel García Alonso,Garcia,MID,Spain,2015/16,2015/16,1,Man City,1,0
Richard Garcia,Richard Garcia,Richard Garcia,Garcia,MID,Australia,2001/02,2009/10,3,West Ham; Hull,49,1
Andres Garcia,Andres Garcia,Andrés García Robledo,García,DEF,Spain,2024/25,2025/26,2,Aston Villa,13,0
Remi Garde,Remi Garde,Rémi Garde,Garde,MID,France,1996/97,1998/99,3,Arsenal,31,0
Anthony Gardner,Anthony Gardner,Anthony Gardner,Gardner,DEF,England,2000/01,2009/10,10,Spurs; Hull,144,2
Craig Gardner,Craig Gardner,Craig Gardner,Gardner,MID,England,2005/06,2016/17,12,Aston Villa; Birmingham; Sunderland; West Brom,260,31
Gary Gardner,Gary Gardner,Gary Gardner,Gardner,MID,England,2011/12,2012/13,2,Aston Villa,16,0
Ricardo Gardner,Ricardo Gardner,Ricardo Gardner,Gardner,MID,Jamaica,2001/02,2011/12,11,Bolton,251,10
Florin Gardos,Florin Gardos,Florin Gardoș,Gardos,DEF,Romania,2014/15,2014/15,1,Southampton,10,0
Alejandro Garnacho,Alejandro Garnacho,Alejandro Garnacho,Garnacho,FWD,Argentina,2021/22,2025/26,5,Man Utd; Chelsea,117,17
James Garner,James Garner,James Garner,Garner,MID,England,2018/19,2025/26,6,Man Utd; Everton,114,3
Javier Garrido,Javier Garrido,Javier Garrido,Garrido,DEF,Spain,2007/08,2013/14,5,Man City; Norwich,89,2
Ryan Garry,Ryan Garry,Ryan Garry,Garry,DEF,England,2002/03,2002/03,1,Arsenal,1,0
Owen Garvan,Owen Garvan,Owen Garvan,Garvan,MID,Republic of Ireland,2013/14,2013/14,1,Crystal Palace,2,0
Paul Gascoigne,Paul Gascoigne,Paul Gascoigne,Gascoigne,MID,England,1998/99,2001/02,4,Middlesbrough; Everton,66,5
Maurizio Gaudino,Maurizio Gaudino,Maurizio Gaudino,Gaudino,MID,Germany,1994/95,1994/95,1,Man City,20,3
Diego Gavilan,Diego Gavilan,Diego Gavilán,Gavilan,MID,Paraguay,1999/00,2000/01,2,Newcastle,7,1
Jason Gavin,Jason Gavin,Jason Gavin,Gavin,DEF,Republic of Ireland,1998/99,2001/02,4,Middlesbrough,31,0
Brian Gayle,Brian Gayle,Brian Gayle,Gayle,DEF,England,1992/93,1993/94,2,Sheffield Utd,44,5
Dwight Gayle,Dwight Gayle,Dwight Gayle,Gayle,FWD,England,2013/14,2021/22,7,Crystal Palace; Newcastle,145,26
John Gayle,John Gayle,John Gayle,Gayle,FWD,England,1993/94,1993/94,1,Coventry,3,0
Marcus Gayle,Marcus Gayle,Marcus Gayle,Gayle,FWD,Jamaica,1993/94,1999/00,7,Wimbledon,204,34
Paulo Gazzaniga,Paulo Gazzaniga,Paulo Gazzaniga,Gazzaniga,GK,Argentina,2012/13,2019/20,7,Southampton; Spurs,43,0
Jean-Philippe Gbamin,Jean-Philippe Gbamin,Jean-Philippe Gbamin,Gbamin,MID,Ivory Coast,2019/20,2021/22,3,Everton,6,0
Derek Geary,Derek Geary,Derek Geary,Geary,DEF,Republic of Ireland,2006/07,2006/07,1,Sheffield Utd,26,0
Marcel Gecov,Marcel Gecov,Marcel Gecov,Gecov,MID,Czech Republic,2011/12,2011/12,1,Fulham,2,0
Gedo,Gedo,Mohamed Nagy,Gedo,FWD,Egypt,2013/14,2013/14,1,Hull,2,0
Phil Gee,Phil Gee,Phil Gee,Gee,FWD,England,1994/95,1994/95,1,Leicester,7,2
Lutsharel Geertruida,Lutsharel Geertruida,Lutsharel Geertruida,Geertruida,DEF,Netherlands,2025/26,2025/26,1,Sunderland,28,0
Theofanis Gekas,Theofanis Gekas,Theofanis Gekas,Gekas,FWD,Greece,2008/09,2008/09,1,Portsmouth,1,0
Joe Gelhardt,Joe Gelhardt,Joe Gelhardt,Gelhardt,FWD,England,2021/22,2022/23,2,Leeds,35,2
Scot Gemmill,Scot Gemmill,Scot Gemmill,Gemmill,MID,Scotland,1992/93,2002/03,9,Nottingham Forest; Everton,224,8
Regis Genaux,Regis Genaux,Régis Genaux,Genaux,DEF,Belgium,1996/97,1996/97,1,Coventry,4,0
Finidi George,Finidi George,Finidi George,George,MID,Nigeria,2001/02,2001/02,1,Ipswich,25,6
Tyrique George,Tyrique George,Tyrique George,George,FWD,England,2024/25,2025/26,2,Chelsea; Everton,23,1
Georgios Georgiadis,Georgios Georgiadis,Georgios Georgiadis,Georgiadis,MID,Greece,1998/99,1998/99,1,Newcastle,10,0
Geovanni,Geovanni,Geovanni,Geovanni,MID,Brazil,2007/08,2009/10,3,Man City; Hull,79,14
Zoltan Gera,Zoltan Gera,Zoltán Gera,Gera,MID,Hungary,2004/05,2013/14,8,West Brom; Fulham,172,17
Geremi,Geremi,Geremi Njitap,Geremi,MID,Cameroon,2002/03,2008/09,7,Middlesbrough; Chelsea; Newcastle,147,12
Paul Gerrard,Paul Gerrard,Paul Gerrard,Gerrard,GK,England,1992/93,2006/07,9,Oldham; Everton; Sheffield Utd,133,0
Steven Gerrard,Steven Gerrard,Steven Gerrard,Gerrard,MID,England,1998/99,2014/15,17,Liverpool,504,120
Gervinho,Gervinho,Gervais Yao Kouassi,Gervinho,FWD,Ivory Coast,2011/12,2012/13,2,Arsenal,46,9
Rudy Gestede,Rudy Gestede,Rudy Gestede,Gestede,FWD,Benin,2013/14,2016/17,3,Cardiff; Aston Villa; Middlesbrough,51,6
Hossam Ghaly,Hossam Ghaly,Hossam Ghaly,Ghaly,MID,Egypt,2006/07,2007/08,2,Spurs; Derby,36,1
Rachid Ghezzal,Rachid Ghezzal,Rachid Ghezzal,Ghezzal,MID,Algeria,2018/19,2018/19,1,Leicester,19,1
Kamel Ghilas,Kamel Ghilas,Kamel Ghilas,Ghilas,FWD,Algeria,2009/10,2009/10,1,Hull,13,1
Saman Ghoddos,Saman Ghoddos,Saman Ghoddos,Ghoddos,FWD,Iran,2021/22,2023/24,3,Brentford,51,2
Najwan Ghrayib,Najwan Ghrayib,Najwan Ghrayib,Ghrayib,DEF,Israel,1999/00,1999/00,1,Aston Villa,5,0
Emanuele Giaccherini,Emanuele Giaccherini,Emanuele Giaccherini,Giaccherini,MID,Italy,2013/14,2014/15,2,Sunderland,32,4
Gaetano Giallanza,Gaetano Giallanza,Gaëtano Giallanza,Giallanza,FWD,Switzerland,1997/98,1997/98,1,Bolton,3,0
Stelios Giannakopoulos,Stelios Giannakopoulos,Stelios Giannakopoulos,Giannakopoulos,MID,Greece,2003/04,2008/09,6,Bolton; Hull,139,20
Dimitris Giannoulis,Dimitris Giannoulis,Dimitris Giannoulis,Giannoulis,DEF,Greece,2021/22,2021/22,1,Norwich,18,0
Kevin Gibbens,Kevin Gibbens,Kevin Gibbens,Gibbens,MID,England,1997/98,2000/01,3,Southampton,9,0
Kieran Gibbs,Kieran Gibbs,Kieran Gibbs,Gibbs,DEF,England,2008/09,2020/21,11,Arsenal; West Brom,180,2
Nigel Gibbs,Nigel Gibbs,Nigel Gibbs,Gibbs,DEF,England,1999/00,1999/00,1,Watford,17,0
Morgan Gibbs-White,Morgan Gibbs-White,Morgan Gibbs-White,Gibbs-White,MID,England,2018/19,2025/26,8,Wolves; Nottingham Forest,191,33
Ben Gibson,Ben Gibson,Ben Gibson,Gibson,DEF,England,2016/17,2021/22,3,Middlesbrough; Burnley; Norwich,67,2
Darron Gibson,Darron Gibson,Darron Gibson,Gibson,MID,Republic of Ireland,2008/09,2016/17,9,Man Utd; Everton; Sunderland,94,5
Terry Gibson,Terry Gibson,Terry Gibson,Gibson,FWD,England,1992/93,1992/93,1,Wimbledon,8,1
Ryan Giggs,Ryan Giggs,Ryan Giggs,Giggs,MID,Wales,1992/93,2013/14,22,Man Utd,632,109
Bryan Gil,Bryan Gil,Bryan Gil Salvatierra,Gil,MID,Spain,2021/22,2023/24,3,Spurs,24,0
Carles Gil,Carles Gil,Carles Gil,Gil,MID,Spain,2014/15,2015/16,2,Aston Villa,28,2
Kerrea Gilbert,Kerrea Gilbert,Kerrea Gilbert,Gilbert,DEF,England,2005/06,2005/06,1,Arsenal,2,0
Gilberto,Gilberto,Gilberto,Gilberto,DEF,Brazil,2007/08,2008/09,2,Spurs,7,1
Gilberto Silva,Gilberto Silva,Gilberto Silva,Gilberto,MID,Brazil,2002/03,2007/08,6,Arsenal,170,17
Alfie Gilchrist,Alfie Gilchrist,Alfie Gilchrist,Gilchrist,DEF,England,2023/24,2023/24,1,Chelsea,11,1
Phil Gilchrist,Phil Gilchrist,Phil Gilchrist,Gilchrist,DEF,England,1999/00,2002/03,3,Leicester; West Brom,61,1
Ryan Giles,Ryan Giles,Ryan Giles,Giles,DEF,England,2023/24,2023/24,1,Luton,11,0
Matt Gilks,Matt Gilks,Matthew Gilks,Gilks,GK,Scotland,2010/11,2010/11,1,Blackpool,18,0
Gary Gillespie,Gary Gillespie,Gary Gillespie,Gillespie,DEF,Scotland,1994/95,1994/95,1,Coventry,3,0
Keith Gillespie,Keith Gillespie,Keith Gillespie,Gillespie,MID,Northern Ireland,1994/95,2006/07,9,Man Utd; Newcastle; Blackburn; Leicester; Sheffield Utd,238,17
Billy Gilmour,Billy Gilmour,Billy Gilmour,Gilmour,MID,Scotland,2019/20,2024/25,6,Chelsea; Norwich; Brighton,81,0
David Ginola,David Ginola,David Ginola,Ginola,MID,France,1995/96,2001/02,7,Newcastle; Spurs; Aston Villa; Everton,195,21
Rory Ginty,Rory Ginty,Rory Ginty,Ginty,MID,Republic of Ireland,1997/98,1997/98,1,Crystal Palace,5,0
Stefano Gioacchini,Stefano Gioacchini,Stefano Gioacchini,Gioacchini,FWD,Italy,1998/99,1998/99,1,Coventry,3,0
Olivier Giroud,Olivier Giroud,Olivier Giroud,Giroud,FWD,France,2012/13,2020/21,9,Arsenal; Chelsea,255,90
Jamie Gittens,Jamie Gittens,Jamie Gittens,Gittens,FWD,England,2025/26,2025/26,1,Chelsea,16,0
Jon Gittens,Jon Gittens,Jon Gittens,Gittens,DEF,England,1992/93,1992/93,1,Middlesbrough,13,0
Shay Given,Shay Given,Shay Given,Given,GK,Republic of Ireland,1996/97,2016/17,19,Blackburn; Newcastle; Man City; Aston Villa; Stoke,451,0
Gael Givet,Gael Givet,Gaël Givet,Givet,DEF,France,2008/09,2011/12,4,Blackburn,99,3
Stephen Glass,Stephen Glass,Stephen Glass,Glass,MID,Scotland,1998/99,2000/01,3,Newcastle,43,7
Glauber,Glauber,Gláuber Berti,Glauber,DEF,Brazil,2008/09,2008/09,1,Man City,1,0
Lee Glover,Lee Glover,Lee Glover,Glover,FWD,England,1992/93,1992/93,1,Nottingham Forest,14,0
Serge Gnabry,Serge Gnabry,Serge Gnabry,Gnabry,MID,Germany,2012/13,2015/16,3,Arsenal; West Brom,11,1
Wilfried Gnonto,Wilfried Gnonto,Wilfried Gnonto,Gnonto,FWD,Italy,2022/23,2025/26,2,Leeds,47,2
Shaun Goater,Shaun Goater,Shaun Goater,Goater,FWD,Bermuda,2000/01,2002/03,2,Man City,52,13
Paul Goddard,Paul Goddard,Paul Goddard,Goddard,FWD,England,1992/93,1993/94,2,Ipswich,29,3
Ben Godfrey,Ben Godfrey,Ben Godfrey,Godfrey,DEF,England,2019/20,2024/25,6,Norwich; Everton; Ipswich,115,0
Martial Godo,Martial Godo,Martial Godo,Godo,MID,Ivory Coast,2024/25,2024/25,1,Fulham,2,0
Steve Gohouri,Steve Gohouri,Steve Gohouri,Gohouri,DEF,Ivory Coast,2009/10,2011/12,3,Wigan,42,2
Scott Golbourne,Scott Golbourne,Scott Golbourne,Golbourne,DEF,England,2007/08,2007/08,1,Reading,1,0
Bjarne Goldbaek,Bjarne Goldbaek,Bjarne Goldbæk,Goldbaek,MID,Denmark,1998/99,2002/03,4,Chelsea; Fulham,52,6
Michael Golding,Michael Golding,Michael Golding,Golding,MID,England,2024/25,2024/25,1,Leicester,1,0
Connor Goldson,Connor Goldson,Connor Goldson,Goldson,DEF,England,2017/18,2017/18,1,Brighton,3,0
Roman Golobart,Roman Golobart,Román Golobart,Golobart,DEF,Spain,2012/13,2012/13,1,Wigan,3,0
Alain Goma,Alain Goma,Alain Goma,Goma,DEF,France,1999/00,2005/06,7,Newcastle; Fulham,147,1
Andre Gomes,Andre Gomes,André Filipe Tavares Gomes,Gomes,MID,Portugal,2018/19,2023/24,5,Everton,100,2
Angel Gomes,Angel Gomes,Angel Gomes,Gomes,MID,England,2016/17,2025/26,4,Man Utd; Wolves,17,0
Heurelho Gomes,Heurelho Gomes,Heurelho Gomes,Gomes,GK,Brazil,2008/09,2017/18,6,Spurs; Watford,195,0
Joao Gomes,Joao Gomes,João Gomes,Gomes,MID,Brazil,2022/23,2025/26,4,Wolves,116,7
Rodrigo Gomes,Rodrigo Gomes,Rodrigo Gomes,Gomes,DEF,Portugal,2024/25,2025/26,2,Wolves,47,5
Joe Gomez,Joe Gomez,Joe Gomez,Gomez,DEF,England,2015/16,2025/26,10,Liverpool,170,0
Jordi Gomez,Jordi Gomez,Jordi Gómez,Gomez,MID,Spain,2009/10,2015/16,6,Wigan; Sunderland,131,14
Sergio Gomez,Sergio Gomez,Sergio Gómez,Gomez,MID,Spain,2022/23,2023/24,2,Man City,18,0
Bafetimbi Gomis,Bafetimbi Gomis,Bafétimbi Gomis,Gomis,FWD,France,2014/15,2015/16,2,Swansea,64,13
Mark Gonzalez,Mark Gonzalez,Mark González,Gonzalez,MID,Chile,2006/07,2006/07,1,Liverpool,25,2
Nacho Gonzalez,Nacho Gonzalez,Ignacio González,Gonzalez,MID,Uruguay,2008/09,2008/09,1,Newcastle,2,0
Nico Gonzalez,Nico Gonzalez,Nico González,Gonzalez,MID,Spain,2024/25,2025/26,2,Man City,36,2
Enso Gonzalez,Enso Gonzalez,Enso González,González,FWD,Paraguay,2023/24,2023/24,1,Wolves,1,0
Lynden Gooch,Lynden Gooch,Lynden Gooch,Gooch,MID,United States,2016/17,2016/17,1,Sunderland,11,0
Charlie Goode,Charlie Goode,Charlie Goode,Goode,DEF,England,2021/22,2021/22,1,Brentford,6,0
Ty Gooden,Ty Gooden,Ty Gooden,Gooden,MID,England,1993/94,1993/94,1,Swindon,4,0
Jon Goodman,Jon Goodman,Jon Goodman,Goodman,FWD,Republic of Ireland,1994/95,1998/99,4,Wimbledon,60,11
Greg Goodridge,Greg Goodridge,Gregory Goodridge,Goodridge,MID,Barbados,1995/96,1995/96,1,QPR,7,1
David Goodwillie,David Goodwillie,David Goodwillie,Goodwillie,FWD,Scotland,2011/12,2011/12,1,Blackburn,20,2
Tommy Goodwin,Tommy Goodwin,Tommy Goodwin,Goodwin,DEF,England,1999/00,1999/00,1,Leicester,1,0
Andy Goram,Andy Goram,Andy Goram,Goram,GK,Scotland,2000/01,2000/01,1,Man Utd,2,0
Anthony Gordon,Anthony Gordon,Anthony Gordon,Gordon,MID,England,2019/20,2025/26,7,Everton; Newcastle,176,31
Craig Gordon,Craig Gordon,Craig Gordon,Gordon,GK,Scotland,2007/08,2011/12,5,Sunderland,88,0
Dale Gordon,Dale Gordon,Dale Gordon,Gordon,MID,England,1993/94,1995/96,2,West Ham,9,1
Dean Gordon,Dean Gordon,Dean Gordon,Gordon,DEF,England,1992/93,2001/02,7,Crystal Palace; Middlesbrough,151,9
Kaide Gordon,Kaide Gordon,Kaide Gordon,Gordon,FWD,England,2021/22,2023/24,2,Liverpool,2,0
Dan Gore,Dan Gore,Daniel Gore,Gore,MID,England,2023/24,2023/24,1,Man Utd,1,0
Jon Gorenc Stankovic,Jon Gorenc Stankovic,Jon Gorenc Stanković,Gorenc Stankovic,DEF,Slovenia,2018/19,2018/19,1,Huddersfield,11,1
Kaspars Gorkss,Kaspars Gorkss,Kaspars Gorkšs,Gorkss,DEF,Latvia,2012/13,2012/13,1,Reading,14,1
Johnny Gorman,Johnny Gorman,Johnny Gorman,Gorman,MID,Northern Ireland,2011/12,2011/12,1,Wolves,1,0
Kenji Gorre,Kenji Gorre,Kenji Gorré,Gorre,MID,Netherlands,2014/15,2014/15,1,Swansea,1,0
Dan Gosling,Dan Gosling,Dan Gosling,Gosling,MID,England,2008/09,2021/22,12,Everton; Newcastle; Bournemouth; Watford,188,18
Jeremy Goss,Jeremy Goss,Jeremy Goss,Goss,MID,Wales,1992/93,1994/95,3,Norwich,84,9
Yoan Gouffran,Yoan Gouffran,Yoan Gouffran,Gouffran,MID,France,2012/13,2015/16,4,Newcastle,89,11
Richard Gough,Richard Gough,Richard Gough,Gough,DEF,Scotland,1998/99,2000/01,3,Nottingham Forest; Everton,45,1
Jonathan Gould,Jonathan Gould,Jonathan Gould,Gould,GK,Scotland,1992/93,1994/95,3,Coventry,25,0
Herold Goulon,Herold Goulon,Hérold Goulon,Goulon,MID,France,2010/11,2010/11,1,Blackburn,4,0
Mark Gower,Mark Gower,Mark Gower,Gower,MID,England,2011/12,2012/13,2,Swansea,21,0
Lewis Grabban,Lewis Grabban,Lewis Grabban,Grabban,FWD,England,2015/16,2016/17,2,Bournemouth; Norwich,24,1
Corrado Grabbi,Corrado Grabbi,Corrado Grabbi,Grabbi,FWD,Italy,2001/02,2003/04,3,Blackburn,30,2
Max Gradel,Max Gradel,Max-Alain Gradel,Gradel,FWD,Ivory Coast,2015/16,2016/17,2,Bournemouth,25,1
Danny Graham,Danny Graham,Danny Graham,Graham,FWD,England,2004/05,2015/16,8,Middlesbrough; Swansea; Sunderland; Hull,124,18
Richard Graham,Richard Graham,Richard Graham,Graham,DEF,England,1993/94,1993/94,1,Oldham,5,0
Martin Grainger,Martin Grainger,Martin Grainger,Grainger,DEF,England,2002/03,2003/04,2,Birmingham,13,1
Elliot Grandin,Elliot Grandin,Elliot Grandin,Grandin,FWD,France,2010/11,2010/11,1,Blackpool,23,1
Esteban Granero,Esteban Granero,Esteban Granero,Granero,MID,Spain,2012/13,2012/13,1,QPR,24,1
Andreas Granqvist,Andreas Granqvist,Andreas Granqvist,Granqvist,DEF,Sweden,2007/08,2007/08,1,Wigan,14,0
Anthony Grant,Anthony Grant,Anthony Grant,Grant,MID,Jamaica,2004/05,2004/05,1,Chelsea,1,0
Gareth Grant,Gareth Grant,Gareth Grant,Grant,FWD,England,1999/00,2000/01,2,Bradford,6,0
Karlan Grant,Karlan Grant,Karlan Ahearne-Grant,Grant,FWD,England,2018/19,2020/21,2,Huddersfield; West Brom,34,5
Lee Grant,Lee Grant,Lee Grant,Grant,GK,England,2016/17,2017/18,2,Stoke,31,0
Tony Grant,Tony Grant,Tony Grant,Grant,MID,England,1994/95,2000/01,7,Everton; Man City,71,2
Danny Granville,Danny Granville,Danny Granville,Granville,DEF,England,1996/97,2004/05,5,Chelsea; Leeds; Man City; Crystal Palace,81,3
Xavier Gravelaine,Xavier Gravelaine,Xavier Gravelaine,Gravelaine,FWD,France,1999/00,1999/00,1,Watford,7,2
Ryan Gravenberch,Ryan Gravenberch,Ryan Gravenberch,Gravenberch,MID,Netherlands,2023/24,2025/26,3,Liverpool,99,6
Thomas Gravesen,Thomas Gravesen,Thomas Gravesen,Gravesen,MID,Denmark,2000/01,2007/08,6,Everton,149,11
Andre Gray,Andre Gray,Andre Gray,Gray,FWD,England,2016/17,2019/20,4,Burnley; Watford,115,23
Andy Gray,Andy Gray,Andy Gray,Gray,MID,Scotland,1995/96,2005/06,4,Leeds; Nottingham Forest; Sunderland,51,1
Andy Gray (b.1964),Andy Gray,Andy Gray,Gray,MID,England,1992/93,1993/94,2,Spurs,19,2
Archie Gray,Archie Gray,Archie Gray,Gray,MID,England,2024/25,2025/26,2,Spurs,52,2
Demarai Gray,Demarai Gray,Demarai Gray,Gray,MID,Jamaica,2015/16,2022/23,8,Leicester; Everton,200,19
Julian Gray,Julian Gray,Julian Gray,Gray,MID,England,1999/00,2008/09,4,Arsenal; Birmingham; Fulham,55,3
Michael Gray,Michael Gray,Michael Gray,Gray,DEF,England,1996/97,2006/07,9,Sunderland; Blackburn,234,5
Wayne Gray,Wayne Gray,Wayne Gray,Gray,FWD,England,1999/00,1999/00,1,Wimbledon,1,0
Simon Grayson,Simon Grayson,Simon Grayson,Grayson,DEF,England,1994/95,1998/99,4,Leicester; Aston Villa,118,0
Ivo Grbic,Ivo Grbic,Ivo Grbić,Grbić,GK,Croatia,2023/24,2023/24,1,Sheffield Utd,9,0
Jack Grealish,Jack Grealish,Jack Grealish,Grealish,MID,England,2013/14,2025/26,10,Aston Villa; Man City; Everton,210,29
Jacob Greaves,Jacob Greaves,Jacob Greaves,Greaves,DEF,England,2024/25,2024/25,1,Ipswich,25,1
Adam Green,Adam Green,Adam Green,Green,DEF,England,2003/04,2004/05,2,Fulham,8,0
Andre Green,Andre Green,André Green,Green,MID,England,2015/16,2015/16,1,Aston Villa,2,0
Rob Green,Rob Green,Robert Green,Green,GK,England,2004/05,2014/15,8,Norwich; West Ham; QPR,267,0
Scott Green,Scott Green,Scott Green,Green,DEF,England,1995/96,1995/96,1,Bolton,31,3
Jonathan Greening,Jonathan Greening,Jonathan Greening,Greening,MID,England,1998/99,2010/11,11,Man Utd; Middlesbrough; West Brom; Fulham,252,9
Chris Greenman,Chris Greenman,Chris Greenman,Greenman,DEF,England,1992/93,1992/93,1,Coventry,2,0
Mason Greenwood,Mason Greenwood,Mason Greenwood,Greenwood,FWD,England,2018/19,2021/22,4,Man Utd,83,22
Rees Greenwood,Rees Greenwood,Rees Greenwood,Greenwood,FWD,England,2015/16,2015/16,1,Sunderland,1,0
Sam Greenwood,Sam Greenwood,Sam Greenwood,Greenwood,MID,England,2021/22,2022/23,2,Leeds,25,1
Sean Gregan,Sean Gregan,Sean Gregan,Gregan,MID,England,2002/03,2002/03,1,West Brom,36,1
Reece Grego-Cox,Reece Grego-Cox,Reece Grego-Cox,Grego-Cox,FWD,Republic of Ireland,2014/15,2014/15,1,QPR,4,0
David Gregory,David Gregory,David Gregory,Gregory,MID,England,1992/93,1994/95,2,Ipswich,4,1
Neil Gregory,Neil Gregory,Neil Gregory,Gregory,FWD,Zambia,1994/95,1994/95,1,Ipswich,3,0
Vince Grella,Vince Grella,Vince Grella,Grella,MID,Australia,2008/09,2011/12,4,Blackburn,38,0
Francois Grenet,Francois Grenet,François Grenet,Grenet,DEF,France,2001/02,2001/02,1,Derby,15,0
Vratislav Gresko,Vratislav Gresko,Vratislav Greško,Gresko,DEF,Slovakia,2002/03,2005/06,4,Blackburn,40,1
Andy Griffin,Andy Griffin,Andy Griffin,Griffin,DEF,England,1997/98,2008/09,11,Newcastle; Portsmouth; Derby; Stoke,155,2
Leandre Griffit,Leandre Griffit,Léandre Griffit,Griffit,MID,France,2003/04,2004/05,2,Southampton,7,2
Carl Griffiths,Carl Griffiths,Carl Griffiths,Griffiths,FWD,Wales,1993/94,1994/95,2,Man City,18,4
Gilles Grimandi,Gilles Grimandi,Gilles Grimandi,Grimandi,MID,France,1997/98,2001/02,5,Arsenal,114,4
Matt Grimes,Matt Grimes,Matt Grimes,Grimes,MID,England,2014/15,2015/16,2,Swansea,4,0
Bruce Grobbelaar,Bruce Grobbelaar,Bruce Grobbelaar,Grobbelaar,GK,Zimbabwe,1992/93,1995/96,4,Liverpool; Southampton,66,0
Frode Grodas,Frode Grodas,Frode Grodås,Grodas,GK,Norway,1996/97,1996/97,1,Chelsea,21,0
Alfons Groenendijk,Alfons Groenendijk,Alfons Groenendijk,Groenendijk,MID,Netherlands,1993/94,1993/94,1,Man City,9,0
David Grondin,David Grondin,David Grondin,Grondin,DEF,France,1998/99,1998/99,1,Arsenal,1,0
Jesper Gronkjaer,Jesper Gronkjaer,Jesper Grønkjær,Gronkjaer,MID,Denmark,2000/01,2004/05,5,Chelsea; Birmingham,104,7
Kamil Grosicki,Kamil Grosicki,Kamil Grosicki,Grosicki,MID,Poland,2016/17,2020/21,2,Hull; West Brom,18,0
Pascal Gross,Pascal Gross,Pascal Groß,Gross,MID,Germany,2017/18,2025/26,8,Brighton,247,31
Jonathan Grounds,Jonathan Grounds,Jonathan Grounds,Grounds,DEF,England,2007/08,2008/09,2,Middlesbrough,7,0
Perry Groves,Perry Groves,Perry Groves,Groves,FWD,England,1992/93,1992/93,1,Arsenal; Southampton,16,2
Brajan Gruda,Brajan Gruda,Brajan Gruda,Gruda,MID,Germany,2024/25,2025/26,2,Brighton,39,2
Ilia Gruev,Ilia Gruev,Ilia Gruev,Gruev,MID,Bulgaria,2025/26,2025/26,1,Leeds,23,0
Marko Grujic,Marko Grujic,Marko Grujić,Grujic,MID,Serbia,2016/17,2017/18,2,Liverpool,8,0
Zdenek Grygera,Zdenek Grygera,Zdeněk Grygera,Grygera,DEF,Czech Republic,2011/12,2011/12,1,Fulham,5,0
Albert Gronbaek,Albert Gronbaek,Albert Grønbæk,Grønbæk,MID,Denmark,2024/25,2024/25,1,Southampton,4,0
Vicente Guaita,Vicente Guaita,Vicente Guaita,Guaita,GK,Spain,2018/19,2022/23,5,Crystal Palace,149,0
Eidur Gudjohnsen,Eidur Gudjohnsen,Eiður Guðjohnsen,Gudjohnsen,FWD,Iceland,2000/01,2010/11,8,Chelsea; Spurs; Fulham; Stoke,211,55
Joey Gudjonsson,Joey Gudjonsson,Jóhannes Karl Guðjónsson,Gudjonsson,MID,Iceland,2002/03,2009/10,3,Aston Villa; Wolves; Burnley,32,2
Thordur Gudjonsson,Thordur Gudjonsson,Þórður Guðjónsson,Gudjonsson,MID,Iceland,2000/01,2000/01,1,Derby,10,1
Gabriel Gudmundsson,Gabriel Gudmundsson,Gabriel Gudmundsson,Gudmundsson,DEF,Sweden,2025/26,2025/26,1,Leeds,32,0
Johann Berg Gudmundsson,Johann Berg Gudmundsson,Jóhann Berg Guðmundsson,Gudmundsson,MID,Iceland,2016/17,2023/24,7,Burnley,162,10
Johann Gudmundsson,Johann Gudmundsson,Jóhann Guðmundsson,Gudmundsson,MID,Iceland,1999/00,1999/00,1,Watford,9,0
Niklas Gudmundsson,Niklas Gudmundsson,Niklas Gudmundsson,Gudmundsson,MID,Sweden,1995/96,1996/97,2,Blackburn,6,0
Goncalo Guedes,Goncalo Guedes,Gonçalo Guedes,Guedes,MID,Portugal,2022/23,2024/25,2,Wolves,42,3
Adlene Guedioura,Adlene Guedioura,Adlène Guédioura,Guedioura,MID,Algeria,2009/10,2016/17,7,Wolves; Crystal Palace; Watford; Middlesbrough,84,2
Marc Guehi,Marc Guehi,Marc Guéhi,Guehi,DEF,England,2021/22,2025/26,5,Crystal Palace; Man City,167,9
Matteo Guendouzi,Matteo Guendouzi,Mattéo Guendouzi,Guendouzi,MID,France,2018/19,2019/20,2,Arsenal,57,0
Bontcho Guentchev,Bontcho Guentchev,Bontcho Guentchev,Guentchev,FWD,Bulgaria,1992/93,1994/95,3,Ipswich,60,6
Fernando Guerrero,Fernando Guerrero,Fernando Guerrero,Guerrero,MID,Ecuador,2009/10,2009/10,1,Burnley,7,0
Ivan Guerrero,Ivan Guerrero,Iván Guerrero,Guerrero,DEF,Honduras,2000/01,2000/01,1,Coventry,3,0
Evann Guessand,Evann Guessand,Evann Guessand,Guessand,FWD,Ivory Coast,2025/26,2025/26,1,Aston Villa; Crystal Palace,21,1
Idrissa Gueye,Idrissa Gueye,Idrissa Gana Guèye,Gueye,MID,Senegal,2015/16,2025/26,8,Aston Villa; Everton,254,9
Magaye Gueye,Magaye Gueye,Magaye Gueye,Gueye,FWD,Senegal,2010/11,2012/13,3,Everton,24,1
John Guidetti,John Guidetti,John Guidetti,Guidetti,FWD,Sweden,2013/14,2013/14,1,Stoke,6,0
Frederic Guilbert,Frederic Guilbert,Frédéric Guilbert,Guilbert,DEF,France,2019/20,2019/20,1,Aston Villa,25,0
Luis Guilherme,Luis Guilherme,Luis Guilherme,Guilherme,FWD,Brazil,2024/25,2025/26,2,West Ham,17,0
Bruno Guimaraes,Bruno Guimaraes,Bruno Guimarães,Guimaraes,MID,Brazil,2021/22,2025/26,5,Newcastle,153,30
Steve Guinan,Steve Guinan,Steve Guinan,Guinan,FWD,England,1995/96,1996/97,2,Nottingham Forest,4,0
Marc Guiu,Marc Guiu,Marc Guiu Paz,Guiu,FWD,Spain,2024/25,2025/26,2,Chelsea; Sunderland,13,0
Stephane Guivarc'h,Stephane Guivarc'h,Stéphane Guivarc'h,Guivarc'h,FWD,France,1998/99,1998/99,1,Newcastle,4,1
Ruud Gullit,Ruud Gullit,Ruud Gullit,Gullit,MID,Netherlands,1995/96,1997/98,3,Chelsea,49,4
Ilkay Gundogan,Ilkay Gundogan,İlkay Gündoğan,Gundogan,MID,Germany,2016/17,2024/25,8,Man City,221,45
Angus Gunn,Angus Gunn,Angus Gunn,Gunn,GK,Scotland,2018/19,2025/26,4,Southampton; Norwich; Nottingham Forest,32,0
Bryan Gunn,Bryan Gunn,Bryan Gunn,Gunn,GK,Scotland,1992/93,1994/95,3,Norwich,104,0
Aron Gunnarsson,Aron Gunnarsson,Aron Einar Gunnarsson,Gunnarsson,MID,Iceland,2013/14,2018/19,2,Cardiff,51,2
Brynjar Gunnarsson,Brynjar Gunnarsson,Brynjar Gunnarsson,Gunnarsson,DEF,Iceland,2006/07,2007/08,2,Reading,43,3
Arnar Gunnlaugsson,Arnar Gunnlaugsson,Arnar Gunnlaugsson,Gunnlaugsson,MID,Iceland,1997/98,2001/02,5,Bolton; Leicester,45,3
Chris Gunter,Chris Gunter,Chris Gunter,Gunter,DEF,Wales,2007/08,2012/13,3,Spurs; Reading,25,0
Steve Guppy,Steve Guppy,Steve Guppy,Guppy,MID,England,1996/97,2003/04,6,Leicester,161,9
Tomas Gustafsson,Tomas Gustafsson,Tomas Gustafsson-Antonelius,Gustafsson,DEF,Sweden,1999/00,1999/00,1,Coventry,10,0
Malo Gusto,Malo Gusto,Malo Gusto,Gusto,DEF,France,2023/24,2025/26,3,Chelsea,93,2
Danny Guthrie,Danny Guthrie,Danny Guthrie,Guthrie,MID,England,2006/07,2012/13,6,Liverpool; Bolton; Newcastle; Reading,103,4
Jonas Gutierrez,Jonas Gutierrez,Jonás Gutiérrez,Gutierrez,MID,Argentina,2008/09,2014/15,6,Newcastle; Norwich,154,7
Brad Guzan,Brad Guzan,Brad Guzan,Guzan,GK,United States,2008/09,2016/17,7,Aston Villa; Middlesbrough,154,0
Josko Gvardiol,Josko Gvardiol,Joško Gvardiol,Gvardiol,DEF,Croatia,2023/24,2025/26,3,Man City,83,11
Darko Gyabi,Darko Gyabi,Darko Gyabi,Gyabi,MID,England,2022/23,2022/23,1,Leeds,1,0
Asamoah Gyan,Asamoah Gyan,Asamoah Gyan,Gyan,FWD,Ghana,2010/11,2011/12,2,Sunderland,34,10
Micky Gynn,Micky Gynn,Micky Gynn,Gynn,MID,England,1992/93,1992/93,1,Coventry,20,2
Viktor Gyokeres,Viktor Gyokeres,Viktor Gyökeres,Gyokeres,FWD,Sweden,2025/26,2025/26,1,Arsenal,36,14
Diego Gomez,Diego Gomez,Diego Gómez Amarilla,Gómez,MID,Paraguay,2024/25,2025/26,2,Brighton,48,6
Alf-Inge Haaland,Alf-Inge Haaland,Alf-Inge Håland,Haaland,DEF,Norway,1994/95,2000/01,7,Nottingham Forest; Leeds; Man City,181,18
Erling Haaland,Erling Haaland,Erling Haaland,Haaland,FWD,Norway,2022/23,2025/26,4,Man City,132,112
Bernt Haas,Bernt Haas,Bernt Haas,Haas,DEF,Switzerland,2001/02,2004/05,2,Sunderland; West Brom,37,0
Antwoine Hackford,Antwoine Hackford,Antwoine Hackford,Hackford,FWD,England,2020/21,2023/24,2,Sheffield Utd,3,0
Florent Hadergjonaj,Florent Hadergjonaj,Florent Hadergjonaj,Hadergjonaj,DEF,Switzerland,2017/18,2018/19,2,Huddersfield,47,0
Mustapha Hadji,Mustapha Hadji,Mustapha Hadji,Hadji,MID,Morocco,1999/00,2003/04,5,Coventry; Aston Villa,97,14
Kristofer Haestad,Kristofer Haestad,Kristofer Hæstad,Haestad,MID,Norway,2006/07,2006/07,1,Wigan,2,0
Erik Hagen,Erik Hagen,Erik Hagen,Hagen,DEF,Norway,2007/08,2007/08,1,Wigan,1,0
Marcus Hahnemann,Marcus Hahnemann,Marcus Hahnemann,Hahnemann,GK,United States,2006/07,2010/11,4,Reading; Wolves,115,0
Massadio Haidara,Massadio Haidara,Massadio Haïdara,Haidara,DEF,Mali,2012/13,2017/18,5,Newcastle,38,0
Greg Halford,Greg Halford,Greg Halford,Halford,DEF,England,2006/07,2010/11,4,Reading; Sunderland; Wolves,28,0
Fitz Hall,Fitz Hall,Fitz Hall,Hall,DEF,England,2003/04,2011/12,5,Southampton; Crystal Palace; Wigan; QPR,86,2
Gareth Hall,Gareth Hall,Gareth Hall,Hall,DEF,Wales,1992/93,1996/97,5,Chelsea; Sunderland,87,3
Lewis Hall,Lewis Hall,Lewis Hall,Hall,DEF,England,2022/23,2025/26,4,Chelsea; Newcastle,84,2
Marcus Hall,Marcus Hall,Marcus Hall,Hall,DEF,England,1994/95,2000/01,7,Coventry,103,1
Paul Hall,Paul Hall,Paul Hall,Hall,MID,Jamaica,1998/99,1999/00,2,Coventry,10,0
Richard Hall,Richard Hall,Richard Hall,Hall,DEF,England,1992/93,1996/97,5,Southampton; West Ham,106,9
Rob Hall,Rob Hall,Robert Hall,Hall,FWD,England,2012/13,2012/13,1,West Ham,1,0
Gunnar Halle,Gunnar Halle,Gunnar Halle,Halle,DEF,Norway,1992/93,2000/01,7,Oldham; Leeds; Bradford,185,10
Sebastien Haller,Sebastien Haller,Sébastien Haller,Haller,FWD,Ivory Coast,2019/20,2020/21,2,West Ham,48,10
Rafik Halliche,Rafik Halliche,Rafik Halliche,Halliche,DEF,Algeria,2010/11,2010/11,1,Fulham,1,0
John Halls,John Halls,John Halls,Halls,DEF,England,2007/08,2007/08,1,Reading,1,0
Jon Hallworth,Jon Hallworth,Jon Hallworth,Hallworth,GK,England,1992/93,1993/94,2,Oldham,35,0
Peter Halmosi,Peter Halmosi,Péter Halmosi,Halmosi,MID,Hungary,2008/09,2008/09,1,Hull,18,0
Mark Halstead,Mark Halstead,Mark Halstead,Halstead,GK,England,2010/11,2010/11,1,Blackpool,1,0
Dietmar Hamann,Dietmar Hamann,Dietmar Hamann,Hamann,MID,Germany,1998/99,2008/09,11,Newcastle; Liverpool; Man City,268,12
Ben Hamer,Ben Hamer,Ben Hamer,Hamer,GK,England,2014/15,2018/19,3,Leicester; Huddersfield,19,0
Gustavo Hamer,Gustavo Hamer,Gustavo Hamer,Hamer,MID,Netherlands,2023/24,2023/24,1,Sheffield Utd,36,4
Des Hamilton,Des Hamilton,Des Hamilton,Hamilton,MID,England,1997/98,1997/98,1,Newcastle,12,0
Adam Hammill,Adam Hammill,Adam Hammill,Hammill,MID,England,2010/11,2011/12,2,Wolves,19,0
Dean Hammond,Dean Hammond,Dean Hammond,Hammond,MID,England,2014/15,2014/15,1,Leicester,12,0
Elvis Hammond,Elvis Hammond,Elvis Hammond,Hammond,FWD,Ghana,2002/03,2004/05,2,Fulham,11,0
Nicky Hammond,Nicky Hammond,Nicky Hammond,Hammond,GK,England,1993/94,1993/94,1,Swindon,13,0
Chris Hamon,Chris Hamon,Chris Hamon,Hamon,FWD,England,1993/94,1993/94,1,Swindon,1,0
Brede Hangeland,Brede Hangeland,Brede Hangeland,Hangeland,DEF,Norway,2007/08,2015/16,9,Fulham; Crystal Palace,238,10
Grant Hanley,Grant Hanley,Grant Hanley,Hanley,DEF,Scotland,2009/10,2021/22,5,Blackburn; Norwich,79,2
Bo Hansen,Bo Hansen,Bo Hansen,Hansen,FWD,Denmark,2001/02,2001/02,1,Bolton,17,1
Marlon Harewood,Marlon Harewood,Marlon Harewood,Harewood,FWD,England,1998/99,2010/11,6,Nottingham Forest; West Ham; Aston Villa; Blackpool,137,28
Mick Harford,Mick Harford,Mick Harford,Harford,FWD,England,1992/93,1996/97,5,Chelsea; Coventry; Wimbledon,90,19
Owen Hargreaves,Owen Hargreaves,Owen Hargreaves,Hargreaves,MID,England,2007/08,2011/12,5,Man Utd; Man City,28,2
John Harkes,John Harkes,John Harkes,Harkes,MID,United States,1992/93,1998/99,3,Sheffield Wed; West Ham; Nottingham Forest,43,2
Steve Harkness,Steve Harkness,Steve Harkness,Harkness,DEF,England,1992/93,1998/99,7,Liverpool,91,2
Jon Harley,Jon Harley,Jon Harley,Harley,DEF,England,1997/98,2003/04,6,Chelsea; Fulham,55,3
Marcus Harness,Marcus Harness,Marcus Harness,Harness,FWD,Republic of Ireland,2024/25,2024/25,1,Ipswich,2,0
Alan Harper,Alan Harper,Alan Harper,Harper,DEF,England,1992/93,1992/93,1,Everton,18,0
James Harper,James Harper,James Harper,Harper,MID,England,2006/07,2007/08,2,Reading,76,9
Kevin Harper,Kevin Harper,Kevin Harper,Harper,MID,Scotland,1998/99,2003/04,3,Derby; Portsmouth,39,1
Lee Harper,Lee Harper,Lee Harper,Harper,GK,England,1996/97,1996/97,1,Arsenal,1,0
Rekeem Harper,Rekeem Harper,Rekeem Harper,Harper,MID,England,2017/18,2020/21,2,West Brom,3,0
Steve Harper,Steve Harper,Steve Harper,Harper,GK,England,1998/99,2014/15,11,Newcastle; Hull,135,0
Michael Harriman,Michael Harriman,Michael Harriman,Harriman,DEF,Republic of Ireland,2011/12,2012/13,2,QPR,2,0
Kadeem Harris,Kadeem Harris,Kadeem Harris,Harris,MID,England,2018/19,2018/19,1,Cardiff,13,1
Luke Harris,Luke Harris,Luke Harris,Harris,MID,Wales,2022/23,2023/24,2,Fulham,4,0
Craig Harrison,Craig Harrison,Craig Harrison,Harrison,DEF,England,1998/99,1998/99,1,Middlesbrough,4,0
Jack Harrison,Jack Harrison,Jack Harrison,Harrison,MID,England,2020/21,2025/26,6,Leeds; Everton,181,25
Josh Harrop,Josh Harrop,Josh Harrop,Harrop,MID,England,2016/17,2016/17,1,Man Utd,1,1
Joe Hart,Joe Hart,Joe Hart,Hart,GK,England,2006/07,2018/19,12,Man City; Birmingham; West Ham; Burnley,340,0
Ian Harte,Ian Harte,Ian Harte,Harte,DEF,Republic of Ireland,1995/96,2012/13,11,Leeds; Sunderland; Reading,237,28
Charlie Hartfield,Charlie Hartfield,Charlie Hartfield,Hartfield,MID,England,1992/93,1993/94,2,Sheffield Utd,22,0
Quilindschy Hartman,Quilindschy Hartman,Quilindschy Hartman,Hartman,DEF,Netherlands,2025/26,2025/26,1,Burnley,21,0
John Hartson,John Hartson,John Hartson,Hartson,FWD,Wales,1994/95,2000/01,7,Arsenal; West Ham; Wimbledon; Coventry,155,55
Taylor Harwood-Bellis,Taylor Harwood-Bellis,Taylor Harwood-Bellis,Harwood-Bellis,DEF,England,2024/25,2024/25,1,Southampton,34,1
Daiki Hashioka,Daiki Hashioka,Daiki Hashioka,Hashioka,DEF,Japan,2023/24,2023/24,1,Luton,10,0
Steve Haslam,Steve Haslam,Steven Haslam,Haslam,DEF,England,1998/99,1999/00,2,Sheffield Wed,25,0
Jimmy Floyd Hasselbaink,Jimmy Floyd Hasselbaink,Jimmy Floyd Hasselbaink,Hasselbaink,FWD,Netherlands,1997/98,2006/07,9,Leeds; Chelsea; Middlesbrough; Charlton,288,127
Mark Hateley,Mark Hateley,Mark Hateley,Hateley,FWD,England,1995/96,1996/97,2,QPR; Leeds,20,2
Jorrel Hato,Jorrel Hato,Jorrel Hato,Hato,DEF,Netherlands,2025/26,2025/26,1,Chelsea,22,0
Jakob Haugaard,Jakob Haugaard,Jakob Haugaard,Haugaard,GK,Denmark,2015/16,2015/16,1,Stoke,5,0
Kortney Hause,Kortney Hause,Kortney Hause,Hause,DEF,England,2019/20,2021/22,3,Aston Villa,32,3
Kai Havertz,Kai Havertz,Kai Havertz,Havertz,MID,Germany,2020/21,2025/26,6,Chelsea; Arsenal,163,43
Simon Haworth,Simon Haworth,Simon Haworth,Haworth,FWD,Wales,1997/98,1998/99,2,Coventry,11,0
Danny Hay,Danny Hay,Danny Hay,Hay,DEF,New Zealand,2000/01,2000/01,1,Leeds,4,0
Isaac Hayden,Isaac Hayden,Isaac Hayden,Hayden,MID,England,2017/18,2021/22,5,Newcastle,118,4
Barry Hayles,Barry Hayles,Barry Hayles,Hayles,FWD,Jamaica,2001/02,2003/04,3,Fulham,75,13
Eden Hazard,Eden Hazard,Eden Hazard,Hazard,MID,Belgium,2012/13,2018/19,7,Chelsea,245,85
Micky Hazard,Micky Hazard,Michael Hazard,Hazard,MID,England,1993/94,1994/95,2,Spurs; Swindon,37,2
Paul Heald,Paul Heald,Paul Heald,Heald,GK,England,1993/94,1999/00,4,Swindon; Wimbledon,23,0
Rhys Healey,Rhys Healey,Rhys Healey,Healey,FWD,Wales,2013/14,2018/19,2,Cardiff,4,0
David Healy,David Healy,David Healy,Healy,FWD,Northern Ireland,2000/01,2009/10,4,Man Utd; Fulham; Sunderland,44,5
Neil Heaney,Neil Heaney,Neil Heaney,Heaney,MID,England,1992/93,1996/97,5,Arsenal; Southampton,67,5
Matt Heath,Matt Heath,Matt Heath,Heath,DEF,England,2001/02,2003/04,2,Leicester,18,0
Tom Heaton,Tom Heaton,Tom Heaton,Heaton,GK,England,2014/15,2019/20,5,Burnley; Aston Villa,116,0
Ayden Heaven,Ayden Heaven,Ayden Heaven,Heaven,DEF,England,2024/25,2025/26,2,Man Utd,21,0
Michael Hector,Michael Hector,Michael Hector,Hector,DEF,Jamaica,2020/21,2020/21,1,Fulham,4,0
Magnus Hedman,Magnus Hedman,Magnus Hedman,Hedman,GK,Sweden,1997/98,2000/01,4,Coventry,100,0
Michael Hefele,Michael Hefele,Michael Hefele,Hefele,DEF,Germany,2017/18,2017/18,1,Huddersfield,2,0
Ahmed Hegazi,Ahmed Hegazi,Ahmed Hegazy,Hegazi,DEF,Egypt,2017/18,2020/21,2,West Brom,39,2
Vegard Heggem,Vegard Heggem,Vegard Heggem,Heggem,DEF,Norway,1998/99,2000/01,3,Liverpool,54,3
Gabriel Heinze,Gabriel Heinze,Gabriel Heinze,Heinze,DEF,Argentina,2004/05,2006/07,3,Man Utd,52,1
John Heitinga,John Heitinga,John Heitinga,Heitinga,DEF,Netherlands,2009/10,2013/14,5,Everton; Fulham,129,3
Glenn Helder,Glenn Helder,Glenn Helder,Helder,MID,Netherlands,1994/95,1996/97,3,Arsenal,39,1
Helder,Helder,Hélder Cristóvão,Helder,DEF,Portugal,1999/00,1999/00,1,Newcastle,8,1
Nicklas Helenius,Nicklas Helenius,Nicklas Helenius,Helenius,FWD,Denmark,2013/14,2013/14,1,Aston Villa,3,0
Heidar Helguson,Heidar Helguson,Heiðar Helguson,Helguson,FWD,Iceland,1999/00,2011/12,6,Watford; Fulham; Bolton; QPR,96,28
Thomas Helmer,Thomas Helmer,Thomas Helmer,Helmer,DEF,Germany,1999/00,1999/00,1,Sunderland,2,0
Thomas Helveg,Thomas Helveg,Thomas Helveg,Helveg,DEF,Denmark,2004/05,2004/05,1,Norwich,20,0
Tomer Hemed,Tomer Hemed,Tomer Hemed,Hemed,FWD,Israel,2017/18,2017/18,1,Brighton,16,2
George Hemmings,George Hemmings,George Hemmings,Hemmings,MID,England,2025/26,2025/26,1,Aston Villa,2,0
Stephane Henchoz,Stephane Henchoz,Stéphane Henchoz,Henchoz,DEF,Switzerland,1997/98,2006/07,9,Blackburn; Liverpool; Wigan,243,0
Darius Henderson,Darius Henderson,Darius Henderson,Henderson,FWD,England,2006/07,2006/07,1,Watford,35,3
Dean Henderson,Dean Henderson,Dean Henderson,Henderson,GK,England,2019/20,2025/26,6,Sheffield Utd; Man Utd; Nottingham Forest; Crystal Palace,160,0
Ian Henderson,Ian Henderson,Ian Henderson,Henderson,FWD,England,2004/05,2004/05,1,Norwich,3,0
Jordan Henderson,Jordan Henderson,Jordan Henderson,Henderson,MID,England,2008/09,2025/26,16,Sunderland; Liverpool; Brentford,463,34
Jeff Hendrick,Jeff Hendrick,Jeff Hendrick,Hendrick,MID,Republic of Ireland,2016/17,2021/22,6,Burnley; Newcastle,147,12
John Hendrie,John Hendrie,John Hendrie,Hendrie,FWD,Scotland,1992/93,1997/98,3,Middlesbrough; Barnsley,65,11
Lee Hendrie,Lee Hendrie,Lee Hendrie,Hendrie,MID,England,1995/96,2006/07,12,Aston Villa,251,27
Colin Hendry,Colin Hendry,Colin Hendry,Hendry,DEF,Scotland,1992/93,2001/02,9,Blackburn; Coventry; Bolton,218,8
John Hendry,John Hendry,John Hendry,Hendry,FWD,Scotland,1992/93,1993/94,2,Spurs,8,2
Adam Henley,Adam Henley,Adam Henley,Henley,DEF,Wales,2011/12,2011/12,1,Blackburn,7,0
Wayne Hennessey,Wayne Hennessey,Wayne Hennessey,Hennessey,GK,Wales,2009/10,2022/23,12,Wolves; Crystal Palace; Burnley; Nottingham Forest,187,0
Markus Henriksen,Markus Henriksen,Markus Henriksen,Henriksen,MID,Norway,2016/17,2016/17,1,Hull,15,0
Angelo Henriquez,Angelo Henriquez,Ángelo Henríquez,Henriquez,FWD,Chile,2012/13,2012/13,1,Wigan,4,1
Karl Henry,Karl Henry,Karl Henry,Henry,MID,England,2009/10,2014/15,4,Wolves; QPR,127,0
Nick Henry,Nick Henry,Nick Henry,Henry,MID,England,1992/93,1993/94,2,Oldham,54,6
Rico Henry,Rico Henry,Rico Henry,Henry,DEF,Jamaica,2021/22,2025/26,5,Brentford,106,3
Thierry Henry,Thierry Henry,Thierry Henry,Henry,FWD,France,1999/00,2011/12,9,Arsenal,258,175
Rushian Hepburn-Murphy,Rushian Hepburn-Murphy,Rushian Hepburn-Murphy,Hepburn-Murphy,FWD,England,2014/15,2015/16,2,Aston Villa,2,0
Chris Herd,Chris Herd,Chris Herd,Herd,MID,Australia,2010/11,2013/14,4,Aston Villa,36,1
Mads Hermansen,Mads Hermansen,Mads Hermansen,Hermansen,GK,Denmark,2024/25,2025/26,2,Leicester; West Ham,45,0
Abel Hernandez,Abel Hernandez,Abel Hernández,Hernandez,FWD,Uruguay,2014/15,2016/17,2,Hull,49,8
Luis Hernandez,Luis Hernandez,Luis Hernández,Hernandez,DEF,Spain,2016/17,2016/17,1,Leicester,4,0
Onel Hernandez,Onel Hernandez,Onel Hernández,Hernandez,MID,Germany,2019/20,2019/20,1,Norwich,26,1
Pablo Hernandez,Pablo Hernandez,Pablo Hernández,Hernandez,MID,Spain,2012/13,2020/21,3,Swansea; Leeds,73,5
Cucho Hernandez,Cucho Hernandez,Juan Camilo Hernández,Hernández,FWD,Colombia,2021/22,2021/22,1,Watford,25,5
Javier Hernandez,Javier Hernandez,Javier Hernández,Hernández,FWD,Mexico,2010/11,2019/20,9,Man Utd; West Ham,158,53
Ander Herrera,Ander Herrera,Ander Herrera,Herrera,MID,Spain,2014/15,2018/19,5,Man Utd,132,12
Martin Herrera,Martin Herrera,Martín Herrera,Herrera,GK,Argentina,2002/03,2002/03,1,Fulham,2,0
Jake Hesketh,Jake Hesketh,Jake Hesketh,Hesketh,MID,England,2014/15,2014/15,1,Southampton,2,0
Emile Heskey,Emile Heskey,Emile Heskey,Heskey,FWD,England,1994/95,2011/12,17,Leicester; Liverpool; Birmingham; Wigan; Aston Villa,516,110
Tony Hibbert,Tony Hibbert,Tony Hibbert,Hibbert,DEF,England,2000/01,2015/16,16,Everton,265,0
Aaron Hickey,Aaron Hickey,Aaron Hickey,Hickey,DEF,Scotland,2022/23,2025/26,3,Brentford,56,0
Martin Hiden,Martin Hiden,Martin Hiden,Hiden,DEF,Austria,1997/98,1999/00,3,Leeds,26,0
Fernando Hierro,Fernando Hierro,Fernando Ruiz Hierro,Hierro,DEF,Spain,2004/05,2004/05,1,Bolton,29,1
Danny Higginbotham,Danny Higginbotham,Danny Higginbotham,Higginbotham,DEF,England,1997/98,2011/12,12,Man Utd; Derby; Southampton; Sunderland; Stoke,210,9
Craig Hignett,Craig Hignett,Craig Hignett,Hignett,MID,England,1992/93,2003/04,6,Middlesbrough; Blackburn; Leicester,101,19
Gonzalo Higuain,Gonzalo Higuain,Gonzalo Higuaín,Higuain,FWD,Argentina,2018/19,2018/19,1,Chelsea,14,5
Hilario,Hilario,Henrique Hilário,Hilario,GK,Portugal,2006/07,2011/12,5,Chelsea,20,0
Scott Hiley,Scott Hiley,Scott Hiley,Hiley,DEF,England,1995/96,1999/00,3,Man City; Southampton,38,0
Andy Hill,Andy Hill,Andy Hill,Hill,DEF,England,1992/93,1994/95,3,Man City,54,1
Clint Hill,Clint Hill,Clint Hill,Hill,DEF,England,2011/12,2014/15,3,QPR,72,1
Colin Hill,Colin Hill,Colin Hill,Hill,DEF,Northern Ireland,1994/95,1996/97,2,Leicester,31,0
Danny Hill,Danny Hill,Danny Hill,Hill,MID,England,1992/93,1994/95,3,Spurs,10,0
James Hill,James Hill,James Hill,Hill,DEF,England,2023/24,2025/26,3,Bournemouth,44,0
Keith Hill,Keith Hill,Keith Hill,Hill,DEF,England,1992/93,1992/93,1,Blackburn,1,0
Matt Hill,Matt Hill,Matthew Hill,Hill,DEF,England,2009/10,2009/10,1,Wolves,2,0
David Hillier,David Hillier,David Hillier,Hillier,MID,England,1992/93,1996/97,5,Arsenal,61,1
John Hills,John Hills,John Hills,Hills,DEF,England,1996/97,1996/97,1,Everton,3,0
Piero Hincapie,Piero Hincapie,Piero Hincapié,Hincapie,DEF,Ecuador,2025/26,2025/26,1,Arsenal,25,1
Andy Hinchcliffe,Andy Hinchcliffe,Andy Hinchcliffe,Hinchcliffe,DEF,England,1992/93,1999/00,8,Everton; Sheffield Wed,219,11
Seb Hines,Seb Hines,Sebastian Hines,Hines,DEF,England,2007/08,2008/09,2,Middlesbrough,2,0
Zavon Hines,Zavon Hines,Zavon Hines,Hines,FWD,England,2009/10,2010/11,2,West Ham,22,1
Jack Hinshelwood,Jack Hinshelwood,Jack Hinshelwood,Hinshelwood,MID,England,2022/23,2025/26,4,Brighton,66,12
David Hirst,David Hirst,David Hirst,Hirst,FWD,England,1992/93,1998/99,7,Sheffield Wed; Southampton,135,43
George Hirst,George Hirst,George Hirst,Hirst,FWD,Scotland,2019/20,2024/25,2,Leicester; Ipswich,28,3
Shaka Hislop,Shaka Hislop,Shaka Hislop,Hislop,GK,Trinidad and Tobago,1995/96,2005/06,10,Newcastle; West Ham; Portsmouth,221,0
Kevin Hitchcock,Kevin Hitchcock,Kevin Hitchcock,Hitchcock,GK,England,1992/93,1998/99,6,Chelsea,61,0
Thomas Hitzlsperger,Thomas Hitzlsperger,Thomas Hitzlsperger,Hitzlsperger,MID,Germany,2000/01,2012/13,7,Aston Villa; West Ham; Everton,117,10
Jon Olav Hjelde,Jon Olav Hjelde,Jon Olav Hjelde,Hjelde,DEF,Norway,1998/99,1998/99,1,Nottingham Forest,17,1
Leo Hjelde,Leo Hjelde,Leo Fuhr Hjelde,Hjelde,DEF,Norway,2021/22,2021/22,1,Leeds,2,0
Alexander Hleb,Alexander Hleb,Aliaksandr Hleb,Hleb,MID,Belarus,2005/06,2010/11,4,Arsenal; Birmingham,108,8
Jack Hobbs,Jack Hobbs,Jack Hobbs,Hobbs,DEF,England,2007/08,2007/08,1,Liverpool,2,0
Glenn Hoddle,Glenn Hoddle,Glenn Hoddle,Hoddle,MID,England,1993/94,1994/95,2,Chelsea,31,1
Joe Hodge,Joe Hodge,Joe Hodge,Hodge,MID,Republic of Ireland,2022/23,2022/23,1,Wolves,6,0
Steve Hodge,Steve Hodge,Steve Hodge,Hodge,MID,England,1992/93,1994/95,3,Leeds; QPR,46,3
Glyn Hodges,Glyn Hodges,Glyn Hodges,Hodges,MID,Wales,1992/93,1998/99,3,Sheffield Utd; Nottingham Forest,67,6
Lee Hodges,Lee Hodges,Lee Hodges,Hodges,MID,England,1992/93,1998/99,3,Spurs; West Ham,7,0
Jared Hodgkiss,Jared Hodgkiss,Jared Hodgkiss,Hodgkiss,DEF,England,2005/06,2005/06,1,West Brom,1,0
Wesley Hoedt,Wesley Hoedt,Wesley Hoedt,Hoedt,DEF,Netherlands,2017/18,2018/19,2,Southampton,41,0
Carl Hoefkens,Carl Hoefkens,Carl Hoefkens,Hoefkens,DEF,Belgium,2008/09,2008/09,1,West Brom,10,0
Ki-Jana Hoever,Ki-Jana Hoever,Ki-Jana Hoever,Hoever,DEF,Netherlands,2020/21,2025/26,3,Wolves,28,0
Jonathan Hogg,Jonathan Hogg,Jonathan Hogg,Hogg,MID,England,2010/11,2018/19,3,Aston Villa; Huddersfield,64,0
Jes Hogh,Jes Hogh,Jes Høgh,Hogh,DEF,Denmark,1999/00,1999/00,1,Chelsea,9,0
Junior Hoilett,Junior Hoilett,Junior Hoilett,Hoilett,MID,Canada,2009/10,2018/19,6,Blackburn; QPR; Cardiff,161,16
Rasmus Hojlund,Rasmus Hojlund,Rasmus Højlund,Hojlund,FWD,Denmark,2023/24,2024/25,2,Man Utd,62,14
Rick Holden,Rick Holden,Rick Holden,Holden,MID,England,1992/93,1993/94,2,Man City; Oldham,79,9
Stuart Holden,Stuart Holden,Stuart Holden,Holden,MID,United States,2009/10,2010/11,2,Bolton,28,2
Rob Holding,Rob Holding,Rob Holding,Holding,DEF,England,2016/17,2022/23,7,Arsenal,98,2
Dean Holdsworth,Dean Holdsworth,Dean Holdsworth,Holdsworth,FWD,England,1992/93,2002/03,8,Wimbledon; Bolton,229,63
Jose Holebas,Jose Holebas,José Holebas,Holebas,DEF,Greece,2015/16,2019/20,5,Watford,114,5
Mason Holgate,Mason Holgate,Mason Holgate,Holgate,DEF,Jamaica,2016/17,2024/25,9,Everton; Sheffield Utd,137,3
Chris Holland,Chris Holland,Chris Holland,Holland,MID,England,1993/94,1993/94,1,Newcastle,3,0
Matt Holland,Matt Holland,Matt Holland,Holland,MID,Republic of Ireland,2000/01,2006/07,6,Ipswich; Charlton,202,17
Nathan Holland,Nathan Holland,Nathan Holland,Holland,MID,England,2019/20,2019/20,1,West Ham,2,0
Gavin Holligan,Gavin Holligan,Gavin Holligan,Holligan,FWD,England,1998/99,1998/99,1,West Ham,1,0
Darren Holloway,Darren Holloway,Darren Holloway,Holloway,DEF,England,1999/00,2000/01,2,Sunderland,20,0
Ian Holloway,Ian Holloway,Ian Holloway,Holloway,MID,England,1992/93,1995/96,4,QPR,107,4
Brett Holman,Brett Holman,Brett Holman,Holman,MID,Australia,2012/13,2012/13,1,Aston Villa,27,1
Matty Holmes,Matty Holmes,Matty Holmes,Holmes,MID,England,1993/94,1995/96,3,West Ham; Blackburn,67,5
Paul Holmes,Paul Holmes,Paul Holmes,Holmes,DEF,England,1992/93,1995/96,4,Everton,21,0
Gary Holt,Gary Holt,Gary Holt,Holt,MID,Scotland,2004/05,2004/05,1,Norwich,27,0
Grant Holt,Grant Holt,Grant Holt,Holt,FWD,England,2011/12,2013/14,3,Norwich; Aston Villa,80,24
Lewis Holtby,Lewis Holtby,Lewis Holtby,Holtby,FWD,Germany,2012/13,2014/15,3,Spurs; Fulham,38,2
George Honeyman,George Honeyman,George Honeyman,Honeyman,MID,England,2015/16,2016/17,2,Sunderland,6,0
Jos Hooiveld,Jos Hooiveld,Jos Hooiveld,Hooiveld,DEF,Netherlands,2012/13,2013/14,2,Southampton,28,0
Wes Hoolahan,Wes Hoolahan,Wesley Hoolahan,Hoolahan,MID,Republic of Ireland,2011/12,2015/16,4,Norwich,112,12
Gary Hooper,Gary Hooper,Gary Hooper,Hooper,FWD,England,2013/14,2015/16,2,Norwich,34,6
Mike Hooper,Mike Hooper,Mike Hooper,Hooper,GK,England,1992/93,1994/95,3,Liverpool; Newcastle,34,0
David Hopkin,David Hopkin,David Hopkin,Hopkin,MID,Scotland,1992/93,2000/01,7,Chelsea; Leeds; Bradford,124,7
Kevin Horlock,Kevin Horlock,Kevin Horlock,Horlock,MID,Northern Ireland,1993/94,2002/03,3,Swindon; Man City,82,2
Barry Horne,Barry Horne,Barry Horne,Horne,MID,Wales,1992/93,1999/00,5,Everton; Sheffield Wed,130,3
Brian Horne,Brian Horne,Brian Horne,Horne,GK,England,1992/93,1992/93,1,Middlesbrough,4,0
Geoff Horsfield,Geoff Horsfield,Geoff Horsfield,Horsfield,FWD,England,2002/03,2005/06,4,Birmingham; West Brom,81,12
Will Hoskins,Will Hoskins,Will Hoskins,Hoskins,FWD,England,2006/07,2006/07,1,Watford,9,0
Marc Hottiger,Marc Hottiger,Marc Hottiger,Hottiger,DEF,Switzerland,1994/95,1996/97,3,Newcastle; Everton,56,2
Ray Houghton,Ray Houghton,Ray Houghton,Houghton,MID,Republic of Ireland,1992/93,1994/95,3,Aston Villa; Crystal Palace,105,8
Russell Hoult,Russell Hoult,Russell Hoult,Hoult,GK,England,1996/97,2005/06,7,Derby; West Brom,141,0
Conor Hourihane,Conor Hourihane,Conor Hourihane,Hourihane,MID,Republic of Ireland,2019/20,2020/21,2,Aston Villa,31,4
Steve Howard,Steve Howard,Steve Howard,Howard,FWD,England,2007/08,2007/08,1,Derby,20,1
Tim Howard,Tim Howard,Tim Howard,Howard,GK,United States,2003/04,2015/16,13,Man Utd; Everton,399,1
Bobby Howe,Bobby Howe,Bobby Howe,Howe,MID,England,1995/96,1996/97,2,Nottingham Forest,10,2
Harry Howell,Harry Howell,Harry Howell,Howell,MID,England,2024/25,2025/26,2,Brighton,4,0
David Howells,David Howells,David Howells,Howells,MID,England,1992/93,1998/99,7,Spurs; Southampton,152,9
Lee Howey,Lee Howey,Lee Howey,Howey,DEF,England,1996/97,1996/97,1,Sunderland,12,0
Steve Howey,Steve Howey,Steve Howey,Howey,DEF,England,1993/94,2003/04,10,Newcastle; Man City; Bolton; Leicester,193,12
Scott Howie,Scott Howie,Scott Howie,Howie,GK,Scotland,1993/94,1993/94,1,Norwich,2,0
Jonny Howson,Jonny Howson,Jonathan Howson,Howson,MID,England,2011/12,2015/16,4,Norwich,104,8
Jamie Hoyland,Jamie Hoyland,Jamie Hoyland,Hoyland,MID,England,1992/93,1993/94,2,Sheffield Utd,40,2
Gavin Hoyte,Gavin Hoyte,Gavin Hoyte,Hoyte,DEF,Trinidad and Tobago,2008/09,2008/09,1,Arsenal,1,0
Justin Hoyte,Justin Hoyte,Justin Hoyte,Hoyte,DEF,England,2002/03,2008/09,7,Arsenal; Sunderland; Middlesbrough,83,2
Hermann Hreidarsson,Hermann Hreidarsson,Hermann Hreiðarsson,Hreidarsson,DEF,Iceland,1997/98,2009/10,11,Crystal Palace; Wimbledon; Ipswich; Charlton; Portsmouth,332,14
Georgi Hristov,Georgi Hristov,Gjorgji Hristov,Hristov,FWD,North Macedonia,1997/98,1997/98,1,Barnsley,23,4
Darren Huckerby,Darren Huckerby,Darren Huckerby,Huckerby,FWD,England,1995/96,2004/05,8,Newcastle; Coventry; Leeds; Man City; Norwich,201,38
Tom Huddlestone,Tom Huddlestone,Tom Huddlestone,Huddlestone,MID,England,2005/06,2016/17,11,Spurs; Hull,242,12
Mark Hudson,Mark Hudson,Mark Hudson,Hudson,DEF,England,2004/05,2013/14,2,Crystal Palace; Cardiff,9,1
Mark Hudson (b.1980),Mark Hudson,Mark Hudson,Hudson,MID,England,2000/01,2001/02,2,Middlesbrough,5,0
Callum Hudson-Odoi,Callum Hudson-Odoi,Callum Hudson-Odoi,Hudson-Odoi,MID,England,2017/18,2025/26,8,Chelsea; Nottingham Forest,162,20
Niall Huggins,Niall Huggins,Niall Huggins,Huggins,DEF,Wales,2020/21,2020/21,1,Leeds,1,0
Aaron Hughes,Aaron Hughes,Aaron Hughes,Hughes,DEF,Northern Ireland,1997/98,2013/14,17,Newcastle; Aston Villa; Fulham,455,5
Bryan Hughes,Bryan Hughes,Bryan Hughes,Hughes,MID,England,2002/03,2008/09,6,Birmingham; Charlton; Hull,128,10
Ceri Hughes,Ceri Hughes,Ceri Hughes,Hughes,MID,Wales,1997/98,1998/99,2,Wimbledon,31,1
David Hughes,David Hughes,David Hughes,Hughes,MID,England,1993/94,1998/99,6,Southampton,53,3
David Hughes (Aston Villa),David Hughes,David Hughes,Hughes,DEF,Wales,1996/97,1996/97,1,Aston Villa,7,0
Lee Hughes,Lee Hughes,Lee Hughes,Hughes,FWD,England,2002/03,2002/03,1,West Brom,23,0
Mark Hughes,Mark Hughes,Mark Hughes,Hughes,FWD,Wales,1992/93,2001/02,10,Man Utd; Chelsea; Southampton; Everton; Blackburn,297,64
Mark Hughes (defender),Mark Hughes,Mark Hughes,Hughes,DEF,England,2006/07,2006/07,1,Everton,1,0
Michael Hughes,Michael Hughes,Michael Hughes,Hughes,MID,Northern Ireland,1994/95,2004/05,7,West Ham; Wimbledon; Crystal Palace,198,15
Paul Hughes,Paul Hughes,Paul Hughes,Hughes,MID,England,1996/97,1997/98,2,Chelsea,21,2
Richard Hughes,Richard Hughes,Richard Hughes,Hughes,MID,Scotland,2003/04,2009/10,7,Portsmouth,114,0
Stephen Hughes,Stephen Hughes,Stephen Hughes,Hughes,MID,England,1994/95,2000/01,7,Arsenal; Everton,78,5
Will Hughes,Will Hughes,Will Hughes,Hughes,MID,England,2017/18,2025/26,8,Watford; Crystal Palace,214,6
Jordan Hugill,Jordan Hugill,Jordan Hugill,Hugill,FWD,England,2017/18,2017/18,1,West Ham,3,0
Dean Huijsen,Dean Huijsen,Dean Huijsen,Huijsen,DEF,Spain,2024/25,2024/25,1,Bournemouth,32,3
Rob Hulse,Rob Hulse,Rob Hulse,Hulse,FWD,England,2004/05,2011/12,3,West Brom; Sheffield Utd; QPR,36,8
Trai Hume,Trai Hume,Trai Hume,Hume,DEF,Northern Ireland,2025/26,2025/26,1,Sunderland,38,2
John Humphrey,John Humphrey,John Humphrey,Humphrey,DEF,England,1992/93,1994/95,2,Crystal Palace,53,0
Bashir Humphreys,Bashir Humphreys,Bashir Humphreys,Humphreys,DEF,England,2025/26,2025/26,1,Burnley,20,0
Ritchie Humphreys,Ritchie Humphreys,Ritchie Humphreys,Humphreys,FWD,England,1995/96,1998/99,4,Sheffield Wed,60,4
Uwe Hunemeier,Uwe Hunemeier,Uwe Hünemeier,Hunemeier,DEF,Germany,2017/18,2017/18,1,Brighton,1,0
Andy Hunt,Andy Hunt,Andy Hunt,Hunt,FWD,England,1998/99,2000/01,2,Charlton,42,10
Jonathan Hunt,Jonathan Hunt,Jonathan Hunt,Hunt,MID,England,1997/98,1998/99,2,Derby,25,2
Nicky Hunt,Nicky Hunt,Nicky Hunt,Hunt,DEF,England,2003/04,2007/08,5,Bolton,127,1
Noel Hunt,Noel Hunt,Noel Hunt,Hunt,FWD,Republic of Ireland,2012/13,2012/13,1,Reading,24,2
Stephen Hunt,Stephen Hunt,Stephen Hunt,Hunt,MID,Republic of Ireland,2006/07,2011/12,5,Reading; Hull; Wolves,143,21
Paul Huntington,Paul Huntington,Paul Huntington,Huntington,DEF,England,2006/07,2006/07,1,Newcastle,11,1
Terry Hurlock,Terry Hurlock,Terry Hurlock,Hurlock,MID,England,1992/93,1993/94,2,Southampton,32,0
James Hurst,James Hurst,James Hurst,Hurst,DEF,England,2010/11,2010/11,1,West Brom,1,0
Lee Hurst,Lee Hurst,Lee Hurst,Hurst,MID,England,1992/93,1992/93,1,Coventry,35,2
James Husband,James Husband,James Husband,Husband,DEF,England,2016/17,2016/17,1,Middlesbrough,1,0
Ben Hutchinson,Ben Hutchinson,Ben Hutchinson,Hutchinson,FWD,England,2007/08,2007/08,1,Middlesbrough,8,1
Joey Hutchinson,Joey Hutchinson,Jonathan Hutchinson,Hutchinson,MID,England,2002/03,2002/03,1,Birmingham,1,0
Omari Hutchinson,Omari Hutchinson,Omari Hutchinson,Hutchinson,MID,England,2022/23,2025/26,3,Chelsea; Ipswich; Nottingham Forest,63,4
Sam Hutchinson,Sam Hutchinson,Sam Hutchinson,Hutchinson,DEF,England,2006/07,2011/12,3,Chelsea,5,0
Don Hutchison,Don Hutchison,Don Hutchison,Hutchison,MID,Scotland,1992/93,2002/03,10,Liverpool; West Ham; Everton; Sunderland,220,37
Robert Huth,Robert Huth,Robert Huth,Huth,DEF,Germany,2001/02,2016/17,16,Chelsea; Middlesbrough; Stoke; Leicester,322,21
Alan Hutton,Alan Hutton,Alan Hutton,Hutton,DEF,Scotland,2007/08,2015/16,7,Spurs; Sunderland; Aston Villa,151,3
Hwang Hee-chan,Hwang Hee-chan,Hwang Hee-chan,Hwang,FWD,South Korea,2021/22,2025/26,5,Wolves,133,24
Graham Hyde,Graham Hyde,Graham Hyde,Hyde,MID,England,1992/93,1998/99,7,Sheffield Wed,159,11
Micah Hyde,Micah Hyde,Micah Hyde,Hyde,MID,Jamaica,1999/00,1999/00,1,Watford,34,3
Emerson Hyndman,Emerson Hyndman,Emerson Hyndman,Hyndman,MID,United States,2017/18,2018/19,2,Bournemouth,2,0
Sami Hyypia,Sami Hyypia,Sami Hyypiä,Hyypia,DEF,Finland,1999/00,2008/09,10,Liverpool,318,22
Pierre-Emile Hojbjerg,Pierre-Emile Hojbjerg,Pierre-Emile Højbjerg,Højbjerg,MID,Denmark,2016/17,2023/24,8,Southampton; Spurs,254,12
Pablo Ibanez,Pablo Ibanez,Pablo Ibáñez,Ibanez,DEF,Spain,2010/11,2010/11,1,West Brom,10,1
Victor Ibarbo,Victor Ibarbo,Víctor Ibarbo,Ibarbo,FWD,Colombia,2015/16,2015/16,1,Watford,4,0
Jordon Ibe,Jordon Ibe,Jordon Ibe,Ibe,MID,England,2012/13,2019/20,8,Liverpool; Bournemouth,119,4
Vicente Iborra,Vicente Iborra,Vicente Iborra,Iborra,MID,Spain,2017/18,2018/19,2,Leicester,27,3
Abdisalam Ibrahim,Abdisalam Ibrahim,Abdisalam Ibrahim,Ibrahim,MID,Norway,2009/10,2009/10,1,Man City,1,0
Zlatan Ibrahimovic,Zlatan Ibrahimovic,Zlatan Ibrahimović,Ibrahimovic,FWD,Sweden,2016/17,2017/18,2,Man Utd,33,17
Adam Idah,Adam Idah,Adam Idah,Idah,FWD,Republic of Ireland,2019/20,2021/22,2,Norwich,29,1
Brown Ideye,Brown Ideye,Brown Ideye,Ideye,FWD,Nigeria,2014/15,2014/15,1,West Brom,24,4
Phil Ifil,Phil Ifil,Philip Ifil,Ifil,DEF,England,2004/05,2006/07,2,Spurs,3,0
Paul Ifill,Paul Ifill,Paul Ifill,Ifill,MID,Barbados,2006/07,2006/07,1,Sheffield Utd,3,0
Odion Ighalo,Odion Ighalo,Odion Ighalo,Ighalo,FWD,Nigeria,2015/16,2020/21,4,Watford; Man Utd,67,16
Igor,Igor,Igor Julio dos Santos de Paulo,Igor,DEF,Brazil,2023/24,2025/26,3,Brighton; West Ham,41,0
Kelechi Iheanacho,Kelechi Iheanacho,Kelechi Iheanacho,Iheanacho,FWD,Nigeria,2015/16,2022/23,8,Man City; Leicester,196,42
Carl Ikeme,Carl Ikeme,Carl Ikeme,Ikeme,GK,Nigeria,2011/12,2011/12,1,Wolves,1,0
Ilan,Ilan,Ilan Araújo Dall'Igna,Ilan,FWD,Brazil,2009/10,2009/10,1,West Ham,11,4
Sasa Ilic,Sasa Ilic,Saša Ilić,Ilic,GK,Serbia,1998/99,2000/01,3,Charlton; West Ham,37,0
Herita Ilunga,Herita Ilunga,Hérita Ilunga,Ilunga,DEF,DR Congo,2008/09,2010/11,3,West Ham,62,0
Giannelli Imbula,Giannelli Imbula,Giannelli Imbula,Imbula,MID,DR Congo,2015/16,2016/17,2,Stoke,26,2
Eike Immel,Eike Immel,Eike Immel,Immel,GK,Germany,1995/96,1995/96,1,Man City,38,0
Andy Impey,Andy Impey,Andy Impey,Impey,MID,England,1992/93,2003/04,10,QPR; West Ham; Leicester,289,12
Junichi Inamoto,Junichi Inamoto,Junichi Inamoto,Inamoto,MID,Japan,2002/03,2005/06,4,Fulham; West Brom,66,4
Paul Ince,Paul Ince,Paul Ince,Ince,MID,England,1992/93,2003/04,9,Man Utd; Liverpool; Middlesbrough; Wolves,306,42
Tom Ince,Tom Ince,Thomas Ince,Ince,MID,England,2013/14,2017/18,3,Crystal Palace; Hull; Huddersfield,48,3
Kare Ingebrigtsen,Kare Ingebrigtsen,Kåre Ingebrigtsen,Ingebrigtsen,DEF,Norway,1992/93,1993/94,2,Man City,15,0
Klas Ingesson,Klas Ingesson,Klas Ingesson,Ingesson,MID,Sweden,1994/95,1995/96,2,Sheffield Wed,18,2
Ivar Ingimarsson,Ivar Ingimarsson,Ívar Ingimarsson,Ingimarsson,MID,Iceland,2006/07,2007/08,2,Reading,72,4
Rae Ingram,Rae Ingram,Rae Ingram,Ingram,DEF,England,1995/96,1995/96,1,Man City,5,0
Danny Ings,Danny Ings,Danny Ings,Ings,FWD,England,2014/15,2024/25,10,Burnley; Liverpool; Southampton; Aston Villa; West Ham,240,72
Gokhan Inler,Gokhan Inler,Gökhan Inler,Inler,MID,Switzerland,2015/16,2015/16,1,Leicester,5,0
Emiliano Insua,Emiliano Insua,Emiliano Insúa,Insua,DEF,Argentina,2006/07,2009/10,4,Liverpool,46,0
Simon Ireland,Simon Ireland,Simon Ireland,Ireland,MID,England,1992/93,1992/93,1,Blackburn,1,0
Stephen Ireland,Stephen Ireland,Stephen Ireland,Ireland,MID,Republic of Ireland,2005/06,2017/18,12,Man City; Aston Villa; Newcastle; Stoke,246,19
Tim Iroegbunam,Tim Iroegbunam,Tim Iroegbunam,Iroegbunam,MID,England,2021/22,2025/26,4,Aston Villa; Everton,59,0
Ian Ironside,Ian Ironside,Ian Ironside,Ironside,GK,England,1992/93,1992/93,1,Middlesbrough,12,0
Andy Irving,Andy Irving,Andrew Irving,Irving,MID,Scotland,2024/25,2025/26,2,West Ham,17,0
Richard Irving,Richard Irving,Richard Irving,Irving,FWD,England,1995/96,1995/96,1,Nottingham Forest,1,0
Denis Irwin,Denis Irwin,Denis Irwin,Irwin,DEF,Republic of Ireland,1992/93,2003/04,11,Man Utd; Wolves,328,18
Isaias,Isaias,Isaías,Isaias,MID,Brazil,1995/96,1996/97,2,Coventry,12,2
Alexander Isak,Alexander Isak,Alexander Isak,Isak,FWD,Sweden,2022/23,2025/26,4,Newcastle; Liverpool,100,57
Andreas Isaksson,Andreas Isaksson,Andreas Isaksson,Isaksson,GK,Sweden,2006/07,2007/08,2,Man City,19,0
Lloyd Isgrove,Lloyd Isgrove,Lloyd Isgrove,Isgrove,MID,Wales,2014/15,2014/15,1,Southampton,1,0
Wilson Isidor,Wilson Isidor,Wilson Isidor,Isidor,FWD,Haiti,2025/26,2025/26,1,Sunderland,32,6
Mauricio Isla,Mauricio Isla,Mauricio Isla,Isla,DEF,Chile,2014/15,2014/15,1,QPR,26,0
Valerien Ismael,Valerien Ismael,Valérien Ismaël,Ismael,DEF,France,1997/98,1997/98,1,Crystal Palace,13,0
Juan Iturbe,Juan Iturbe,Juan Manuel Iturbe,Iturbe,FWD,Paraguay,2015/16,2015/16,1,Bournemouth,2,0
Branislav Ivanovic,Branislav Ivanovic,Branislav Ivanović,Ivanovic,DEF,Serbia,2008/09,2020/21,10,Chelsea; West Brom,274,22
Daniel Iversen,Daniel Iversen,Daniel Iversen,Iversen,GK,Denmark,2022/23,2022/23,1,Leicester,12,0
Steffen Iversen,Steffen Iversen,Steffen Iversen,Iversen,FWD,Norway,1996/97,2003/04,8,Spurs; Wolves,159,40
Chris Iwelumo,Chris Iwelumo,Chris Iwelumo,Iwelumo,FWD,Scotland,2009/10,2009/10,1,Wolves,15,0
Alex Iwobi,Alex Iwobi,Alex Iwobi,Iwobi,MID,Nigeria,2015/16,2025/26,11,Arsenal; Everton; Fulham,320,35
Jose Izquierdo,Jose Izquierdo,José Izquierdo,Izquierdo,MID,Colombia,2017/18,2020/21,3,Brighton,48,5
Muzzy Izzet,Muzzy Izzet,Muzzy Izzet,Izzet,MID,Turkey,1996/97,2005/06,9,Leicester; Birmingham,248,34
Jussi Jaaskelainen,Jussi Jaaskelainen,Jussi Jääskeläinen,Jaaskelainen,GK,Finland,2001/02,2014/15,14,Bolton; West Ham,436,0
Darren Jackson,Darren Jackson,Darren Jackson,Jackson,FWD,Scotland,1998/99,1998/99,1,Coventry,3,0
Johnnie Jackson,Johnnie Jackson,Johnnie Jackson,Jackson,MID,England,2003/04,2005/06,3,Spurs,20,1
Mark Jackson,Mark Jackson,Mark Jackson,Jackson,DEF,England,1995/96,1997/98,3,Leeds,19,0
Matt Jackson,Matt Jackson,Matt Jackson,Jackson,DEF,England,1992/93,2006/07,6,Everton; Wigan,144,4
Nicolas Jackson,Nicolas Jackson,Nicolas Jackson,Jackson,FWD,Senegal,2023/24,2024/25,2,Chelsea,65,24
Richard Jackson,Richard Jackson,Richard Jackson,Jackson,DEF,England,1999/00,2001/02,3,Derby,11,0
Simeon Jackson,Simeon Jackson,Simeon Jackson,Jackson,FWD,Canada,2011/12,2012/13,2,Norwich,35,4
Wayne Jacobs,Wayne Jacobs,Wayne Jacobs,Jacobs,DEF,England,1999/00,2000/01,2,Bradford,45,2
Lars Jacobsen,Lars Jacobsen,Lars Jacobsen,Jacobsen,DEF,Denmark,2008/09,2010/11,3,Everton; Blackburn; West Ham,42,0
Phil Jagielka,Phil Jagielka,Phil Jagielka,Jagielka,DEF,England,2006/07,2020/21,15,Sheffield Utd; Everton,376,18
Alireza Jahanbakhsh,Alireza Jahanbakhsh,Alireza Jahanbakhsh,Jahanbakhsh,MID,Iran,2018/19,2020/21,3,Brighton,50,2
Radhi Jaidi,Radhi Jaidi,Radhi Jaïdi,Jaidi,DEF,Tunisia,2004/05,2007/08,3,Bolton; Birmingham,61,8
Andreas Jakobsson,Andreas Jakobsson,Andreas Jakobsson,Jakobsson,DEF,Sweden,2004/05,2004/05,1,Southampton,27,2
Eldin Jakupovic,Eldin Jakupovic,Eldin Jakupović,Jakupovic,GK,Switzerland,2013/14,2017/18,4,Hull; Leicester,28,0
Daniel James,Daniel James,Daniel James,James,MID,Wales,2019/20,2025/26,5,Man Utd; Leeds; Fulham,125,12
David James,David James,David James,James,GK,England,1992/93,2009/10,18,Liverpool; Aston Villa; West Ham; Man City; Portsmouth,572,0
Matty James,Matty James,Matthew James,James,MID,England,2014/15,2019/20,4,Leicester,42,0
Reece James,Reece James,Reece James,James,DEF,England,2019/20,2025/26,7,Chelsea,156,10
Tom James,Tom James,Tom James,James,DEF,Wales,2013/14,2013/14,1,Cardiff,1,0
Vitaly Janelt,Vitaly Janelt,Vitaly Janelt,Janelt,MID,Germany,2021/22,2025/26,5,Brentford,161,10
Alexandre Jankewitz,Alexandre Jankewitz,Alexandre Jankewitz,Jankewitz,MID,Switzerland,2020/21,2020/21,1,Southampton,2,0
Daryl Janmaat,Daryl Janmaat,Daryl Janmaat,Janmaat,DEF,Netherlands,2014/15,2019/20,6,Newcastle; Watford,145,8
Matt Jansen,Matt Jansen,Matt Jansen,Jansen,FWD,England,1997/98,2005/06,7,Crystal Palace; Blackburn; Bolton,97,20
Vincent Janssen,Vincent Janssen,Vincent Janssen,Janssen,FWD,Netherlands,2016/17,2018/19,3,Spurs,31,2
Pontus Jansson,Pontus Jansson,Pontus Jansson,Jansson,DEF,Sweden,2021/22,2022/23,2,Brentford,49,4
Adnan Januzaj,Adnan Januzaj,Adnan Januzaj,Januzaj,MID,Belgium,2013/14,2016/17,4,Man Utd; Sunderland,75,5
Gonzalo Jara,Gonzalo Jara,Gonzalo Jara,Jara,DEF,Chile,2010/11,2012/13,3,West Brom,34,1
Mario Jardel,Mario Jardel,Mário Jardel,Jardel,FWD,Brazil,2003/04,2003/04,1,Bolton,7,0
Vitezslav Jaros,Vitezslav Jaros,Vítězslav Jaroš,Jaros,GK,Czech Republic,2024/25,2024/25,1,Liverpool,1,0
Jiri Jarosik,Jiri Jarosik,Jiří Jarošík,Jarosik,MID,Czech Republic,2004/05,2005/06,2,Chelsea; Birmingham,38,5
Albert Jarrett,Albert Jarrett,Albert Jarrett,Jarrett,MID,Sierra Leone,2006/07,2006/07,1,Watford,1,0
Matt Jarvis,Matt Jarvis,Matthew Jarvis,Jarvis,MID,England,2009/10,2015/16,7,Wolves; West Ham; Norwich,205,20
Ryan Jarvis,Ryan Jarvis,Ryan Jarvis,Jarvis,FWD,England,2004/05,2004/05,1,Norwich,4,1
Daniel Jebbison,Daniel Jebbison,Daniel Jebbison,Jebbison,FWD,Canada,2020/21,2024/25,3,Sheffield Utd; Bournemouth,21,2
Mile Jedinak,Mile Jedinak,Mile Jedinak,Jedinak,MID,Australia,2013/14,2016/17,4,Crystal Palace,90,6
Francis Jeffers,Francis Jeffers,Francis Jeffers,Jeffers,FWD,England,1997/98,2006/07,9,Everton; Arsenal; Charlton; Blackburn,119,25
Mike Jeffrey,Mike Jeffrey,Mike Jeffrey,Jeffrey,FWD,England,1993/94,1993/94,1,Newcastle,2,0
Nikica Jelavic,Nikica Jelavic,Nikica Jelavić,Jelavic,FWD,Croatia,2011/12,2015/16,5,Everton; Hull; West Ham,114,29
Nigel Jemson,Nigel Jemson,Nigel Jemson,Jemson,FWD,England,1992/93,1993/94,2,Sheffield Wed,31,5
Jermaine Jenas,Jermaine Jenas,Jermaine Jenas,Jenas,MID,England,2001/02,2012/13,12,Newcastle; Spurs; Aston Villa; QPR,280,32
Iain Jenkins,Iain Jenkins,Iain Jenkins,Jenkins,DEF,Northern Ireland,1992/93,1992/93,1,Everton,1,0
Carl Jenkinson,Carl Jenkinson,Carl Jenkinson,Jenkinson,DEF,England,2011/12,2018/19,7,Arsenal; West Ham,93,3
Leigh Jenkinson,Leigh Jenkinson,Leigh Jenkinson,Jenkinson,MID,England,1992/93,1994/95,3,Coventry,32,1
Brian Jensen,Brian Jensen,Brian Jensen,Jensen,GK,Denmark,2009/10,2009/10,1,Burnley,38,0
Claus Jensen,Claus Jensen,Claus Jensen,Jensen,MID,Denmark,2000/01,2006/07,7,Charlton; Fulham,157,20
John Jensen,John Jensen,John Jensen,Jensen,MID,Denmark,1992/93,1995/96,4,Arsenal,98,1
Mathias Jensen,Mathias Jensen,Mathias Jensen,Jensen,MID,Denmark,2021/22,2025/26,5,Brentford,160,11
Niclas Jensen,Niclas Jensen,Niclas Jensen,Jensen,DEF,Denmark,2002/03,2005/06,2,Man City; Fulham,49,1
Nikola Jerkan,Nikola Jerkan,Nikola Jerkan,Jerkan,DEF,Croatia,1996/97,1996/97,1,Nottingham Forest,14,0
Cameron Jerome,Cameron Jerome,Cameron Jerome,Jerome,FWD,England,2007/08,2015/16,7,Birmingham; Stoke; Crystal Palace; Norwich,211,33
Jese,Jese,Jesé Rodríguez,Jese,FWD,Spain,2017/18,2017/18,1,Stoke,13,1
Eoin Jess,Eoin Jess,Eoin Jess,Jess,MID,Scotland,1995/96,2000/01,3,Coventry; Bradford,56,4
Gabriel Jesus,Gabriel Jesus,Gabriel Jesus,Jesus,FWD,Brazil,2016/17,2025/26,10,Man City; Arsenal,243,79
Igor Jesus,Igor Jesus,Igor Jesus,Jesus,FWD,Brazil,2025/26,2025/26,1,Nottingham Forest,37,6
Phil Jevons,Phil Jevons,Phil Jevons,Jevons,FWD,England,1998/99,2000/01,3,Everton,8,0
Ji Dong-won,Ji Dong-won,Ji Dong-won,Ji,FWD,South Korea,2011/12,2013/14,2,Sunderland,24,2
Alex Jimenez,Alex Jimenez,Álex Jiménez,Jimenez,DEF,Spain,2025/26,2025/26,1,Bournemouth,31,1
Luis Jimenez,Luis Jimenez,Luis Jiménez,Jimenez,MID,Chile,2009/10,2009/10,1,West Ham,11,1
Raul Jimenez,Raul Jimenez,Raúl Jiménez,Jimenez,FWD,Mexico,2018/19,2025/26,8,Wolves; Fulham,233,68
Jamaldeen Jimoh-Aloba,Jamaldeen Jimoh-Aloba,Jamaldeen Jimoh-Aloba,Jimoh-Aloba,MID,England,2025/26,2025/26,1,Aston Villa,1,0
Martin Jiranek,Martin Jiranek,Martin Jiránek,Jiranek,DEF,Czech Republic,2010/11,2010/11,1,Birmingham,10,0
Jo,Jo,Jô,Jo,FWD,Brazil,2008/09,2010/11,3,Everton; Man City,48,6
Julian Joachim,Julian Joachim,Julian Joachim,Joachim,FWD,England,1994/95,2000/01,7,Leicester; Aston Villa,156,42
Joseph-Desire Job,Joseph-Desire Job,Joseph-Désiré Job,Job,FWD,Cameroon,2000/01,2005/06,6,Middlesbrough,92,16
Richard Jobson,Richard Jobson,Richard Jobson,Jobson,DEF,England,1992/93,1996/97,4,Oldham; Leeds,99,8
Joelinton,Joelinton,Joelinton,Joelinton,MID,Brazil,2019/20,2025/26,7,Newcastle,212,24
Martin Johansen,Martin Johansen,Martin Johansen,Johansen,MID,Denmark,1997/98,1997/98,1,Coventry,2,0
Michael Johansen,Michael Johansen,Michael Johansen,Johansen,MID,Denmark,1997/98,1997/98,1,Bolton,16,1
Stefan Johansen,Stefan Johansen,Stefan Johansen,Johansen,MID,Norway,2018/19,2018/19,1,Fulham,12,0
Stig Johansen,Stig Johansen,Stig Johansen,Johansen,FWD,Norway,1997/98,1997/98,1,Southampton,6,0
Andreas Johansson,Andreas Johansson,Andreas Johansson,Johansson,MID,Sweden,2005/06,2006/07,2,Wigan,28,4
Jonatan Johansson,Jonatan Johansson,Jonatan Johansson,Johansson,FWD,Finland,2000/01,2005/06,6,Charlton,148,27
Nils-Eric Johansson,Nils-Eric Johansson,Nils-Eric Johansson,Johansson,DEF,Sweden,2001/02,2004/05,4,Blackburn,86,0
Collins John,Collins John,Collins John,John,FWD,Netherlands,2003/04,2007/08,5,Fulham,95,20
Declan John,Declan John,Declan John,John,MID,Wales,2013/14,2013/14,1,Cardiff,20,0
Stern John,Stern John,Stern John,John,FWD,Trinidad and Tobago,2002/03,2007/08,4,Birmingham; Sunderland,63,10
John Victor,John Victor,John Victor,John Victor,GK,Brazil,2025/26,2025/26,1,Nottingham Forest,5,0
Erland Johnsen,Erland Johnsen,Erland Johnsen,Johnsen,DEF,Norway,1992/93,1996/97,5,Chelsea,114,1
Ronny Johnsen,Ronny Johnsen,Ronny Johnsen,Johnsen,DEF,Norway,1996/97,2004/05,9,Man Utd; Aston Villa; Newcastle,151,8
Adam Johnson,Adam Johnson,Adam Johnson,Johnson,MID,England,2005/06,2015/16,11,Middlesbrough; Man City; Sunderland,265,32
Andy Johnson,Andy Johnson,Andrew Johnson,Johnson,FWD,England,2004/05,2012/13,8,Crystal Palace; Everton; Fulham; QPR,187,51
Andy Johnson (Wales),Andy Johnson,Andy Johnson,Johnson,MID,Wales,1992/93,2005/06,7,Norwich; Nottingham Forest; West Brom,101,2
Ben Johnson,Ben Johnson,Ben Johnson,Johnson,DEF,England,2018/19,2024/25,7,West Ham; Ipswich,92,3
Bradley Johnson,Bradley Johnson,Bradley Johnson,Johnson,MID,England,2011/12,2015/16,4,Norwich,101,6
Brennan Johnson,Brennan Johnson,Brennan Johnson,Johnson,MID,Wales,2022/23,2025/26,4,Nottingham Forest; Spurs; Crystal Palace,140,26
Damien Johnson,Damien Johnson,Damien Johnson,Johnson,MID,Northern Ireland,1998/99,2009/10,8,Blackburn; Birmingham,178,4
David Johnson,David Johnson,David Johnson,Johnson,FWD,Jamaica,2000/01,2000/01,1,Ipswich,14,0
Eddie Johnson,Eddie Johnson,Eddie Johnson,Johnson,FWD,United States,2007/08,2010/11,3,Fulham,19,0
Gavin Johnson,Gavin Johnson,Gavin Johnson,Johnson,MID,England,1992/93,1994/95,3,Ipswich,73,6
Glen Johnson,Glen Johnson,Glen Johnson,Johnson,DEF,England,2002/03,2017/18,16,West Ham; Chelsea; Portsmouth; Liverpool; Stoke,358,15
Jemal Johnson,Jemal Johnson,Jemal Johnson,Johnson,FWD,United States,2004/05,2005/06,2,Blackburn,6,0
Jermaine Johnson,Jermaine Johnson,Jermaine Johnson,Johnson,MID,Jamaica,2001/02,2002/03,2,Bolton,12,0
Joe Johnson,Joe Johnson,Joseph Johnson,Johnson,DEF,England,2023/24,2023/24,1,Luton,2,0
John Johnson,John Johnson,John Johnson,Johnson,DEF,England,2008/09,2008/09,1,Middlesbrough,1,0
Michael Johnson,Michael Johnson,Michael Johnson,Johnson,MID,England,2006/07,2009/10,4,Man City,37,2
Michael Johnson (defender),Michael Johnson,Michael Johnson,Johnson,DEF,Jamaica,2002/03,2007/08,2,Birmingham; Derby,9,0
Richard Johnson,Richard Johnson,Richard Johnson,Johnson,MID,Australia,1999/00,1999/00,1,Watford,23,3
Roger Johnson,Roger Johnson,Roger Johnson,Johnson,DEF,England,2009/10,2013/14,4,Birmingham; Wolves; West Ham,107,2
Seth Johnson,Seth Johnson,Seth Johnson,Johnson,MID,England,1999/00,2003/04,5,Derby; Leeds,121,5
Simon Johnson,Simon Johnson,Simon Johnson,Johnson,FWD,England,2002/03,2003/04,2,Leeds,9,0
Tommy Johnson,Tommy Johnson,Tommy Johnson,Johnson,FWD,England,1994/95,1999/00,4,Aston Villa; Everton,60,13
Tyreke Johnson,Tyreke Johnson,Tyreke Johnson,Johnson,MID,England,2018/19,2018/19,1,Southampton,1,0
Allan Johnston,Allan Johnston,Allan Johnston,Johnston,MID,Scotland,1996/97,2001/02,2,Sunderland; Middlesbrough,23,2
Mo Johnston,Mo Johnston,Mo Johnston,Johnston,FWD,Scotland,1992/93,1992/93,1,Everton,13,3
Sam Johnstone,Sam Johnstone,Sam Johnstone,Johnstone,GK,England,2020/21,2025/26,5,West Brom; Crystal Palace; Wolves,85,0
Slavisa Jokanovic,Slavisa Jokanovic,Slaviša Jokanović,Jokanovic,MID,Serbia,2000/01,2001/02,2,Chelsea,39,0
Billy Jones,Billy Jones,Billy Jones,Jones,DEF,England,2011/12,2016/17,6,West Brom; Sunderland,131,3
Brad Jones,Brad Jones,Brad Jones,Jones,GK,Australia,2003/04,2014/15,9,Middlesbrough; Liverpool,45,0
Cobi Jones,Cobi Jones,Cobi Jones,Jones,MID,United States,1994/95,1994/95,1,Coventry,21,2
Curtis Jones,Curtis Jones,Curtis Jones,Jones,MID,England,2019/20,2025/26,7,Liverpool,153,11
David Jones,David Jones,David Jones,Jones,MID,England,2007/08,2016/17,7,Derby; Wolves; Wigan; Burnley,112,3
Jermaine Jones,Jermaine Jones,Jermaine Jones,Jones,MID,United States,2010/11,2010/11,1,Blackburn,15,0
Keith Jones,Keith Jones,Keith Jones,Jones,MID,England,1998/99,1998/99,1,Charlton,23,1
Kenwyne Jones,Kenwyne Jones,Kenwyne Jones,Jones,FWD,Trinidad and Tobago,2004/05,2013/14,8,Southampton; Sunderland; Stoke; Cardiff,195,40
Lee Jones,Lee Jones,Lee Jones,Jones,FWD,Wales,1994/95,1996/97,2,Liverpool,3,0
Matt Jones,Matt Jones,Matthew Jones,Jones,MID,Wales,1998/99,2001/02,4,Leeds; Leicester,44,1
Paul Jones,Paul Jones,Paul Jones,Jones,GK,Wales,1997/98,2003/04,7,Southampton; Liverpool; Wolves,211,0
Phil Jones,Phil Jones,Phil Jones,Jones,DEF,England,2009/10,2021/22,12,Blackburn; Man Utd,204,2
Rob Jones,Rob Jones,Rob Jones,Jones,DEF,England,1992/93,1997/98,6,Liverpool,155,0
Ryan Jones,Ryan Jones,Ryan Jones,Jones,MID,Wales,1992/93,1994/95,3,Sheffield Wed,41,6
Scott Jones,Scott Jones,Scott Jones,Jones,DEF,England,1997/98,1997/98,1,Barnsley,12,1
Steve Jones,Steve Jones,Steve Jones,Jones,FWD,England,1993/94,1998/99,4,West Ham; Charlton,43,3
Vinnie Jones,Vinnie Jones,Vinnie Jones,Jones,MID,Wales,1992/93,1997/98,6,Chelsea; Wimbledon,184,13
Wim Jonk,Wim Jonk,Wim Jonk,Jonk,MID,Netherlands,1998/99,1999/00,2,Sheffield Wed,68,5
Jonny,Jonny,Jonathan Castro Otto,Jonny,DEF,Spain,2018/19,2023/24,6,Wolves,107,6
Mattias Jonson,Mattias Jonson,Mattias Jonson,Jonson,FWD,Sweden,2004/05,2004/05,1,Norwich,28,0
Eggert Jonsson,Eggert Jonsson,Eggert Jónsson,Jonsson,MID,Iceland,2011/12,2011/12,1,Wolves,3,0
Stephen Jordan,Stephen Jordan,Stephen Jordan,Jordan,MID,England,2002/03,2009/10,6,Man City; Burnley,78,0
Bruno Jordao,Bruno Jordao,Bruno Jordão,Jordão,MID,Portugal,2019/20,2019/20,1,Wolves,1,0
Jordao (West Brom),Jordao,Jordão,Jordão,MID,Portugal,2002/03,2002/03,1,West Brom,3,0
Filip Jorgensen,Filip Jorgensen,Filip Jørgensen,Jorgensen,GK,Denmark,2024/25,2025/26,2,Chelsea,11,0
Mathias Jorgensen,Mathias Jorgensen,Mathias Jørgensen,Jorgensen,DEF,Denmark,2017/18,2023/24,5,Huddersfield; Brentford,102,5
Jorginho,Jorginho,Jorge Luiz Frello Filho,Jorginho,MID,Italy,2018/19,2024/25,7,Chelsea; Arsenal,196,21
Joselu,Joselu,Joselu,Joselu,FWD,Spain,2015/16,2018/19,3,Stoke; Newcastle,68,10
Josemi,Josemi,Josemi,Josemi,DEF,Spain,2004/05,2005/06,2,Liverpool,21,0
Mateo Joseph,Mateo Joseph,Mateo Joseph,Joseph,FWD,Spain,2022/23,2022/23,1,Leeds,3,0
Roger Joseph,Roger Joseph,Roger Joseph,Joseph,DEF,England,1992/93,1994/95,3,Wimbledon,48,0
Diogo Jota,Diogo Jota,Diogo Jota,Jota,FWD,Portugal,2018/19,2024/25,7,Wolves; Liverpool,190,63
Jota,Jota,José Ignacio Peleteiro Romallo,Jota,MID,Spain,2019/20,2019/20,1,Aston Villa,10,0
Milan Jovanovic,Milan Jovanovic,Milan Jovanović,Jovanovic,MID,Serbia,2010/11,2010/11,1,Liverpool,10,0
Stevan Jovetic,Stevan Jovetic,Stevan Jovetić,Jovetic,FWD,Montenegro,2013/14,2014/15,2,Man City,30,8
Joao Pedro,Joao Pedro,João Pedro Junqueira de Jesus,João Pedro,FWD,Brazil,2019/20,2025/26,5,Watford; Brighton; Chelsea,124,37
Juanmi,Juanmi,Juanmi,Juanmi,FWD,Spain,2015/16,2015/16,1,Southampton,12,0
Julio Cesar,Julio Cesar,Júlio César,Julio Cesar,GK,Brazil,2012/13,2012/13,1,QPR,24,0
Julio Cesar (defender),Julio Cesar,Júlio César Santos Correa,Julio Cesar,DEF,Brazil,2004/05,2004/05,1,Bolton,5,0
Juninho,Juninho,Juninho Paulista,Juninho,MID,Brazil,1995/96,2003/04,5,Middlesbrough,125,29
Duncan Jupp,Duncan Jupp,Duncan Jupp,Jupp,DEF,Scotland,1996/97,1999/00,4,Wimbledon,24,0
Jose Manuel Jurado,Jose Manuel Jurado,José Manuel Jurado,Jurado,MID,Spain,2015/16,2015/16,1,Watford,27,0
James Justin,James Justin,James Justin,Justin,DEF,England,2019/20,2025/26,6,Leicester; Leeds,128,6
Lukas Jutkiewicz,Lukas Jutkiewicz,Lukas Jutkiewicz,Jutkiewicz,FWD,England,2008/09,2016/17,3,Everton; Burnley,28,0
Ozan Kabak,Ozan Kabak,Ozan Kabak,Kabak,DEF,Turkey,2020/21,2021/22,2,Liverpool; Norwich,20,0
Christian Kabasele,Christian Kabasele,Christian Kabasele,Kabasele,DEF,Belgium,2016/17,2021/22,5,Watford,108,4
Steve Kabba,Steve Kabba,Steven Kabba,Kabba,FWD,England,2006/07,2006/07,1,Sheffield Utd; Watford,18,0
Issa Kabore,Issa Kabore,Issa Kaboré,Kabore,DEF,Burkina Faso,2023/24,2023/24,1,Luton,24,0
Younes Kaboul,Younes Kaboul,Younès Kaboul,Kaboul,DEF,France,2007/08,2017/18,11,Spurs; Portsmouth; Sunderland; Watford,197,12
Alex Kacaniklic,Alex Kacaniklic,Alex Kačaniklić,Kacaniklic,MID,Sweden,2011/12,2013/14,3,Fulham,47,5
Hassan Kachloul,Hassan Kachloul,Hassan Kachloul,Kachloul,MID,Morocco,1998/99,2003/04,5,Southampton; Aston Villa; Wolves,112,16
Elias Kachunga,Elias Kachunga,Elias Kachunga,Kachunga,FWD,DR Congo,2017/18,2018/19,2,Huddersfield,39,1
Ferdi Kadioglu,Ferdi Kadioglu,Ferdi Kadıoğlu,Kadıoğlu,DEF,Turkey,2024/25,2025/26,2,Brighton,43,2
Shinji Kagawa,Shinji Kagawa,Shinji Kagawa,Kagawa,MID,Japan,2012/13,2013/14,2,Man Utd,38,6
Sullay Kaikai,Sullay Kaikai,Sullay Kaikai,Kaikai,FWD,England,2015/16,2017/18,3,Crystal Palace,3,0
Blessing Kaku,Blessing Kaku,Blessing Kaku,Kaku,MID,Nigeria,2004/05,2004/05,1,Bolton,1,0
Gael Kakuta,Gael Kakuta,Gaël Kakuta,Kakuta,FWD,DR Congo,2009/10,2011/12,3,Chelsea; Fulham; Bolton,17,1
Sasa Kalajdzic,Sasa Kalajdzic,Saša Kalajdžić,Kalajdžić,FWD,Austria,2022/23,2025/26,3,Wolves,13,2
Tomas Kalas,Tomas Kalas,Tomáš Kalas,Kalas,DEF,Czech Republic,2013/14,2013/14,1,Chelsea,2,0
Arnaud Kalimuendo,Arnaud Kalimuendo,Arnaud Kalimuendo,Kalimuendo,FWD,France,2025/26,2025/26,1,Nottingham Forest,9,0
Nikola Kalinic,Nikola Kalinic,Nikola Kalinić,Kalinic,FWD,Croatia,2009/10,2010/11,2,Blackburn,44,7
Toni Kallio,Toni Kallio,Toni Kallio,Kallio,DEF,Finland,2008/09,2009/10,2,Fulham,4,0
Kim Kallstrom,Kim Kallstrom,Kim Källström,Kallstrom,MID,Sweden,2013/14,2013/14,1,Arsenal,3,0
Salomon Kalou,Salomon Kalou,Salomon Kalou,Kalou,FWD,Ivory Coast,2006/07,2011/12,6,Chelsea,156,36
Samuel Kalu,Samuel Kalu,Samuel Kalu,Kalu,FWD,Nigeria,2021/22,2021/22,1,Watford,4,0
Christian Kalvenes,Christian Kalvenes,Christian Kalvenes,Kalvenes,DEF,Norway,2009/10,2009/10,1,Burnley,6,0
Daichi Kamada,Daichi Kamada,Daichi Kamada,Kamada,MID,Japan,2024/25,2025/26,2,Crystal Palace,62,0
Aboubakar Kamara,Aboubakar Kamara,Aboubakar Kamara,Kamara,FWD,Mauritania,2018/19,2020/21,2,Fulham,24,3
Boubacar Kamara,Boubacar Kamara,Boubacar Kamara,Kamara,MID,France,2022/23,2025/26,4,Aston Villa,88,2
Chris Kamara,Chris Kamara,Chris Kamara,Kamara,MID,England,1992/93,1993/94,2,Middlesbrough; Sheffield Utd,29,0
Diomansy Kamara,Diomansy Kamara,Diomansy Kamara,Kamara,FWD,Senegal,2004/05,2010/11,6,Portsmouth; West Brom; Fulham,110,17
Hassane Kamara,Hassane Kamara,Hassane Kamara,Kamara,DEF,Ivory Coast,2021/22,2021/22,1,Watford,19,1
Kei Kamara,Kei Kamara,Kei Kamara,Kamara,FWD,Sierra Leone,2012/13,2012/13,1,Norwich,11,1
Pontus Kamark,Pontus Kamark,Pontus Kåmark,Kamark,DEF,Sweden,1996/97,1998/99,3,Leicester,64,0
Willy Kambwala,Willy Kambwala,Willy Kambwala,Kambwala,DEF,France,2023/24,2023/24,1,Man Utd,8,0
Thomas Kaminski,Thomas Kaminski,Thomas Kamiński,Kaminski,GK,Belgium,2023/24,2023/24,1,Luton,38,0
Andrei Kanchelskis,Andrei Kanchelskis,Andrei Kanchelskis,Kanchelskis,MID,Russia,1992/93,2002/03,7,Man Utd; Everton; Man City; Southampton,151,43
Harry Kane,Harry Kane,Harry Kane,Kane,FWD,England,2012/13,2022/23,11,Norwich; Spurs,320,213
Frederic Kanoute,Frederic Kanoute,Frédéric Kanouté,Kanoute,FWD,Mali,1999/00,2005/06,7,West Ham; Spurs,144,43
Mohamadou Kante,Mohamadou Kante,Mohamadou Kanté,Kante,MID,France,2025/26,2025/26,1,West Ham,11,0
N'Golo Kante,N'Golo Kante,N'Golo Kanté,Kante,MID,France,2015/16,2022/23,8,Leicester; Chelsea,227,12
Kanu,Kanu,Nwankwo Kanu,Kanu,FWD,Nigeria,1998/99,2009/10,12,Arsenal; West Brom; Portsmouth,273,54
Olivier Kapo,Olivier Kapo,Olivier Kapo,Kapo,FWD,France,2007/08,2009/10,3,Birmingham; Wigan,46,6
Jem Karacan,Jem Karacan,Jem Karacan,Karacan,MID,Turkey,2012/13,2012/13,1,Reading,21,1
Azar Karadas,Azar Karadas,Azar Karadas,Karadas,FWD,Norway,2005/06,2005/06,1,Portsmouth,17,1
Giorgos Karagounis,Giorgos Karagounis,Giorgos Karagounis,Karagounis,MID,Greece,2012/13,2013/14,2,Fulham,39,1
John Karelse,John Karelse,John Karelse,Karelse,GK,Netherlands,1999/00,1999/00,1,Newcastle,3,0
Christian Karembeu,Christian Karembeu,Christian Karembeu,Karembeu,MID,France,2000/01,2000/01,1,Middlesbrough,33,4
Loris Karius,Loris Karius,Loris Karius,Karius,GK,Germany,2016/17,2023/24,3,Liverpool; Newcastle,30,0
Steffen Karl,Steffen Karl,Steffen Karl,Karl,MID,Germany,1993/94,1993/94,1,Man City,6,1
Orestis Karnezis,Orestis Karnezis,Orestis Karnezis,Karnezis,GK,Greece,2017/18,2017/18,1,Watford,15,0
Pajtim Kasami,Pajtim Kasami,Pajtim Kasami,Kasami,MID,Switzerland,2011/12,2013/14,3,Fulham,38,3
Yaniv Katan,Yaniv Katan,Yaniv Katan,Katan,FWD,Israel,2005/06,2005/06,1,West Ham,6,0
Graham Kavanagh,Graham Kavanagh,Graham Kavanagh,Kavanagh,MID,Republic of Ireland,1992/93,2006/07,4,Middlesbrough; Wigan,54,1
Mikhail Kavelashvili,Mikhail Kavelashvili,Mikheil Kavelashvili,Kavelashvili,FWD,Georgia,1995/96,1995/96,1,Man City,4,1
Ivan Kaviedes,Ivan Kaviedes,Iván Kaviedes,Kaviedes,FWD,Ecuador,2004/05,2004/05,1,Crystal Palace,4,0
Beram Kayal,Beram Kayal,Beram Kayal,Kayal,MID,Israel,2017/18,2018/19,2,Brighton,37,1
Edo Kayembe,Edo Kayembe,Edo Kayembe,Kayembe,MID,DR Congo,2021/22,2021/22,1,Watford,13,0
Joachim Kayi Sanda,Joachim Kayi Sanda,Joachim Kayi Sanda,Kayi Sanda,DEF,France,2024/25,2024/25,1,Southampton,2,0
Kayky,Kayky,Kayky,Kayky,FWD,Brazil,2021/22,2021/22,1,Man City,1,0
Michael Kayode,Michael Kayode,Michael Kayode,Kayode,DEF,Italy,2024/25,2025/26,2,Brentford,49,1
Colin Kazim-Richards,Colin Kazim-Richards,Colin Kâzım-Richards,Kazim-Richards,FWD,Turkey,2006/07,2006/07,1,Sheffield Utd,27,1
Jake Kean,Jake Kean,Jake Kean,Kean,GK,England,2011/12,2011/12,1,Blackburn,1,0
Moise Kean,Moise Kean,Moise Kean,Kean,FWD,Italy,2019/20,2021/22,3,Everton,32,2
Michael Keane,Michael Keane,Michael Keane,Keane,DEF,England,2014/15,2025/26,11,Burnley; Man Utd; Everton,286,19
Robbie Keane,Robbie Keane,Robbie Keane,Keane,FWD,Republic of Ireland,1999/00,2011/12,13,Coventry; Leeds; Spurs; Liverpool; West Ham; Aston Villa,349,126
Roy Keane,Roy Keane,Roy Keane,Keane,MID,Republic of Ireland,1992/93,2005/06,14,Nottingham Forest; Man Utd,366,39
Will Keane,Will Keane,Will Keane,Keane,FWD,England,2011/12,2016/17,3,Man Utd; Hull,7,0
Jason Kearton,Jason Kearton,Jason Kearton,Kearton,GK,Australia,1992/93,1994/95,2,Everton,6,0
Neeskens Kebano,Neeskens Kebano,Neeskens Kebano,Kebano,MID,DR Congo,2018/19,2022/23,3,Fulham,29,0
Jimmy Kebe,Jimmy Kebe,Jimmy Kébé,Kebe,MID,Mali,2007/08,2013/14,3,Reading; Crystal Palace,29,5
John Keeley,John Keeley,John Keeley,Keeley,GK,England,1992/93,1992/93,1,Oldham,1,0
Joe Keenan,Joe Keenan,Joe Keenan,Keenan,MID,England,2001/02,2002/03,2,Chelsea,2,0
James Keene,James Keene,James Keene,Keene,FWD,England,2004/05,2004/05,1,Portsmouth,2,0
Thilo Kehrer,Thilo Kehrer,Thilo Kehrer,Kehrer,DEF,Germany,2022/23,2023/24,2,West Ham,31,0
Dekel Keinan,Dekel Keinan,Dekel Keinan,Keinan,DEF,Israel,2010/11,2010/11,1,Blackpool,6,0
Naby Keita,Naby Keita,Naby Keïta,Keita,MID,Guinea,2018/19,2022/23,5,Liverpool,84,7
Orpheo Keizerweerd,Orpheo Keizerweerd,Orpheo Keizerweerd,Keizerweerd,FWD,Netherlands,1992/93,1992/93,1,Oldham,1,0
Caoimhin Kelleher,Caoimhin Kelleher,Caoimhín Kelleher,Kelleher,GK,Republic of Ireland,2020/21,2025/26,6,Liverpool; Brentford,62,0
Kasey Keller,Kasey Keller,Kasey Keller,Keller,GK,United States,1996/97,2007/08,8,Leicester; Spurs; Southampton; Fulham,201,0
Marc Keller,Marc Keller,Marc Keller,Keller,MID,France,1998/99,1999/00,2,West Ham,44,5
Alan Kelly,Alan Kelly,Alan Kelly,Kelly,GK,Republic of Ireland,1992/93,2002/03,4,Sheffield Utd; Blackburn,66,0
David Kelly,David Kelly,David Kelly,Kelly,FWD,Republic of Ireland,1996/97,1996/97,1,Sunderland,24,0
Gary Kelly,Gary Kelly,Gary Kelly,Kelly,DEF,Republic of Ireland,1993/94,2003/04,10,Leeds,325,2
Lloyd Kelly,Lloyd Kelly,Lloyd Kelly,Kelly,DEF,England,2019/20,2024/25,4,Bournemouth; Newcastle,64,0
Martin Kelly,Martin Kelly,Martin Kelly,Kelly,DEF,England,2009/10,2020/21,12,Liverpool; Crystal Palace,154,0
Stephen Kelly,Stephen Kelly,Stephen Kelly,Kelly,DEF,Republic of Ireland,2003/04,2012/13,9,Spurs; Birmingham; Stoke; Fulham; Reading,141,2
Omari Kellyman,Omari Kellyman,Omari Kellyman,Kellyman,MID,England,2023/24,2023/24,1,Aston Villa,2,0
Kenedy,Kenedy,Kenedy,Kenedy,FWD,Brazil,2015/16,2021/22,5,Chelsea; Watford; Newcastle,55,4
Jeff Kenna,Jeff Kenna,Jeff Kenna,Kenna,DEF,Republic of Ireland,1992/93,2003/04,9,Southampton; Blackburn; Birmingham,290,8
Jason Kennedy,Jason Kennedy,Jason Kennedy,Kennedy,MID,England,2004/05,2005/06,2,Middlesbrough,4,0
Mark Kennedy,Mark Kennedy,Mark Kennedy,Kennedy,MID,Republic of Ireland,1994/95,2003/04,7,Liverpool; Wimbledon; Man City; Wolves,93,2
Peter Kennedy,Peter Kennedy,Peter Kennedy,Kennedy,DEF,Northern Ireland,1999/00,1999/00,1,Watford,18,1
Billy Kenny,Billy Kenny,Billy Kenny,Kenny,MID,England,1992/93,1992/93,1,Everton,17,1
Jonjoe Kenny,Jonjoe Kenny,Jonjoe Kenny,Kenny,DEF,England,2015/16,2021/22,6,Everton,50,0
Paddy Kenny,Paddy Kenny,Paddy Kenny,Kenny,GK,Republic of Ireland,2006/07,2011/12,2,Sheffield Utd; QPR,67,0
Darren Kenton,Darren Kenton,Darren Kenton,Kenton,MID,England,2003/04,2004/05,2,Southampton,16,0
Andy Keogh,Andy Keogh,Andrew Keogh,Keogh,FWD,Republic of Ireland,2009/10,2010/11,2,Wolves,14,1
Martin Keown,Martin Keown,Martin Keown,Keown,DEF,England,1992/93,2003/04,12,Arsenal; Everton,323,4
Kepa Arrizabalaga,Kepa Arrizabalaga,Kepa Arrizabalaga Revuelta,Kepa,GK,Spain,2018/19,2025/26,7,Chelsea; Bournemouth; Arsenal,141,0
Kepa Blanco,Kepa Blanco,Kepa Blanco,Kepa,FWD,Spain,2006/07,2006/07,1,West Ham,8,1
Milos Kerkez,Milos Kerkez,Milos Kerkez,Kerkez,DEF,Hungary,2023/24,2025/26,3,Bournemouth; Liverpool,100,4
Yann Kermorgant,Yann Kermorgant,Yann Kermorgant,Kermorgant,FWD,France,2015/16,2015/16,1,Bournemouth,7,0
Alan Kernaghan,Alan Kernaghan,Alan Kernaghan,Kernaghan,DEF,Republic of Ireland,1992/93,1995/96,4,Middlesbrough; Man City,74,3
Brian Kerr,Brian Kerr,Brian Kerr,Kerr,MID,Scotland,2000/01,2002/03,2,Newcastle,9,0
David Kerr,David Kerr,David Kerr,Kerr,MID,Scotland,1992/93,1995/96,4,Man City,6,0
Dylan Kerr,Dylan Kerr,Dylan Kerr,Kerr,DEF,England,1992/93,1992/93,1,Leeds,5,0
Scott Kerr,Scott Kerr,Scott Kerr,Kerr,MID,England,2000/01,2000/01,1,Bradford,1,0
David Kerslake,David Kerslake,David Kerslake,Kerslake,DEF,England,1992/93,1995/96,4,Leeds; Spurs,45,0
Kaine Kesler-Hayden,Kaine Kesler-Hayden,Kaine Kesler-Hayden,Kesler-Hayden,DEF,England,2023/24,2023/24,1,Aston Villa,3,0
Temuri Ketsbaia,Temuri Ketsbaia,Temuri Ketsbaia,Ketsbaia,MID,Georgia,1997/98,1999/00,3,Newcastle,78,8
Kevin,Kevin,Kevin,Kevin,MID,Brazil,2025/26,2025/26,1,Fulham,26,1
Harry Kewell,Harry Kewell,Harry Kewell,Kewell,FWD,Australia,1995/96,2007/08,13,Leeds; Liverpool,274,57
Lance Key,Lance Key,Lance Key,Key,GK,England,1993/94,1993/94,1,Oldham,2,0
Mateja Kezman,Mateja Kezman,Mateja Kežman,Kezman,FWD,Serbia,2004/05,2004/05,1,Chelsea,25,4
Reda Khadra,Reda Khadra,Reda Khadra,Khadra,MID,Germany,2020/21,2020/21,1,Brighton,1,0
Dmitri Kharine,Dmitri Kharine,Dmitri Kharine,Kharine,GK,Russia,1992/93,1998/99,7,Chelsea,118,0
Wahbi Khazri,Wahbi Khazri,Wahbi Khazri,Khazri,MID,Tunisia,2015/16,2016/17,2,Sunderland,35,3
Zurab Khizanishvili,Zurab Khizanishvili,Zurab Khizanishvili,Khizanishvili,DEF,Georgia,2005/06,2008/09,4,Blackburn,62,1
Abdukodir Khusanov,Abdukodir Khusanov,Abdukodir Khusanov,Khusanov,DEF,Uzbekistan,2024/25,2025/26,2,Man City,27,0
Ki Sung-yueng,Ki Sung-yueng,Ki Sung-yueng,Ki,MID,South Korea,2012/13,2019/20,8,Swansea; Sunderland; Newcastle,187,15
Dean Kiely,Dean Kiely,Dean Kiely,Kiely,GK,Republic of Ireland,2000/01,2008/09,7,Charlton; Portsmouth; West Brom,195,0
Michael Kightly,Michael Kightly,Michael Kightly,Kightly,MID,England,2009/10,2016/17,6,Wolves; Stoke; Burnley,75,7
Kevin Kilbane,Kevin Kilbane,Kevin Kilbane,Kilbane,MID,Republic of Ireland,1999/00,2009/10,11,Sunderland; Everton; Wigan; Hull,325,15
Brian Kilcline,Brian Kilcline,Brian Kilcline,Kilcline,DEF,England,1993/94,1993/94,1,Newcastle; Swindon,11,0
Matt Kilgallon,Matt Kilgallon,Matthew Kilgallon,Kilgallon,DEF,England,2002/03,2012/13,6,Leeds; Sheffield Utd; Sunderland,39,2
Sean Kilgannon,Sean Kilgannon,Sean Kilgannon,Kilgannon,MID,Scotland,1999/00,1999/00,1,Middlesbrough,1,0
Neil Kilkenny,Neil Kilkenny,Neil Kilkenny,Kilkenny,MID,Australia,2005/06,2005/06,1,Birmingham,18,0
Max Kilman,Max Kilman,Max Kilman,Kilman,DEF,England,2018/19,2025/26,8,Wolves; West Ham,186,3
Kim Bo-kyung,Kim Bo-kyung,Kim Bo-kyung,Kim,MID,South Korea,2013/14,2013/14,1,Cardiff,28,1
Kim Do-heon,Kim Do-heon,Kim Do-heon,Kim,MID,South Korea,2008/09,2008/09,1,West Brom,16,0
Kim Ji-soo,Kim Ji-soo,Kim Ji-soo,Kim,DEF,South Korea,2024/25,2024/25,1,Brentford,3,0
Alan Kimble,Alan Kimble,Alan Kimble,Kimble,DEF,England,1993/94,1999/00,7,Wimbledon,181,0
Vladimir Kinder,Vladimir Kinder,Vladimír Kinder,Kinder,DEF,Slovakia,1996/97,1998/99,2,Middlesbrough,11,3
Andy King,Andy King,Andy King,King,MID,Wales,2014/15,2017/18,4,Leicester; Swansea,94,8
Josh King,Josh King,Joshua King,King,FWD,Norway,2015/16,2021/22,7,Bournemouth; Everton; Watford,204,53
Josh King (b.2007),Josh King,Joshua King,King,MID,England,2024/25,2025/26,2,Fulham,40,1
Ledley King,Ledley King,Ledley King,King,DEF,England,1998/99,2011/12,14,Spurs,268,10
Marlon King,Marlon King,Marlon King,King,FWD,Jamaica,2006/07,2009/10,4,Watford; Wigan; Hull; Middlesbrough,64,12
Phil King,Phil King,Phil King,King,DEF,England,1992/93,1994/95,3,Sheffield Wed; Aston Villa,38,1
Thomas King,Thomas King,Thomas King,King,GK,Wales,2024/25,2024/25,1,Wolves,1,0
Stephen Kingsley,Stephen Kingsley,Stephen Kingsley,Kingsley,DEF,Scotland,2015/16,2016/17,2,Swansea,17,0
Richard Kingson,Richard Kingson,Richard Kingson,Kingson,GK,Ghana,2007/08,2010/11,3,Birmingham; Wigan; Blackpool,25,0
Georgi Kinkladze,Georgi Kinkladze,Georgi Kinkladze,Kinkladze,MID,Georgia,1995/96,2001/02,4,Man City; Derby,102,7
Mark Kinsella,Mark Kinsella,Mark Kinsella,Kinsella,MID,Republic of Ireland,1998/99,2003/04,5,Charlton; Aston Villa,108,5
Antonin Kinsky,Antonin Kinsky,Antonín Kinský,Kinský,GK,Czech Republic,2024/25,2025/26,2,Spurs,13,0
Gabor Kiraly,Gabor Kiraly,Gábor Király,Kiraly,GK,Hungary,2004/05,2006/07,2,Crystal Palace; Aston Villa,37,0
Jan Kirchhoff,Jan Kirchhoff,Jan Kirchhoff,Kirchhoff,DEF,Germany,2015/16,2016/17,2,Sunderland,22,0
Chris Kirkland,Chris Kirkland,Chris Kirkland,Kirkland,GK,England,2000/01,2010/11,11,Coventry; Liverpool; West Brom; Wigan,189,0
Jovan Kirovski,Jovan Kirovski,Jovan Kirovski,Kirovski,MID,United States,2002/03,2003/04,2,Birmingham,23,2
Radostin Kishishev,Radostin Kishishev,Radostin Kishishev,Kishishev,DEF,Bulgaria,2000/01,2006/07,7,Charlton,179,2
Dave Kitson,Dave Kitson,Dave Kitson,Kitson,FWD,England,2006/07,2009/10,4,Reading; Stoke,81,15
Paul Kitson,Paul Kitson,Paul Kitson,Kitson,FWD,England,1994/95,2001/02,8,Newcastle; West Ham,99,28
Jakub Kiwior,Jakub Kiwior,Jakub Kiwior,Kiwior,DEF,Poland,2022/23,2024/25,3,Arsenal,44,3
Chris Kiwomya,Chris Kiwomya,Chris Kiwomya,Kiwomya,FWD,England,1992/93,1994/95,3,Ipswich; Arsenal,104,21
Jakob Kjeldbjerg,Jakob Kjeldbjerg,Jakob Kjeldbjerg,Kjeldbjerg,DEF,Denmark,1993/94,1994/95,2,Chelsea,52,2
Davy Klaassen,Davy Klaassen,Davy Klaassen,Klaassen,MID,Netherlands,2017/18,2017/18,1,Everton,7,0
Kristoffer Klaesson,Kristoffer Klaesson,Kristoffer Klaesson,Klaesson,GK,Norway,2021/22,2021/22,1,Leeds,1,0
Ivan Klasnic,Ivan Klasnic,Ivan Klasnić,Klasnic,FWD,Croatia,2009/10,2011/12,3,Bolton,78,20
Ragnar Klavan,Ragnar Klavan,Ragnar Klavan,Klavan,DEF,Estonia,2016/17,2017/18,2,Liverpool,39,1
Kleberson,Kleberson,Kléberson,Kleberson,MID,Brazil,2003/04,2004/05,2,Man Utd,20,2
Mateusz Klich,Mateusz Klich,Mateusz Klich,Klich,MID,Poland,2020/21,2022/23,3,Leeds,82,5
Jurgen Klinsmann,Jurgen Klinsmann,Jürgen Klinsmann,Klinsmann,FWD,Germany,1994/95,1997/98,2,Spurs,56,29
Timm Klose,Timm Klose,Timm Klose,Klose,DEF,Switzerland,2015/16,2019/20,2,Norwich,17,1
Justin Kluivert,Justin Kluivert,Justin Kluivert,Kluivert,FWD,Netherlands,2023/24,2025/26,3,Bournemouth,86,21
Patrick Kluivert,Patrick Kluivert,Patrick Kluivert,Kluivert,FWD,Netherlands,2004/05,2004/05,1,Newcastle,25,6
Joe Knight,Joe Knight,Joe Knight,Knight,MID,England,2025/26,2025/26,1,Brighton,1,0
Zat Knight,Zat Knight,Zat Knight,Knight,DEF,England,2001/02,2011/12,11,Fulham; Aston Villa; Bolton,284,7
Anthony Knockaert,Anthony Knockaert,Anthony Knockaert,Knockaert,MID,France,2014/15,2018/19,3,Leicester; Brighton,72,5
Billy Knott,Billy Knott,Billy Knott,Knott,MID,England,2012/13,2012/13,1,Sunderland,1,0
Robin Koch,Robin Koch,Robin Koch,Koch,DEF,Germany,2020/21,2022/23,3,Leeds,73,0
Jonathan Kodjia,Jonathan Kodjia,Jonathan Kodjia,Kodjia,FWD,Ivory Coast,2019/20,2019/20,1,Aston Villa,6,0
Aleksandar Kolarov,Aleksandar Kolarov,Aleksandar Kolarov,Kolarov,DEF,Serbia,2010/11,2016/17,7,Man City,165,11
Sead Kolasinac,Sead Kolasinac,Sead Kolašinac,Kolasinac,DEF,Bosnia and Herzegovina,2017/18,2021/22,5,Arsenal,80,2
Luca Koleosho,Luca Koleosho,Luca Koleosho,Koleosho,MID,Italy,2023/24,2023/24,1,Burnley,15,1
Joonas Kolkka,Joonas Kolkka,Joonas Kolkka,Kolkka,FWD,Finland,2004/05,2004/05,1,Crystal Palace,23,3
Randal Kolo Muani,Randal Kolo Muani,Randal Kolo Muani,Kolo Muani,FWD,France,2025/26,2025/26,1,Spurs,30,1
Vincent Kompany,Vincent Kompany,Vincent Kompany,Kompany,DEF,Belgium,2008/09,2018/19,11,Man City,265,18
Yunus Konak,Yunus Konak,Yunus Emre Konak,Konak,MID,Turkey,2024/25,2024/25,1,Brentford,10,0
Ibrahima Konate,Ibrahima Konate,Ibrahima Konaté,Konate,DEF,France,2021/22,2025/26,5,Liverpool,118,2
Paul Konchesky,Paul Konchesky,Paul Konchesky,Konchesky,DEF,England,1998/99,2014/15,13,Charlton; Spurs; West Ham; Fulham; Liverpool; Leicester,347,9
Arouna Kone,Arouna Kone,Arouna Koné,Kone,FWD,Ivory Coast,2012/13,2016/17,5,Wigan; Everton,82,17
Lamine Kone,Lamine Kone,Lamine Koné,Kone,DEF,Ivory Coast,2015/16,2016/17,2,Sunderland,45,3
Terence Kongolo,Terence Kongolo,Terence Kongolo,Kongolo,DEF,Netherlands,2017/18,2020/21,3,Huddersfield; Fulham,46,1
Mo Konjic,Mo Konjic,Muhamed Konjić,Konjic,DEF,Bosnia and Herzegovina,1998/99,2000/01,3,Coventry,16,0
Ezri Konsa,Ezri Konsa,Ezri Konsa,Konsa,DEF,England,2019/20,2025/26,7,Aston Villa,231,8
Kostas Konstantinidis,Kostas Konstantinidis,Kostas Konstantinidis,Konstantinidis,MID,Greece,2001/02,2001/02,1,Bolton,3,0
Robert Koren,Robert Koren,Robert Koren,Koren,MID,Slovenia,2008/09,2013/14,2,West Brom; Hull,57,3
Sergei Kornilenko,Sergei Kornilenko,Siarhei Karnilenka,Kornilenko,FWD,Belarus,2010/11,2010/11,1,Blackpool,6,0
Ognjen Koroman,Ognjen Koroman,Ognjen Koroman,Koroman,MID,Serbia,2005/06,2006/07,2,Portsmouth,4,1
Willem Korsten,Willem Korsten,Willem Korsten,Korsten,MID,Netherlands,1998/99,2000/01,3,Leeds; Spurs,30,5
Laurent Koscielny,Laurent Koscielny,Laurent Koscielny,Koscielny,DEF,France,2010/11,2018/19,9,Arsenal,255,22
Charalampos Kostoulas,Charalampos Kostoulas,Charalampos Kostoulas,Kostoulas,FWD,Greece,2025/26,2025/26,1,Brighton,21,2
Kalidou Koulibaly,Kalidou Koulibaly,Kalidou Koulibaly,Koulibaly,DEF,Senegal,2022/23,2022/23,1,Chelsea,23,2
Jason Koumas,Jason Koumas,Jason Koumas,Koumas,MID,Wales,2002/03,2009/10,5,West Brom; Wigan,96,6
Cheikhou Kouyate,Cheikhou Kouyate,Cheikhou Kouyaté,Kouyaté,MID,Senegal,2014/15,2023/24,10,West Ham; Crystal Palace; Nottingham Forest,291,15
Radoslav Kovac,Radoslav Kovac,Radoslav Kováč,Kovac,DEF,Czech Republic,2008/09,2010/11,3,West Ham,53,3
Darko Kovacevic,Darko Kovacevic,Darko Kovačević,Kovacevic,FWD,Serbia,1995/96,1995/96,1,Sheffield Wed,16,4
Mateo Kovacic,Mateo Kovacic,Mateo Kovačić,Kovacic,MID,Croatia,2018/19,2025/26,8,Chelsea; Man City,209,11
Jan Kozak,Jan Kozak,Ján Kozák,Kozak,MID,Slovakia,2005/06,2005/06,1,West Brom,6,0
Libor Kozak,Libor Kozak,Libor Kozák,Kozak,FWD,Czech Republic,2013/14,2015/16,2,Aston Villa,18,4
Rob Kozluk,Rob Kozluk,Robert Kozluk,Kozluk,DEF,England,1997/98,2006/07,3,Derby; Sheffield Utd,35,0
Istvan Kozma,Istvan Kozma,István Kozma,Kozma,MID,Hungary,1992/93,1992/93,1,Liverpool,1,0
Cole Kpekawa,Cole Kpekawa,Cole Kpekawa,Kpekawa,DEF,England,2014/15,2014/15,1,QPR,1,0
Caleb Kporha,Caleb Kporha,Caleb Kporha,Kporha,DEF,England,2024/25,2024/25,1,Crystal Palace,2,0
Emil Krafth,Emil Krafth,Emil Krafth,Krafth,DEF,Sweden,2019/20,2025/26,7,Newcastle,84,1
Andrej Kramaric,Andrej Kramaric,Andrej Kramarić,Kramaric,FWD,Croatia,2014/15,2015/16,2,Leicester,15,2
Niko Kranjcar,Niko Kranjcar,Niko Kranjčar,Kranjcar,MID,Croatia,2006/07,2014/15,7,Portsmouth; Spurs; QPR,154,20
Ladislav Krejci,Ladislav Krejci,Ladislav Krejčí,Krejci,DEF,Czech Republic,2025/26,2025/26,1,Wolves,28,2
Rasmus Kristensen,Rasmus Kristensen,Rasmus Kristensen,Kristensen,DEF,Denmark,2022/23,2022/23,1,Leeds,26,3
Victor Kristiansen,Victor Kristiansen,Victor Kristiansen,Kristiansen,DEF,Denmark,2022/23,2024/25,2,Leicester,42,0
Ales Krizan,Ales Krizan,Aleš Križan,Krizan,DEF,Slovenia,1997/98,1997/98,1,Barnsley,12,0
Per Kroldrup,Per Kroldrup,Per Krøldrup,Kroldrup,DEF,Denmark,2005/06,2005/06,1,Everton,1,0
Jan Kromkamp,Jan Kromkamp,Jan Kromkamp,Kromkamp,DEF,Netherlands,2005/06,2006/07,2,Liverpool,14,0
Eli Junior Kroupi,Eli Junior Kroupi,Eli Junior Kroupi,Kroupi,FWD,France,2025/26,2025/26,1,Bournemouth,33,13
Filip Krovinovic,Filip Krovinovic,Filip Krovinović,Krovinovic,MID,Croatia,2020/21,2020/21,1,West Brom,11,0
Tim Krul,Tim Krul,Tim Krul,Krul,GK,Netherlands,2010/11,2021/22,8,Newcastle; Norwich,222,0
Detsi Kruszynski,Detsi Kruszynski,Zbigniew Kruszyński,Kruszynski,MID,Germany,1993/94,1993/94,1,Coventry,2,0
Grzegorz Krychowiak,Grzegorz Krychowiak,Grzegorz Krychowiak,Krychowiak,MID,Poland,2017/18,2017/18,1,West Brom,27,0
Alex Kral,Alex Kral,Alex Král,Král,MID,Czech Republic,2021/22,2021/22,1,West Ham,1,0
Dariusz Kubicki,Dariusz Kubicki,Dariusz Kubicki,Kubicki,DEF,Poland,1993/94,1996/97,2,Aston Villa; Sunderland,31,0
Juraj Kucka,Juraj Kucka,Juraj Kucka,Kucka,MID,Slovakia,2021/22,2021/22,1,Watford,26,1
Mohammed Kudus,Mohammed Kudus,Mohammed Kudus,Kudus,MID,Ghana,2023/24,2025/26,3,West Ham; Spurs,84,15
Dejan Kulusevski,Dejan Kulusevski,Dejan Kulusevski,Kulusevski,MID,Sweden,2021/22,2024/25,4,Spurs,116,22
Shefki Kuqi,Shefki Kuqi,Shefki Kuqi,Kuqi,FWD,Finland,2005/06,2010/11,4,Blackburn; Fulham; Newcastle,50,7
Peter Kurucz,Peter Kurucz,Péter Kurucz,Kurucz,GK,Hungary,2009/10,2009/10,1,West Ham,1,0
Layvin Kurzawa,Layvin Kurzawa,Layvin Kurzawa,Kurzawa,DEF,France,2022/23,2022/23,1,Fulham,3,0
Jonah Kusi-Asare,Jonah Kusi-Asare,Jonah Kusi-Asare,Kusi-Asare,FWD,Sweden,2025/26,2025/26,1,Fulham,7,0
Tomasz Kuszczak,Tomasz Kuszczak,Tomasz Kuszczak,Kuszczak,GK,Poland,2004/05,2010/11,7,West Brom; Man Utd,63,0
Dirk Kuyt,Dirk Kuyt,Dirk Kuyt,Kuyt,FWD,Netherlands,2006/07,2011/12,6,Liverpool,208,51
Bjorn Tore Kvarme,Bjorn Tore Kvarme,Bjørn Tore Kvarme,Kvarme,DEF,Norway,1996/97,1998/99,3,Liverpool,45,0
William Kvist,William Kvist,William Kvist,Kvist,MID,Denmark,2013/14,2013/14,1,Fulham,8,0
Kevin Kyle,Kevin Kyle,Kevin Kyle,Kyle,FWD,Scotland,2000/01,2005/06,4,Sunderland,39,1
Sotirios Kyrgiakos,Sotirios Kyrgiakos,Sotirios Kyrgiakos,Kyrgiakos,DEF,Greece,2009/10,2011/12,3,Liverpool; Sunderland,33,3
Vladimir Labant,Vladimir Labant,Vladimír Labant,Labant,DEF,Slovakia,2001/02,2002/03,2,West Ham,13,0
Alexandre Lacazette,Alexandre Lacazette,Alexandre Lacazette,Lacazette,FWD,France,2017/18,2021/22,5,Arsenal,158,54
Shea Lacey,Shea Lacey,Shea Lacey,Lacey,MID,England,2025/26,2025/26,1,Man Utd,3,0
Maxence Lacroix,Maxence Lacroix,Maxence Lacroix,Lacroix,DEF,France,2024/25,2025/26,2,Crystal Palace,70,2
Freddie Ladapo,Freddie Ladapo,Freddie Ladapo,Ladapo,FWD,Nigeria,2017/18,2017/18,1,Crystal Palace,1,0
Danny Lafferty,Danny Lafferty,Danny Lafferty,Lafferty,DEF,Northern Ireland,2014/15,2014/15,1,Burnley,1,0
Kyle Lafferty,Kyle Lafferty,Kyle Lafferty,Lafferty,FWD,Northern Ireland,2015/16,2015/16,1,Norwich,1,0
Louis Laing,Louis Laing,Louis Laing,Laing,DEF,England,2010/11,2010/11,1,Sunderland,1,0
Mike Lake,Mike Lake,Mike Lake,Lake,MID,England,1992/93,1992/93,1,Sheffield Utd,6,0
Paul Lake,Paul Lake,Paul Lake,Lake,MID,England,1992/93,1992/93,1,Man City,2,0
Vassilis Lakis,Vassilis Lakis,Vassilis Lakis,Lakis,MID,Greece,2004/05,2004/05,1,Crystal Palace,18,0
Adam Lallana,Adam Lallana,Adam Lallana,Lallana,MID,England,2012/13,2024/25,13,Southampton; Liverpool; Brighton,305,33
Bernard Lama,Bernard Lama,Bernard Lama,Lama,GK,France,1997/98,1997/98,1,West Ham,12,0
Roland Lamah,Roland Lamah,Roland Lamah,Lamah,FWD,Belgium,2012/13,2013/14,2,Swansea,14,2
Rickie Lambert,Rickie Lambert,Rickie Lambert,Lambert,FWD,England,2012/13,2016/17,5,Southampton; Liverpool; West Brom,120,31
Bernard Lambourde,Bernard Lambourde,Bernard Lambourde,Lambourde,DEF,France,1997/98,2000/01,4,Chelsea,40,2
Erik Lamela,Erik Lamela,Érik Lamela,Lamela,MID,Argentina,2013/14,2020/21,8,Spurs,177,17
Senne Lammens,Senne Lammens,Senne Lammens,Lammens,GK,Belgium,2025/26,2025/26,1,Man Utd,32,0
Frank Lampard,Frank Lampard,Frank Lampard,Lampard,MID,England,1995/96,2014/15,20,West Ham; Chelsea; Man City,609,177
Nii Lamptey,Nii Lamptey,Nii Lamptey,Lamptey,MID,Ghana,1994/95,1995/96,2,Aston Villa; Coventry,12,0
Tariq Lamptey,Tariq Lamptey,Tariq Lamptey,Lamptey,DEF,Ghana,2019/20,2024/25,6,Brighton; Chelsea,104,3
Cameron Lancaster,Cameron Lancaster,Cameron Lancaster,Lancaster,FWD,England,2011/12,2011/12,1,Spurs,1,0
Denny Landzaat,Denny Landzaat,Denny Landzaat,Landzaat,MID,Netherlands,2006/07,2007/08,2,Wigan,52,5
Will Lankshear,Will Lankshear,Will Lankshear,Lankshear,FWD,England,2024/25,2024/25,1,Spurs,3,0
Henri Lansbury,Henri Lansbury,Henri Lansbury,Lansbury,MID,England,2009/10,2019/20,3,Arsenal; Aston Villa,13,0
Manuel Lanzini,Manuel Lanzini,Manuel Lanzini,Lanzini,MID,Argentina,2015/16,2022/23,8,West Ham,179,27
Aymeric Laporte,Aymeric Laporte,Aymeric Laporte,Laporte,DEF,Spain,2017/18,2023/24,7,Man City,121,8
Simon Lappin,Simon Lappin,Simon Lappin,Lappin,MID,Scotland,2011/12,2011/12,1,Norwich,4,0
Juan Larios,Juan Larios,Juan Larios,Larios,DEF,Spain,2022/23,2022/23,1,Southampton,5,0
Yasser Larouci,Yasser Larouci,Yasser Larouci,Larouci,DEF,Algeria,2023/24,2023/24,1,Sheffield Utd,11,0
Henrik Larsson,Henrik Larsson,Henrik Larsson,Larsson,FWD,Sweden,2006/07,2006/07,1,Man Utd,7,1
Seb Larsson,Seb Larsson,Sebastian Larsson,Larsson,MID,Sweden,2005/06,2016/17,10,Arsenal; Birmingham; Sunderland,282,26
Jamaal Lascelles,Jamaal Lascelles,Jamaal Lascelles,Lascelles,DEF,England,2015/16,2025/26,9,Newcastle,177,10
Lilian Laslandes,Lilian Laslandes,Lilian Laslandes,Laslandes,FWD,France,2001/02,2001/02,1,Sunderland,12,0
Jan Lastuvka,Jan Lastuvka,Jan Laštůvka,Lastuvka,GK,Czech Republic,2006/07,2006/07,1,Fulham,8,0
Martin Latka,Martin Latka,Martin Latka,Latka,DEF,Czech Republic,2005/06,2005/06,1,Birmingham,6,0
Brian Laudrup,Brian Laudrup,Brian Laudrup,Laudrup,MID,Denmark,1998/99,1998/99,1,Chelsea,7,0
Brian Launders,Brian Launders,Brian Launders,Launders,MID,Republic of Ireland,1994/95,1998/99,2,Crystal Palace; Derby,3,0
Lauren,Lauren,Laureano Bisan-Etame Mayer,Lauren,MID,Cameroon,2000/01,2007/08,8,Arsenal; Portsmouth,184,6
Josh Laurent,Josh Laurent,Josh Laurent,Laurent,MID,England,2025/26,2025/26,1,Burnley,33,1
Pierre Laurent,Pierre Laurent,Pierre Laurent,Laurent,MID,France,1996/97,1996/97,1,Leeds,4,0
Jacob Laursen,Jacob Laursen,Jacob Laursen,Laursen,DEF,Denmark,1996/97,2001/02,5,Derby; Leicester,147,3
Martin Laursen,Martin Laursen,Martin Laursen,Laursen,DEF,Denmark,2004/05,2008/09,5,Aston Villa,84,8
Romeo Lavia,Romeo Lavia,Roméo Lavia,Lavia,MID,Belgium,2022/23,2025/26,4,Southampton; Chelsea,58,1
Florent Laville,Florent Laville,Florent Laville,Laville,DEF,France,2002/03,2003/04,2,Bolton,15,0
Nicky Law,Nicky Law,Nicky Law,Law,DEF,England,2006/07,2006/07,1,Sheffield Utd,4,0
Jamie Lawrence,Jamie Lawrence,Jamie Lawrence,Lawrence,MID,England,1994/95,2000/01,4,Leicester; Bradford,72,5
Liam Lawrence,Liam Lawrence,Liam Lawrence,Lawrence,MID,Republic of Ireland,2005/06,2009/10,3,Sunderland; Stoke,74,7
Tom Lawrence,Tom Lawrence,Tom Lawrence,Lawrence,FWD,Wales,2013/14,2014/15,2,Man Utd; Leicester,4,0
Brian Laws,Brian Laws,Brian Laws,Laws,DEF,England,1992/93,1992/93,1,Nottingham Forest,33,0
Miguel Layun,Miguel Layun,Miguel Layún,Layun,DEF,Mexico,2015/16,2015/16,1,Watford,3,1
Stan Lazaridis,Stan Lazaridis,Stan Lazaridis,Lazaridis,MID,Australia,1995/96,2005/06,8,West Ham; Birmingham,166,7
Valentino Lazaro,Valentino Lazaro,Valentino Lazaro,Lazaro,MID,Austria,2019/20,2019/20,1,Newcastle,13,1
Enzo Le Fee,Enzo Le Fee,Enzo Le Fée,Le Fee,MID,France,2025/26,2025/26,1,Sunderland,36,5
Adam Le Fondre,Adam Le Fondre,Adam Le Fondre,Le Fondre,FWD,England,2012/13,2012/13,1,Reading,34,12
Maxime Le Marchand,Maxime Le Marchand,Maxime Le Marchand,Le Marchand,DEF,France,2018/19,2020/21,2,Fulham,28,0
Ulrich Le Pen,Ulrich Le Pen,Ulrich Le Pen,Le Pen,MID,France,2001/02,2001/02,1,Ipswich,1,0
Graeme Le Saux,Graeme Le Saux,Graeme Le Saux,Le Saux,DEF,England,1992/93,2004/05,13,Blackburn; Chelsea; Southampton,327,12
Anthony Le Tallec,Anthony Le Tallec,Anthony Le Tallec,Le Tallec,FWD,France,2003/04,2005/06,3,Liverpool; Sunderland,44,3
Matt Le Tissier,Matt Le Tissier,Matthew Le Tissier,Le Tissier,FWD,England,1992/93,2001/02,10,Southampton,270,100
Carl Leaburn,Carl Leaburn,Carl Leaburn,Leaburn,FWD,England,1997/98,1999/00,3,Wimbledon,56,4
Dean Leacock,Dean Leacock,Dean Leacock,Leacock,DEF,England,2003/04,2007/08,3,Fulham; Derby,35,0
Grant Leadbitter,Grant Leadbitter,Grant Leadbitter,Leadbitter,MID,England,2005/06,2016/17,5,Sunderland; Middlesbrough,80,5
Frank Leboeuf,Frank Leboeuf,Frank Leboeuf,Leboeuf,DEF,France,1996/97,2000/01,5,Chelsea,144,17
Joe Ledley,Joe Ledley,Joe Ledley,Ledley,MID,Wales,2013/14,2016/17,4,Crystal Palace,83,6
David Lee,David Lee,David Lee,Lee,FWD,England,1992/93,1995/96,2,Southampton; Bolton,19,1
David Lee (Chelsea),David Lee,David Lee,Lee,DEF,England,1992/93,1997/98,6,Chelsea,79,5
Elliot Lee,Elliot Lee,Elliot Lee,Lee,FWD,England,2013/14,2014/15,2,West Ham,2,0
Jason Lee,Jason Lee,Jason Lee,Lee,FWD,England,1994/95,1996/97,3,Nottingham Forest,63,12
Kieran Lee,Kieran Lee,Kieran Lee,Lee,DEF,England,2006/07,2006/07,1,Man Utd,1,0
Lee Chung-yong,Lee Chung-yong,Lee Chung-yong,Lee,MID,South Korea,2009/10,2017/18,7,Bolton; Crystal Palace,105,8
Lee Dong-gook,Lee Dong-gook,Lee Dong-gook,Lee,FWD,South Korea,2006/07,2007/08,2,Middlesbrough,23,0
Lee Young-pyo,Lee Young-pyo,Lee Young-pyo,Lee,DEF,South Korea,2005/06,2007/08,3,Spurs,70,0
Richard Lee,Richard Lee,Richard Lee,Lee,GK,England,2006/07,2006/07,1,Watford,10,0
Rob Lee,Rob Lee,Robert Lee,Lee,MID,England,1993/94,2001/02,9,Newcastle; Derby,280,34
Pierre Lees-Melou,Pierre Lees-Melou,Pierre Lees-Melou,Lees-Melou,MID,France,2021/22,2021/22,1,Norwich,33,1
Lars Leese,Lars Leese,Lars Leese,Leese,GK,Germany,1997/98,1997/98,1,Barnsley,9,0
Sylvain Legwinski,Sylvain Legwinski,Sylvain Legwinski,Legwinski,MID,France,2001/02,2005/06,5,Fulham,128,8
Jens Lehmann,Jens Lehmann,Jens Lehmann,Lehmann,GK,Germany,2003/04,2010/11,6,Arsenal,148,0
Mikele Leigertwood,Mikele Leigertwood,Mikele Leigertwood,Leigertwood,DEF,Antigua and Barbuda,2004/05,2012/13,3,Crystal Palace; Sheffield Utd; Reading,69,2
Moritz Leitner,Moritz Leitner,Moritz Leitner,Leitner,MID,Germany,2019/20,2019/20,1,Norwich,9,0
Florian Lejeune,Florian Lejeune,Florian Lejeune,Lejeune,DEF,France,2017/18,2019/20,3,Newcastle,42,2
Jonathan Leko,Jonathan Leko,Jonathan Leko,Leko,FWD,England,2015/16,2016/17,2,West Brom,14,0
Dexter Lembikisa,Dexter Lembikisa,Dexter Lembikisa,Lembikisa,DEF,Jamaica,2022/23,2022/23,1,Wolves,1,0
Mario Lemina,Mario Lemina,Mario Lemina,Lemina,MID,Gabon,2017/18,2024/25,6,Southampton; Fulham; Wolves,145,8
Clement Lenglet,Clement Lenglet,Clément Lenglet,Lenglet,DEF,France,2022/23,2023/24,2,Spurs; Aston Villa,40,0
Aaron Lennon,Aaron Lennon,Aaron Lennon,Lennon,MID,England,2003/04,2021/22,17,Leeds; Spurs; Everton; Burnley,416,36
Neil Lennon,Neil Lennon,Neil Lennon,Lennon,MID,Northern Ireland,1996/97,2000/01,5,Leicester,155,5
Bernd Leno,Bernd Leno,Bernd Leno,Leno,GK,Germany,2018/19,2025/26,8,Arsenal; Fulham,251,0
Jeremain Lens,Jeremain Lens,Jeremain Lens,Lens,FWD,Netherlands,2015/16,2016/17,2,Sunderland,22,3
Oyvind Leonhardsen,Oyvind Leonhardsen,Øyvind Leonhardsen,Leonhardsen,MID,Norway,1994/95,2002/03,9,Wimbledon; Liverpool; Spurs; Aston Villa,186,30
Jefferson Lerma,Jefferson Lerma,Jefferson Lerma,Lerma,MID,Colombia,2018/19,2025/26,6,Bournemouth; Crystal Palace,192,9
Joleon Lescott,Joleon Lescott,Joleon Lescott,Lescott,DEF,England,2006/07,2016/17,11,Everton; Man City; West Brom; Aston Villa; Sunderland,288,23
Khanya Leshabela,Khanya Leshabela,Thakgalo Leshabela,Leshabela,MID,South Africa,2020/21,2020/21,1,Leicester,1,0
Filip Lesniak,Filip Lesniak,Filip Lesniak,Lesniak,MID,Slovakia,2016/17,2016/17,1,Spurs,1,0
Eddie Lewis,Eddie Lewis,Eddie Lewis,Lewis,MID,United States,2001/02,2007/08,2,Fulham; Derby,25,0
Jamal Lewis,Jamal Lewis,Jamal Lewis,Lewis,DEF,Northern Ireland,2019/20,2022/23,4,Norwich; Newcastle,59,1
Joe Lewis,Joe Lewis,Joe Lewis,Lewis,GK,England,2013/14,2013/14,1,Cardiff,1,0
Junior Lewis,Junior Lewis,Junior Lewis,Lewis,FWD,England,2000/01,2001/02,2,Leicester,21,0
Neil Lewis,Neil Lewis,Neil Lewis,Lewis,DEF,England,1994/95,1996/97,2,Leicester,22,0
Rico Lewis,Rico Lewis,Rico Lewis,Lewis,DEF,England,2022/23,2025/26,4,Man City,69,3
Keane Lewis-Potter,Keane Lewis-Potter,Keane Lewis-Potter,Lewis-Potter,FWD,England,2022/23,2025/26,4,Brentford,114,7
Myles Lewis-Skelly,Myles Lewis-Skelly,Myles Lewis-Skelly,Lewis-Skelly,DEF,England,2024/25,2025/26,2,Arsenal,43,1
Li Tie,Li Tie,Li Tie,Li,MID,China,2002/03,2003/04,2,Everton,34,0
Li Weifeng,Li Weifeng,Li Weifeng,Li,DEF,China,2002/03,2002/03,1,Everton,1,0
Eric Lichaj,Eric Lichaj,Eric Lichaj,Lichaj,DEF,United States,2010/11,2012/13,3,Aston Villa,32,1
Stephan Lichtsteiner,Stephan Lichtsteiner,Stephan Lichtsteiner,Lichtsteiner,DEF,Switzerland,2018/19,2018/19,1,Arsenal,14,0
Andy Liddell,Andy Liddell,Andy Liddell,Liddell,FWD,Scotland,1997/98,1997/98,1,Barnsley,26,1
Craig Liddle,Craig Liddle,Craig Liddle,Liddle,DEF,England,1995/96,1996/97,2,Middlesbrough,18,0
Kyle Lightbourne,Kyle Lightbourne,Kyle Lightbourne,Lightbourne,FWD,Bermuda,1997/98,1997/98,1,Coventry,7,0
Derek Lilley,Derek Lilley,Derek Lilley,Lilley,FWD,Scotland,1996/97,1998/99,3,Leeds,20,1
Pedro Lima,Pedro Lima,Pedro Lima,Lima,DEF,Brazil,2024/25,2025/26,2,Wolves,12,0
Anders Limpar,Anders Limpar,Anders Limpar,Limpar,MID,Sweden,1992/93,1996/97,5,Arsenal; Everton,99,7
Anders Lindegaard,Anders Lindegaard,Anders Lindegaard,Lindegaard,GK,Denmark,2011/12,2013/14,3,Man Utd,19,0
Victor Lindelof,Victor Lindelof,Victor Lindelöf,Lindelof,DEF,Sweden,2017/18,2025/26,9,Man Utd; Aston Villa,211,4
Tobias Linderoth,Tobias Linderoth,Tobias Linderoth,Linderoth,MID,Sweden,2001/02,2003/04,3,Everton,40,0
Jesper Lindstrom,Jesper Lindstrom,Jesper Lindstrøm,Lindstrom,MID,Denmark,2024/25,2024/25,1,Everton,25,0
Martin Ling,Martin Ling,Martin Ling,Ling,MID,England,1993/94,1993/94,1,Swindon,33,1
Amine Linganzi,Amine Linganzi,Amine Linganzi,Linganzi,MID,Algeria,2009/10,2010/11,2,Blackburn,2,0
Jesse Lingard,Jesse Lingard,Jesse Lingard,Lingard,MID,England,2014/15,2022/23,9,Man Utd; West Ham; Nottingham Forest,182,29
Andy Linighan,Andy Linighan,Andy Linighan,Linighan,DEF,England,1992/93,1997/98,6,Arsenal; Crystal Palace,117,5
Brian Linighan,Brian Linighan,Brian Linighan,Linighan,DEF,England,1993/94,1993/94,1,Sheffield Wed,1,0
David Linighan,David Linighan,David Linighan,Linighan,DEF,England,1992/93,1994/95,3,Ipswich,112,4
Kevin Lisbie,Kevin Lisbie,Kevin Lisbie,Lisbie,FWD,Jamaica,1998/99,2006/07,8,Charlton,113,14
Leroy Lita,Leroy Lita,Leroy Lita,Lita,FWD,England,2006/07,2013/14,4,Reading; Swansea,65,10
Jari Litmanen,Jari Litmanen,Jari Litmanen,Litmanen,FWD,Finland,2000/01,2001/02,2,Liverpool,26,5
Glen Little,Glen Little,Glen Little,Little,MID,England,2003/04,2008/09,4,Bolton; Reading; Portsmouth,35,0
Adrian Littlejohn,Adrian Littlejohn,Adrian Littlejohn,Littlejohn,FWD,England,1992/93,1993/94,2,Sheffield Utd,46,11
Jake Livermore,Jake Livermore,Jake Livermore,Livermore,MID,England,2009/10,2020/21,8,Spurs; Hull; West Brom,196,7
Danny Livesey,Danny Livesey,Danny Livesey,Livesey,DEF,England,2002/03,2002/03,1,Bolton,2,0
Steve Livingstone,Steve Livingstone,Steve Livingstone,Livingstone,FWD,England,1992/93,1992/93,1,Blackburn; Chelsea,3,0
Tino Livramento,Tino Livramento,Tino Livramento,Livramento,DEF,England,2021/22,2025/26,5,Southampton; Newcastle,110,2
Freddie Ljungberg,Freddie Ljungberg,Fredrik Ljungberg,Ljungberg,MID,Sweden,1998/99,2007/08,10,Arsenal; West Ham,241,48
Diego Llorente,Diego Llorente,Diego Llorente,Llorente,DEF,Spain,2020/21,2022/23,3,Leeds,51,4
Fernando Llorente,Fernando Llorente,Fernando Llorente,Llorente,FWD,Spain,2016/17,2018/19,3,Swansea; Spurs,69,17
Hugo Lloris,Hugo Lloris,Hugo Lloris,Lloris,GK,France,2012/13,2022/23,11,Spurs,361,0
Giovani Lo Celso,Giovani Lo Celso,Giovani Lo Celso,Lo Celso,MID,Argentina,2019/20,2023/24,4,Spurs,77,3
Jurgen Locadia,Jurgen Locadia,Jürgen Locadia,Locadia,FWD,Netherlands,2017/18,2021/22,4,Brighton,35,3
Gary Locke,Gary Locke,Gary Locke,Locke,DEF,Scotland,2000/01,2000/01,1,Bradford,7,0
Tom Lockyer,Tom Lockyer,Tom Lockyer,Lockyer,DEF,Wales,2023/24,2023/24,1,Luton,14,1
Renan Lodi,Renan Lodi,Renan Lodi,Lodi,DEF,Brazil,2022/23,2022/23,1,Nottingham Forest,28,0
Ruben Loftus-Cheek,Ruben Loftus-Cheek,Ruben Loftus-Cheek,Loftus-Cheek,MID,England,2014/15,2022/23,9,Chelsea; Crystal Palace; Fulham,157,10
Shaleum Logan,Shaleum Logan,Shaleum Logan,Logan,DEF,England,2008/09,2008/09,1,Man City,1,0
Joe Lolley,Joe Lolley,Joe Lolley,Lolley,MID,England,2017/18,2017/18,1,Huddersfield,6,1
Steve Lomas,Steve Lomas,Steve Lomas,Lomas,MID,Northern Ireland,1993/94,2002/03,10,Man City; West Ham,235,14
Attilio Lombardo,Attilio Lombardo,Attilio Lombardo,Lombardo,MID,Italy,1997/98,1997/98,1,Crystal Palace,24,5
Kevin Long,Kevin Long,Kevin Long,Long,DEF,Republic of Ireland,2014/15,2021/22,7,Burnley,48,1
Shane Long,Shane Long,Shane Long,Long,FWD,Republic of Ireland,2006/07,2021/22,13,Reading; West Brom; Hull; Southampton,344,56
Matty Longstaff,Matty Longstaff,Matthew Longstaff,Longstaff,MID,England,2019/20,2020/21,2,Newcastle,14,2
Sean Longstaff,Sean Longstaff,Sean Longstaff,Longstaff,MID,England,2018/19,2025/26,8,Newcastle; Leeds,194,12
Ademola Lookman,Ademola Lookman,Ademola Lookman,Lookman,FWD,Nigeria,2016/17,2021/22,5,Everton; Fulham; Leicester,96,11
Fer Lopez,Fer Lopez,Fer López,Lopez,MID,Spain,2025/26,2025/26,1,Wolves,9,0
Walter Lopez,Walter Lopez,Walter López,Lopez,DEF,Uruguay,2008/09,2008/09,1,West Ham,5,0
Jonas Lossl,Jonas Lossl,Jonas Lössl,Lossl,GK,Denmark,2017/18,2021/22,3,Huddersfield; Brentford,71,0
Mathieu Louis-Jean,Mathieu Louis-Jean,Mathieu Louis-Jean,Louis-Jean,DEF,France,1998/99,1998/99,1,Nottingham Forest,16,0
Imran Louza,Imran Louza,Imrân Louza,Louza,MID,Morocco,2021/22,2021/22,1,Watford,20,0
Donald Love,Donald Love,Donald Love,Love,DEF,Scotland,2015/16,2016/17,2,Man Utd; Sunderland,13,0
Peter Lovenkrands,Peter Lovenkrands,Peter Løvenkrands,Lovenkrands,FWD,Denmark,2008/09,2011/12,3,Newcastle,46,9
Dejan Lovren,Dejan Lovren,Dejan Lovren,Lovren,DEF,Croatia,2013/14,2019/20,7,Southampton; Liverpool,162,7
Chris Lowe,Chris Lowe,Chris Löwe,Lowe,DEF,Germany,2017/18,2018/19,2,Huddersfield,52,0
David Lowe,David Lowe,David Lowe,Lowe,FWD,England,1994/95,1994/95,1,Leicester,29,8
Jamal Lowe,Jamal Lowe,Jamal Lowe,Lowe,FWD,Jamaica,2022/23,2022/23,1,Bournemouth,2,0
Jason Lowe,Jason Lowe,Jason Lowe,Lowe,MID,England,2010/11,2011/12,2,Blackburn,33,0
Max Lowe,Max Lowe,Max Lowe,Lowe,DEF,England,2020/21,2023/24,2,Sheffield Utd,18,0
Matthew Lowton,Matthew Lowton,Matthew Lowton,Lowton,DEF,England,2012/13,2021/22,9,Aston Villa; Burnley,231,4
Jamar Loza,Jamar Loza,Jamar Loza,Loza,FWD,Jamaica,2013/14,2013/14,1,Norwich,1,0
Kazenga LuaLua,Kazenga LuaLua,Kazenga LuaLua,LuaLua,FWD,DR Congo,2007/08,2010/11,3,Newcastle,7,0
Lomana LuaLua,Lomana LuaLua,Lomana Trésor LuaLua,LuaLua,FWD,DR Congo,2000/01,2006/07,7,Newcastle; Portsmouth,146,24
Lucas Leiva,Lucas Leiva,Lucas Leiva,Lucas,MID,Brazil,2007/08,2016/17,10,Liverpool,247,1
Lorenzo Lucca,Lorenzo Lucca,Lorenzo Lucca,Lucca,FWD,Italy,2025/26,2025/26,1,Nottingham Forest,4,1
Teddy Lucic,Teddy Lucic,Teddy Lučić,Lucic,DEF,Sweden,2002/03,2002/03,1,Leeds,17,1
Chris Lucketti,Chris Lucketti,Chris Lucketti,Lucketti,DEF,England,2006/07,2006/07,1,Sheffield Utd,8,0
Diego Lugano,Diego Lugano,Diego Lugano,Lugano,DEF,Uruguay,2013/14,2013/14,1,West Brom,9,1
Luis Alberto,Luis Alberto,Luis Alberto,Luis Alberto,MID,Spain,2013/14,2013/14,1,Liverpool,9,0
Romelu Lukaku,Romelu Lukaku,Romelu Lukaku,Lukaku,FWD,Belgium,2011/12,2021/22,9,Chelsea; West Brom; Everton; Man Utd,278,121
Dodi Lukebakio,Dodi Lukebakio,Dodi Lukebakio,Lukebakio,MID,Belgium,2017/18,2017/18,1,Watford,1,0
John Lukic,John Lukic,John Lukic,Lukic,GK,England,1992/93,2000/01,6,Leeds; Arsenal,147,0
Sasa Lukic,Sasa Lukic,Saša Lukić,Lukic,MID,Serbia,2022/23,2025/26,4,Fulham,92,2
Levi Lumeka,Levi Lumeka,Levi Lumeka,Lumeka,MID,England,2017/18,2017/18,1,Crystal Palace,1,0
Joe Lumley,Joe Lumley,Joe Lumley,Lumley,GK,England,2024/25,2024/25,1,Southampton,3,0
Chris Lumsdon,Chris Lumsdon,Chris Lumsdon,Lumsdon,MID,England,1999/00,1999/00,1,Sunderland,1,0
Antonio Luna,Antonio Luna,Antonio Luna,Luna,DEF,Spain,2013/14,2013/14,1,Aston Villa,17,1
Andreas Lund,Andreas Lund,Andreas Lund,Lund,FWD,Norway,1999/00,1999/00,1,Wimbledon,12,2
Claus Lundekvam,Claus Lundekvam,Claus Lundekvam,Lundekvam,DEF,Norway,1996/97,2004/05,9,Southampton,290,1
John Lundstram,John Lundstram,John Lundstram,Lundstram,MID,England,2019/20,2020/21,2,Sheffield Utd,62,5
Massimo Luongo,Massimo Luongo,Massimo Luongo,Luongo,MID,Australia,2024/25,2024/25,1,Ipswich,11,0
Arturo Lupoli,Arturo Lupoli,Arturo Lupoli,Lupoli,FWD,Italy,2005/06,2005/06,1,Arsenal,1,0
Albert Luque,Albert Luque,Albert Luque,Luque,FWD,Spain,2005/06,2006/07,2,Newcastle,21,1
Oleg Luzhny,Oleg Luzhny,Oleh Luzhnyi,Luzhny,DEF,Ukraine,1999/00,2003/04,5,Arsenal; Wolves,81,0
Patrice Luzi,Patrice Luzi,Patrice Luzi,Luzi,GK,France,2003/04,2003/04,1,Liverpool,1,0
Lyanco,Lyanco,Lyanco,Lyanco,DEF,Brazil,2021/22,2022/23,2,Southampton,36,1
Jordan Lyden,Jordan Lyden,Jordan Lyden,Lyden,MID,Australia,2015/16,2015/16,1,Aston Villa,4,0
Pal Lydersen,Pal Lydersen,Pål Lydersen,Lydersen,DEF,Norway,1992/93,1992/93,1,Arsenal,8,0
Craig Lynch,Craig Lynch,Craig Lynch,Lynch,FWD,England,2010/11,2010/11,1,Sunderland,2,0
Des Lyttle,Des Lyttle,Des Lyttle,Lyttle,DEF,England,1994/95,2002/03,6,Nottingham Forest; Watford; West Brom,128,2
Yann M'Vila,Yann M'Vila,Yann M'Vila,M'Vila,MID,France,2015/16,2015/16,1,Sunderland,37,1
Ian Maatsen,Ian Maatsen,Ian Maatsen,Maatsen,DEF,Netherlands,2023/24,2025/26,3,Chelsea; Aston Villa,71,1
Gary Mabbutt,Gary Mabbutt,Gary Mabbutt,Mabbutt,DEF,England,1992/93,1997/98,6,Spurs,138,2
Mbulelo Mabizela,Mbulelo Mabizela,Mbulelo Mabizela,Mabizela,DEF,South Africa,2003/04,2004/05,2,Spurs,7,1
Alexis Mac Allister,Alexis Mac Allister,Alexis Mac Allister,Mac Allister,MID,Argentina,2019/20,2025/26,7,Brighton; Liverpool,203,28
Charlie MacDonald,Charlie MacDonald,Charlie MacDonald,MacDonald,FWD,England,2000/01,2001/02,2,Charlton,5,1
Shaun MacDonald,Shaun MacDonald,Shaun MacDonald,MacDonald,MID,Wales,2015/16,2015/16,1,Bournemouth,3,0
Sherjill MacDonald,Sherjill MacDonald,Sherjill MacDonald,MacDonald,FWD,Netherlands,2008/09,2008/09,1,West Brom,5,0
Ross MacLaren,Ross MacLaren,Ross MacLaren,MacLaren,MID,England,1993/94,1993/94,1,Swindon,12,0
Massimo Maccarone,Massimo Maccarone,Massimo Maccarone,Maccarone,FWD,Italy,2002/03,2006/07,4,Middlesbrough,81,18
Federico Macheda,Federico Macheda,Federico Macheda,Macheda,FWD,Italy,2008/09,2011/12,4,Man Utd; QPR,22,4
Jurgen Macho,Jurgen Macho,Jürgen Macho,Macho,GK,Austria,2000/01,2002/03,3,Sunderland,22,0
Malky Mackay,Malky Mackay,Malky Mackay,Mackay,DEF,Scotland,2006/07,2006/07,1,Watford,14,0
Jon Macken,Jon Macken,Jonathan Macken,Macken,FWD,Republic of Ireland,2002/03,2007/08,4,Man City; Derby,46,2
Jamie Mackie,Jamie Mackie,Jamie Mackie,Mackie,FWD,Scotland,2011/12,2012/13,2,QPR,60,9
Mickael Madar,Mickael Madar,Mickaël Madar,Madar,FWD,France,1997/98,1998/99,2,Everton,19,6
James Maddison,James Maddison,James Maddison,Maddison,MID,England,2018/19,2025/26,8,Leicester; Spurs,225,56
Neil Maddison,Neil Maddison,Neil Maddison,Maddison,MID,England,1992/93,1999/00,8,Southampton; Middlesbrough,186,17
Danny Maddix,Danny Maddix,Danny Maddix,Maddix,DEF,England,1992/93,1995/96,3,QPR,63,1
Gary Madine,Gary Madine,Gary Madine,Madine,FWD,England,2018/19,2018/19,1,Cardiff,5,0
Noni Madueke,Noni Madueke,Noni Madueke,Madueke,MID,England,2022/23,2025/26,4,Chelsea; Arsenal,93,16
Soungoutou Magassa,Soungoutou Magassa,Soungoutou Magassa,Magassa,MID,France,2025/26,2025/26,1,West Ham,22,1
Paris Maghoma,Paris Maghoma,Edmond-Paris Maghoma,Maghoma,MID,England,2024/25,2024/25,1,Brentford,8,0
Jim Magilton,Jim Magilton,Jim Magilton,Magilton,MID,Northern Ireland,1993/94,2001/02,8,Southampton; Sheffield Wed; Ipswich,214,15
Harry Maguire,Harry Maguire,Harry Maguire,Maguire,DEF,England,2014/15,2025/26,11,Hull; Leicester; Man Utd,291,15
Alan Mahon,Alan Mahon,Alan Mahon,Mahon,MID,Republic of Ireland,2001/02,2005/06,4,Blackburn; Wigan,24,2
Gavin Mahon,Gavin Mahon,Gavin Mahon,Mahon,MID,England,2006/07,2006/07,1,Watford,34,1
Paul Mahorn,Paul Mahorn,Paul Mahorn,Mahorn,FWD,England,1993/94,1997/98,2,Spurs,3,0
Riyad Mahrez,Riyad Mahrez,Riyad Mahrez,Mahrez,MID,Algeria,2014/15,2022/23,9,Leicester; Man City,284,82
Maicon,Maicon,Maicon,Maicon,DEF,Brazil,2012/13,2012/13,1,Man City,9,0
Stefan Maierhofer,Stefan Maierhofer,Stefan Maierhofer,Maierhofer,FWD,Austria,2009/10,2011/12,2,Wolves,9,1
Modibo Maiga,Modibo Maiga,Modibo Maïga,Maiga,FWD,Mali,2012/13,2015/16,3,West Ham,34,4
Kobbie Mainoo,Kobbie Mainoo,Kobbie Mainoo,Mainoo,MID,England,2022/23,2025/26,4,Man Utd,78,4
Ainsley Maitland-Niles,Ainsley Maitland-Niles,Ainsley Maitland-Niles,Maitland-Niles,MID,England,2014/15,2022/23,8,Arsenal; West Brom; Southampton,109,1
Josh Maja,Josh Maja,Josh Maja,Maja,FWD,Nigeria,2020/21,2020/21,1,Fulham,15,3
Lee Makel,Lee Makel,Lee Makel,Makel,MID,England,1992/93,1995/96,3,Blackburn,6,0
Claude Makelele,Claude Makelele,Claude Makélélé,Makelele,MID,France,2003/04,2007/08,5,Chelsea,144,2
Chris Makin,Chris Makin,Chris Makin,Makin,DEF,England,1993/94,2001/02,4,Oldham; Sunderland; Ipswich,124,2
Jean Makoun,Jean Makoun,Jean II Makoun,Makoun,MID,Cameroon,2010/11,2010/11,1,Aston Villa,7,0
Ariza Makukula,Ariza Makukula,Ariza Makukula,Makukula,FWD,Portugal,2008/09,2008/09,1,Bolton,6,0
Tyrell Malacia,Tyrell Malacia,Tyrell Malacia,Malacia,DEF,Netherlands,2022/23,2025/26,3,Man Utd,28,0
Steed Malbranque,Steed Malbranque,Steed Malbranque,Malbranque,MID,France,2001/02,2010/11,10,Fulham; Spurs; Sunderland,336,39
Bob Malcolm,Bob Malcolm,Robert Malcolm,Malcolm,DEF,Scotland,2007/08,2007/08,1,Derby,1,0
Donyell Malen,Donyell Malen,Donyell Malen,Malen,FWD,Netherlands,2024/25,2025/26,2,Aston Villa,35,7
Scott Malone,Scott Malone,Scott Malone,Malone,DEF,England,2017/18,2017/18,1,Huddersfield,22,0
Shaun Maloney,Shaun Maloney,Shaun Maloney,Maloney,FWD,Scotland,2006/07,2016/17,5,Aston Villa; Wigan; Hull,88,15
Florent Malouda,Florent Malouda,Florent Malouda,Malouda,MID,France,2007/08,2011/12,5,Chelsea,149,35
Stefan Malz,Stefan Malz,Stefan Malz,Malz,MID,Germany,1999/00,2000/01,2,Arsenal,6,1
Giorgi Mamardashvili,Giorgi Mamardashvili,Giorgi Mamardashvili,Mamardashvili,GK,Georgia,2025/26,2025/26,1,Liverpool,10,0
Michael Mancienne,Michael Mancienne,Michael Mancienne,Mancienne,DEF,England,2008/09,2010/11,3,Chelsea; Wolves,50,0
Roberto Mancini,Roberto Mancini,Roberto Mancini,Mancini,FWD,Italy,2000/01,2000/01,1,Leicester,4,0
Steve Mandanda,Steve Mandanda,Steve Mandanda,Mandanda,GK,France,2016/17,2016/17,1,Crystal Palace,9,0
Mikael Mandron,Mikael Mandron,Mikaël Mandron,Mandron,FWD,Scotland,2012/13,2014/15,2,Sunderland,3,0
Sadio Mane,Sadio Mane,Sadio Mané,Mane,FWD,Senegal,2014/15,2021/22,8,Southampton; Liverpool,263,111
Eliaquim Mangala,Eliaquim Mangala,Eliaquim Mangala,Mangala,DEF,France,2014/15,2017/18,3,Man City; Everton,59,0
Orel Mangala,Orel Mangala,Orel Mangala,Mangala,MID,Belgium,2022/23,2024/25,3,Nottingham Forest; Everton,66,3
Kader Mangane,Kader Mangane,Kader Mangane,Mangane,DEF,Senegal,2012/13,2012/13,1,Sunderland,2,0
Maniche,Maniche,Maniche,Maniche,MID,Portugal,2005/06,2005/06,1,Chelsea,8,0
Ryan Manning,Ryan Manning,Ryan Manning,Manning,DEF,Republic of Ireland,2024/25,2024/25,1,Southampton,24,0
Alex Manninger,Alex Manninger,Alex Manninger,Manninger,GK,Austria,1997/98,2000/01,4,Arsenal,39,0
Vito Mannone,Vito Mannone,Vito Mannone,Mannone,GK,Italy,2008/09,2016/17,7,Arsenal; Sunderland,82,0
Stanislav Manolev,Stanislav Manolev,Stanislav Manolev,Manolev,DEF,Bulgaria,2012/13,2012/13,1,Fulham,5,0
Javier Manquillo,Javier Manquillo,Javier Manquillo,Manquillo,DEF,Spain,2014/15,2022/23,8,Liverpool; Sunderland; Newcastle,126,2
Bendito Mantato,Bendito Mantato,Bendito Mantato,Mantato,MID,England,2025/26,2025/26,1,Man Utd,1,0
Manucho,Manucho,Manucho Gonçalves,Manucho,FWD,Angola,2008/09,2008/09,1,Hull; Man Utd,14,2
Mateus Mane,Mateus Mane,Mateus Mané,Mané,MID,Portugal,2024/25,2025/26,2,Wolves,28,3
Sekou Mara,Sekou Mara,Sékou Mara,Mara,FWD,France,2022/23,2022/23,1,Southampton,22,1
Marcelino,Marcelino,Marcelino Elena,Marcelino,DEF,Spain,1999/00,2000/01,2,Newcastle,17,0
Clint Marcelle,Clint Marcelle,Clint Marcelle,Marcelle,MID,Trinidad and Tobago,1997/98,1997/98,1,Barnsley,20,0
Solly March,Solly March,Solly March,March,MID,England,2017/18,2025/26,9,Brighton,194,14
Dario Marcolin,Dario Marcolin,Dario Marcolin,Marcolin,MID,Italy,1998/99,1998/99,1,Blackburn,10,1
Emiliano Marcondes,Emiliano Marcondes,Emiliano Marcondes,Marcondes,MID,Denmark,2022/23,2022/23,1,Bournemouth,1,0
Javier Margas,Javier Margas,Javier Margas,Margas,DEF,Chile,1998/99,2000/01,3,West Ham,24,1
Martyn Margetson,Martyn Margetson,Martyn Margetson,Margetson,GK,Wales,1992/93,1992/93,1,Man City,1,0
Pablo Mari,Pablo Mari,Pablo Marí,Mari,DEF,Spain,2019/20,2021/22,3,Arsenal,14,0
Adrian Mariappa,Adrian Mariappa,Adrian Mariappa,Mariappa,DEF,Jamaica,2006/07,2019/20,9,Watford; Reading; Crystal Palace,168,2
Silvio Maric,Silvio Maric,Silvio Marić,Maric,MID,Croatia,1998/99,1999/00,2,Newcastle,23,0
Marko Marin,Marko Marin,Marko Marin,Marin,MID,Germany,2012/13,2012/13,1,Chelsea,6,1
Carlos Marinelli,Carlos Marinelli,Carlos Marinelli,Marinelli,MID,Argentina,1999/00,2003/04,5,Middlesbrough,43,3
Joao Mario,Joao Mario,João Mário,Mario,MID,Portugal,2017/18,2017/18,1,West Ham,13,2
Nicky Marker,Nicky Marker,Nicky Marker,Marker,DEF,England,1992/93,1996/97,4,Blackburn,54,1
Lazar Markovic,Lazar Markovic,Lazar Marković,Markovic,MID,Serbia,2014/15,2018/19,3,Liverpool; Hull; Fulham,32,4
Peter Markstedt,Peter Markstedt,Peter Markstedt,Markstedt,DEF,Sweden,1997/98,1997/98,1,Barnsley,7,0
Steve Marlet,Steve Marlet,Steve Marlet,Marlet,FWD,France,2001/02,2003/04,3,Fulham,55,11
Omar Marmoush,Omar Marmoush,Omar Marmoush,Marmoush,FWD,Egypt,2024/25,2025/26,2,Man City,37,10
Dean Marney,Dean Marney,Dean Marney,Marney,MID,England,2003/04,2016/17,6,Spurs; Hull; Burnley,96,4
Marquinhos,Marquinhos,Marquinhos,Marquinhos,FWD,Brazil,2022/23,2022/23,1,Arsenal,1,0
Paul Marquis,Paul Marquis,Paul Marquis,Marquis,DEF,England,1993/94,1993/94,1,West Ham,1,0
Andy Marriott,Andy Marriott,Andy Marriott,Marriott,GK,Wales,1992/93,2002/03,3,Nottingham Forest; Sunderland; Birmingham,7,0
Chris Marsden,Chris Marsden,Chris Marsden,Marsden,MID,England,1993/94,2003/04,7,Coventry; Southampton,136,6
Mike Marsh,Mike Marsh,Mike Marsh,Marsh,MID,England,1992/93,1994/95,3,Liverpool; West Ham; Coventry,94,5
Andy Marshall,Andy Marshall,Andy Marshall,Marshall,GK,England,1994/95,2001/02,2,Norwich; Ipswich,34,0
Callum Marshall,Callum Marshall,Callum Marshall,Marshall,FWD,Northern Ireland,2025/26,2025/26,1,West Ham,2,0
David Marshall,David Marshall,David Marshall,Marshall,GK,Scotland,2013/14,2016/17,2,Cardiff; Hull,53,0
Dwight Marshall,Dwight Marshall,Dwight Marshall,Marshall,FWD,Jamaica,1992/93,1992/93,1,Middlesbrough,3,0
Ian Marshall,Ian Marshall,Ian Marshall,Marshall,FWD,England,1992/93,2001/02,8,Oldham; Ipswich; Leicester; Bolton,159,33
Lee Marshall,Lee Marshall,Lee Marshall,Marshall,MID,England,2000/01,2002/03,3,Leicester; West Brom,53,1
Scott Marshall,Scott Marshall,Scott Marshall,Marshall,DEF,Scotland,1992/93,1998/99,5,Arsenal; Southampton,26,1
Anthony Martial,Anthony Martial,Anthony Martial,Martial,FWD,France,2015/16,2023/24,9,Man Utd,209,63
Alvin Martin,Alvin Martin,Alvin Martin,Martin,DEF,England,1993/94,1995/96,3,West Ham,45,2
Cesar Martin,Cesar Martin,César Martín,Martin,DEF,Spain,2006/07,2006/07,1,Bolton,1,0
Chris Martin,Chris Martin,Chris Martin,Martin,FWD,Scotland,2011/12,2012/13,2,Norwich,5,0
David Martin,David Martin,David Martin,Martin,GK,England,2019/20,2019/20,1,West Ham,5,0
Josh Martin,Josh Martin,Josh Martin,Martin,MID,England,2019/20,2019/20,1,Norwich,5,0
Lee Martin,Lee Martin,Lee Martin,Martin,MID,England,2008/09,2008/09,1,Man Utd,1,0
Lee Martin (b.1968),Lee Martin,Lee Martin,Martin,DEF,England,1993/94,1993/94,1,Man Utd,1,0
Lilian Martin,Lilian Martin,Lilian Martin,Martin,DEF,France,2000/01,2000/01,1,Derby,9,0
Russell Martin,Russell Martin,Russell Martin,Martin,DEF,Scotland,2011/12,2015/16,4,Norwich,125,8
Cuco Martina,Cuco Martina,Cuco Martina,Martina,DEF,Curacao,2015/16,2017/18,3,Southampton; Everton,45,1
Gabriel Martinelli,Gabriel Martinelli,Gabriel Martinelli,Martinelli,FWD,Brazil,2019/20,2025/26,7,Arsenal,191,41
Emiliano Martinez,Emiliano Martinez,Emiliano Martínez,Martinez,GK,Argentina,2014/15,2025/26,9,Arsenal; Aston Villa,228,0
Lisandro Martinez,Lisandro Martinez,Lisandro Martínez,Martinez,DEF,Argentina,2022/23,2025/26,4,Man Utd,76,3
Williams Martinez,Williams Martinez,Williams Martínez,Martinez,DEF,Uruguay,2005/06,2005/06,1,West Brom,2,1
Obafemi Martins,Obafemi Martins,Obafemi Martins,Martins,FWD,Nigeria,2006/07,2010/11,4,Newcastle; Birmingham,92,28
Bruno Martins Indi,Bruno Martins Indi,Bruno Martins Indi,Martins Indi,DEF,Netherlands,2016/17,2017/18,2,Stoke,52,1
Shelton Martis,Shelton Martis,Shelton Martis,Martis,DEF,Curacao,2008/09,2008/09,1,West Brom,7,0
Nigel Martyn,Nigel Martyn,Nigel Martyn,Martyn,GK,England,1992/93,2005/06,11,Crystal Palace; Leeds; Everton,372,0
Sylvain Marveaux,Sylvain Marveaux,Sylvain Marveaux,Marveaux,MID,France,2011/12,2013/14,3,Newcastle,38,1
Marcal,Marcal,Fernando Marçal,Marçal,DEF,Brazil,2020/21,2021/22,2,Wolves,31,0
Javier Mascherano,Javier Mascherano,Javier Mascherano,Mascherano,MID,Argentina,2006/07,2010/11,5,Liverpool; West Ham,99,1
Adam Masina,Adam Masina,Adam Masina,Masina,DEF,Morocco,2018/19,2021/22,3,Watford,55,1
Phil Masinga,Phil Masinga,Phil Masinga,Masinga,FWD,South Africa,1994/95,1995/96,2,Leeds,31,5
Craig Maskell,Craig Maskell,Craig Maskell,Maskell,FWD,England,1993/94,1995/96,3,Southampton; Swindon,31,4
Brandon Mason,Brandon Mason,Brandon Mason,Mason,MID,England,2016/17,2016/17,1,Watford,2,0
Paul Mason,Paul Mason,Paul Mason,Mason,MID,England,1993/94,1994/95,2,Ipswich,43,6
Ryan Mason,Ryan Mason,Ryan Mason,Mason,MID,England,2014/15,2016/17,3,Spurs; Hull,69,3
Han-Noah Massengo,Han-Noah Massengo,Han-Noah Massengo,Massengo,MID,France,2023/24,2023/24,1,Burnley,3,0
Stuart Massey,Stuart Massey,Stuart Massey,Massey,MID,England,1992/93,1992/93,1,Crystal Palace,1,0
Arthur Masuaku,Arthur Masuaku,Arthur Masuaku,Masuaku,DEF,DR Congo,2016/17,2025/26,7,West Ham; Sunderland,108,1
Juan Mata,Juan Mata,Juan Mata,Mata,MID,Spain,2011/12,2021/22,11,Chelsea; Man Utd,278,52
Marek Matejovsky,Marek Matejovsky,Marek Matějovský,Matejovsky,MID,Czech Republic,2007/08,2007/08,1,Reading,14,1
Marco Materazzi,Marco Materazzi,Marco Materazzi,Materazzi,DEF,Italy,1998/99,1998/99,1,Everton,27,1
Jean-Philippe Mateta,Jean-Philippe Mateta,Jean-Philippe Mateta,Mateta,FWD,France,2020/21,2025/26,6,Crystal Palace,162,50
Alex Mathie,Alex Mathie,Alex Mathie,Mathie,FWD,Scotland,1993/94,1994/95,2,Newcastle; Ipswich,38,6
Nemanja Matic,Nemanja Matic,Nemanja Matić,Matic,MID,Serbia,2009/10,2021/22,10,Chelsea; Man Utd,251,6
Joel Matip,Joel Matip,Joël Matip,Matip,DEF,Cameroon,2016/17,2023/24,8,Liverpool,150,9
Alex Matos,Alex Matos,Alex Matos,Matos,FWD,England,2023/24,2023/24,1,Chelsea,1,0
Dominic Matteo,Dominic Matteo,Dominic Matteo,Matteo,DEF,Scotland,1993/94,2005/06,13,Liverpool; Leeds; Blackburn,276,3
Damian Matthew,Damian Matthew,Damian Matthew,Matthew,MID,England,1992/93,1994/95,2,Chelsea; Crystal Palace,8,0
Adam Matthews,Adam Matthews,Adam Matthews,Matthews,DEF,Wales,2015/16,2015/16,1,Sunderland,1,0
Lee Matthews,Lee Matthews,Lee Matthews,Matthews,FWD,England,1997/98,1997/98,1,Leeds,3,0
Remi Matthews,Remi Matthews,Remi Luke Matthews,Matthews,GK,England,2023/24,2023/24,1,Crystal Palace,1,0
Jesper Mattsson,Jesper Mattsson,Jesper Mattsson,Mattsson,DEF,Sweden,1998/99,1998/99,1,Nottingham Forest,6,0
Neal Maupay,Neal Maupay,Neal Maupay,Maupay,FWD,France,2019/20,2023/24,5,Brighton; Everton; Brentford,160,33
Steve Mautone,Steve Mautone,Steve Mautone,Mautone,GK,Australia,1996/97,1996/97,1,West Ham,1,0
Stephy Mavididi,Stephy Mavididi,Stephy Mavididi,Mavididi,FWD,England,2024/25,2024/25,1,Leicester,30,4
Charis Mavrias,Charis Mavrias,Charalampos Mavrias,Mavrias,MID,Greece,2013/14,2013/14,1,Sunderland,4,0
Konstantinos Mavropanos,Konstantinos Mavropanos,Konstantinos Mavropanos,Mavropanos,DEF,Greece,2017/18,2025/26,5,Arsenal; West Ham,90,4
Youl Mawene,Youl Mawene,Youl Mawéné,Mawene,DEF,France,2000/01,2001/02,2,Derby,25,1
Alfie Mawson,Alfie Mawson,Alfie Mawson,Mawson,DEF,England,2016/17,2018/19,3,Swansea; Fulham,80,6
David May,David May,David May,May,DEF,England,1992/93,2002/03,11,Blackburn; Man Utd,159,8
Alan Maybury,Alan Maybury,Alan Maybury,Maybury,DEF,Republic of Ireland,1995/96,2001/02,3,Leeds,14,0
Eliezer Mayenda,Eliezer Mayenda,Eliezer Mayenda,Mayenda,FWD,Spain,2025/26,2025/26,1,Sunderland,20,2
Ezra Mayers,Ezra Mayers,Ezra Mayers,Mayers,DEF,England,2025/26,2025/26,1,West Ham,6,0
Nicky Maynard,Nicky Maynard,Nicky Maynard,Maynard,FWD,England,2013/14,2013/14,1,Cardiff,8,0
Christian Mayrleb,Christian Mayrleb,Christian Mayrleb,Mayrleb,FWD,Austria,1997/98,1997/98,1,Sheffield Wed,3,0
Emmanuel Mayuka,Emmanuel Mayuka,Emmanuel Mayuka,Mayuka,FWD,Zambia,2012/13,2014/15,2,Southampton,16,0
Noussair Mazraoui,Noussair Mazraoui,Noussair Mazraoui,Mazraoui,DEF,Morocco,2024/25,2025/26,2,Man Utd,57,0
Giuseppe Mazzarelli,Giuseppe Mazzarelli,Giuseppe Mazzarelli,Mazzarelli,MID,Switzerland,1995/96,1995/96,1,Man City,2,0
Kevin Mbabu,Kevin Mbabu,Kevin Mbabu,Mbabu,DEF,Switzerland,2015/16,2022/23,2,Newcastle; Fulham,9,0
Chancel Mbemba,Chancel Mbemba,Chancel Mbemba,Mbemba,DEF,DR Congo,2015/16,2017/18,2,Newcastle,42,0
Isaac Mbenza,Isaac Mbenza,Isaac Mbenza,Mbenza,MID,Belgium,2018/19,2018/19,1,Huddersfield,22,1
Collins Mbesuma,Collins Mbesuma,Collins Mbesuma,Mbesuma,FWD,Zambia,2005/06,2005/06,1,Portsmouth,4,0
Bryan Mbeumo,Bryan Mbeumo,Bryan Mbeumo,Mbeumo,MID,Cameroon,2021/22,2025/26,5,Brentford; Man Utd,169,53
Stephane Mbia,Stephane Mbia,Stéphane Mbia,Mbia,MID,Cameroon,2012/13,2012/13,1,QPR,29,0
Dieumerci Mbokani,Dieumerci Mbokani,Dieumerci Mbokani,Mbokani,FWD,DR Congo,2015/16,2016/17,2,Norwich; Hull,41,7
Patrick Mboma,Patrick Mboma,Patrick Mboma,Mboma,FWD,Cameroon,2001/02,2001/02,1,Sunderland,9,1
Conor McAleny,Conor McAleny,Conor McAleny,McAleny,FWD,England,2011/12,2011/12,1,Everton,2,0
Brian McAllister,Brian McAllister,Brian McAllister,McAllister,DEF,Scotland,1992/93,1997/98,5,Wimbledon,72,0
Gary McAllister,Gary McAllister,Gary McAllister,McAllister,MID,Scotland,1992/93,2001/02,10,Leeds; Coventry; Liverpool,325,49
Steve McAnespie,Steve McAnespie,Steve McAnespie,McAnespie,DEF,Scotland,1995/96,1997/98,2,Bolton,11,0
Jobi McAnuff,Jobi McAnuff,Jobi McAnuff,McAnuff,MID,Jamaica,2012/13,2012/13,1,Reading,38,0
James McArthur,James McArthur,James McArthur,McArthur,MID,Scotland,2010/11,2022/23,12,Wigan; Crystal Palace,323,23
James McAtee,James McAtee,James McAtee,McAtee,MID,England,2021/22,2025/26,4,Man City; Sheffield Utd; Nottingham Forest,62,6
Jason McAteer,Jason McAteer,Jason McAteer,McAteer,MID,Republic of Ireland,1995/96,2002/03,6,Bolton; Liverpool; Blackburn; Sunderland,156,7
Kasey McAteer,Kasey McAteer,Kasey McAteer,McAteer,MID,Republic of Ireland,2021/22,2024/25,2,Leicester,19,1
Gareth McAuley,Gareth McAuley,Gareth McAuley,McAuley,DEF,Northern Ireland,2011/12,2017/18,7,West Brom,203,15
Frank McAvennie,Frank McAvennie,Frank McAvennie,McAvennie,FWD,Scotland,1992/93,1993/94,2,Aston Villa; Swindon,10,0
Brian McBride,Brian McBride,Brian McBride,McBride,FWD,United States,2002/03,2007/08,6,Everton; Fulham,148,36
Oli McBurnie,Oli McBurnie,Oliver McBurnie,McBurnie,FWD,Scotland,2016/17,2023/24,5,Swansea; Sheffield Utd,96,13
Stuart McCall,Stuart McCall,Stuart McCall,McCall,MID,Scotland,1999/00,2000/01,2,Bradford,71,2
Chris McCann,Chris McCann,Chris McCann,McCann,MID,Republic of Ireland,2009/10,2009/10,1,Burnley,7,0
Gavin McCann,Gavin McCann,Gavin McCann,McCann,MID,England,1997/98,2009/10,12,Everton; Sunderland; Aston Villa; Bolton,301,12
Grant McCann,Grant McCann,Grant McCann,McCann,MID,Northern Ireland,2000/01,2001/02,2,West Ham,4,0
Neil McCann,Neil McCann,Neil McCann,McCann,MID,Scotland,2003/04,2004/05,2,Southampton,29,0
Liam McCarron,Liam McCarron,Liam McCarron,McCarron,MID,England,2021/22,2021/22,1,Leeds,1,0
Alan McCarthy,Alan McCarthy,Alan McCarthy,McCarthy,DEF,England,1993/94,1994/95,2,QPR,6,0
Alex McCarthy,Alex McCarthy,Alex McCarthy,McCarthy,GK,England,2012/13,2024/25,10,Reading; QPR; Crystal Palace; Southampton,152,0
Benni McCarthy,Benni McCarthy,Benni McCarthy,McCarthy,FWD,South Africa,2006/07,2010/11,5,Blackburn; West Ham,120,37
James McCarthy,James McCarthy,James McCarthy,McCarthy,MID,Republic of Ireland,2009/10,2020/21,12,Wigan; Everton; Crystal Palace,272,13
Jason McCarthy,Jason McCarthy,Jason McCarthy,McCarthy,DEF,England,2014/15,2014/15,1,Southampton,1,0
Paddy McCarthy,Paddy McCarthy,Patrick McCarthy,McCarthy,DEF,Republic of Ireland,2013/14,2013/14,1,Crystal Palace,1,0
Sean McCarthy,Sean McCarthy,Sean McCarthy,McCarthy,FWD,England,1993/94,1993/94,1,Oldham,20,4
George McCartney,George McCartney,George McCartney,McCartney,DEF,Northern Ireland,2000/01,2013/14,10,Sunderland; West Ham,193,1
Brian McClair,Brian McClair,Brian McClair,McClair,FWD,Scotland,1992/93,1997/98,6,Man Utd,162,18
James McClean,James McClean,James McClean,McClean,MID,Republic of Ireland,2011/12,2017/18,5,Sunderland; West Brom,158,11
Garath McCleary,Garath McCleary,Garath McCleary,McCleary,FWD,England,2012/13,2012/13,1,Reading,31,3
Jamie McClen,Jamie McClen,Jamie McClen,McClen,MID,England,1998/99,2002/03,4,Newcastle,14,0
James McConnell,James McConnell,James McConnell,McConnell,MID,England,2023/24,2023/24,1,Liverpool,3,0
Lee McCulloch,Lee McCulloch,Lee McCulloch,McCulloch,FWD,Scotland,2005/06,2006/07,2,Wigan,59,9
Alan McDonald,Alan McDonald,Alan McDonald,McDonald,DEF,Northern Ireland,1992/93,1995/96,4,QPR,116,3
David McDonald,David McDonald,David McDonald,McDonald,DEF,Republic of Ireland,1992/93,1992/93,1,Spurs,2,0
Kevin McDonald,Kevin McDonald,Kevin McDonald,McDonald,MID,Scotland,2009/10,2018/19,2,Burnley; Fulham,41,1
Neil McDonald,Neil McDonald,Neil McDonald,McDonald,MID,England,1992/93,1993/94,2,Oldham,7,0
Paul McDonald,Paul McDonald,Paul McDonald,McDonald,MID,Scotland,1994/95,1995/96,2,Southampton,3,0
Scott McDonald,Scott McDonald,Scott McDonald,McDonald,FWD,Australia,2001/02,2001/02,1,Southampton,2,0
Josh McEachran,Josh McEachran,Josh McEachran,McEachran,MID,England,2010/11,2011/12,2,Chelsea; Swansea,15,0
Jay McEveley,Jay McEveley,James McEveley,McEveley,DEF,Scotland,2002/03,2007/08,4,Blackburn; Derby,47,2
Dave McEwen,Dave McEwen,Dave McEwen,McEwen,FWD,England,1999/00,2000/01,2,Spurs,4,0
James McFadden,James McFadden,James McFadden,McFadden,FWD,Scotland,2003/04,2012/13,9,Everton; Birmingham; Sunderland,172,20
Aiden McGeady,Aiden McGeady,Aiden McGeady,McGeady,MID,Republic of Ireland,2013/14,2014/15,2,Everton,32,1
Paul McGee,Paul McGee,Paul McGee,McGee,MID,Republic of Ireland,1992/93,1992/93,1,Wimbledon,3,0
John McGinlay,John McGinlay,John McGinlay,McGinlay,FWD,Scotland,1995/96,1997/98,2,Bolton,39,6
John McGinn,John McGinn,John McGinn,McGinn,MID,Scotland,2019/20,2025/26,7,Aston Villa,233,22
Ryan McGivern,Ryan McGivern,Ryan McGivern,McGivern,DEF,Northern Ireland,2010/11,2010/11,1,Man City,1,0
David McGoldrick,David McGoldrick,David McGoldrick,McGoldrick,FWD,Republic of Ireland,2019/20,2020/21,2,Sheffield Utd,63,10
Eddie McGoldrick,Eddie McGoldrick,Eddie McGoldrick,McGoldrick,MID,Republic of Ireland,1992/93,1995/96,4,Crystal Palace; Arsenal,80,8
Brian McGovern,Brian McGovern,Brian McGovern,McGovern,DEF,Republic of Ireland,1999/00,1999/00,1,Arsenal,1,0
Michael McGovern,Michael McGovern,Michael McGovern,McGovern,GK,Northern Ireland,2019/20,2019/20,1,Norwich,2,0
Gavin McGowan,Gavin McGowan,Gavin McGowan,McGowan,DEF,England,1992/93,1997/98,5,Arsenal,6,0
John McGrath,John McGrath,John McGrath,McGrath,MID,Republic of Ireland,2000/01,2000/01,1,Aston Villa,3,0
Lloyd McGrath,Lloyd McGrath,Lloyd McGrath,McGrath,MID,England,1992/93,1993/94,2,Coventry,36,0
Paul McGrath,Paul McGrath,Paul McGrath,McGrath,DEF,Republic of Ireland,1992/93,1996/97,5,Aston Villa; Derby,166,6
John McGreal,John McGreal,John McGreal,McGreal,DEF,England,2000/01,2001/02,2,Ipswich,55,2
Allan McGregor,Allan McGregor,Allan McGregor,McGregor,GK,Scotland,2013/14,2014/15,2,Hull,52,0
Paul McGregor,Paul McGregor,Paul McGregor,McGregor,FWD,England,1994/95,1996/97,3,Nottingham Forest,30,3
Derek McInnes,Derek McInnes,Derek McInnes,McInnes,MID,Scotland,2002/03,2002/03,1,West Brom,29,2
Colin McKee,Colin McKee,Colin McKee,McKee,FWD,Scotland,1993/94,1993/94,1,Man Utd,1,0
Mark McKeever,Mark McKeever,Mark McKeever,McKeever,MID,Republic of Ireland,1998/99,1999/00,2,Sheffield Wed,5,0
Scott McKenna,Scott McKenna,Scott McKenna,McKenna,DEF,Scotland,2022/23,2023/24,2,Nottingham Forest,25,0
Weston McKennie,Weston McKennie,Weston McKennie,McKennie,MID,United States,2022/23,2022/23,1,Leeds,19,0
Leon McKenzie,Leon McKenzie,Leon McKenzie,McKenzie,FWD,England,1997/98,2004/05,2,Crystal Palace; Norwich,40,7
Billy McKinlay,Billy McKinlay,Billy McKinlay,McKinlay,MID,Scotland,1995/96,2004/05,7,Blackburn; Bradford; Leicester; Fulham,119,3
Ray McKinnon,Ray McKinnon,Ray McKinnon,McKinnon,MID,Scotland,1992/93,1992/93,1,Nottingham Forest,6,1
Stuart McKinstry,Stuart McKinstry,Stuart McKinstry,McKinstry,MID,Scotland,2021/22,2021/22,1,Leeds,1,0
Aaron McLean,Aaron McLean,Aaron McLean,McLean,FWD,England,2013/14,2013/14,1,Hull,1,0
Kenny McLean,Kenny McLean,Kenny McLean,McLean,MID,Scotland,2019/20,2021/22,2,Norwich,68,2
Alan McLeary,Alan McLeary,Alan McLeary,McLeary,DEF,England,1992/93,1992/93,1,Sheffield Utd; Wimbledon,7,0
Kevin McLeod,Kevin McLeod,Kevin McLeod,McLeod,MID,England,2000/01,2000/01,1,Everton,5,0
Gerry McMahon,Gerry McMahon,Gerry McMahon,McMahon,MID,Northern Ireland,1994/95,1995/96,2,Spurs,16,0
Sam McMahon,Sam McMahon,Sam McMahon,McMahon,MID,England,1994/95,1997/98,2,Leicester,2,0
Steve McMahon,Steve McMahon,Steve McMahon,McMahon,MID,England,1992/93,1994/95,3,Man City,69,1
Tony McMahon,Tony McMahon,Anthony McMahon,McMahon,DEF,England,2004/05,2008/09,4,Middlesbrough,30,0
Callum McManaman,Callum McManaman,Callum McManaman,McManaman,FWD,England,2008/09,2015/16,6,Wigan; West Brom,46,2
Steve McManaman,Steve McManaman,Steve McManaman,McManaman,MID,England,1992/93,2004/05,9,Liverpool; Man City,275,41
Jamie McMaster,Jamie McMaster,Jamie McMaster,McMaster,MID,England,2002/03,2002/03,1,Leeds,4,0
Steve McMillan,Steve McMillan,Stephen McMillan,McMillan,DEF,Scotland,2005/06,2005/06,1,Wigan,2,0
Paddy McNair,Paddy McNair,Paddy McNair,McNair,DEF,Northern Ireland,2014/15,2016/17,3,Man Utd; Sunderland,33,0
Anthony McNamee,Anthony McNamee,Anthony McNamee,McNamee,MID,England,2006/07,2006/07,1,Watford,7,0
Kevin McNaughton,Kevin McNaughton,Kevin McNaughton,McNaughton,DEF,Scotland,2013/14,2013/14,1,Cardiff,5,0
Dwight McNeil,Dwight McNeil,Dwight McNeil,McNeil,MID,England,2017/18,2025/26,9,Burnley; Everton,248,21
Stephen McPhail,Stephen McPhail,Stephen McPhail,McPhail,MID,Republic of Ireland,1997/98,2003/04,7,Leeds,78,3
Sam McQueen,Sam McQueen,Sam McQueen,McQueen,MID,England,2016/17,2017/18,2,Southampton,20,0
Paul McShane,Paul McShane,Paul McShane,McShane,DEF,Republic of Ireland,2007/08,2014/15,5,Sunderland; Hull,98,2
Gary McSheffrey,Gary McSheffrey,Gary McSheffrey,McSheffrey,FWD,England,1998/99,2009/10,4,Coventry; Birmingham,41,3
Scott McTominay,Scott McTominay,Scott McTominay,McTominay,MID,Scotland,2016/17,2024/25,9,Man Utd,178,19
Paul McVeigh,Paul McVeigh,Paul McVeigh,McVeigh,FWD,Northern Ireland,1996/97,2004/05,2,Spurs; Norwich,20,2
Mike Meaker,Mike Meaker,Michael Meaker,Meaker,MID,Wales,1992/93,1994/95,3,QPR,25,1
Scott Mean,Scott Mean,Scott Mean,Mean,MID,England,1997/98,1997/98,1,West Ham,3,0
Tyrone Mears,Tyrone Mears,Tyrone Mears,Mears,DEF,England,2006/07,2011/12,4,West Ham; Derby; Burnley; Bolton,69,1
Gary Medel,Gary Medel,Gary Medel,Medel,MID,Chile,2013/14,2013/14,1,Cardiff,34,0
Ben Mee,Ben Mee,Ben Mee,Mee,DEF,England,2014/15,2024/25,10,Burnley; Brentford,277,14
Jayden Meghoma,Jayden Meghoma,Jayden Meghoma,Meghoma,DEF,England,2024/25,2024/25,1,Brentford,1,0
Gary Megson,Gary Megson,Gary Megson,Megson,MID,England,1992/93,1994/95,3,Norwich,46,1
Erik Meijer,Erik Meijer,Erik Meijer,Meijer,FWD,Netherlands,1999/00,2000/01,2,Liverpool,24,0
Raul Meireles,Raul Meireles,Raul Meireles,Meireles,MID,Portugal,2010/11,2012/13,3,Liverpool; Chelsea,66,7
Abdoulaye Meite,Abdoulaye Meite,Abdoulaye Méité,Meite,DEF,Ivory Coast,2006/07,2010/11,4,Bolton; West Brom,84,0
Hannibal Mejbri,Hannibal Mejbri,Hannibal Mejbri,Mejbri,MID,Tunisia,2020/21,2025/26,4,Man Utd; Burnley,35,2
Mario Melchiot,Mario Melchiot,Mario Melchiot,Melchiot,DEF,Netherlands,1999/00,2009/10,10,Chelsea; Birmingham; Wigan,284,6
Olof Mellberg,Olof Mellberg,Olof Mellberg,Mellberg,DEF,Sweden,2001/02,2007/08,7,Aston Villa,232,8
Neil Mellor,Neil Mellor,Neil Mellor,Mellor,FWD,England,2002/03,2005/06,3,Liverpool; Wigan,15,3
Steve Melton,Steve Melton,Steve Melton,Melton,MID,England,1998/99,1998/99,1,Nottingham Forest,1,0
Andy Melville,Andy Melville,Andy Melville,Melville,DEF,Wales,1996/97,2003/04,4,Sunderland; Fulham,100,2
Pedro Mendes,Pedro Mendes,Pedro Mendes,Mendes,MID,Portugal,2004/05,2007/08,4,Spurs; Portsmouth,88,6
Alberto Mendez,Alberto Mendez,Alberto Méndez,Mendez,MID,Germany,1997/98,1998/99,2,Arsenal,4,0
Nathaniel Mendez-Laing,Nathaniel Mendez-Laing,Nathaniel Mendez-Laing,Mendez-Laing,FWD,England,2018/19,2018/19,1,Cardiff,20,4
Gaizka Mendieta,Gaizka Mendieta,Gaizka Mendieta,Mendieta,MID,Spain,2003/04,2006/07,4,Middlesbrough,62,4
Clive Mendonca,Clive Mendonca,Clive Mendonca,Mendonca,FWD,England,1998/99,1998/99,1,Charlton,25,8
Benjamin Mendy,Benjamin Mendy,Benjamin Mendy,Mendy,DEF,France,2017/18,2021/22,5,Man City,50,2
Bernard Mendy,Bernard Mendy,Bernard Mendy,Mendy,DEF,France,2002/03,2009/10,3,Bolton; Hull,70,2
Edouard Mendy,Edouard Mendy,Édouard Mendy,Mendy,GK,Senegal,2020/21,2022/23,3,Chelsea,75,0
Nampalys Mendy,Nampalys Mendy,Nampalys Mendy,Mendy,MID,Senegal,2016/17,2022/23,6,Leicester,98,1
Teden Mengi,Teden Mengi,Teden Mengi,Mengi,DEF,England,2023/24,2023/24,1,Luton,30,1
John Mensah,John Mensah,John Mensah,Mensah,DEF,Ghana,2009/10,2010/11,2,Sunderland,34,1
Juan Carlos Menseguez,Juan Carlos Menseguez,Juan Carlos Menseguez,Menseguez,FWD,Argentina,2008/09,2008/09,1,West Brom,7,1
Chris Mepham,Chris Mepham,Chris Mepham,Mepham,DEF,Wales,2018/19,2023/24,4,Bournemouth,61,1
Fran Merida,Fran Merida,Fran Mérida,Merida,MID,Spain,2008/09,2009/10,2,Arsenal,6,1
Mikel Merino,Mikel Merino,Mikel Merino Zazón,Merino,MID,Spain,2017/18,2025/26,3,Newcastle; Arsenal,74,12
Paul Merson,Paul Merson,Paul Merson,Merson,FWD,England,1992/93,2001/02,9,Arsenal; Aston Villa; Middlesbrough,280,46
Per Mertesacker,Per Mertesacker,Per Mertesacker,Mertesacker,DEF,Germany,2011/12,2017/18,7,Arsenal,156,6
Roque Mesa,Roque Mesa,Roque Mesa,Mesa,MID,Spain,2017/18,2017/18,1,Swansea,11,0
Mesca,Mesca,Buomesca Tué Na Bangna,Mesca,MID,Portugal,2013/14,2013/14,1,Fulham,1,0
Illan Meslier,Illan Meslier,Illan Meslier,Meslier,GK,France,2020/21,2022/23,3,Leeds,107,0
Lucien Mettomo,Lucien Mettomo,Lucien Mettomo,Mettomo,DEF,Cameroon,2002/03,2002/03,1,Man City,4,0
Max Meyer,Max Meyer,Max Meyer,Meyer,MID,Germany,2018/19,2019/20,2,Crystal Palace,46,1
David Meyler,David Meyler,David Meyler,Meyler,MID,Republic of Ireland,2009/10,2016/17,7,Sunderland; Hull,103,4
Valery Mezague,Valery Mezague,Valéry Mézague,Mezague,MID,France,2004/05,2004/05,1,Portsmouth,11,0
Shumaira Mheuka,Shumaira Mheuka,Shumaira Mheuka,Mheuka,FWD,England,2024/25,2025/26,2,Chelsea,2,0
Matt Miazga,Matt Miazga,Matt Miazga,Miazga,DEF,United States,2015/16,2015/16,1,Chelsea,2,0
Lubomir Michalik,Lubomir Michalik,Ľubomír Michalík,Michalik,DEF,Slovakia,2006/07,2007/08,2,Bolton,11,1
Michel,Michel,Míchel,Michel,MID,Spain,2009/10,2009/10,1,Birmingham,9,0
Michu,Michu,Miguel Pérez Cuesta,Michu,MID,Spain,2012/13,2013/14,2,Swansea,52,20
Craig Middleton,Craig Middleton,Craig Middleton,Middleton,MID,England,1992/93,1992/93,1,Coventry,1,0
Mido,Mido,Ahmed Hossam Mido,Mido,FWD,Egypt,2004/05,2009/10,6,Spurs; Middlesbrough; Wigan; West Ham,94,22
Alex Mighten,Alex Mighten,Alex Mighten,Mighten,MID,England,2022/23,2022/23,1,Nottingham Forest,1,0
Simon Mignolet,Simon Mignolet,Simon Mignolet,Mignolet,GK,Belgium,2010/11,2017/18,8,Sunderland; Liverpool,245,0
Adie Mike,Adie Mike,Adie Mike,Mike,FWD,England,1992/93,1994/95,3,Man City,14,1
John Obi Mikel,John Obi Mikel,John Obi Mikel,Mikel,MID,Nigeria,2006/07,2015/16,10,Chelsea,249,1
Ludek Miklosko,Ludek Miklosko,Luděk Mikloško,Miklosko,GK,Czech Republic,1993/94,1997/98,5,West Ham,169,0
Antoni Milambo,Antoni Milambo,Antoni Milambo,Milambo,MID,Netherlands,2025/26,2025/26,1,Brentford,1,0
Nikola Milenkovic,Nikola Milenkovic,Nikola Milenković,Milenković,DEF,Serbia,2024/25,2025/26,2,Nottingham Forest,75,5
Lewis Miley,Lewis Miley,Lewis Miley,Miley,MID,England,2022/23,2025/26,4,Newcastle,55,3
Nenad Milijas,Nenad Milijas,Nenad Milijaš,Milijas,MID,Serbia,2009/10,2011/12,3,Wolves,62,4
Luka Milivojevic,Luka Milivojevic,Luka Milivojević,Milivojevic,MID,Serbia,2016/17,2022/23,7,Crystal Palace,183,28
Alan Miller,Alan Miller,Alan Miller,Miller,GK,England,1992/93,2000/01,5,Arsenal; Middlesbrough; Coventry,25,0
Charlie Miller,Charlie Miller,Charlie Miller,Miller,MID,Scotland,1998/99,1999/00,2,Leicester; Watford,18,0
Ishmael Miller,Ishmael Miller,Ishmael Miller,Miller,FWD,England,2005/06,2010/11,4,Man City; West Brom,38,3
Kenny Miller,Kenny Miller,Kenny Miller,Miller,FWD,Scotland,2003/04,2007/08,2,Wolves; Derby,55,6
Kevin Miller,Kevin Miller,Kevin Miller,Miller,GK,England,1997/98,1997/98,1,Crystal Palace,38,0
Liam Miller,Liam Miller,Liam Miller,Miller,MID,Republic of Ireland,2004/05,2008/09,4,Man Utd; Sunderland,36,1
Paul Miller,Paul Miller,Paul Miller,Miller,MID,England,1992/93,1992/93,1,Wimbledon,19,1
Tommy Miller,Tommy Miller,Tommy Miller,Miller,MID,England,2001/02,2005/06,2,Ipswich; Sunderland,37,3
Jamie Milligan,Jamie Milligan,Jamie Milligan,Milligan,MID,England,1998/99,1999/00,2,Everton,4,0
Mike Milligan,Mike Milligan,Mike Milligan,Milligan,MID,Republic of Ireland,1992/93,1994/95,3,Oldham; Norwich,107,5
Danny Mills,Danny Mills,Danny Mills,Mills,DEF,England,1998/99,2007/08,10,Charlton; Leeds; Middlesbrough; Man City; Derby,218,6
Gary Mills,Gary Mills,Gary Mills,Mills,MID,England,1994/95,1994/95,1,Leicester,1,0
Lee Mills,Lee Mills,Lee Mills,Mills,FWD,England,1999/00,1999/00,1,Bradford,21,5
Matt Mills,Matt Mills,Matthew Mills,Mills,DEF,England,2005/06,2006/07,2,Man City,2,0
James Milner,James Milner,James Milner,Milner,MID,England,2002/03,2025/26,24,Leeds; Newcastle; Aston Villa; Man City; Liverpool; Brighton,658,56
Veljko Milosavljevic,Veljko Milosavljevic,Veljko Milosavljević,Milosavljevic,DEF,Serbia,2025/26,2025/26,1,Bournemouth,7,0
Savo Milosevic,Savo Milosevic,Savo Milošević,Milosevic,FWD,Yugoslavia,1995/96,1997/98,3,Aston Villa,90,29
Rob Milsom,Rob Milsom,Robert Milsom,Milsom,DEF,England,2008/09,2008/09,1,Fulham,1,0
Simon Milton,Simon Milton,Simon Milton,Milton,MID,England,1992/93,1994/95,3,Ipswich,52,5
Bobby Mimms,Bobby Mimms,Bobby Mimms,Mimms,GK,England,1992/93,1995/96,4,Blackburn,61,0
Yerry Mina,Yerry Mina,Yerry Mina,Mina,DEF,Colombia,2018/19,2022/23,5,Everton,86,7
Takumi Minamino,Takumi Minamino,Takumi Minamino,Minamino,FWD,Japan,2019/20,2021/22,3,Liverpool; Southampton,40,6
Mineiro,Mineiro,Mineiro,Mineiro,MID,Brazil,2008/09,2008/09,1,Chelsea,1,0
Jason Minett,Jason Minett,Jason Minett,Minett,MID,England,1992/93,1992/93,1,Norwich,1,0
Tyrone Mings,Tyrone Mings,Tyrone Mings,Mings,DEF,England,2015/16,2025/26,11,Bournemouth; Aston Villa,189,6
Yankuba Minteh,Yankuba Minteh,Yankuba Minteh,Minteh,FWD,Gambia,2024/25,2025/26,2,Brighton,66,9
Scott Minto,Scott Minto,Scott Minto,Minto,DEF,England,1994/95,2002/03,8,Chelsea; West Ham,105,4
Ignasi Miquel,Ignasi Miquel,Ignasi Miquel,Miquel,DEF,Spain,2011/12,2012/13,2,Arsenal,5,0
Kevin Mirallas,Kevin Mirallas,Kevin Mirallas,Mirallas,FWD,Belgium,2012/13,2017/18,6,Everton,151,29
Adam Mitchell,Adam Mitchell,Adam Mitchell,Mitchell,FWD,Republic of Ireland,2012/13,2012/13,1,Sunderland,1,0
Demetri Mitchell,Demetri Mitchell,Demetri Mitchell,Mitchell,DEF,England,2016/17,2016/17,1,Man Utd,1,0
Paul Mitchell,Paul Mitchell,Paul Mitchell,Mitchell,DEF,England,1993/94,1993/94,1,West Ham,1,0
Tyrick Mitchell,Tyrick Mitchell,Tyrick Mitchell,Mitchell,DEF,England,2019/20,2025/26,7,Crystal Palace,207,4
Kaoru Mitoma,Kaoru Mitoma,Kaoru Mitoma,Mitoma,MID,Japan,2022/23,2025/26,4,Brighton,113,23
Kostas Mitroglou,Kostas Mitroglou,Kostas Mitroglou,Mitroglou,FWD,Greece,2013/14,2013/14,1,Fulham,3,0
Aleksandar Mitrovic,Aleksandar Mitrovic,Aleksandar Mitrović,Mitrovic,FWD,Serbia,2015/16,2023/24,6,Newcastle; Fulham,129,38
Ryo Miyaichi,Ryo Miyaichi,Ryō Miyaichi,Miyaichi,FWD,Japan,2011/12,2013/14,3,Bolton; Wigan; Arsenal,17,0
Henrikh Mkhitaryan,Henrikh Mkhitaryan,Henrikh Mkhitaryan,Mkhitaryan,MID,Armenia,2016/17,2019/20,4,Man Utd; Arsenal,78,13
Jakub Moder,Jakub Moder,Jakub Moder,Moder,MID,Poland,2020/21,2024/25,4,Brighton,61,0
Anthony Modeste,Anthony Modeste,Anthony Modeste,Modeste,FWD,France,2011/12,2011/12,1,Blackburn,9,0
Luka Modric,Luka Modric,Luka Modrić,Modric,MID,Croatia,2008/09,2011/12,4,Spurs,127,13
Nicky Mohan,Nicky Mohan,Nicky Mohan,Mohan,DEF,England,1992/93,1994/95,2,Middlesbrough; Leicester,41,2
Aaron Mokoena,Aaron Mokoena,Aaron Mokoena,Mokoena,DEF,South Africa,2004/05,2009/10,6,Blackburn; Portsmouth,124,0
Jan Molby,Jan Molby,Jan Mølby,Molby,MID,Denmark,1992/93,1994/95,3,Liverpool,35,7
Viorel Moldovan,Viorel Moldovan,Viorel Moldovan,Moldovan,FWD,Romania,1997/98,1997/98,1,Coventry,10,1
Robert Molenaar,Robert Molenaar,Robert Molenaar,Molenaar,DEF,Netherlands,1996/97,2000/01,4,Leeds; Bradford,72,6
David Moller Wolfe,David Moller Wolfe,David Møller Wolfe,Moller Wolfe,DEF,Norway,2025/26,2025/26,1,Wolves,22,0
Jayson Molumby,Jayson Molumby,Jayson Molumby,Molumby,MID,Republic of Ireland,2020/21,2020/21,1,Brighton,1,0
John Moncur,John Moncur,John Moncur,Moncur,MID,England,1993/94,2002/03,10,Swindon; West Ham,216,10
Jeremy Monga,Jeremy Monga,Jeremy Monga,Monga,FWD,England,2024/25,2024/25,1,Leicester,7,0
Garry Monk,Garry Monk,Garry Monk,Monk,DEF,England,1998/99,2012/13,7,Southampton; Swansea,38,0
Ken Monkou,Ken Monkou,Ken Monkou,Monkou,DEF,Netherlands,1992/93,1998/99,7,Southampton,198,10
Nacho Monreal,Nacho Monreal,Nacho Monreal,Monreal,DEF,Spain,2012/13,2019/20,8,Arsenal,187,7
Vincenzo Montella,Vincenzo Montella,Vincenzo Montella,Montella,FWD,Italy,2006/07,2006/07,1,Fulham,10,2
Jefferson Montero,Jefferson Montero,Jefferson Montero,Montero,MID,Ecuador,2014/15,2016/17,3,Swansea,66,1
Nick Montgomery,Nick Montgomery,Nick Montgomery,Montgomery,MID,Scotland,2006/07,2006/07,1,Sheffield Utd,26,0
Gonzalo Montiel,Gonzalo Montiel,Gonzalo Montiel,Montiel,DEF,Argentina,2023/24,2023/24,1,Nottingham Forest,14,0
Martin Montoya,Martin Montoya,Martín Montoya,Montoya,DEF,Spain,2018/19,2019/20,2,Brighton,52,0
Paul Moody,Paul Moody,Paul Moody,Moody,FWD,England,1992/93,1993/94,2,Southampton,8,0
Tommy Mooney,Tommy Mooney,Tommy Mooney,Mooney,FWD,England,1999/00,2002/03,2,Watford; Birmingham,13,2
Alan Moore,Alan Moore,Alan Moore,Moore,MID,Republic of Ireland,1992/93,1998/99,4,Middlesbrough,35,0
Craig Moore,Craig Moore,Craig Moore,Moore,DEF,Australia,2005/06,2006/07,2,Newcastle,25,0
Darren Moore,Darren Moore,Darren Moore,Moore,DEF,Jamaica,2002/03,2007/08,4,West Brom; Derby,81,2
Ian Moore,Ian Moore,Ian Thomas-Moore,Moore,FWD,England,1996/97,1997/98,2,Nottingham Forest; West Ham,6,0
Joe-Max Moore,Joe-Max Moore,Joe-Max Moore,Moore,FWD,United States,1999/00,2001/02,3,Everton,52,8
Kevin Moore,Kevin Moore,Kevin Moore,Moore,DEF,England,1992/93,1993/94,2,Southampton,32,2
Kieffer Moore,Kieffer Moore,Kieffer Moore,Moore,FWD,Wales,2022/23,2023/24,2,Bournemouth,35,5
Liam Moore,Liam Moore,Liam Moore,Moore,DEF,England,2014/15,2014/15,1,Leicester,11,0
Luke Moore,Luke Moore,Luke Moore,Moore,FWD,England,2003/04,2012/13,8,Aston Villa; West Brom; Swansea,145,20
Mikey Moore,Mikey Moore,Mikey Moore,Moore,FWD,England,2023/24,2024/25,2,Spurs,12,0
Neil Moore,Neil Moore,Neil Moore,Moore,DEF,England,1992/93,1993/94,2,Everton,5,0
Simon Moore,Simon Moore,Simon Moore,Moore,GK,England,2019/20,2019/20,1,Sheffield Utd,2,0
Stefan Moore,Stefan Moore,Stefan Moore,Moore,FWD,England,2002/03,2004/05,3,Aston Villa,22,2
Aaron Mooy,Aaron Mooy,Aaron Mooy,Mooy,MID,Australia,2017/18,2019/20,3,Huddersfield; Brighton,96,9
Nuno Morais,Nuno Morais,Nuno Morais,Morais,DEF,Portugal,2004/05,2006/07,2,Chelsea,4,0
Andrew Moran,Andrew Moran,Andrew Moran,Moran,MID,Republic of Ireland,2022/23,2022/23,1,Brighton,1,0
Kevin Moran,Kevin Moran,Kevin Moran,Moran,DEF,Republic of Ireland,1992/93,1993/94,2,Blackburn,55,5
Paul Moran,Paul Moran,Paul Moran,Moran,FWD,England,1992/93,1993/94,2,Spurs,8,0
Vangelis Moras,Vangelis Moras,Vangelis Moras,Moras,DEF,Greece,2011/12,2011/12,1,Swansea,1,0
Alvaro Morata,Alvaro Morata,Álvaro Morata,Morata,FWD,Spain,2017/18,2018/19,2,Chelsea,47,16
Morato,Morato,Morato,Morato,DEF,Brazil,2024/25,2025/26,2,Nottingham Forest,47,1
Alberto Moreno,Alberto Moreno,Alberto Moreno,Moreno,DEF,Spain,2014/15,2018/19,5,Liverpool,90,3
Alex Moreno,Alex Moreno,Àlex Moreno,Moreno,DEF,Spain,2022/23,2024/25,3,Aston Villa; Nottingham Forest,55,2
Jaime Moreno,Jaime Moreno,Jaime Moreno,Moreno,FWD,Bolivia,1995/96,1995/96,1,Middlesbrough,7,0
Javi Moreno,Javi Moreno,Javi Moreno,Moreno,FWD,Spain,2003/04,2003/04,1,Bolton,8,0
Marcelo Moreno,Marcelo Moreno,Marcelo Martins Moreno,Moreno,FWD,Bolivia,2009/10,2009/10,1,Wigan,12,0
Chris Morgan,Chris Morgan,Chris Morgan,Morgan,DEF,England,1997/98,2006/07,2,Barnsley; Sheffield Utd,35,1
Phil Morgan,Phil Morgan,Philip Morgan,Morgan,GK,England,1994/95,1994/95,1,Ipswich,1,0
Steve Morgan,Steve Morgan,Steve Morgan,Morgan,DEF,England,1993/94,1994/95,2,Coventry,68,2
Wes Morgan,Wes Morgan,Wes Morgan,Morgan,DEF,Jamaica,2014/15,2020/21,7,Leicester,170,8
Fernando Morientes,Fernando Morientes,Fernando Morientes,Morientes,FWD,Spain,2004/05,2005/06,2,Liverpool,41,8
Steve Morison,Steve Morison,Steve Morison,Morison,FWD,Wales,2011/12,2012/13,2,Norwich,53,10
Trevor Morley,Trevor Morley,Trevor Morley,Morley,FWD,England,1993/94,1994/95,2,West Ham,56,13
Ivica Mornar,Ivica Mornar,Ivica Mornar,Mornar,FWD,Croatia,2003/04,2005/06,2,Portsmouth,10,1
Carlton Morris,Carlton Morris,Carlton Morris,Morris,FWD,England,2023/24,2023/24,1,Luton,38,11
Chris Morris,Chris Morris,Chris Morris,Morris,DEF,Republic of Ireland,1992/93,1996/97,3,Middlesbrough,52,3
Jody Morris,Jody Morris,Jody Morris,Morris,MID,England,1995/96,2003/04,9,Chelsea; Leeds,136,5
Josh Morris,Josh Morris,Josh Morris,Morris,DEF,England,2010/11,2011/12,2,Blackburn,6,0
Lee Morris,Lee Morris,Lee Morris,Morris,MID,England,1999/00,2001/02,3,Derby,38,4
Andy Morrison,Andy Morrison,Andy Morrison,Morrison,DEF,Scotland,1993/94,2000/01,2,Blackburn; Man City,8,0
Clinton Morrison,Clinton Morrison,Clinton Morrison,Morrison,FWD,Republic of Ireland,1997/98,2005/06,5,Crystal Palace; Birmingham,88,15
James Morrison,James Morrison,James Morrison,Morrison,MID,Scotland,2003/04,2017/18,13,Middlesbrough; West Brom,311,32
Owen Morrison,Owen Morrison,Owen Morrison,Morrison,FWD,Northern Ireland,1998/99,1998/99,1,Sheffield Wed,1,0
Ravel Morrison,Ravel Morrison,Ravel Morrison,Morrison,MID,Jamaica,2013/14,2019/20,3,West Ham; Sheffield Utd,18,3
Sean Morrison,Sean Morrison,Sean Morrison,Morrison,DEF,England,2012/13,2018/19,2,Reading; Cardiff,50,3
Steve Morrow,Steve Morrow,Steve Morrow,Morrow,DEF,Northern Ireland,1992/93,1996/97,5,Arsenal,60,1
Sam Morsy,Sam Morsy,Sam Morsy,Morsy,MID,Egypt,2024/25,2024/25,1,Ipswich,33,1
Paul Mortimer,Paul Mortimer,Paul Mortimer,Mortimer,MID,England,1992/93,1998/99,2,Crystal Palace; Charlton,18,1
Tyler Morton,Tyler Morton,Tyler Morton,Morton,MID,England,2021/22,2021/22,1,Liverpool,2,0
Adie Moses,Adie Moses,Adie Moses,Moses,DEF,England,1997/98,1997/98,1,Barnsley,35,0
Victor Moses,Victor Moses,Victor Moses,Moses,FWD,Nigeria,2009/10,2018/19,10,Wigan; Chelsea; Liverpool; Stoke; West Ham,220,20
Cristhian Mosquera,Cristhian Mosquera,Cristhian Mosquera,Mosquera,DEF,Spain,2025/26,2025/26,1,Arsenal,20,0
Yerson Mosquera,Yerson Mosquera,Yerson Mosquera,Mosquera,DEF,Colombia,2024/25,2025/26,2,Wolves,32,0
Neil Moss,Neil Moss,Neil Moss,Moss,GK,England,1996/97,2001/02,5,Southampton,24,0
Paul Moulden,Paul Moulden,Paul Moulden,Moulden,FWD,England,1992/93,1992/93,1,Oldham,4,0
Louis Moult,Louis Moult,Louis Moult,Moult,FWD,England,2009/10,2009/10,1,Stoke,1,0
Steve Mounie,Steve Mounie,Steve Mounié,Mounie,FWD,Benin,2017/18,2018/19,2,Huddersfield,59,9
Mason Mount,Mason Mount,Mason Mount,Mount,MID,England,2019/20,2025/26,7,Chelsea; Man Utd,183,32
Lucas Moura,Lucas Moura,Lucas Moura,Moura,MID,Brazil,2017/18,2022/23,6,Spurs,152,20
Lys Mousset,Lys Mousset,Lys Mousset,Mousset,FWD,France,2016/17,2020/21,5,Bournemouth; Sheffield Utd,99,9
Joao Moutinho,Joao Moutinho,João Moutinho,Moutinho,MID,Portugal,2018/19,2022/23,5,Wolves,175,5
Steven Mouyokolo,Steven Mouyokolo,Steven Mouyokolo,Mouyokolo,DEF,France,2009/10,2010/11,2,Hull; Wolves,25,1
Dean Moxey,Dean Moxey,Dean Moxey,Moxey,DEF,England,2013/14,2013/14,1,Crystal Palace,20,0
Emile Mpenza,Emile Mpenza,Émile Mpenza,Mpenza,FWD,Belgium,2006/07,2007/08,2,Man City,25,5
Fabrice Muamba,Fabrice Muamba,Fabrice Muamba,Muamba,MID,England,2007/08,2011/12,5,Birmingham; Bolton,167,5
Divin Mubama,Divin Mubama,Divin Mubama,Mubama,FWD,England,2022/23,2024/25,3,West Ham; Man City,9,0
Jan Mucha,Jan Mucha,Ján Mucha,Mucha,GK,Slovakia,2012/13,2012/13,1,Everton,2,0
Mykhailo Mudryk,Mykhailo Mudryk,Mykhailo Mudryk,Mudryk,MID,Ukraine,2022/23,2024/25,3,Chelsea,53,5
Geoffrey Mujangi Bia,Geoffrey Mujangi Bia,Geoffrey Mujangi Bia,Mujangi Bia,MID,DR Congo,2009/10,2010/11,2,Wolves,4,0
Divine Mukasa,Divine Mukasa,Divine Mukasa,Mukasa,MID,England,2025/26,2025/26,1,Man City,2,0
Nordi Mukiele,Nordi Mukiele,Nordi Mukiele,Mukiele,DEF,France,2025/26,2025/26,1,Sunderland,32,3
John Mullin,John Mullin,John Mullin,Mullin,MID,England,1996/97,1996/97,1,Sunderland,10,1
Hayden Mullins,Hayden Mullins,Hayden Mullins,Mullins,MID,England,2005/06,2009/10,5,West Ham; Portsmouth,151,3
Phil Mulryne,Phil Mulryne,Philip Mulryne,Mulryne,MID,Northern Ireland,1997/98,2004/05,2,Man Utd; Norwich,11,0
Youssouf Mulumbu,Youssouf Mulumbu,Youssouf Mulumbu,Mulumbu,MID,DR Congo,2008/09,2015/16,7,West Brom; Norwich,164,12
Bali Mumba,Bali Mumba,Bali Mumba,Mumba,DEF,England,2021/22,2021/22,1,Norwich,1,0
Joel Mumbongo,Joel Mumbongo,Joel Mumbongo,Mumbongo,FWD,Sweden,2020/21,2020/21,1,Burnley,4,0
Romaine Mundle,Romaine Mundle,Romaine Mundle,Mundle,MID,England,2025/26,2025/26,1,Sunderland,14,0
Marshall Munetsi,Marshall Munetsi,Marshall Munetsi,Munetsi,MID,Zimbabwe,2024/25,2025/26,2,Wolves,27,3
Marc Muniesa,Marc Muniesa,Marc Muniesa,Muniesa,DEF,Spain,2013/14,2016/17,4,Stoke,57,1
Rodrigo Muniz,Rodrigo Muniz,Rodrigo Muniz,Muniz,FWD,Brazil,2023/24,2025/26,3,Fulham,78,18
Daniel Munoz,Daniel Munoz,Daniel Muñoz,Munoz,DEF,Colombia,2023/24,2025/26,3,Crystal Palace,82,8
Finley Munroe,Finley Munroe,Finley Munroe,Munroe,DEF,England,2023/24,2023/24,1,Aston Villa,1,0
Sulley Muntari,Sulley Muntari,Sulley Muntari,Muntari,MID,Ghana,2007/08,2010/11,2,Portsmouth; Sunderland,38,5
Arijanet Muric,Arijanet Muric,Arijanet Muric,Muric,GK,Kosovo,2023/24,2024/25,2,Burnley; Ipswich,28,0
Murillo,Murillo,Murillo Santiago Costa dos Santos,Murillo,DEF,Brazil,2023/24,2025/26,3,Nottingham Forest,93,3
Alex Murphy,Alex Murphy,Alex Murphy,Murphy,DEF,Republic of Ireland,2023/24,2025/26,2,Newcastle,4,0
Danny Murphy,Danny Murphy,Danny Murphy,Murphy,MID,England,1997/98,2011/12,15,Liverpool; Charlton; Spurs; Fulham,417,50
Daryl Murphy,Daryl Murphy,Daryl Murphy,Murphy,FWD,Republic of Ireland,2005/06,2009/10,4,Sunderland,72,4
David Murphy,David Murphy,David Murphy,Murphy,DEF,England,2001/02,2010/11,4,Middlesbrough; Birmingham,37,1
Jacob Murphy,Jacob Murphy,Jacob Murphy,Murphy,MID,England,2017/18,2025/26,8,Newcastle,218,22
Jamie Murphy,Jamie Murphy,Jamie Murphy,Murphy,FWD,Scotland,2017/18,2017/18,1,Brighton,4,0
Joe Murphy,Joe Murphy,Joe Murphy,Murphy,GK,Republic of Ireland,2002/03,2002/03,1,West Brom,2,0
Josh Murphy,Josh Murphy,Josh Murphy,Murphy,FWD,England,2013/14,2018/19,2,Norwich; Cardiff,38,3
Adam Murray,Adam Murray,Adam Murray,Murray,MID,England,1998/99,2001/02,4,Derby,32,0
Glenn Murray,Glenn Murray,Glenn Murray,Murray,FWD,England,2013/14,2019/20,6,Crystal Palace; Bournemouth; Brighton,148,37
Matt Murray,Matt Murray,Matt Murray,Murray,GK,England,2003/04,2003/04,1,Wolves,1,0
Paul Murray,Paul Murray,Paul Murray,Murray,MID,England,1995/96,2001/02,2,QPR; Southampton,2,0
Scott Murray,Scott Murray,Scott Murray,Murray,MID,Scotland,1995/96,1996/97,2,Aston Villa,4,0
Graeme Murty,Graeme Murty,Graeme Murty,Murty,DEF,Scotland,2006/07,2007/08,2,Reading,51,0
Ahmed Musa,Ahmed Musa,Ahmed Musa,Musa,FWD,Nigeria,2016/17,2016/17,1,Leicester,21,2
Kiki Musampa,Kiki Musampa,Kiki Musampa,Musampa,MID,Netherlands,2004/05,2005/06,2,Man City,41,3
Kevin Muscat,Kevin Muscat,Kevin Muscat,Muscat,DEF,Australia,1997/98,1997/98,1,Crystal Palace,9,0
Charly Musonda,Charly Musonda,Charly Musonda,Musonda,MID,Belgium,2017/18,2017/18,1,Chelsea,3,0
Shkodran Mustafi,Shkodran Mustafi,Shkodran Mustafi,Mustafi,DEF,Germany,2016/17,2020/21,5,Arsenal,102,7
Riga Mustapha,Riga Mustapha,Rahamat Riga Mustapha,Mustapha,FWD,Netherlands,2008/09,2009/10,2,Bolton,18,0
Robbie Mustoe,Robbie Mustoe,Robbie Mustoe,Mustoe,MID,England,1992/93,2002/03,8,Middlesbrough; Charlton,203,11
Andy Mutch,Andy Mutch,Andy Mutch,Mutch,FWD,England,1993/94,1993/94,1,Swindon,30,6
Jordon Mutch,Jordon Mutch,Jordon Mutch,Mutch,MID,England,2010/11,2016/17,5,Birmingham; Cardiff; Crystal Palace; QPR,78,7
Yoshinori Muto,Yoshinori Muto,Yoshinori Mutō,Muto,FWD,Japan,2018/19,2019/20,2,Newcastle,25,1
Adrian Mutu,Adrian Mutu,Adrian Mutu,Mutu,FWD,Romania,2003/04,2004/05,2,Chelsea,27,6
Arnold Mvuemba,Arnold Mvuemba,Arnold Mvuemba,Mvuemba,MID,France,2006/07,2008/09,3,Portsmouth,21,1
Enock Mwepu,Enock Mwepu,Enock Mwepu,Mwepu,MID,Zambia,2021/22,2022/23,2,Brighton,24,2
Andy Myers,Andy Myers,Andy Myers,Myers,DEF,England,1992/93,2000/01,9,Chelsea; Bradford,103,2
Boaz Myhill,Boaz Myhill,Boaz Myhill,Myhill,GK,Wales,2008/09,2017/18,8,Hull; West Brom,118,0
Thomas Myhre,Thomas Myhre,Thomas Myhre,Myhre,GK,Norway,1997/98,2006/07,7,Everton; Sunderland; Charlton,93,0
Vitaliy Mykolenko,Vitaliy Mykolenko,Vitaliy Mykolenko,Mykolenko,DEF,Ukraine,2021/22,2025/26,5,Everton,143,4
Alfred N'Diaye,Alfred N'Diaye,Alfred N'Diaye,N'Diaye,MID,Senegal,2012/13,2016/17,2,Sunderland; Hull,31,1
Dame N'Doye,Dame N'Doye,Dame N'Doye,N'Doye,FWD,Senegal,2014/15,2015/16,2,Hull; Sunderland,26,6
David N'Gog,David N'Gog,David N'Gog,N'Gog,FWD,France,2008/09,2013/14,5,Liverpool; Bolton; Swansea,99,12
Bruno N'Gotty,Bruno N'Gotty,Bruno N'Gotty,N'Gotty,DEF,France,2001/02,2005/06,5,Bolton,148,4
Dan N'Lundulu,Dan N'Lundulu,Dan N'Lundulu,N'Lundulu,FWD,England,2020/21,2020/21,1,Southampton,13,0
Charles N'Zogbia,Charles N'Zogbia,Charles N'Zogbia,N'Zogbia,MID,France,2004/05,2015/16,11,Newcastle; Wigan; Aston Villa,281,28
Christian Nade,Christian Nade,Christian Nadé,Nade,FWD,Ivory Coast,2006/07,2006/07,1,Sheffield Utd,25,3
Mehdi Nafti,Mehdi Nafti,Mehdi Nafti,Nafti,MID,Tunisia,2004/05,2007/08,3,Birmingham,37,0
Steven Naismith,Steven Naismith,Steven Naismith,Naismith,FWD,Scotland,2012/13,2015/16,4,Everton; Norwich,116,19
Marvelous Nakamba,Marvelous Nakamba,Marvelous Nakamba,Nakamba,MID,Zimbabwe,2019/20,2023/24,4,Aston Villa; Luton,71,0
Hidetoshi Nakata,Hidetoshi Nakata,Hidetoshi Nakata,Nakata,MID,Japan,2005/06,2005/06,1,Bolton,21,1
Lilian Nalis,Lilian Nalis,Lilian Nalis,Nalis,MID,France,2003/04,2003/04,1,Leicester,20,1
Nani,Nani,Nani,Nani,MID,Portugal,2007/08,2014/15,8,Man Utd,147,26
Luciano Narsingh,Luciano Narsingh,Luciano Narsingh,Narsingh,MID,Netherlands,2016/17,2017/18,2,Swansea,31,1
Carlo Nash,Carlo Nash,Carlo Nash,Nash,GK,England,2000/01,2004/05,4,Man City; Middlesbrough,18,0
Samir Nasri,Samir Nasri,Samir Nasri,Nasri,MID,France,2008/09,2018/19,10,Arsenal; Man City; West Ham,220,36
Matija Nastasic,Matija Nastasic,Matija Nastasić,Nastasic,DEF,Serbia,2012/13,2013/14,2,Man City,34,0
Kyle Naughton,Kyle Naughton,Kyle Naughton,Naughton,DEF,England,2009/10,2017/18,8,Spurs; Norwich; Swansea,176,1
Marc Navarro,Marc Navarro,Marc Navarro,Navarro,DEF,Spain,2018/19,2018/19,1,Watford,2,0
Jesus Navas,Jesus Navas,Jesús Navas,Navas,MID,Spain,2013/14,2016/17,4,Man City,123,4
Keylor Navas,Keylor Navas,Keylor Navas,Navas,GK,Costa Rica,2022/23,2022/23,1,Nottingham Forest,17,0
Noureddine Naybet,Noureddine Naybet,Noureddine Naybet,Naybet,DEF,Morocco,2004/05,2005/06,2,Spurs,30,1
Nayim,Nayim,Mohamed Ali Amar,Nayim,MID,Spain,1992/93,1992/93,1,Spurs,18,3
Lee Naylor,Lee Naylor,Lee Naylor,Naylor,DEF,England,2003/04,2003/04,1,Wolves,38,0
Richard Naylor,Richard Naylor,Richard Naylor,Naylor,FWD,England,2000/01,2001/02,2,Ipswich,27,2
Gary Naysmith,Gary Naysmith,Gary Naysmith,Naysmith,DEF,Scotland,2000/01,2006/07,7,Everton,134,6
George Ndah,George Ndah,George Ndah,Ndah,FWD,England,1992/93,1997/98,3,Crystal Palace,28,1
Badou Ndiaye,Badou Ndiaye,Badou Ndiaye,Ndiaye,MID,Senegal,2017/18,2017/18,1,Stoke,13,2
Iliman Ndiaye,Iliman Ndiaye,Iliman Ndiaye,Ndiaye,MID,Senegal,2020/21,2025/26,3,Sheffield Utd; Everton,66,15
Wilfred Ndidi,Wilfred Ndidi,Wilfred Ndidi,Ndidi,MID,Nigeria,2016/17,2024/25,8,Leicester,220,7
Michael Ndiweni,Michael Ndiweni,Michael Ndiweni,Ndiweni,FWD,England,2023/24,2023/24,1,Newcastle,1,0
Peter Ndlovu,Peter Ndlovu,Peter Ndlovu,Ndlovu,FWD,Zimbabwe,1992/93,1996/97,5,Coventry,154,35
Tanguy Ndombele,Tanguy Ndombele,Tanguy Ndombélé,Ndombélé,MID,France,2019/20,2021/22,3,Spurs,63,6
Didier Ndong,Didier Ndong,Didier Ndong,Ndong,MID,Gabon,2016/17,2016/17,1,Sunderland,31,1
Dan Ndoye,Dan Ndoye,Dan Ndoye,Ndoye,FWD,Switzerland,2025/26,2025/26,1,Nottingham Forest,24,1
Sean Neave,Sean Neave,Sean Neave,Neave,FWD,England,2025/26,2025/26,1,Newcastle,1,0
Kosta Nedeljkovic,Kosta Nedeljkovic,Kosta Nedeljković,Nedeljković,DEF,Serbia,2024/25,2024/25,1,Aston Villa,5,0
Christian Negouai,Christian Negouai,Christian Negouai,Negouai,MID,France,2004/05,2004/05,1,Man City,1,0
Alvaro Negredo,Alvaro Negredo,Álvaro Negredo,Negredo,FWD,Spain,2013/14,2016/17,2,Man City; Middlesbrough,68,18
Dan Neil,Dan Neil,Dan Neil,Neil,MID,England,2025/26,2025/26,1,Sunderland,3,0
Lucas Neill,Lucas Neill,Lucas Neill,Neill,DEF,Australia,2001/02,2009/10,9,Blackburn; West Ham; Everton,279,6
Alan Neilson,Alan Neilson,Alan Neilson,Neilson,DEF,Wales,1993/94,1997/98,5,Newcastle; Southampton,75,0
Ryan Nelsen,Ryan Nelsen,Ryan Nelsen,Nelsen,DEF,New Zealand,2004/05,2012/13,9,Blackburn; Spurs; QPR,198,9
Fernando Nelson,Fernando Nelson,Fernando Nélson,Nelson,DEF,Portugal,1996/97,1997/98,2,Aston Villa,59,0
Reiss Nelson,Reiss Nelson,Reiss Nelson,Nelson,FWD,England,2017/18,2025/26,8,Arsenal; Fulham; Brentford,71,5
Zack Nelson,Zack Nelson,Zack Nelson,Nelson,MID,England,2023/24,2023/24,1,Luton,2,0
Szilard Nemeth,Szilard Nemeth,Szilárd Németh,Nemeth,FWD,Slovakia,2001/02,2005/06,5,Middlesbrough,117,23
Nene,Nene,Nenê,Nene,MID,Brazil,2014/15,2014/15,1,West Ham,8,0
Stuart Nethercott,Stuart Nethercott,Stuart Nethercott,Nethercott,DEF,England,1992/93,1996/97,5,Spurs,54,0
Neto,Neto,Norberto Murara Neto,Neto,GK,Brazil,2022/23,2024/25,3,Bournemouth,61,0
Pedro Neto,Pedro Neto,Pedro Lomba Neto,Neto,FWD,Portugal,2019/20,2025/26,7,Wolves; Chelsea,180,20
Luca Netz,Luca Netz,Luca Netz,Netz,DEF,Germany,2025/26,2025/26,1,Nottingham Forest,7,0
Ruben Neves,Ruben Neves,Rúben Neves,Neves,MID,Portugal,2018/19,2022/23,5,Wolves,177,21
Gary Neville,Gary Neville,Gary Neville,Neville,DEF,England,1993/94,2010/11,17,Man Utd,400,5
Phil Neville,Phil Neville,Phil Neville,Neville,DEF,England,1994/95,2012/13,19,Man Utd; Everton,505,9
Erik Nevland,Erik Nevland,Erik Nevland,Nevland,FWD,Norway,1997/98,2009/10,4,Man Utd; Fulham,53,9
Jon Newby,Jon Newby,Jon Newby,Newby,FWD,England,1999/00,1999/00,1,Liverpool,1,0
Mike Newell,Mike Newell,Mike Newell,Newell,FWD,England,1992/93,1996/97,5,Blackburn; West Ham,117,22
Aidan Newhouse,Aidan Newhouse,Aidan Newhouse,Newhouse,FWD,England,1992/93,1992/93,1,Wimbledon,1,1
Ricky Newman,Ricky Newman,Ricky Newman,Newman,MID,England,1992/93,1994/95,2,Crystal Palace,37,3
Rob Newman,Rob Newman,Rob Newman,Newman,DEF,England,1992/93,1994/95,3,Norwich,82,5
Jon Newsome,Jon Newsome,Jon Newsome,Newsome,DEF,England,1992/93,1999/00,8,Leeds; Norwich; Sheffield Wed,155,8
Adam Newton,Adam Newton,Adam Newton,Newton,DEF,St Kitts and Nevis,1999/00,1999/00,1,West Ham,2,0
Eddie Newton,Eddie Newton,Eddie Newton,Newton,MID,England,1992/93,1998/99,7,Chelsea,164,7
Shaun Newton,Shaun Newton,Shaun Newton,Newton,MID,England,1998/99,2006/07,5,Charlton; Wolves; West Ham,83,1
Jeremy Ngakia,Jeremy Ngakia,Jeremy Ngakia,Ngakia,DEF,England,2019/20,2021/22,2,West Ham; Watford,21,0
Michel Ngonge,Michel Ngonge,Michel Ngonge,Ngonge,FWD,DR Congo,1999/00,1999/00,1,Watford,23,5
Julien Ngoy,Julien Ngoy,Julien Ngoy,Ngoy,FWD,Belgium,2016/17,2017/18,2,Stoke,6,0
Rio Ngumoha,Rio Ngumoha,Rio Ngumoha,Ngumoha,FWD,England,2025/26,2025/26,1,Liverpool,19,2
Moussa Niakhate,Moussa Niakhate,Moussa Niakhaté,Niakhaté,DEF,Senegal,2022/23,2023/24,2,Nottingham Forest,35,1
Mbaye Niang,Mbaye Niang,Mbaye Niang,Niang,FWD,Senegal,2016/17,2016/17,1,Watford,16,2
Oumar Niasse,Oumar Niasse,Oumar Niasse,Niasse,FWD,Senegal,2015/16,2019/20,5,Everton; Hull; Cardiff,65,12
Mark Nicholls,Mark Nicholls,Mark Nicholls,Nicholls,FWD,England,1996/97,1998/99,3,Chelsea,36,3
Stuart Nicholson,Stuart Nicholson,Stuart Nicholson,Nicholson,FWD,England,2005/06,2005/06,1,West Brom,4,0
Steve Nicol,Steve Nicol,Steve Nicol,Nicol,MID,Scotland,1992/93,1997/98,6,Liverpool; Sheffield Wed,116,1
Alexis Nicolas,Alexis Nicolas,Alexis Nicolas,Nicolas,MID,England,2003/04,2003/04,1,Chelsea,2,0
Allan Nielsen,Allan Nielsen,Allan Nielsen,Nielsen,MID,Denmark,1996/97,1999/00,4,Spurs,97,12
Gunnar Nielsen,Gunnar Nielsen,Gunnar Nielsen,Nielsen,GK,Faroe Islands,2009/10,2009/10,1,Man City,1,0
Antti Niemi,Antti Niemi,Antti Niemi,Niemi,GK,Finland,2002/03,2007/08,6,Southampton; Fulham,143,0
Luc Nijholt,Luc Nijholt,Luc Nijholt,Nijholt,DEF,Netherlands,1993/94,1993/94,1,Swindon,32,1
Luc Nilis,Luc Nilis,Luc Nilis,Nilis,FWD,Belgium,2000/01,2000/01,1,Aston Villa,3,1
Roger Nilsen,Roger Nilsen,Roger Nilsen,Nilsen,DEF,Norway,1993/94,1998/99,2,Sheffield Utd; Spurs,25,0
Mikael Nilsson,Mikael Nilsson,Mikael Nilsson,Nilsson,MID,Sweden,2004/05,2004/05,1,Southampton,16,0
Roland Nilsson,Roland Nilsson,Roland Nilsson,Nilsson,DEF,Sweden,1992/93,1998/99,4,Sheffield Wed; Coventry,130,1
Frederic Nimani,Frederic Nimani,Frédéric Nimani,Nimani,FWD,France,2009/10,2009/10,1,Burnley,2,0
Alex Nimely,Alex Nimely,Alex Nimely,Nimely,FWD,England,2009/10,2009/10,1,Man City,1,0
Avi Nimni,Avi Nimni,Avi Nimni,Nimni,MID,Israel,1999/00,1999/00,1,Derby,4,1
Clinton Njie,Clinton Njie,Clinton N'Jie,Njie,FWD,Cameroon,2015/16,2015/16,1,Spurs,8,0
Eddie Nketiah,Eddie Nketiah,Eddie Nketiah,Nketiah,FWD,England,2017/18,2025/26,9,Arsenal; Crystal Palace,157,24
Georges-Kevin Nkoudou,Georges-Kevin Nkoudou,Georges-Kévin Nkoudou,Nkoudou,MID,France,2016/17,2019/20,4,Spurs; Burnley,19,0
Nicolas Nkoulou,Nicolas Nkoulou,Nicolas Nkoulou,Nkoulou,DEF,Cameroon,2021/22,2021/22,1,Watford,3,0
Niels Nkounkou,Niels Nkounkou,Niels Nkounkou,Nkounkou,DEF,France,2020/21,2020/21,1,Everton,2,0
Christopher Nkunku,Christopher Nkunku,Christopher Nkunku,Nkunku,FWD,France,2023/24,2024/25,2,Chelsea,38,6
Lukas Nmecha,Lukas Nmecha,Lukas Nmecha,Nmecha,FWD,Germany,2017/18,2025/26,2,Man City; Leeds,33,6
Mark Noble,Mark Noble,Mark Noble,Noble,MID,England,2005/06,2021/22,16,West Ham,414,47
Ryan Noble,Ryan Noble,Ryan Noble,Noble,FWD,England,2010/11,2011/12,2,Sunderland,5,0
Antonio Nocerino,Antonio Nocerino,Antonio Nocerino,Nocerino,MID,Italy,2013/14,2013/14,1,West Ham,10,0
Gifton Noel-Williams,Gifton Noel-Williams,Gifton Noel-Williams,Noel-Williams,FWD,England,1999/00,1999/00,1,Watford,3,0
Ian Nolan,Ian Nolan,Ian Nolan,Nolan,DEF,Northern Ireland,1994/95,2000/01,6,Sheffield Wed; Bradford,186,4
Kevin Nolan,Kevin Nolan,Kevin Nolan,Nolan,MID,England,2001/02,2015/16,13,Bolton; Newcastle; West Ham,401,69
Nolito,Nolito,Nolito,Nolito,FWD,Spain,2016/17,2016/17,1,Man City,19,4
Shabani Nonda,Shabani Nonda,Shabani Nonda,Nonda,FWD,DR Congo,2006/07,2006/07,1,Blackburn,26,7
Craig Noone,Craig Noone,Craig Noone,Noone,MID,England,2013/14,2013/14,1,Cardiff,17,1
Kristoffer Nordfeldt,Kristoffer Nordfeldt,Kristoffer Nordfeldt,Nordfeldt,GK,Sweden,2015/16,2016/17,2,Swansea,2,0
Havard Nordtveit,Havard Nordtveit,Håvard Nordtveit,Nordtveit,DEF,Norway,2016/17,2018/19,2,West Ham; Fulham,21,0
Lee Norfolk,Lee Norfolk,Lee Norfolk,Norfolk,MID,New Zealand,1994/95,1994/95,1,Ipswich,3,0
Christian Norgaard,Christian Norgaard,Christian Nørgaard,Norgaard,MID,Denmark,2021/22,2025/26,5,Brentford; Arsenal,129,11
Mathias Normann,Mathias Normann,Mathias Normann,Normann,MID,Norway,2021/22,2021/22,1,Norwich,23,1
Runar Normann,Runar Normann,Runar Normann,Normann,MID,Norway,1999/00,1999/00,1,Coventry,8,0
Rhys Norrington-Davies,Rhys Norrington-Davies,Rhys Norrington-Davies,Norrington-Davies,DEF,Wales,2023/24,2023/24,1,Sheffield Utd,5,0
Will Norris,Will Norris,Will Norris,Norris,GK,England,2018/19,2020/21,2,Wolves; Burnley,3,0
Oliver Norwood,Oliver Norwood,Oliver Norwood,Norwood,MID,Northern Ireland,2019/20,2023/24,3,Sheffield Utd,97,2
Nyron Nosworthy,Nyron Nosworthy,Nyron Nosworthy,Nosworthy,DEF,Jamaica,2005/06,2009/10,4,Sunderland,85,0
Frank Nouble,Frank Nouble,Frank Nouble,Nouble,FWD,England,2009/10,2010/11,2,West Ham,10,0
Savio Nsereko,Savio Nsereko,Savio Nsereko,Nsereko,FWD,Germany,2008/09,2008/09,1,West Ham,10,0
Emilio Nsue,Emilio Nsue,Emilio Nsue,Nsue,MID,Equatorial Guinea,2016/17,2016/17,1,Middlesbrough,4,0
David Nugent,David Nugent,David Nugent,Nugent,FWD,England,2007/08,2016/17,5,Portsmouth; Burnley; Leicester; Middlesbrough,97,14
Gustavo Nunes,Gustavo Nunes,Gustavo Nunes,Nunes,FWD,Brazil,2024/25,2024/25,1,Brentford,3,0
Matheus Nunes,Matheus Nunes,Matheus Nunes,Nunes,MID,Portugal,2022/23,2025/26,4,Wolves; Man City,113,3
Antonio Nunez,Antonio Nunez,Antonio Núñez,Nunez,MID,Spain,2004/05,2004/05,1,Liverpool,18,0
Darwin Nunez,Darwin Nunez,Darwin Núñez,Nunez,FWD,Uruguay,2022/23,2024/25,3,Liverpool,95,25
Milton Nunez,Milton Nunez,Milton Núñez,Nunez,FWD,Honduras,1999/00,1999/00,1,Sunderland,1,0
Ethan Nwaneri,Ethan Nwaneri,Ethan Nwaneri,Nwaneri,MID,England,2022/23,2025/26,4,Arsenal,34,4
Alex Nyarko,Alex Nyarko,Alex Nyarko,Nyarko,MID,Ghana,2000/01,2003/04,2,Everton,33,1
Lewin Nyatanga,Lewin Nyatanga,Lewin Nyatanga,Nyatanga,DEF,Wales,2007/08,2007/08,1,Derby,2,1
Orjan Nyland,Orjan Nyland,Ørjan Nyland,Nyland,GK,Norway,2019/20,2019/20,1,Aston Villa,7,0
Allan Nyom,Allan Nyom,Allan-Roméo Nyom,Nyom,DEF,Cameroon,2015/16,2017/18,3,Watford; West Brom,93,0
Trey Nyoni,Trey Nyoni,Trey Nyoni,Nyoni,MID,England,2025/26,2025/26,1,Liverpool,6,0
Steven Nzonzi,Steven Nzonzi,Steven N'Zonzi,Nzonzi,MID,France,2009/10,2014/15,6,Blackburn; Stoke,195,11
Alan O'Brien,Alan O'Brien,Alan O'Brien,O'Brien,MID,Republic of Ireland,2005/06,2006/07,2,Newcastle,5,0
Andy O'Brien,Andy O'Brien,Andy O'Brien,O'Brien,DEF,Republic of Ireland,1999/00,2010/11,12,Bradford; Newcastle; Portsmouth; Bolton,280,8
Jake O'Brien,Jake O'Brien,Jake O'Brien,O'Brien,DEF,Republic of Ireland,2024/25,2025/26,2,Everton,57,3
Joey O'Brien,Joey O'Brien,Joey O'Brien,O'Brien,MID,Republic of Ireland,2004/05,2014/15,7,Bolton; West Ham,109,2
Lewis O'Brien,Lewis O'Brien,Lewis O'Brien,O'Brien,MID,England,2022/23,2022/23,1,Nottingham Forest,13,1
Liam O'Brien,Liam O'Brien,Liam O'Brien,O'Brien,MID,Republic of Ireland,1993/94,1993/94,1,Newcastle,6,0
Jack O'Connell,Jack O'Connell,Jack O'Connell,O'Connell,DEF,England,2019/20,2020/21,2,Sheffield Utd,35,0
Garry O'Connor,Garry O'Connor,Garry O'Connor,O'Connor,FWD,Scotland,2007/08,2010/11,3,Birmingham,36,3
Jon O'Connor,Jon O'Connor,Jon O'Connor,O'Connor,DEF,England,1995/96,1997/98,2,Everton,5,0
Phil O'Donnell,Phil O'Donnell,Phil O'Donnell,O'Donnell,MID,Scotland,1999/00,1999/00,1,Sheffield Wed,1,0
Roy O'Donovan,Roy O'Donovan,Roy O'Donovan,O'Donovan,FWD,Republic of Ireland,2007/08,2007/08,1,Sunderland,17,0
Keith O'Halloran,Keith O'Halloran,Keith O'Halloran,O'Halloran,MID,Republic of Ireland,1995/96,1995/96,1,Middlesbrough,3,0
Jamie O'Hara,Jamie O'Hara,Jamie O'Hara,O'Hara,MID,England,2007/08,2011/12,5,Spurs; Portsmouth; Wolves,93,9
Eunan O'Kane,Eunan O'Kane,Eunan O'Kane,O'Kane,MID,Republic of Ireland,2015/16,2015/16,1,Bournemouth,16,0
John O'Kane,John O'Kane,John O'Kane,O'Kane,DEF,England,1995/96,1998/99,4,Man Utd; Everton,16,0
Stuart O'Keefe,Stuart O'Keefe,Stuart O'Keefe,O'Keefe,MID,England,2013/14,2014/15,2,Crystal Palace,14,1
David O'Leary,David O'Leary,David O'Leary,O'Leary,DEF,Republic of Ireland,1992/93,1993/94,2,Arsenal; Leeds,21,0
Mark O'Mahony,Mark O'Mahony,Mark O'Mahony,O'Mahony,FWD,Republic of Ireland,2023/24,2023/24,1,Brighton,3,0
Brian O'Neil,Brian O'Neil,Brian O'Neil,O'Neil,DEF,Scotland,1996/97,2001/02,3,Nottingham Forest; Derby,19,0
Gary O'Neil,Gary O'Neil,Gary O'Neil,O'Neil,MID,England,2003/04,2015/16,9,Portsmouth; Middlesbrough; West Ham; Norwich,214,16
Liam O'Neil,Liam O'Neil,Liam O'Neil,O'Neil,DEF,England,2013/14,2013/14,1,West Brom,3,0
Aiden O'Neill,Aiden O'Neill,Aiden O'Neill,O'Neill,MID,Australia,2016/17,2016/17,1,Burnley,3,0
Keith O'Neill,Keith O'Neill,Keith O'Neill,O'Neill,MID,Republic of Ireland,1994/95,2000/01,4,Norwich; Middlesbrough,38,0
Michael O'Neill,Michael O'Neill,Michael O'Neill,O'Neill,MID,Northern Ireland,1996/97,1997/98,2,Coventry,5,0
Luke O'Nien,Luke O'Nien,Luke O'Nien,O'Nien,DEF,England,2025/26,2025/26,1,Sunderland,12,0
Nico O'Reilly,Nico O'Reilly,Nico O'Reilly,O'Reilly,DEF,England,2024/25,2025/26,2,Man City,43,7
Matt O'Riley,Matt O'Riley,Matt O'Riley,O'Riley,MID,Denmark,2024/25,2025/26,2,Brighton,27,3
Dara O'Shea,Dara O'Shea,Dara O'Shea,O'Shea,DEF,Republic of Ireland,2020/21,2024/25,3,West Brom; Burnley; Ipswich,96,3
Jay O'Shea,Jay O'Shea,Jay O'Shea,O'Shea,MID,Republic of Ireland,2009/10,2009/10,1,Birmingham,1,0
John O'Shea,John O'Shea,John O'Shea,O'Shea,DEF,Republic of Ireland,2001/02,2016/17,16,Man Utd; Sunderland,445,13
Andy Oakes,Andy Oakes,Andy Oakes,Oakes,GK,England,2000/01,2004/05,3,Derby; Bolton,27,0
Michael Oakes,Michael Oakes,Michael Oakes,Oakes,GK,England,1996/97,2003/04,4,Aston Villa; Wolves,72,0
Scott Oakes,Scott Oakes,Scott Oakes,Oakes,MID,England,1996/97,1998/99,3,Sheffield Wed,24,1
Stefan Oakes,Stefan Oakes,Stefan Oakes,Oakes,MID,England,1998/99,2001/02,4,Leicester,59,2
Matt Oakley,Matt Oakley,Matt Oakley,Oakley,MID,England,1994/95,2007/08,12,Southampton; Derby,251,15
Temitope Obadeyi,Temitope Obadeyi,Temitope Obadeyi,Obadeyi,FWD,England,2008/09,2008/09,1,Bolton,3,0
Michael Obafemi,Michael Obafemi,Michael Obafemi,Obafemi,FWD,Republic of Ireland,2017/18,2023/24,5,Southampton; Burnley,34,4
Gabriel Obertan,Gabriel Obertan,Gabriel Obertan,Obertan,MID,France,2009/10,2015/16,7,Man Utd; Newcastle,72,2
Chidozie Obi-Martin,Chidozie Obi-Martin,Chidozie Obi-Martin,Obi-Martin,FWD,Denmark,2024/25,2024/25,1,Man Utd,7,0
Pedro Obiang,Pedro Obiang,Pedro Obiang,Obiang,MID,Equatorial Guinea,2015/16,2018/19,4,West Ham,91,3
Victor Obinna,Victor Obinna,Victor Obinna,Obinna,FWD,Nigeria,2010/11,2010/11,1,West Ham,25,3
Martin Odegaard,Martin Odegaard,Martin Ødegaard,Odegaard,MID,Norway,2020/21,2025/26,6,Arsenal,176,35
Peter Odemwingie,Peter Odemwingie,Peter Odemwingie,Odemwingie,FWD,Nigeria,2010/11,2015/16,6,West Brom; Cardiff; Stoke,129,36
Vadis Odjidja-Ofoe,Vadis Odjidja-Ofoe,Vadis Odjidja-Ofoe,Odjidja-Ofoe,MID,Belgium,2015/16,2015/16,1,Norwich,10,0
Wilson Odobert,Wilson Odobert,Wilson Odobert,Odobert,FWD,France,2023/24,2025/26,3,Burnley; Spurs,69,4
Denis Odoi,Denis Odoi,Denis Odoi,Odoi,DEF,Belgium,2018/19,2020/21,2,Fulham,34,0
Odeluga Offiah,Odeluga Offiah,Odeluga Offiah,Offiah,DEF,England,2022/23,2023/24,2,Brighton,6,0
Chiedozie Ogbene,Chiedozie Ogbene,Chiedozie Ogbene,Ogbene,MID,Republic of Ireland,2023/24,2024/25,2,Luton; Ipswich,35,4
Angelo Ogbonna,Angelo Ogbonna,Angelo Ogbonna,Ogbonna,DEF,Italy,2015/16,2023/24,9,West Ham,201,8
Steve Ogrizovic,Steve Ogrizovic,Steve Ogrizovic,Ogrizovic,GK,England,1992/93,1999/00,8,Coventry,191,0
Sheyi Ojo,Sheyi Ojo,Sheyi Ojo,Ojo,FWD,England,2015/16,2015/16,1,Liverpool,8,0
Noah Okafor,Noah Okafor,Noah Okafor,Okafor,FWD,Switzerland,2025/26,2025/26,1,Leeds,28,8
Stefano Okaka,Stefano Okaka,Stefano Okaka,Okaka,FWD,Italy,2009/10,2018/19,4,Fulham; Watford,47,7
Shinji Okazaki,Shinji Okazaki,Shinji Okazaki,Okazaki,FWD,Japan,2015/16,2018/19,4,Leicester,114,14
Jay-Jay Okocha,Jay-Jay Okocha,Jay-Jay Okocha,Okocha,MID,Nigeria,2002/03,2005/06,4,Bolton,124,14
Caleb Okoli,Caleb Okoli,Caleb Okoli,Okoli,DEF,Italy,2024/25,2024/25,1,Leicester,19,1
Paul Okon,Paul Okon,Paul Okon,Okon,MID,Australia,2000/01,2002/03,3,Middlesbrough; Leeds,43,0
Jores Okore,Jores Okore,Jores Okore,Okore,DEF,Denmark,2013/14,2015/16,3,Aston Villa,38,1
Isaac Okoronkwo,Isaac Okoronkwo,Isaac Okoronkwo,Okoronkwo,DEF,Nigeria,2003/04,2003/04,1,Wolves,7,0
Michael Olakigbe,Michael Olakigbe,Michael Olakigbe,Olakigbe,MID,England,2023/24,2023/24,1,Brentford,8,0
David Oldfield,David Oldfield,David Oldfield,Oldfield,MID,England,1994/95,1994/95,1,Leicester,14,1
Salomon Olembe,Salomon Olembe,Salomon Olembé,Olembe,MID,Cameroon,2003/04,2007/08,2,Leeds; Wigan,20,0
Emmanuel Olisadebe,Emmanuel Olisadebe,Emmanuel Olisadebe,Olisadebe,FWD,Poland,2005/06,2005/06,1,Portsmouth,2,0
Michael Olise,Michael Olise,Michael Akpovie Olise,Olise,FWD,France,2021/22,2023/24,3,Crystal Palace,82,14
Filipe Oliveira,Filipe Oliveira,Filipe Oliveira,Oliveira,FWD,Portugal,2002/03,2004/05,3,Chelsea,5,0
Nelson Oliveira,Nelson Oliveira,Nélson Oliveira,Oliveira,FWD,Portugal,2014/15,2014/15,1,Swansea,10,1
Ian Olney,Ian Olney,Ian Olney,Olney,FWD,England,1992/93,1993/94,2,Oldham,44,13
Seyi Olofinjana,Seyi Olofinjana,Seyi George Olofinjana,Olofinjana,MID,Nigeria,2008/09,2009/10,2,Stoke; Hull,37,3
Robin Olsen,Robin Olsen,Robin Olsen,Olsen,GK,Sweden,2020/21,2024/25,5,Everton; Aston Villa,21,0
Jonas Olsson,Jonas Olsson,Jonas Olsson,Olsson,DEF,Sweden,2008/09,2016/17,8,West Brom,201,8
Marcus Olsson,Marcus Olsson,Marcus Olsson,Olsson,MID,Sweden,2011/12,2011/12,1,Blackburn,12,0
Martin Olsson,Martin Olsson,Martin Olsson,Olsson,DEF,Sweden,2007/08,2017/18,9,Blackburn; Norwich; Swansea,197,6
Callum Olusesi,Callum Olusesi,Callum Olusesi,Olusesi,MID,England,2025/26,2025/26,1,Spurs,1,0
Andrew Omobamidele,Andrew Omobamidele,Andrew Omobamidele,Omobamidele,DEF,Republic of Ireland,2021/22,2023/24,2,Norwich; Nottingham Forest,16,1
Manny Omoyinmi,Manny Omoyinmi,Emmanuel Omoyinmi,Omoyinmi,MID,England,1996/97,1998/99,3,West Ham,9,2
Elliot Omozusi,Elliot Omozusi,Elliot Omozusi,Omozusi,DEF,England,2007/08,2007/08,1,Fulham,8,0
Amadou Onana,Amadou Onana,Amadou Onana,Onana,MID,Belgium,2022/23,2025/26,4,Everton; Aston Villa,114,8
Andre Onana,Andre Onana,André Onana,Onana,GK,Cameroon,2023/24,2024/25,2,Man Utd,72,0
Josh Onomah,Josh Onomah,Joshua Onomah,Onomah,MID,England,2015/16,2022/23,4,Spurs; Fulham,26,0
Paul Onuachu,Paul Onuachu,Paul Onuachu,Onuachu,FWD,Nigeria,2022/23,2024/25,2,Southampton,36,4
Nedum Onuoha,Nedum Onuoha,Nedum Onuoha,Onuoha,DEF,England,2004/05,2014/15,10,Man City; Sunderland; QPR,188,4
Tyler Onyango,Tyler Onyango,Tyler Onyango,Onyango,MID,England,2021/22,2023/24,2,Everton,4,0
Fred Onyedinma,Fred Onyedinma,Fred Onyedinma,Onyedinma,MID,Nigeria,2023/24,2023/24,1,Luton,8,0
Frank Onyeka,Frank Onyeka,Frank Onyeka,Onyeka,MID,Nigeria,2021/22,2025/26,5,Brentford,75,1
Oguchi Onyewu,Oguchi Onyewu,Oguchi Onyewu,Onyewu,DEF,United States,2006/07,2006/07,1,Newcastle,11,0
Ryan One,Ryan One,Ryan Oné,Oné,FWD,Scotland,2023/24,2023/24,1,Sheffield Utd,1,0
Andre Ooijer,Andre Ooijer,André Ooijer,Ooijer,DEF,Netherlands,2006/07,2008/09,3,Blackburn,79,2
Richard Ord,Richard Ord,Richard Ord,Ord,DEF,England,1996/97,1996/97,1,Sunderland,33,2
Lewis Orford,Lewis Orford,Lewis Orford,Orford,MID,England,2024/25,2024/25,1,West Ham,2,0
Divock Origi,Divock Origi,Divock Origi,Origi,FWD,Belgium,2015/16,2023/24,8,Liverpool; Nottingham Forest,127,22
Nehemiah Oriola,Nehemiah Oriola,Nehemiah Oriola,Oriola,MID,England,2025/26,2025/26,1,Brighton,1,0
Andrea Orlandi,Andrea Orlandi,Andrea Orlandi,Orlandi,MID,Spain,2011/12,2011/12,1,Swansea,3,1
Toddy Orlygsson,Toddy Orlygsson,Þorvaldur Örlygsson,Orlygsson,MID,Iceland,1992/93,1992/93,1,Nottingham Forest,20,1
Anthony Ormerod,Anthony Ormerod,Anthony Ormerod,Ormerod,MID,England,1999/00,1999/00,1,Middlesbrough,1,0
Brett Ormerod,Brett Ormerod,Brett Ormerod,Ormerod,FWD,England,2001/02,2010/11,5,Southampton; Blackpool,99,12
Ian Ormondroyd,Ian Ormondroyd,Ian Ormondroyd,Ormondroyd,FWD,England,1994/95,1994/95,1,Leicester,6,0
Bradley Orr,Bradley Orr,Bradley Orr,Orr,DEF,England,2011/12,2011/12,1,Blackburn; QPR,18,0
Stefan Ortega,Stefan Ortega,Stefan Ortega,Ortega,GK,Germany,2022/23,2025/26,4,Man City; Nottingham Forest,28,0
Mislav Orsic,Mislav Orsic,Mislav Oršić,Oršić,MID,Croatia,2022/23,2022/23,1,Southampton,1,0
Ben Osborn,Ben Osborn,Ben Osborn,Osborn,MID,England,2019/20,2023/24,3,Sheffield Utd,61,1
Simon Osborn,Simon Osborn,Simon Osborn,Osborn,MID,England,1992/93,1995/96,2,Crystal Palace; QPR,40,3
Isaiah Osbourne,Isaiah Osbourne,Isaiah Osbourne,Osbourne,MID,England,2006/07,2007/08,2,Aston Villa,19,0
Oscar,Oscar,Oscar,Oscar,MID,Brazil,2012/13,2016/17,5,Chelsea,131,21
Gabriel Osho,Gabriel Osho,Gabriel Osho,Osho,DEF,England,2023/24,2023/24,1,Luton,21,2
Leon Osman,Leon Osman,Leon Osman,Osman,MID,England,2002/03,2015/16,14,Everton,352,44
David Ospina,David Ospina,David Ospina,Ospina,GK,Colombia,2014/15,2017/18,4,Arsenal,29,0
Egil Ostenstad,Egil Ostenstad,Egil Johan Østenstad,Ostenstad,FWD,Norway,1996/97,2002/03,7,Southampton; Man City; Blackburn,121,29
John Oster,John Oster,John Oster,Oster,MID,Wales,1997/98,2007/08,7,Everton; Sunderland; Reading,104,2
William Osula,William Osula,William Osula,Osula,FWD,Denmark,2023/24,2025/26,3,Sheffield Utd; Newcastle,59,8
Pablo Osvaldo,Pablo Osvaldo,Pablo Daniel Osvaldo,Osvaldo,FWD,Italy,2013/14,2013/14,1,Southampton,13,3
Nicolas Otamendi,Nicolas Otamendi,Nicolás Otamendi,Otamendi,DEF,Argentina,2015/16,2019/20,5,Man City,136,8
Owen Otasowie,Owen Otasowie,Owen Otasowie,Otasowie,MID,United States,2020/21,2020/21,1,Wolves,6,0
Jon Otsemobor,Jon Otsemobor,Jon Otsemobor,Otsemobor,DEF,England,2003/04,2003/04,1,Bolton; Liverpool,5,0
Abdeslam Ouaddou,Abdeslam Ouaddou,Abdeslam Ouaddou,Ouaddou,DEF,Morocco,2001/02,2002/03,2,Fulham,21,0
Dango Ouattara,Dango Ouattara,Dango Ouattara,Ouattara,FWD,Burkina Faso,2022/23,2025/26,4,Bournemouth; Brentford,113,16
Borja Oubina,Borja Oubina,Borja Oubiña,Oubina,MID,Spain,2007/08,2007/08,1,Birmingham,2,0
Obbi Oulare,Obbi Oulare,Obbi Oularé,Oulare,FWD,Belgium,2015/16,2015/16,1,Watford,2,0
Marc Overmars,Marc Overmars,Marc Overmars,Overmars,MID,Netherlands,1997/98,1999/00,3,Arsenal,100,25
Bryan Oviedo,Bryan Oviedo,Bryan Oviedo,Oviedo,DEF,Costa Rica,2012/13,2016/17,5,Everton; Sunderland,60,2
Michael Owen,Michael Owen,Michael Owen,Owen,FWD,England,1996/97,2012/13,16,Liverpool; Newcastle; Man Utd; Stoke,326,150
Quincy Owusu-Abeyie,Quincy Owusu-Abeyie,Quincy Owusu-Abeyie,Owusu-Abeyie,FWD,Ghana,2004/05,2009/10,3,Arsenal; Portsmouth,15,0
Reece Oxford,Reece Oxford,Reece Oxford,Oxford,DEF,England,2015/16,2017/18,2,West Ham,8,0
Alex Oxlade-Chamberlain,Alex Oxlade-Chamberlain,Alex Oxlade-Chamberlain,Oxlade-Chamberlain,MID,England,2011/12,2022/23,12,Arsenal; Liverpool,235,20
Mesut Ozil,Mesut Ozil,Mesut Özil,Ozil,MID,Germany,2013/14,2019/20,7,Arsenal,184,33
David Ozoh,David Ozoh,David Ozoh,Ozoh,MID,England,2022/23,2023/24,2,Crystal Palace,10,0
Mixu Paatelainen,Mixu Paatelainen,Mika-Matti Paatelainen,Paatelainen,FWD,Finland,1995/96,1995/96,1,Bolton,15,1
Pablo,Pablo,Pablo Felipe,Pablo,FWD,Brazil,2025/26,2025/26,1,West Ham,14,0
Dani Pacheco,Dani Pacheco,Daniel Pacheco,Pacheco,FWD,Spain,2009/10,2010/11,2,Liverpool,5,0
Daniele Padelli,Daniele Padelli,Daniele Padelli,Padelli,GK,Italy,2006/07,2006/07,1,Liverpool,1,0
Michele Padovano,Michele Padovano,Michele Padovano,Padovano,FWD,Italy,1997/98,1997/98,1,Crystal Palace,10,1
Robert Page,Robert Page,Robert Page,Page,DEF,Wales,1999/00,1999/00,1,Watford,36,1
Marian Pahars,Marian Pahars,Marians Pahars,Pahars,FWD,Latvia,1998/99,2003/04,6,Southampton,129,42
Marcos Painter,Marcos Painter,Marcos Painter,Painter,DEF,Republic of Ireland,2005/06,2005/06,1,Birmingham,4,0
John Paintsil,John Paintsil,John Paintsil,Paintsil,DEF,Ghana,2006/07,2010/11,5,West Ham; Fulham,94,0
Wilson Palacios,Wilson Palacios,Wilson Palacios,Palacios,MID,Honduras,2007/08,2013/14,7,Birmingham; Wigan; Spurs; Stoke,147,1
Gabriel Paletta,Gabriel Paletta,Gabriel Paletta,Paletta,DEF,Italy,2006/07,2006/07,1,Liverpool,3,0
Joao Palhinha,Joao Palhinha,João Palhinha,Palhinha,MID,Portugal,2022/23,2025/26,3,Fulham; Spurs,101,12
Gary Pallister,Gary Pallister,Gary Pallister,Pallister,DEF,England,1992/93,2000/01,9,Man Utd; Middlesbrough,261,9
Alex Palmer,Alex Palmer,Alex Palmer,Palmer,GK,England,2024/25,2024/25,1,Ipswich,13,0
Carlton Palmer,Carlton Palmer,Carlton Palmer,Palmer,MID,England,1992/93,2000/01,9,Sheffield Wed; Leeds; Southampton; Nottingham Forest; Coventry,261,15
Cole Palmer,Cole Palmer,Cole Palmer,Palmer,FWD,England,2021/22,2025/26,5,Man City; Chelsea,115,47
Kasey Palmer,Kasey Palmer,Kasey Palmer,Palmer,MID,England,2017/18,2017/18,1,Huddersfield,4,0
Roger Palmer,Roger Palmer,Roger Palmer,Palmer,FWD,England,1992/93,1993/94,2,Oldham,25,0
Steve Palmer,Steve Palmer,Steve Palmer,Palmer,DEF,England,1992/93,1999/00,4,Ipswich; Watford,93,1
Alberto Paloschi,Alberto Paloschi,Alberto Paloschi,Paloschi,FWD,Italy,2015/16,2015/16,1,Swansea,10,2
Noe Pamarot,Noe Pamarot,Noé Pamarot,Pamarot,DEF,France,2004/05,2008/09,5,Spurs; Portsmouth,90,4
James Panayi,James Panayi,James Panayi,Panayi,MID,England,1999/00,1999/00,1,Watford,2,0
Walter Pandiani,Walter Pandiani,Wálter Pandiani,Pandiani,FWD,Uruguay,2004/05,2005/06,2,Birmingham,31,6
Costel Pantilimon,Costel Pantilimon,Costel Pantilimon,Pantilimon,GK,Romania,2013/14,2016/17,4,Man City; Sunderland; Watford,54,0
Christian Panucci,Christian Panucci,Christian Panucci,Panucci,DEF,Italy,2000/01,2000/01,1,Chelsea,8,0
Sokratis Papastathopoulos,Sokratis Papastathopoulos,Sokratis Papastathopoulos,Papastathopoulos,DEF,Greece,2018/19,2019/20,2,Arsenal,44,3
Nikodimos Papavasiliou,Nikodimos Papavasiliou,Nikodimos Papavasiliou,Papavasiliou,MID,Cyprus,1993/94,1993/94,1,Newcastle,7,0
Lucas Paqueta,Lucas Paqueta,Lucas Paquetá,Paquetá,MID,Brazil,2022/23,2025/26,4,West Ham,110,16
Juan Carlos Paredes,Juan Carlos Paredes,Juan Carlos Paredes,Paredes,DEF,Ecuador,2015/16,2015/16,1,Watford,17,0
Park Chu-young,Park Chu-young,Park Chu-young,Park,FWD,South Korea,2011/12,2011/12,1,Arsenal,1,0
Park Ji-sung,Park Ji-sung,Park Ji-sung,Park,MID,South Korea,2005/06,2012/13,8,Man Utd; QPR,153,19
Garry Parker,Garry Parker,Garry Parker,Parker,MID,England,1992/93,1998/99,6,Aston Villa; Leicester,144,18
Paul Parker,Paul Parker,Paul Parker,Parker,DEF,England,1992/93,1996/97,5,Man Utd; Chelsea; Derby,87,1
Scott Parker,Scott Parker,Scott Parker,Parker,MID,England,1998/99,2013/14,15,Charlton; Chelsea; Newcastle; West Ham; Spurs; Fulham,368,24
Ben Parkinson,Ben Parkinson,Ben Parkinson,Parkinson,FWD,England,2023/24,2023/24,1,Newcastle,1,0
Gary Parkinson,Gary Parkinson,Gary Parkinson,Parkinson,DEF,England,1992/93,1992/93,1,Middlesbrough,4,0
Joe Parkinson,Joe Parkinson,Joe Parkinson,Parkinson,MID,England,1994/95,1996/97,3,Everton,90,3
Ray Parlour,Ray Parlour,Ray Parlour,Parlour,MID,England,1992/93,2005/06,14,Arsenal; Middlesbrough,379,21
Stuart Parnaby,Stuart Parnaby,Stuart Parnaby,Parnaby,DEF,England,2002/03,2010/11,8,Middlesbrough; Birmingham,117,2
Jonathan Parr,Jonathan Parr,Jonathan Parr,Parr,MID,Norway,2013/14,2013/14,1,Crystal Palace,15,0
Troy Parrott,Troy Parrott,Troy Parrott,Parrott,FWD,Republic of Ireland,2019/20,2019/20,1,Spurs,2,0
Thomas Partey,Thomas Partey,Thomas Teye Partey,Partey,MID,Ghana,2020/21,2024/25,5,Arsenal,130,9
Petri Pasanen,Petri Pasanen,Petri Pasanen,Pasanen,DEF,Finland,2003/04,2003/04,1,Portsmouth,12,0
Callum Paterson,Callum Paterson,Callum Paterson,Paterson,DEF,Scotland,2018/19,2018/19,1,Cardiff,27,4
Martin Paterson,Martin Paterson,Martin Paterson,Paterson,FWD,Northern Ireland,2009/10,2009/10,1,Burnley,23,4
Colin Pates,Colin Pates,Colin Pates,Pates,DEF,England,1992/93,1992/93,1,Arsenal,7,0
Alexandre Pato,Alexandre Pato,Alexandre Pato,Pato,FWD,Brazil,2015/16,2015/16,1,Chelsea,2,1
Rui Patricio,Rui Patricio,Rui Patrício,Patrício,GK,Portugal,2018/19,2020/21,3,Wolves,112,0
Darren Patterson,Darren Patterson,Darren Patterson,Patterson,DEF,Northern Ireland,1994/95,1994/95,1,Crystal Palace,22,1
Mark Patterson,Mark Patterson,Mark Patterson,Patterson,MID,England,1995/96,1995/96,1,Bolton,16,1
Nathan Patterson,Nathan Patterson,Nathan Patterson,Patterson,DEF,Scotland,2022/23,2025/26,4,Everton,56,0
Matty Pattison,Matty Pattison,Matthew Pattison,Pattison,MID,South Africa,2005/06,2006/07,2,Newcastle,10,0
Paulinho,Paulinho,José Paulo Bezerra Maciel Júnior,Paulinho,MID,Brazil,2013/14,2014/15,2,Spurs,45,6
Gabriel Paulista,Gabriel Paulista,Gabriel Paulista,Paulista,DEF,Brazil,2014/15,2016/17,3,Arsenal,46,1
Roman Pavlyuchenko,Roman Pavlyuchenko,Roman Pavlyuchenko,Pavlyuchenko,FWD,Russia,2008/09,2011/12,4,Spurs,78,20
Dimitri Payet,Dimitri Payet,Dimitri Payet,Payet,MID,France,2015/16,2016/17,2,West Ham,48,11
Josh Payne,Josh Payne,Josh Payne,Payne,MID,England,2008/09,2008/09,1,West Ham,2,0
Adrian Paz,Adrian Paz,Adrián Paz,Paz,FWD,Uruguay,1994/95,1994/95,1,Ipswich,17,1
Darren Peacock,Darren Peacock,Darren Peacock,Peacock,DEF,England,1992/93,1998/99,7,QPR; Newcastle; Blackburn,231,8
Gavin Peacock,Gavin Peacock,Gavin Peacock,Peacock,MID,England,1993/94,2001/02,4,Chelsea; Charlton,108,17
Bailey Peacock-Farrell,Bailey Peacock-Farrell,Bailey Peacock-Farrell,Peacock-Farrell,GK,Northern Ireland,2020/21,2020/21,1,Burnley,4,0
Andy Peake,Andy Peake,Andy Peake,Peake,MID,England,1992/93,1992/93,1,Middlesbrough,33,0
Alex Pearce,Alex Pearce,Alex Pearce,Pearce,DEF,Republic of Ireland,2012/13,2012/13,1,Reading,19,0
Andy Pearce,Andy Pearce,Andy Pearce,Pearce,DEF,England,1992/93,1995/96,4,Coventry; Sheffield Wed; Wimbledon,100,4
Ian Pearce,Ian Pearce,Ian Pearce,Pearce,DEF,England,1992/93,2007/08,16,Chelsea; Blackburn; West Ham; Fulham,238,11
Stuart Pearce,Stuart Pearce,Stuart Pearce,Pearce,DEF,England,1992/93,2000/01,8,Nottingham Forest; Newcastle; West Ham,202,20
Stephen Pears,Stephen Pears,Stephen Pears,Pears,GK,England,1992/93,1992/93,1,Middlesbrough,26,0
Ben Pearson,Ben Pearson,Ben Pearson,Pearson,MID,England,2022/23,2022/23,1,Bournemouth,7,0
Nigel Pearson,Nigel Pearson,Nigel Pearson,Pearson,DEF,England,1992/93,1996/97,4,Sheffield Wed; Middlesbrough,75,1
Stephen Pearson,Stephen Pearson,Stephen Pearson,Pearson,MID,Scotland,2007/08,2007/08,1,Derby,24,0
Myles Peart-Harris,Myles Peart-Harris,Myles Peart-Harris,Peart-Harris,MID,England,2023/24,2025/26,2,Brentford,4,0
Sydie Peck,Sydie Peck,Sydie Peck,Peck,MID,England,2023/24,2023/24,1,Sheffield Utd,1,0
Henrik Pedersen,Henrik Pedersen,Henrik Pedersen,Pedersen,FWD,Denmark,2001/02,2006/07,6,Bolton,143,22
Morten Gamst Pedersen,Morten Gamst Pedersen,Morten Gamst Pedersen,Pedersen,MID,Norway,2004/05,2011/12,8,Blackburn,260,34
Per Pedersen,Per Pedersen,Per Pedersen,Pedersen,FWD,Denmark,1996/97,1996/97,1,Blackburn,11,1
Tore Pedersen,Tore Pedersen,Tore André Pedersen,Pedersen,DEF,Norway,1993/94,1999/00,3,Oldham; Blackburn; Wimbledon,21,0
Pedro,Pedro,Pedro Rodríguez Ledesma,Pedro,FWD,Spain,2015/16,2019/20,5,Chelsea,137,29
Pele,Pele,Pélé,Pele,DEF,Cape Verde,2008/09,2008/09,1,West Brom,3,0
Graziano Pelle,Graziano Pelle,Graziano Pellè,Pelle,FWD,Italy,2014/15,2015/16,2,Southampton,68,23
Mauricio Pellegrino,Mauricio Pellegrino,Mauricio Pellegrino,Pellegrino,DEF,Argentina,2004/05,2004/05,1,Liverpool,12,0
Facundo Pellistri,Facundo Pellistri,Facundo Pellistri,Pellistri,MID,Uruguay,2022/23,2023/24,2,Man Utd,13,0
Lee Peltier,Lee Peltier,Lee Peltier,Peltier,DEF,England,2018/19,2020/21,2,Cardiff; West Brom,24,0
John Pemberton,John Pemberton,John Pemberton,Pemberton,DEF,England,1992/93,1995/96,4,Sheffield Utd; Leeds,80,0
Mark Pembridge,Mark Pembridge,Mark Pembridge,Pembridge,MID,Wales,1995/96,2005/06,10,Sheffield Wed; Everton; Fulham,229,17
Jermaine Pennant,Jermaine Pennant,Jermaine Pennant,Pennant,MID,England,2002/03,2013/14,11,Arsenal; Leeds; Birmingham; Liverpool; Portsmouth; Stoke,231,14
Matthew Pennington,Matthew Pennington,Matthew Pennington,Pennington,DEF,England,2015/16,2016/17,2,Everton,7,1
Diego Penny,Diego Penny,Diego Penny,Penny,GK,Peru,2009/10,2009/10,1,Burnley,1,0
Glenn Pennyfather,Glenn Pennyfather,Glenn Pennyfather,Pennyfather,MID,England,1992/93,1992/93,1,Ipswich,4,0
Gary Penrice,Gary Penrice,Gary Penrice,Penrice,FWD,England,1992/93,1995/96,4,QPR,63,17
Nicolas Pepe,Nicolas Pepe,Nicolas Pépé,Pepe,FWD,Ivory Coast,2019/20,2021/22,3,Arsenal,80,16
Sixto Peralta,Sixto Peralta,Sixto Peralta,Peralta,MID,Argentina,2001/02,2001/02,1,Ipswich,22,3
James Perch,James Perch,James Perch,Perch,DEF,England,2010/11,2012/13,3,Newcastle,65,1
Andreas Pereira,Andreas Pereira,Andreas Hugo Hoelgebaum Pereira,Pereira,MID,Brazil,2014/15,2024/25,7,Man Utd; Fulham,148,11
Dion Pereira,Dion Pereira,Dion Pereira,Pereira,MID,England,2016/17,2016/17,1,Watford,2,0
Joel Pereira,Joel Pereira,Joel Pereira,Pereira,GK,Portugal,2016/17,2016/17,1,Man Utd,1,0
Matheus Pereira,Matheus Pereira,Matheus Pereira,Pereira,FWD,Brazil,2020/21,2020/21,1,West Brom,33,11
Ricardo Pereira,Ricardo Pereira,Ricardo Pereira,Pereira,DEF,Portugal,2018/19,2024/25,6,Leicester,112,7
Roberto Pereyra,Roberto Pereyra,Roberto Pereyra,Pereyra,MID,Argentina,2016/17,2019/20,4,Watford,106,16
Ayoze Perez,Ayoze Perez,Ayoze Pérez,Perez,FWD,Spain,2014/15,2022/23,8,Newcastle; Leicester,223,45
Lionel Perez,Lionel Perez,Lionel Pérez,Perez,GK,France,1996/97,1996/97,1,Sunderland,29,0
Sebastien Perez,Sebastien Perez,Sébastien Pérez,Perez,MID,France,1998/99,1998/99,1,Blackburn,5,1
Vincent Pericard,Vincent Pericard,Vincent Péricard,Pericard,FWD,France,2003/04,2008/09,3,Portsmouth; Stoke,16,0
Ivan Perisic,Ivan Perisic,Ivan Perišić,Perišić,FWD,Croatia,2022/23,2023/24,2,Spurs,39,1
Sonny Perkins,Sonny Perkins,Sonny Perkins,Perkins,FWD,England,2021/22,2021/22,1,West Ham,1,0
Bruno Perone,Bruno Perone,Bruno Perone,Perone,DEF,Brazil,2011/12,2011/12,1,QPR,1,0
David Perpetuini,David Perpetuini,David Perpetuini,Perpetuini,MID,England,1999/00,1999/00,1,Watford,13,1
Romain Perraud,Romain Perraud,Romain Perraud,Perraud,DEF,France,2021/22,2022/23,2,Southampton,49,2
Lucas Perri,Lucas Perri,Lucas Perri,Perri,GK,Brazil,2025/26,2025/26,1,Leeds,16,0
Maximo Perrone,Maximo Perrone,Máximo Perrone,Perrone,MID,Argentina,2022/23,2022/23,1,Man City,1,0
Chris Perry,Chris Perry,Chris Perry,Perry,DEF,England,1993/94,2005/06,13,Wimbledon; Spurs; Charlton,363,8
Sergio Peter,Sergio Peter,Sergio Peter,Peter,MID,Germany,2005/06,2006/07,2,Blackburn,17,0
Emmanuel Petit,Emmanuel Petit,Emmanuel Petit,Petit,MID,France,1997/98,2003/04,6,Arsenal; Chelsea,140,11
Dan Petrescu,Dan Petrescu,Dan Petrescu,Petrescu,DEF,Romania,1994/95,2001/02,8,Sheffield Wed; Chelsea; Bradford; Southampton,215,23
Mladen Petric,Mladen Petric,Mladen Petrić,Petric,FWD,Croatia,2012/13,2013/14,2,Fulham; West Ham,26,5
Martin Petrov,Martin Petrov,Martin Petrov,Petrov,MID,Bulgaria,2007/08,2011/12,5,Man City; Bolton,118,16
Stiliyan Petrov,Stiliyan Petrov,Stiliyan Petrov,Petrov,MID,Bulgaria,2006/07,2011/12,6,Aston Villa,185,9
Djordje Petrovic,Djordje Petrovic,Đorđe Petrović,Petrovic,GK,Serbia,2023/24,2025/26,2,Chelsea; Bournemouth,61,0
Radosav Petrovic,Radosav Petrovic,Radosav Petrović,Petrovic,MID,Serbia,2011/12,2011/12,1,Blackburn,19,0
Bobby Petta,Bobby Petta,Bobby Petta,Petta,MID,Netherlands,2003/04,2003/04,1,Fulham,9,0
Andy Petterson,Andy Petterson,Andy Petterson,Petterson,GK,Australia,1992/93,1998/99,2,Ipswich; Charlton,11,0
Cameron Peupion,Cameron Peupion,Cameron Peupion,Peupion,MID,Australia,2022/23,2022/23,1,Brighton,1,0
Gerry Peyton,Gerry Peyton,Gerry Peyton,Peyton,GK,Republic of Ireland,1992/93,1992/93,1,Chelsea,1,0
Mike Phelan,Mike Phelan,Mike Phelan,Phelan,MID,England,1992/93,1993/94,2,Man Utd,13,0
Terry Phelan,Terry Phelan,Terry Phelan,Phelan,DEF,Republic of Ireland,1992/93,1999/00,7,Man City; Chelsea; Everton,143,1
David Phillips,David Phillips,David Phillips,Phillips,MID,Wales,1992/93,1996/97,4,Norwich; Nottingham Forest,125,10
Jimmy Phillips,Jimmy Phillips,Jimmy Phillips,Phillips,DEF,England,1992/93,1997/98,3,Middlesbrough; Bolton,99,3
Kalvin Phillips,Kalvin Phillips,Kalvin Phillips,Phillips,MID,England,2020/21,2024/25,5,Leeds; Man City; West Ham; Ipswich,92,1
Kevin Phillips,Kevin Phillips,Kevin Phillips,Phillips,FWD,England,1999/00,2013/14,10,Sunderland; Southampton; Aston Villa; Birmingham; Crystal Palace,263,92
Martin Phillips,Martin Phillips,Martin Phillips,Phillips,MID,England,1995/96,1995/96,1,Man City,11,0
Matt Phillips,Matt Phillips,Matt Phillips,Phillips,MID,Scotland,2010/11,2020/21,5,Blackpool; QPR; West Brom,142,12
Nat Phillips,Nat Phillips,Nathaniel Phillips,Phillips,DEF,England,2020/21,2022/23,2,Liverpool,19,1
Jaden Philogene,Jaden Philogene,Jaden Philogene-Bidace,Philogene,MID,England,2020/21,2024/25,4,Aston Villa; Ipswich,24,2
Lee Philpott,Lee Philpott,Lee Philpott,Philpott,MID,England,1994/95,1994/95,1,Leicester,23,0
Lucas Piazon,Lucas Piazon,Lucas Piazón,Piazon,FWD,Brazil,2012/13,2012/13,1,Chelsea,1,0
Ally Pickering,Ally Pickering,Ally Pickering,Pickering,DEF,England,1993/94,1995/96,3,Coventry,65,0
Jordan Pickford,Jordan Pickford,Jordan Pickford,Pickford,GK,England,2015/16,2025/26,11,Sunderland; Everton,362,0
Lenny Pidgeley,Lenny Pidgeley,Lenny Pidgeley,Pidgeley,GK,England,2004/05,2005/06,2,Chelsea,2,0
Torben Piechnik,Torben Piechnik,Torben Piechnik,Piechnik,DEF,Denmark,1992/93,1993/94,2,Liverpool,17,0
Jeremy Pied,Jeremy Pied,Jérémy Pied,Pied,MID,France,2016/17,2017/18,2,Southampton,6,0
Steven Pienaar,Steven Pienaar,Steven Pienaar,Pienaar,MID,South Africa,2007/08,2016/17,10,Everton; Spurs; Sunderland,214,20
John Piercy,John Piercy,John Piercy,Piercy,FWD,England,1999/00,2000/01,2,Spurs,8,0
Brandon Pierrick,Brandon Pierrick,Brandon Pierrick,Pierrick,MID,England,2019/20,2019/20,1,Crystal Palace,2,0
Erik Pieters,Erik Pieters,Erik Pieters,Pieters,DEF,Netherlands,2013/14,2021/22,8,Stoke; Burnley,225,1
Anthony Pilkington,Anthony Pilkington,Anthony Pilkington,Pilkington,FWD,Republic of Ireland,2011/12,2013/14,3,Norwich,75,14
Kevin Pilkington,Kevin Pilkington,Kevin Pilkington,Pilkington,GK,England,1994/95,1997/98,3,Man Utd,6,0
Ethan Pinnock,Ethan Pinnock,Ethan Pinnock,Pinnock,DEF,Jamaica,2021/22,2025/26,5,Brentford,117,8
Yeremy Pino,Yeremy Pino,Yéremy Pino,Pino,FWD,Spain,2025/26,2025/26,1,Crystal Palace,34,2
Ivo Pinto,Ivo Pinto,Ivo Pinto,Pinto,DEF,Portugal,2015/16,2015/16,1,Norwich,10,0
Matt Piper,Matt Piper,Matthew Piper,Piper,MID,England,2001/02,2002/03,2,Leicester; Sunderland,29,1
Gerard Pique,Gerard Pique,Gerard Piqué,Pique,DEF,Spain,2005/06,2007/08,2,Man Utd,12,0
Frederic Piquionne,Frederic Piquionne,Frédéric Piquionne,Piquionne,FWD,France,2009/10,2010/11,2,Portsmouth; West Ham,68,11
Lucas Pires,Lucas Pires,Lucas Pires,Pires,DEF,Brazil,2025/26,2025/26,1,Burnley,20,0
Robert Pires,Robert Pires,Robert Pirès,Pires,MID,France,2000/01,2010/11,7,Arsenal; Aston Villa,198,62
Joel Piroe,Joel Piroe,Joël Piroe,Piroe,FWD,Suriname,2025/26,2025/26,1,Leeds,16,0
Piscu,Piscu,Adrián López,Piscu,DEF,Spain,2010/11,2012/13,3,Wigan,11,0
Alessandro Pistone,Alessandro Pistone,Alessandro Pistone,Pistone,DEF,Italy,1997/98,2005/06,9,Newcastle; Everton,149,2
Darren Pitcher,Darren Pitcher,Darren Pitcher,Pitcher,MID,England,1994/95,1994/95,1,Crystal Palace,25,0
Claudio Pizarro,Claudio Pizarro,Claudio Pizarro,Pizarro,FWD,Peru,2007/08,2007/08,1,Chelsea,21,2
David Pizarro,David Pizarro,David Pizarro,Pizarro,MID,Chile,2011/12,2011/12,1,Man City,5,0
Przemyslaw Placheta,Przemyslaw Placheta,Przemysław Płacheta,Placheta,MID,Poland,2021/22,2021/22,1,Norwich,12,0
David Platt,David Platt,David Platt,Platt,MID,England,1995/96,1997/98,3,Arsenal,88,13
Mark Platts,Mark Platts,Mark Platts,Platts,MID,England,1995/96,1995/96,1,Sheffield Wed,2,0
Damien Plessis,Damien Plessis,Damien Plessis,Plessis,MID,France,2007/08,2008/09,2,Liverpool,3,0
Chris Plummer,Chris Plummer,Chris Plummer,Plummer,DEF,England,1995/96,1995/96,1,QPR,1,0
Karel Poborsky,Karel Poborsky,Karel Poborský,Poborsky,MID,Czech Republic,1996/97,1997/98,2,Man Utd,32,5
Sebastien Pocognoli,Sebastien Pocognoli,Sébastien Pocognoli,Pocognoli,DEF,Belgium,2014/15,2015/16,2,West Brom,16,0
Daniel Podence,Daniel Podence,Daniel Podence,Podence,MID,Portugal,2019/20,2024/25,5,Wolves,93,12
Lukas Podolski,Lukas Podolski,Lukas Podolski,Podolski,FWD,Germany,2012/13,2014/15,3,Arsenal,60,19
Emanuel Pogatetz,Emanuel Pogatetz,Emanuel Pogatetz,Pogatetz,DEF,Austria,2005/06,2012/13,5,Middlesbrough; West Ham,116,4
Paul Pogba,Paul Pogba,Paul Pogba,Pogba,MID,France,2011/12,2021/22,7,Man Utd,157,29
Pavel Pogrebnyak,Pavel Pogrebnyak,Pavel Pogrebnyak,Pogrebnyak,FWD,Russia,2011/12,2012/13,2,Fulham; Reading,41,11
Neil Pointon,Neil Pointon,Neil Pointon,Pointon,DEF,England,1992/93,1993/94,2,Oldham,59,3
Mike Pollitt,Mike Pollitt,Mike Pollitt,Pollitt,GK,England,2005/06,2010/11,6,Wigan,36,0
Jamie Pollock,Jamie Pollock,Jamie Pollock,Pollock,MID,England,1992/93,1997/98,3,Middlesbrough; Bolton,79,3
John Polston,John Polston,John Polston,Polston,DEF,England,1992/93,1994/95,3,Norwich,96,1
Alfie Pond,Alfie Pond,Alfie Pond,Pond,DEF,England,2024/25,2024/25,1,Wolves,1,0
Kevin Poole,Kevin Poole,Kevin Poole,Poole,GK,England,1994/95,2004/05,4,Leicester; Bolton,48,0
Mart Poom,Mart Poom,Mart Poom,Poom,GK,Estonia,1996/97,2006/07,8,Derby; Sunderland; Arsenal,138,0
Nick Pope,Nick Pope,Nick Pope,Pope,GK,England,2017/18,2025/26,8,Burnley; Newcastle,248,0
Gheorghe Popescu,Gheorghe Popescu,Gheorghe Popescu,Popescu,MID,Romania,1994/95,1994/95,1,Spurs,23,3
Goran Popov,Goran Popov,Goran Popov,Popov,DEF,North Macedonia,2012/13,2013/14,2,West Brom,14,0
Tony Popovic,Tony Popovic,Tony Popovic,Popovic,DEF,Australia,2004/05,2004/05,1,Crystal Palace,23,0
Hugo Porfirio,Hugo Porfirio,Hugo Porfírio,Porfirio,MID,Portugal,1996/97,1998/99,2,West Ham; Nottingham Forest,32,3
Adem Poric,Adem Poric,Adem Poric,Poric,MID,Australia,1993/94,1997/98,3,Sheffield Wed,14,0
Pedro Porro,Pedro Porro,Pedro Porro,Porro,DEF,Spain,2022/23,2025/26,4,Spurs,117,9
Rodrigo Possebon,Rodrigo Possebon,Rodrigo Possebon,Possebon,MID,Italy,2008/09,2008/09,1,Man Utd,3,0
Helder Postiga,Helder Postiga,Hélder Postiga,Postiga,FWD,Portugal,2003/04,2003/04,1,Spurs,19,1
Stefan Postma,Stefan Postma,Stefan Postma,Postma,GK,Netherlands,2002/03,2004/05,3,Aston Villa,11,0
Darren Potter,Darren Potter,Darren Potter,Potter,MID,Republic of Ireland,2004/05,2004/05,1,Liverpool,2,0
Graham Potter,Graham Potter,Graham Potter,Potter,MID,England,1996/97,1996/97,1,Southampton,8,0
Dan Potts,Dan Potts,Daniel Potts,Potts,DEF,England,2012/13,2012/13,1,West Ham,2,0
Freddie Potts,Freddie Potts,Freddie Potts,Potts,MID,England,2025/26,2025/26,1,West Ham,22,0
Steve Potts,Steve Potts,Steve Potts,Potts,DEF,England,1993/94,2000/01,8,West Ham,204,0
Christian Poulsen,Christian Poulsen,Christian Poulsen,Poulsen,MID,Denmark,2010/11,2010/11,1,Liverpool,12,0
Omar Pouso,Omar Pouso,Omar Pouso,Pouso,MID,Uruguay,2006/07,2006/07,1,Charlton,1,0
Ian Poveda,Ian Poveda,Ian Poveda,Poveda,MID,England,2020/21,2020/21,1,Leeds,14,0
Chris Powell,Chris Powell,Chris Powell,Powell,DEF,England,1996/97,2006/07,9,Derby; Charlton; Watford,274,2
Darren Powell,Darren Powell,Darren Powell,Powell,DEF,England,2004/05,2004/05,1,Crystal Palace,6,1
Darryl Powell,Darryl Powell,Darryl Powell,Powell,MID,Jamaica,1996/97,2002/03,7,Derby; Birmingham,181,5
Lee Powell,Lee Powell,Lee Powell,Powell,FWD,Wales,1992/93,1993/94,2,Southampton,3,0
Nick Powell,Nick Powell,Nick Powell,Powell,MID,England,2012/13,2015/16,3,Man Utd; Leicester,6,1
Lee Power,Lee Power,Lee Power,Power,FWD,Republic of Ireland,1992/93,1993/94,2,Norwich,23,6
Diego Poyet,Diego Poyet,Diego Poyet,Poyet,MID,England,2014/15,2014/15,1,West Ham,3,0
Gus Poyet,Gus Poyet,Gustavo Poyet,Poyet,MID,Uruguay,1997/98,2003/04,7,Chelsea; Spurs,187,54
Jose Angel Pozo,Jose Angel Pozo,José Ángel Pozo,Pozo,FWD,Spain,2014/15,2014/15,1,Man City,3,0
Alejandro Pozuelo,Alejandro Pozuelo,Alejandro Pozuelo,Pozuelo,FWD,Spain,2013/14,2013/14,1,Swansea,22,0
Dennis Praet,Dennis Praet,Dennis Praet,Praet,MID,Belgium,2019/20,2022/23,3,Leicester,64,3
Darren Pratley,Darren Pratley,Darren Pratley,Pratley,FWD,England,2003/04,2011/12,2,Fulham; Bolton,26,1
Andy Preece,Andy Preece,Andy Preece,Preece,FWD,England,1994/95,1994/95,1,Crystal Palace,20,4
Preki,Preki,Predrag Radosavljević,Preki,MID,United States,1992/93,1993/94,2,Everton,46,4
Steven Pressley,Steven Pressley,Steven Pressley,Pressley,DEF,Scotland,1994/95,1994/95,1,Coventry,19,1
Kevin Pressman,Kevin Pressman,Kevin Pressman,Pressman,GK,England,1992/93,1999/00,8,Sheffield Wed,207,0
Rade Prica,Rade Prica,Rade Prica,Prica,FWD,Sweden,2007/08,2007/08,1,Sunderland,6,1
Chris Price,Chris Price,Chris Price,Price,DEF,England,1992/93,1992/93,1,Blackburn,6,0
Isaac Price,Isaac Price,Isaac Price,Price,MID,Northern Ireland,2021/22,2022/23,2,Everton,2,0
Lewis Price,Lewis Price,Lewis Price,Price,GK,Wales,2007/08,2007/08,1,Derby,6,0
Linvoy Primus,Linvoy Primus,Linvoy Primus,Primus,DEF,England,2003/04,2008/09,5,Portsmouth,113,3
Martin Pringle,Martin Pringle,Martin Pringle,Pringle,FWD,Sweden,1998/99,2000/01,2,Charlton,26,4
Spencer Prior,Spencer Prior,Spencer Prior,Prior,DEF,England,1993/94,2000/01,7,Norwich; Leicester; Derby; Man City,169,2
Brian Priske,Brian Priske,Brian Priske,Priske,DEF,Denmark,2005/06,2005/06,1,Portsmouth,30,0
Tamas Priskin,Tamas Priskin,Tamás Priskin,Priskin,FWD,Hungary,2006/07,2006/07,1,Watford,16,2
Alex Pritchard,Alex Pritchard,Alex Pritchard,Pritchard,FWD,England,2013/14,2018/19,4,Spurs; West Brom; Huddersfield,48,3
Mark Proctor,Mark Proctor,Mark Proctor,Proctor,MID,England,1992/93,1992/93,1,Middlesbrough,11,0
Michael Proctor,Michael Proctor,Michael Proctor,Proctor,FWD,England,2002/03,2002/03,1,Sunderland,21,2
Davy Propper,Davy Propper,Davy Pröpper,Propper,MID,Netherlands,2017/18,2020/21,4,Brighton,107,2
Nick Proschwitz,Nick Proschwitz,Nick Proschwitz,Proschwitz,FWD,Germany,2013/14,2013/14,1,Hull,2,0
William Prunier,William Prunier,William Prunier,Prunier,DEF,France,1995/96,1995/96,1,Man Utd,2,0
David Prutton,David Prutton,David Prutton,Prutton,MID,England,2002/03,2004/05,3,Southampton,62,2
Sebastian Prodl,Sebastian Prodl,Sebastian Prödl,Prödl,DEF,Austria,2015/16,2019/20,5,Watford,77,3
Danny Pugh,Danny Pugh,Danny Pugh,Pugh,MID,England,2002/03,2011/12,5,Man Utd; Stoke,38,1
Marc Pugh,Marc Pugh,Marc Pugh,Pugh,MID,England,2015/16,2017/18,3,Bournemouth,67,5
Teemu Pukki,Teemu Pukki,Teemu Pukki,Pukki,FWD,Finland,2019/20,2021/22,2,Norwich,73,22
Christian Pulisic,Christian Pulisic,Christian Pulisic,Pulisic,FWD,United States,2019/20,2022/23,4,Chelsea,98,20
Jason Puncheon,Jason Puncheon,Jason Puncheon,Puncheon,MID,England,2010/11,2018/19,9,Blackpool; QPR; Southampton; Crystal Palace; Huddersfield,204,24
Darren Purse,Darren Purse,Darren Purse,Purse,DEF,England,2002/03,2004/05,3,Birmingham; West Brom,51,1
Ignacio Pussetto,Ignacio Pussetto,Ignacio Pussetto,Pussetto,FWD,Argentina,2019/20,2019/20,1,Watford,7,0
Sebastien Puygrenier,Sebastien Puygrenier,Sébastien Puygrenier,Puygrenier,DEF,France,2008/09,2008/09,1,Bolton,7,1
Lucas Perez,Lucas Perez,Lucas Pérez,Pérez,FWD,Spain,2016/17,2018/19,2,Arsenal; West Ham,26,4
Collin Quaner,Collin Quaner,Collin Quaner,Quaner,FWD,Germany,2017/18,2018/19,2,Huddersfield,28,0
Jarell Quansah,Jarell Quansah,Jarell Quansah,Quansah,DEF,England,2023/24,2024/25,2,Liverpool,30,2
Ricardo Quaresma,Ricardo Quaresma,Ricardo Quaresma,Quaresma,MID,Portugal,2008/09,2008/09,1,Chelsea,4,0
Nigel Quashie,Nigel Quashie,Nigel Quashie,Quashie,MID,Scotland,1995/96,2006/07,6,QPR; Nottingham Forest; Portsmouth; Southampton; West Brom; West Ham,96,3
Franck Queudrue,Franck Queudrue,Franck Queudrue,Queudrue,DEF,France,2001/02,2009/10,8,Middlesbrough; Fulham; Birmingham,201,12
Mike Quigley,Mike Quigley,Mike Quigley,Quigley,MID,England,1992/93,1993/94,2,Man City,7,0
Domingos Quina,Domingos Quina,Domingos Quina,Quina,MID,Portugal,2018/19,2019/20,2,Watford,12,1
Alan Quinn,Alan Quinn,Alan Quinn,Quinn,MID,Republic of Ireland,1997/98,2006/07,4,Sheffield Wed; Sheffield Utd,40,3
Barry Quinn,Barry Quinn,Barry Quinn,Quinn,MID,Republic of Ireland,1998/99,2000/01,3,Coventry,43,0
Mick Quinn,Mick Quinn,Mick Quinn,Quinn,FWD,England,1992/93,1994/95,3,Coventry,64,25
Niall Quinn,Niall Quinn,Niall Quinn,Quinn,FWD,Republic of Ireland,1992/93,2002/03,9,Man City; Sunderland,250,59
Rob Quinn,Rob Quinn,Robert Quinn,Quinn,DEF,Republic of Ireland,1997/98,1997/98,1,Crystal Palace,1,0
Stephen Quinn,Stephen Quinn,Stephen Quinn,Quinn,MID,Republic of Ireland,2006/07,2014/15,3,Sheffield Utd; Hull,58,3
Wayne Quinn,Wayne Quinn,Wayne Quinn,Quinn,DEF,England,2000/01,2000/01,1,Newcastle,15,0
Adam Rachel,Adam Rachel,Adam Rachel,Rachel,GK,England,1998/99,1998/99,1,Aston Villa,1,0
Paul Rachubka,Paul Rachubka,Paul Rachubka,Rachubka,GK,United States,2000/01,2010/11,2,Man Utd; Blackpool,3,0
Lucas Radebe,Lucas Radebe,Lucas Radebe,Radebe,DEF,South Africa,1994/95,2003/04,9,Leeds,197,0
Ionut Radu,Ionut Radu,Ionuț Radu,Radu,GK,Romania,2023/24,2023/24,1,Bournemouth,2,0
Florin Raducioiu,Florin Raducioiu,Florin Răducioiu,Raducioiu,FWD,Romania,1996/97,1996/97,1,West Ham,11,2
Tomasz Radzinski,Tomasz Radzinski,Tomasz Radziński,Radzinski,FWD,Canada,2001/02,2006/07,6,Everton; Fulham,193,35
Alex Rae,Alex Rae,Alex Rae,Rae,MID,Scotland,1996/97,2003/04,5,Sunderland; Wolves,103,12
Rafael,Rafael,Rafael da Silva,Rafael,DEF,Brazil,2008/09,2014/15,7,Man Utd,109,5
Marino Rahmberg,Marino Rahmberg,Marino Rahmberg,Rahmberg,MID,Sweden,1996/97,1996/97,1,Derby,1,0
Jesurun Rak-Sakyi,Jesurun Rak-Sakyi,Jesurun Rak-Sakyi,Rak-Sakyi,MID,England,2021/22,2023/24,2,Crystal Palace,8,0
Joe Ralls,Joe Ralls,Joe Ralls,Ralls,MID,England,2018/19,2018/19,1,Cardiff,28,0
Peter Ramage,Peter Ramage,Peter Ramage,Ramage,DEF,England,2004/05,2007/08,4,Newcastle,51,0
Ramires,Ramires,Ramires,Ramires,MID,Brazil,2010/11,2015/16,6,Chelsea,159,17
Gaston Ramirez,Gaston Ramirez,Gastón Ramírez,Ramirez,MID,Uruguay,2012/13,2016/17,5,Southampton; Hull; Middlesbrough,94,9
Sandro Ramirez,Sandro Ramirez,Sandro Ramírez Castillo,Ramirez,FWD,Spain,2017/18,2017/18,1,Everton,8,0
Ivan Ramis,Ivan Ramis,Iván Ramis,Ramis,DEF,Spain,2012/13,2012/13,1,Wigan,16,2
Kayne Ramsay,Kayne Ramsay,Kayne Ramsay,Ramsay,DEF,England,2018/19,2020/21,2,Southampton,2,0
Aaron Ramsdale,Aaron Ramsdale,Aaron Ramsdale,Ramsdale,GK,England,2019/20,2025/26,7,Bournemouth; Sheffield Utd; Arsenal; Southampton; Newcastle,195,0
Aaron Ramsey,Aaron Ramsey,Aaron Ramsey,Ramsey,MID,Wales,2008/09,2018/19,11,Arsenal,262,40
Aaron Ramsey (b.2003),Aaron Ramsey,Aaron Ramsey,Ramsey,MID,England,2023/24,2023/24,1,Burnley,14,0
Jacob Ramsey,Jacob Ramsey,Jacob Ramsey,Ramsey,MID,England,2020/21,2025/26,6,Aston Villa; Newcastle,164,16
Connor Randall,Connor Randall,Connor Randall,Randall,DEF,England,2015/16,2015/16,1,Liverpool,3,0
Mark Randall,Mark Randall,Mark Randall,Randall,MID,England,2007/08,2008/09,2,Arsenal,2,0
Darren Randolph,Darren Randolph,Darren Randolph,Randolph,GK,Republic of Ireland,2006/07,2020/21,5,Charlton; West Ham,34,0
Angel Rangel,Angel Rangel,Àngel Rangel,Rangel,DEF,Spain,2011/12,2017/18,7,Swansea,169,4
Nile Ranger,Nile Ranger,Nile Ranger,Ranger,FWD,England,2010/11,2012/13,2,Newcastle,26,0
Isaiah Rankin,Isaiah Rankin,Isaiah Rankin,Rankin,FWD,England,1997/98,2000/01,3,Arsenal; Bradford,11,0
Andrea Ranocchia,Andrea Ranocchia,Andrea Ranocchia,Ranocchia,DEF,Italy,2016/17,2016/17,1,Hull,16,2
Ray Ranson,Ray Ranson,Ray Ranson,Ranson,DEF,England,1992/93,1992/93,1,Man City,17,0
Tokelo Rantie,Tokelo Rantie,Tokelo Rantie,Rantie,FWD,South Africa,2015/16,2015/16,1,Bournemouth,3,0
Raphinha,Raphinha,Raphinha,Raphinha,FWD,Brazil,2020/21,2021/22,2,Leeds,65,17
Marcus Rashford,Marcus Rashford,Marcus Rashford,Rashford,FWD,England,2015/16,2024/25,10,Man Utd; Aston Villa,297,89
Milot Rashica,Milot Rashica,Milot Rashica,Rashica,MID,Kosovo,2021/22,2021/22,1,Norwich,31,1
Grzegorz Rasiak,Grzegorz Rasiak,Grzegorz Rasiak,Rasiak,FWD,Poland,2005/06,2007/08,2,Spurs; Bolton,15,0
Razvan Rat,Razvan Rat,Răzvan Raţ,Rat,DEF,Romania,2013/14,2013/14,1,West Ham,15,0
Fabrizio Ravanelli,Fabrizio Ravanelli,Fabrizio Ravanelli,Ravanelli,FWD,Italy,1996/97,2001/02,2,Middlesbrough; Derby,64,25
David Raven,David Raven,David Raven,Raven,DEF,England,2004/05,2004/05,1,Liverpool,1,0
David Raya,David Raya,David Raya,Raya,GK,Spain,2021/22,2025/26,5,Brentford; Arsenal,169,0
Rayan,Rayan,Rayan,Rayan,FWD,Brazil,2025/26,2025/26,1,Bournemouth,15,5
Abdul Razak,Abdul Razak,Abdul Razak,Razak,MID,Ivory Coast,2010/11,2012/13,3,Man City,5,0
Karl Ready,Karl Ready,Karl Ready,Ready,DEF,Wales,1992/93,1995/96,4,QPR,60,3
Tim Ream,Tim Ream,Timothy Michael Ream,Ream,DEF,United States,2011/12,2023/24,5,Bolton; Fulham,97,2
Sergei Rebrov,Sergei Rebrov,Serhiy Rebrov,Rebrov,FWD,Ukraine,2000/01,2001/02,2,Spurs,59,10
Michael Reddy,Michael Reddy,Michael Reddy,Reddy,FWD,Republic of Ireland,1999/00,2000/01,2,Sunderland,10,1
Neil Redfearn,Neil Redfearn,Neil Redfearn,Redfearn,MID,England,1997/98,1999/00,3,Barnsley; Charlton; Bradford,84,14
Jamie Redknapp,Jamie Redknapp,Jamie Redknapp,Redknapp,MID,England,1992/93,2004/05,12,Liverpool; Spurs; Southampton,295,34
Nathan Redmond,Nathan Redmond,Nathan Daniel Jerome Redmond,Redmond,MID,England,2013/14,2023/24,10,Norwich; Southampton; Burnley,276,28
Steve Redmond,Steve Redmond,Steve Redmond,Redmond,DEF,England,1992/93,1993/94,2,Oldham,64,1
Harrison Reed,Harrison Reed,Harrison Reed,Reed,MID,England,2013/14,2025/26,9,Southampton; Fulham,131,4
Remy Rees-Dottin,Remy Rees-Dottin,Remy Rees-Dottin,Rees-Dottin,FWD,England,2024/25,2024/25,1,Bournemouth,1,0
Alan Reeves,Alan Reeves,Alan Reeves,Reeves,DEF,England,1994/95,1996/97,3,Wimbledon,57,4
Ben Reeves,Ben Reeves,Ben Reeves,Reeves,DEF,England,2012/13,2012/13,1,Southampton,3,0
Martin Reeves,Martin Reeves,Martin Reeves,Reeves,MID,England,2001/02,2001/02,1,Leicester,5,0
Cyrille Regis,Cyrille Regis,Cyrille Regis,Regis,FWD,England,1992/93,1992/93,1,Aston Villa,13,1
Reguilon,Reguilon,Sergio Reguilón,Reguilón,DEF,Spain,2020/21,2024/25,4,Spurs; Brentford; Man Utd,81,2
Zesh Rehman,Zesh Rehman,Zesh Rehman,Rehman,MID,Pakistan,2003/04,2005/06,3,Fulham,21,0
Andy Reid,Andy Reid,Andy Reid,Reid,MID,Republic of Ireland,2004/05,2010/11,7,Spurs; Charlton; Sunderland; Blackpool,115,7
Kyel Reid,Kyel Reid,Kyel Reid,Reid,MID,England,2005/06,2007/08,2,West Ham,3,0
Peter Reid,Peter Reid,Peter Reid,Reid,MID,England,1992/93,1993/94,2,Man City; Southampton,31,0
Steven Reid,Steven Reid,Steven Reid,Reid,MID,Republic of Ireland,2003/04,2014/15,12,Blackburn; West Brom; Burnley,192,8
Winston Reid,Winston Reid,Winston Reid,Reid,DEF,New Zealand,2010/11,2017/18,7,West Ham,166,6
Tijjani Reijnders,Tijjani Reijnders,Tijjani Reijnders,Reijnders,MID,Netherlands,2025/26,2025/26,1,Man City,28,5
Pepe Reina,Pepe Reina,Pepe Reina,Reina,GK,Spain,2005/06,2019/20,9,Liverpool; Aston Villa,297,0
Reinildo,Reinildo,Reinildo Mandava,Reinildo,DEF,Mozambique,2025/26,2025/26,1,Sunderland,25,0
Vitor Reis,Vitor Reis,Vitor Reis,Reis,DEF,Brazil,2024/25,2024/25,1,Man City,1,0
Michael Reiziger,Michael Reiziger,Michael Reiziger,Reiziger,DEF,Netherlands,2004/05,2005/06,2,Middlesbrough,22,1
Karim Rekik,Karim Rekik,Karim Rekik,Rekik,DEF,Netherlands,2012/13,2012/13,1,Man City,1,0
Loic Remy,Loic Remy,Loïc Rémy,Remy,FWD,France,2012/13,2016/17,5,QPR; Newcastle; Chelsea; Crystal Palace,79,28
David Rennie,David Rennie,David Rennie,Rennie,DEF,Scotland,1992/93,1995/96,4,Coventry,82,3
Nigel Reo-Coker,Nigel Reo-Coker,Nigel Reo-Coker,Reo-Coker,MID,England,2005/06,2011/12,7,West Ham; Aston Villa; Bolton,205,10
Tomas Repka,Tomas Repka,Tomáš Řepka,Repka,DEF,Czech Republic,2001/02,2005/06,3,West Ham,82,0
Martijn Reuser,Martijn Reuser,Martijn Reuser,Reuser,MID,Netherlands,2000/01,2001/02,2,Ipswich,50,7
Anthony Reveillere,Anthony Reveillere,Anthony Réveillère,Reveillere,DEF,France,2014/15,2014/15,1,Sunderland,16,0
Jose Antonio Reyes,Jose Antonio Reyes,José Antonio Reyes,Reyes,FWD,Spain,2003/04,2005/06,3,Arsenal,69,16
Claudio Reyna,Claudio Reyna,Claudio Reyna,Reyna,MID,United States,2001/02,2006/07,6,Sunderland; Man City,105,7
Gio Reyna,Gio Reyna,Giovanni Reyna,Reyna,MID,United States,2023/24,2023/24,1,Nottingham Forest,9,0
Jordan Rhodes,Jordan Rhodes,Jordan Rhodes,Rhodes,FWD,Scotland,2016/17,2016/17,1,Middlesbrough,6,0
Chadi Riad,Chadi Riad,Chadi Riad,Riad,DEF,Morocco,2024/25,2025/26,2,Crystal Palace,10,0
Bruno Ribeiro,Bruno Ribeiro,Bruno Ribeiro,Ribeiro,MID,Portugal,1997/98,1998/99,2,Leeds,42,4
Rodrigo Ribeiro,Rodrigo Ribeiro,Rodrigo Ribeiro,Ribeiro,FWD,Portugal,2023/24,2023/24,1,Nottingham Forest,4,0
Hamilton Ricard,Hamilton Ricard,Hámilton Ricard,Ricard,FWD,Colombia,1998/99,2001/02,4,Middlesbrough,106,31
Ricardo,Ricardo,Ricardo López Felipe,Ricardo,GK,Spain,2002/03,2002/03,1,Man Utd,1,0
Declan Rice,Declan Rice,Declan Rice,Rice,MID,England,2016/17,2025/26,10,West Ham; Arsenal,313,25
Chris Richards,Chris Richards,Chris Richards,Richards,DEF,United States,2022/23,2025/26,4,Crystal Palace,92,3
Dean Richards,Dean Richards,Dean Richards,Richards,DEF,England,1999/00,2003/04,5,Southampton; Spurs,140,7
Jazz Richards,Jazz Richards,Ashley Richards,Richards,DEF,Wales,2011/12,2018/19,3,Swansea; Cardiff,22,0
Micah Richards,Micah Richards,Micah Richards,Richards,DEF,England,2005/06,2015/16,10,Man City; Aston Villa,203,8
Taylor Richards,Taylor Richards,Taylor Richards,Richards,MID,England,2021/22,2021/22,1,Brighton,2,0
Frazer Richardson,Frazer Richardson,Frazer Richardson,Richardson,DEF,England,2003/04,2012/13,2,Leeds; Southampton,9,0
Kevin Richardson,Kevin Richardson,Kevin Richardson,Richardson,MID,England,1992/93,1997/98,6,Aston Villa; Coventry; Southampton,207,7
Kieran Richardson,Kieran Richardson,Kieran Richardson,Richardson,MID,England,2002/03,2015/16,13,Man Utd; West Brom; Sunderland; Fulham; Aston Villa,265,24
Leam Richardson,Leam Richardson,Leam Richardson,Richardson,DEF,England,2001/02,2001/02,1,Bolton,1,0
Lewis Richardson,Lewis Richardson,Lewis Richardson,Richardson,FWD,England,2020/21,2020/21,1,Burnley,2,0
Richarlison,Richarlison,Richarlison de Andrade,Richarlison,FWD,Brazil,2017/18,2025/26,9,Watford; Everton; Spurs,275,75
Michael Ricketts,Michael Ricketts,Michael Ricketts,Ricketts,FWD,England,2001/02,2003/04,3,Bolton; Middlesbrough,91,21
Rohan Ricketts,Rohan Ricketts,Rohan Ricketts,Ricketts,MID,England,2003/04,2004/05,2,Spurs,30,1
Sam Ricketts,Sam Ricketts,Sam Ricketts,Ricketts,DEF,Wales,2008/09,2011/12,4,Hull; Bolton,93,1
Diego Rico,Diego Rico,Diego Rico,Rico,DEF,Spain,2018/19,2019/20,2,Bournemouth,39,0
Sergio Rico,Sergio Rico,Sergio Rico,Rico,GK,Spain,2018/19,2018/19,1,Fulham,29,0
Paul Rideout,Paul Rideout,Paul Rideout,Rideout,FWD,England,1992/93,1996/97,5,Everton,112,29
Liam Ridgewell,Liam Ridgewell,Liam Ridgewell,Ridgewell,DEF,England,2003/04,2013/14,10,Aston Villa; Birmingham; West Brom,257,16
Jairo Riedewald,Jairo Riedewald,Jaïro Riedewald,Riedewald,MID,Netherlands,2017/18,2023/24,6,Crystal Palace,80,2
Karl-Heinz Riedle,Karl-Heinz Riedle,Karl-Heinz Riedle,Riedle,FWD,Germany,1997/98,1999/00,3,Liverpool,60,11
Marc Rieper,Marc Rieper,Marc Rieper,Rieper,DEF,Denmark,1994/95,1997/98,4,West Ham,90,5
Albert Riera,Albert Riera,Albert Riera,Riera,MID,Spain,2005/06,2009/10,3,Man City; Liverpool,55,4
Sascha Riether,Sascha Riether,Sascha Riether,Riether,DEF,Germany,2012/13,2013/14,2,Fulham,66,1
Chris Rigg,Chris Rigg,Chris Rigg,Rigg,MID,England,2025/26,2025/26,1,Sunderland,18,1
Chris Riggott,Chris Riggott,Chris Riggott,Riggott,DEF,England,1999/00,2008/09,10,Derby; Middlesbrough,167,8
Maceo Rigters,Maceo Rigters,Maceo Rigters,Rigters,FWD,Netherlands,2007/08,2007/08,1,Blackburn,2,0
Aki Riihilahti,Aki Riihilahti,Aki Riihilahti,Riihilahti,MID,Finland,2004/05,2004/05,1,Crystal Palace,32,4
Bjorn Helge Riise,Bjorn Helge Riise,Bjørn Helge Riise,Riise,MID,Norway,2009/10,2010/11,2,Fulham,15,0
John Arne Riise,John Arne Riise,John Arne Riise,Riise,MID,Norway,2001/02,2013/14,10,Liverpool; Fulham,321,21
Joe Riley,Joe Riley,Joe Riley,Riley,DEF,England,2011/12,2011/12,1,Bolton,3,0
Douglas Rinaldi,Douglas Rinaldi,Douglas Rinaldi,Rinaldi,MID,Brazil,2006/07,2006/07,1,Watford,7,1
Stuart Ripley,Stuart Ripley,Stuart Ripley,Ripley,MID,England,1992/93,2001/02,10,Blackburn; Southampton,240,14
Andy Ritchie,Andy Ritchie,Andy Ritchie,Ritchie,FWD,England,1992/93,1993/94,2,Oldham,34,4
Matt Ritchie,Matt Ritchie,Matt Ritchie,Ritchie,MID,Scotland,2009/10,2023/24,9,Portsmouth; Bournemouth; Newcastle,184,12
Paul Ritchie,Paul Ritchie,Paul Ritchie,Ritchie,DEF,Scotland,2000/01,2000/01,1,Man City,12,0
Cristian Riveros,Cristian Riveros,Cristian Riveros,Riveros,MID,Paraguay,2010/11,2010/11,1,Sunderland,12,1
Emmanuel Riviere,Emmanuel Riviere,Emmanuel Rivière,Riviere,FWD,Martinique,2014/15,2015/16,2,Newcastle,26,1
Graham Rix,Graham Rix,Graham Rix,Rix,MID,England,1994/95,1994/95,1,Chelsea,1,0
Arjen Robben,Arjen Robben,Arjen Robben,Robben,FWD,Netherlands,2004/05,2006/07,3,Chelsea,67,15
Valentin Roberge,Valentin Roberge,Valentin Roberge,Roberge,DEF,France,2013/14,2014/15,2,Sunderland,10,0
Laurent Robert,Laurent Robert,Laurent Robert,Robert,MID,France,2001/02,2007/08,6,Newcastle; Portsmouth; Derby,150,23
Roberto,Roberto,Roberto Jiménez,Roberto,GK,Spain,2019/20,2019/20,1,West Ham,8,0
Andy Roberts,Andy Roberts,Andy Roberts,Roberts,MID,England,1997/98,1999/00,3,Crystal Palace; Wimbledon,81,3
Ben Roberts,Ben Roberts,Ben Roberts,Roberts,GK,England,1996/97,2002/03,2,Middlesbrough; Charlton,11,0
Connor Roberts,Connor Roberts,Connor Roberts,Roberts,DEF,Wales,2017/18,2023/24,3,Swansea; Burnley,39,1
Iwan Roberts,Iwan Roberts,Iwan Roberts,Roberts,FWD,Wales,1994/95,1994/95,1,Leicester,37,9
Jason Roberts,Jason Roberts,Jason Roberts,Roberts,FWD,Grenada,2002/03,2012/13,10,West Brom; Portsmouth; Wigan; Blackburn; Reading,221,36
Patrick Roberts,Patrick Roberts,Patrick Roberts,Roberts,FWD,England,2013/14,2025/26,4,Fulham; Man City; Norwich; Sunderland,7,0
Tony Roberts,Tony Roberts,Tony Roberts,Roberts,GK,Wales,1992/93,1995/96,4,QPR,80,0
Tyler Roberts,Tyler Roberts,Tyler Roberts,Roberts,FWD,Wales,2015/16,2021/22,3,West Brom; Leeds,51,2
Andy Robertson,Andy Robertson,Andy Robertson,Robertson,DEF,Scotland,2014/15,2025/26,11,Hull; Liverpool,332,12
David Robertson,David Robertson,David Robertson,Robertson,DEF,Scotland,1997/98,1997/98,1,Leeds,26,0
Sandy Robertson,Sandy Robertson,Sandy Robertson,Robertson,MID,Scotland,1993/94,1994/95,2,Coventry,4,0
Robinho,Robinho,Robinho,Robinho,FWD,Brazil,2008/09,2009/10,2,Man City,41,14
Mark Robins,Mark Robins,Mark Robins,Robins,FWD,England,1992/93,1996/97,4,Norwich; Leicester,92,25
Antonee Robinson,Antonee Robinson,Antonee Robinson,Robinson,DEF,United States,2020/21,2025/26,5,Fulham,158,1
Callum Robinson,Callum Robinson,Callum Robinson,Robinson,FWD,Republic of Ireland,2013/14,2020/21,3,Aston Villa; Sheffield Utd; West Brom,48,6
Carl Robinson,Carl Robinson,Carl Robinson,Robinson,MID,Wales,2003/04,2005/06,2,Portsmouth; Sunderland,6,0
Jack Robinson,Jack Robinson,Jack Robinson,Robinson,DEF,England,2009/10,2023/24,5,Liverpool; Sheffield Utd,54,1
Jay Robinson,Jay Robinson,Jay Robinson,Robinson,FWD,England,2024/25,2024/25,1,Southampton,4,0
John Robinson,John Robinson,John Robinson,Robinson,MID,Wales,1998/99,2002/03,4,Charlton,100,6
Mark Robinson,Mark Robinson,Mark Robinson,Robinson,DEF,England,1993/94,1993/94,1,Newcastle,16,0
Marvin Robinson,Marvin Robinson,Marvin Robinson,Robinson,FWD,England,1998/99,2001/02,3,Derby,11,1
Matt Robinson,Matt Robinson,Matthew Robinson,Robinson,DEF,England,1994/95,1997/98,4,Southampton,14,0
Paul Robinson,Paul Robinson,Paul Robinson,Robinson,GK,England,1998/99,2016/17,13,Leeds; Spurs; Blackburn; Burnley,375,1
Paul Robinson (defender),Paul Robinson,Paul Robinson,Robinson,DEF,England,1999/00,2011/12,7,Watford; West Brom; Bolton,207,1
Paul Robinson (striker),Paul Robinson,Paul Robinson,Robinson,FWD,England,1999/00,1999/00,1,Newcastle,11,0
Steve Robinson,Steve Robinson,Steve Robinson,Robinson,MID,Northern Ireland,1993/94,1993/94,1,Spurs,2,0
Theo Robinson,Theo Robinson,Theo Robinson,Robinson,FWD,Jamaica,2006/07,2006/07,1,Watford,1,0
Joel Robles,Joel Robles,Joel Robles,Robles,GK,Spain,2012/13,2022/23,6,Wigan; Everton; Leeds,55,0
Bryan Robson,Bryan Robson,Bryan Robson,Robson,MID,England,1992/93,1996/97,4,Man Utd; Middlesbrough,32,2
Mark Robson,Mark Robson,Mark Robson,Robson,MID,England,1993/94,1993/94,1,West Ham,3,0
Stewart Robson,Stewart Robson,Stewart Robson,Robson,MID,England,1992/93,1993/94,2,Coventry,16,0
Tom Robson,Tom Robson,Tom Robson,Robson,DEF,England,2015/16,2015/16,1,Sunderland,1,0
Hal Robson-Kanu,Hal Robson-Kanu,Hal Robson-Kanu,Robson-Kanu,FWD,Wales,2012/13,2020/21,4,Reading; West Brom,94,14
Marc Roca,Marc Roca,Marc Roca,Roca,MID,Spain,2022/23,2022/23,1,Leeds,32,1
David Rocastle,David Rocastle,David Rocastle,Rocastle,MID,England,1992/93,1995/96,4,Leeds; Man City; Chelsea,75,4
Ricardo Rocha,Ricardo Rocha,Ricardo Rocha,Rocha,DEF,Portugal,2006/07,2009/10,3,Spurs; Portsmouth,24,0
Lee Roche,Lee Roche,Lee Roche,Roche,DEF,England,2002/03,2002/03,1,Man Utd,1,0
Fabio Rochemback,Fabio Rochemback,Fábio Rochemback,Rochemback,MID,Brazil,2005/06,2007/08,3,Middlesbrough,68,5
Ruben Rochina,Ruben Rochina,Rubén Rochina,Rochina,FWD,Spain,2010/11,2011/12,2,Blackburn,22,2
Marek Rodak,Marek Rodak,Marek Rodák,Rodak,GK,Slovakia,2020/21,2022/23,2,Fulham,4,0
Hugo Rodallega,Hugo Rodallega,Hugo Rodallega,Rodallega,FWD,Colombia,2008/09,2013/14,6,Wigan; Fulham,154,29
Simon Rodger,Simon Rodger,Simon Rodger,Rodger,MID,England,1992/93,1997/98,3,Crystal Palace,56,4
Aleksandar Rodic,Aleksandar Rodic,Aleksandar Rodić,Rodic,FWD,Slovenia,2004/05,2004/05,1,Portsmouth,4,0
Kaden Rodney,Kaden Rodney,Kaden Rodney,Rodney,MID,England,2025/26,2025/26,1,Crystal Palace,1,0
Joe Rodon,Joe Rodon,Joe Rodon,Rodon,DEF,Wales,2020/21,2025/26,3,Spurs; Leeds,50,2
Rodri,Rodri,Rodri,Rodri,MID,Spain,2019/20,2025/26,7,Man City,196,23
Rodrigo,Rodrigo,Rodrigo Moreno Machado,Rodrigo,FWD,Spain,2010/11,2022/23,4,Bolton; Leeds,105,27
Rodrigo (Everton),Rodrigo,Rodrigo,Rodrigo,MID,Brazil,2002/03,2002/03,1,Everton,4,0
Dani Rodrigues,Dani Rodrigues,Dani Rodrigues,Rodrigues,FWD,Portugal,1999/00,1999/00,1,Southampton,2,0
Bruno Rodriguez,Bruno Rodriguez,Bruno Rodriguez,Rodriguez,FWD,France,1999/00,1999/00,1,Bradford,2,0
James Rodriguez,James Rodriguez,James Rodríguez,Rodriguez,FWD,Colombia,2020/21,2020/21,1,Everton,23,6
Jay Rodriguez,Jay Rodriguez,Jay Rodriguez,Rodriguez,FWD,England,2012/13,2023/24,9,Southampton; West Brom; Burnley,258,46
Maxi Rodriguez,Maxi Rodriguez,Maxi Rodríguez,Rodriguez,MID,Argentina,2009/10,2011/12,3,Liverpool,57,15
Guido Rodriguez,Guido Rodriguez,Guido Rodríguez,Rodríguez,MID,Argentina,2024/25,2025/26,2,West Ham,29,0
Jack Rodwell,Jack Rodwell,Jack Rodwell,Rodwell,MID,England,2007/08,2019/20,11,Everton; Man City; Sunderland; Sheffield Utd,167,10
Robin Roefs,Robin Roefs,Robin Roefs,Roefs,GK,Netherlands,2025/26,2025/26,1,Sunderland,35,0
Mads Roerslev,Mads Roerslev,Mads Roerslev Rasmussen,Roerslev,DEF,Denmark,2021/22,2024/25,4,Brentford,94,2
Alan Rogers,Alan Rogers,Alan Rogers,Rogers,DEF,England,1998/99,2003/04,3,Nottingham Forest; Leicester,55,4
Morgan Rogers,Morgan Rogers,Morgan Rogers,Rogers,MID,England,2023/24,2025/26,3,Aston Villa,85,21
Paul Rogers,Paul Rogers,Paul Rogers,Rogers,MID,England,1992/93,1993/94,2,Sheffield Utd,52,6
Merlin Rohl,Merlin Rohl,Merlin Röhl,Rohl,MID,Germany,2025/26,2025/26,1,Everton,16,1
Marcos Rojo,Marcos Rojo,Marcos Rojo,Rojo,DEF,Argentina,2014/15,2019/20,6,Man Utd,76,1
Franck Rolling,Franck Rolling,Franck Rolling,Rolling,DEF,France,1996/97,1996/97,1,Leicester,1,0
Cristian Romero,Cristian Romero,Cristian Romero,Romero,DEF,Argentina,2021/22,2025/26,5,Spurs,123,11
Sergio Romero,Sergio Romero,Sergio Romero,Romero,GK,Argentina,2015/16,2017/18,3,Man Utd,7,0
Oriol Romeu,Oriol Romeu,Oriol Romeu,Romeu,MID,Spain,2011/12,2022/23,10,Chelsea; Southampton,239,7
Dennis Rommedahl,Dennis Rommedahl,Dennis Rommedahl,Rommedahl,MID,Denmark,2004/05,2006/07,3,Charlton,75,4
Cristiano Ronaldo,Cristiano Ronaldo,Cristiano Ronaldo,Ronaldo,FWD,Portugal,2003/04,2022/23,8,Man Utd,236,103
Connor Ronan,Connor Ronan,Connor Ronan,Ronan,MID,Republic of Ireland,2022/23,2022/23,1,Wolves,1,0
Salomon Rondon,Salomon Rondon,Salomón Rondón,Rondon,FWD,Venezuela,2015/16,2022/23,6,West Brom; Newcastle; Everton,167,36
Wayne Rooney,Wayne Rooney,Wayne Rooney,Rooney,FWD,England,2002/03,2017/18,16,Everton; Man Utd,491,208
Roque Junior,Roque Junior,Roque Júnior,Roque Junior,DEF,Brazil,2003/04,2003/04,1,Leeds,5,0
Robert Rosario,Robert Rosario,Robert Rosario,Rosario,FWD,England,1992/93,1994/95,2,Coventry; Nottingham Forest,39,5
Danny Rose,Danny Rose,Danny Rose,Rose,DEF,England,2009/10,2021/22,12,Spurs; Sunderland; Newcastle; Watford,202,9
Matthew Rose,Matthew Rose,Matthew Rose,Rose,DEF,England,1995/96,1996/97,2,Arsenal,5,0
Markus Rosenberg,Markus Rosenberg,Markus Rosenberg,Rosenberg,FWD,Sweden,2012/13,2013/14,2,West Brom,28,0
Liam Rosenior,Liam Rosenior,Liam Rosenior,Rosenior,DEF,England,2004/05,2017/18,7,Fulham; Reading; Hull; Brighton,141,1
Ronny Rosenthal,Ronny Rosenthal,Ronny Rosenthal,Rosenthal,FWD,Israel,1992/93,1996/97,5,Liverpool; Spurs,118,10
Tomas Rosicky,Tomas Rosicky,Tomáš Rosický,Rosicky,MID,Czech Republic,2006/07,2014/15,8,Arsenal,170,19
Uwe Rosler,Uwe Rosler,Uwe Rösler,Rosler,FWD,Germany,1993/94,2001/02,5,Man City; Southampton,103,29
Giuseppe Rossi,Giuseppe Rossi,Giuseppe Rossi,Rossi,FWD,Italy,2005/06,2006/07,2,Man Utd; Newcastle,16,1
Jordan Rossiter,Jordan Rossiter,Jordan Rossiter,Rossiter,MID,England,2015/16,2015/16,1,Liverpool,1,0
Joe Rothwell,Joe Rothwell,Joe Rothwell,Rothwell,MID,England,2022/23,2023/24,2,Bournemouth,31,0
Cedric Roussel,Cedric Roussel,Cédric Roussel,Roussel,FWD,Belgium,1999/00,2000/01,2,Coventry,39,8
Jon Routledge,Jon Routledge,Jon Routledge,Routledge,MID,England,2008/09,2008/09,1,Wigan,1,0
Wayne Routledge,Wayne Routledge,Wayne Routledge,Routledge,MID,England,2004/05,2017/18,13,Crystal Palace; Portsmouth; Spurs; Fulham; Aston Villa; Newcastle; Swansea,297,16
Aaron Rowe,Aaron Rowe,Aaron Rowe,Rowe,MID,England,2018/19,2018/19,1,Huddersfield,2,0
Jonathan Rowe,Jonathan Rowe,Jonathan Rowe,Rowe,FWD,England,2021/22,2021/22,1,Norwich,13,0
Gary Rowett,Gary Rowett,Gary Rowett,Rowett,DEF,England,1993/94,2003/04,8,Everton; Derby; Leicester; Charlton,136,5
Keith Rowland,Keith Rowland,Keith Rowland,Rowland,DEF,Northern Ireland,1992/93,1997/98,6,Coventry; West Ham,82,1
James Rowswell,James Rowswell,James Rowswell,Rowswell,DEF,England,2025/26,2025/26,1,Spurs,1,0
Bryan Roy,Bryan Roy,Bryan Roy,Roy,FWD,Netherlands,1994/95,1996/97,3,Nottingham Forest,85,24
Eric Roy,Eric Roy,Eric Roy,Roy,MID,France,1999/00,2000/01,2,Sunderland,27,0
Simon Royce,Simon Royce,Simon Royce,Royce,GK,England,1998/99,2003/04,3,Charlton; Leicester,28,0
David Rozehnal,David Rozehnal,David Rozehnal,Rozehnal,DEF,Czech Republic,2007/08,2007/08,1,Newcastle,21,0
Declan Rudd,Declan Rudd,Declan Rudd,Rudd,GK,England,2011/12,2015/16,2,Norwich,13,0
Neil Ruddock,Neil Ruddock,Neil Ruddock,Ruddock,DEF,England,1992/93,1999/00,8,Spurs; Liverpool; West Ham,195,16
Pelly Ruddock,Pelly Ruddock,Pelly Ruddock Mpanzu,Ruddock,MID,DR Congo,2023/24,2023/24,1,Luton,27,0
John Ruddy,John Ruddy,John Ruddy,Ruddy,GK,England,2005/06,2021/22,8,Everton; Norwich; Wolves,123,0
Petter Rudi,Petter Rudi,Petter Rudi,Rudi,MID,Norway,1997/98,1999/00,3,Sheffield Wed,76,8
Antonio Rudiger,Antonio Rudiger,Antonio Rüdiger,Rudiger,DEF,Germany,2017/18,2021/22,5,Chelsea,133,9
Richard Rufus,Richard Rufus,Richard Rufus,Rufus,DEF,England,1998/99,2002/03,4,Charlton,99,6
Bryan Ruiz,Bryan Ruiz,Bryan Ruiz,Ruiz,FWD,Costa Rica,2011/12,2013/14,3,Fulham,68,8
Runar Alex Runarsson,Runar Alex Runarsson,Rúnar Alex Rúnarsson,Runarsson,GK,Iceland,2020/21,2020/21,1,Arsenal,1,0
Bjorn Runstrom,Bjorn Runstrom,Björn Runström,Runstrom,FWD,Sweden,2006/07,2006/07,1,Fulham,1,0
Lukas Rupp,Lukas Rupp,Lukas Rupp,Rupp,MID,Germany,2019/20,2021/22,2,Norwich,31,0
Ian Rush,Ian Rush,Ian Rush,Rush,FWD,Wales,1992/93,1997/98,6,Liverpool; Leeds; Newcastle,176,48
Matthew Rush,Matthew Rush,Matthew Rush,Rush,MID,Republic of Ireland,1993/94,1994/95,2,West Ham,33,3
Craig Russell,Craig Russell,Craig Russell,Russell,FWD,England,1996/97,1996/97,1,Sunderland,29,4
Georginio Rutter,Georginio Rutter,Georginio Rutter,Rutter,FWD,France,2022/23,2025/26,3,Leeds; Brighton,71,8
Mat Ryan,Mat Ryan,Mathew Ryan,Ryan,GK,Australia,2017/18,2020/21,4,Brighton; Arsenal,124,0
Richie Ryan,Richie Ryan,Richard Ryan,Ryan,MID,Republic of Ireland,2002/03,2002/03,1,Sunderland,2,0
Orlando Sa,Orlando Sa,Orlando Sá,Sa,FWD,Portugal,2011/12,2011/12,1,Fulham,7,1
Abdelhamid Sabiri,Abdelhamid Sabiri,Abdelhamid Sabiri,Sabiri,MID,Germany,2017/18,2018/19,2,Huddersfield,7,0
Marcel Sabitzer,Marcel Sabitzer,Marcel Sabitzer,Sabitzer,MID,Austria,2022/23,2022/23,1,Man Utd,11,0
Dominic Sadi,Dominic Sadi,Dominic Sadi,Sadi,MID,England,2023/24,2023/24,1,Bournemouth,1,0
Noah Sadiki,Noah Sadiki,Noah Sadiki,Sadiki,MID,DR Congo,2025/26,2025/26,1,Sunderland,33,0
Mat Sadler,Mat Sadler,Mat Sadler,Sadler,DEF,England,2002/03,2007/08,3,Birmingham,15,0
Youssef Safri,Youssef Safri,Youssef Safri,Safri,MID,Morocco,2004/05,2004/05,1,Norwich,18,1
Yannick Sagbo,Yannick Sagbo,Yannick Sagbo,Sagbo,FWD,Ivory Coast,2013/14,2014/15,2,Hull,32,2
Bacary Sagna,Bacary Sagna,Bacary Sagna,Sagna,DEF,France,2007/08,2016/17,10,Arsenal; Man City,267,4
Louis Saha,Louis Saha,Louis Saha,Saha,FWD,France,1998/99,2012/13,13,Newcastle; Fulham; Man Utd; Everton; Spurs; Sunderland,289,85
Ben Sahar,Ben Sahar,Ben Sahar,Sahar,FWD,Israel,2006/07,2006/07,1,Chelsea,3,0
Nuri Sahin,Nuri Sahin,Nuri Şahin,Sahin,MID,Turkey,2012/13,2012/13,1,Liverpool,7,1
Moussa Saib,Moussa Saib,Moussa Saïb,Saib,MID,Algeria,1997/98,1998/99,2,Spurs,13,1
Allan Saint-Maximin,Allan Saint-Maximin,Allan Saint-Maximin,Saint-Maximin,MID,France,2019/20,2022/23,4,Newcastle,111,12
Henri Saivet,Henri Saivet,Henri Saivet,Saivet,MID,Senegal,2015/16,2017/18,2,Newcastle,5,1
Bukayo Saka,Bukayo Saka,Bukayo Saka,Saka,MID,England,2018/19,2025/26,8,Arsenal,226,60
Diafra Sakho,Diafra Sakho,Diafra Sakho,Sakho,FWD,Senegal,2014/15,2017/18,4,West Ham,62,18
Lamine Sakho,Lamine Sakho,Lamine Sakho,Sakho,FWD,Senegal,2003/04,2003/04,1,Leeds,17,1
Mamadou Sakho,Mamadou Sakho,Mamadou Sakho,Sakho,DEF,France,2013/14,2020/21,8,Liverpool; Crystal Palace,128,3
Artim Sakiri,Artim Sakiri,Artim Šakiri,Sakiri,MID,North Macedonia,2004/05,2004/05,1,West Brom,3,0
Bakary Sako,Bakary Sako,Bakary Sako,Sako,MID,Mali,2015/16,2018/19,4,Crystal Palace,47,5
Mohamed Salah,Mohamed Salah,Mohamed Salah,Salah,FWD,Egypt,2013/14,2025/26,11,Chelsea; Liverpool,328,193
John Salako,John Salako,John Salako,Salako,MID,England,1992/93,2001/02,7,Crystal Palace; Coventry; Bolton; Charlton,151,8
Carlos Salcido,Carlos Salcido,Carlos Salcido,Salcido,DEF,Mexico,2010/11,2010/11,1,Fulham,23,0
Michel Salgado,Michel Salgado,Míchel Salgado,Salgado,DEF,Spain,2009/10,2011/12,3,Blackburn,66,0
William Saliba,William Saliba,William Saliba,Saliba,DEF,France,2022/23,2025/26,4,Arsenal,131,7
Moustapha Salifou,Moustapha Salifou,Moustapha Salifou,Salifou,MID,Togo,2007/08,2007/08,1,Aston Villa,4,0
Mohammed Salisu,Mohammed Salisu,Mohammed Salisu,Salisu,DEF,Ghana,2020/21,2022/23,3,Southampton,68,0
Salva,Salva,Salvador Ballesta,Salva,FWD,Spain,2002/03,2002/03,1,Bolton,6,0
Lloyd Sam,Lloyd Sam,Lloyd Sam,Sam,MID,Ghana,2004/05,2006/07,3,Charlton,10,0
Georgios Samaras,Georgios Samaras,Georgios Samaras,Samaras,FWD,Greece,2005/06,2014/15,4,Man City; West Brom,60,8
Mbwana Samatta,Mbwana Samatta,Mbwana Samatta,Samatta,FWD,Tanzania,2019/20,2019/20,1,Aston Villa,14,1
Christopher Samba,Christopher Samba,Christopher Samba,Samba,DEF,Congo,2006/07,2012/13,7,Blackburn; QPR,171,16
Albert Sambi Lokonga,Albert Sambi Lokonga,Albert Sambi Lokonga,Sambi Lokonga,MID,Belgium,2021/22,2023/24,3,Arsenal; Crystal Palace; Luton,51,1
Samir,Samir,Samir Caetano de Souza Santos,Samir,DEF,Brazil,2021/22,2021/22,1,Watford,19,0
Conor Sammon,Conor Sammon,Conor Sammon,Sammon,FWD,Republic of Ireland,2010/11,2011/12,2,Wigan,32,1
Dominic Samuel,Dominic Samuel,Dominic Samuel,Samuel,FWD,England,2012/13,2012/13,1,Reading,1,0
Jlloyd Samuel,Jlloyd Samuel,Jlloyd Samuel,Samuel,DEF,Trinidad and Tobago,1999/00,2009/10,11,Aston Villa; Bolton,240,2
Vinny Samways,Vinny Samways,Vinny Samways,Samways,MID,England,1992/93,1995/96,4,Spurs; Everton,96,5
Renato Sanches,Renato Sanches,Renato Sanches,Sanches,MID,Portugal,2017/18,2017/18,1,Swansea,12,0
Alexis Sanchez,Alexis Sanchez,Alexis Sánchez,Sanchez,FWD,Chile,2014/15,2018/19,5,Arsenal; Man Utd,154,63
Lawrie Sanchez,Lawrie Sanchez,Lawrie Sanchez,Sanchez,MID,Northern Ireland,1992/93,1993/94,2,Wimbledon; Swindon,50,6
Robert Sanchez,Robert Sanchez,Robert Sánchez,Sanchez,GK,Spain,2020/21,2025/26,6,Brighton; Chelsea,170,0
Jadon Sancho,Jadon Sancho,Jadon Sancho,Sancho,FWD,England,2021/22,2025/26,5,Man Utd; Chelsea; Aston Villa,112,12
Sandro,Sandro,Sandro,Sandro,MID,Brazil,2010/11,2015/16,6,Spurs; QPR; West Brom,110,4
Leroy Sane,Leroy Sane,Leroy Sané,Sane,MID,Germany,2016/17,2019/20,4,Man City,90,25
Francesco Sanetti,Francesco Sanetti,Francesco Sanetti,Sanetti,FWD,Italy,1997/98,1998/99,2,Sheffield Wed,5,1
Ibrahim Sangare,Ibrahim Sangare,Ibrahim Sangaré,Sangaré,MID,Ivory Coast,2023/24,2025/26,3,Nottingham Forest,58,2
Osei Sankofa,Osei Sankofa,Osei Sankofa,Sankofa,DEF,England,2002/03,2006/07,3,Charlton,14,0
Yaya Sanogo,Yaya Sanogo,Yaya Sanogo,Sanogo,FWD,France,2013/14,2014/15,2,Arsenal; Crystal Palace,21,0
Kenny Sansom,Kenny Sansom,Kenny Sansom,Sansom,DEF,England,1992/93,1992/93,1,Coventry; Everton,28,1
Morgan Sanson,Morgan Sanson,Morgan Sanson,Sanson,MID,France,2020/21,2022/23,3,Aston Villa,21,0
Roque Santa Cruz,Roque Santa Cruz,Roque Santa Cruz,Santa Cruz,FWD,Paraguay,2007/08,2010/11,4,Blackburn; Man City,86,26
Davide Santon,Davide Santon,Davide Santon,Santon,DEF,Italy,2011/12,2013/14,3,Newcastle,82,1
Andre Santos,Andre Santos,André Santos,Santos,DEF,Brazil,2011/12,2012/13,2,Arsenal,23,2
Andrey Santos,Andrey Santos,Andrey Santos,Santos,MID,Brazil,2023/24,2025/26,2,Nottingham Forest; Chelsea,28,1
Pablo Sarabia,Pablo Sarabia,Pablo Sarabia,Sarabia,MID,Spain,2022/23,2024/25,3,Wolves,66,8
Josh Sargent,Josh Sargent,Josh Sargent,Sargent,FWD,United States,2021/22,2021/22,1,Norwich,26,2
Jeremy Sarmiento,Jeremy Sarmiento,Jeremy Sarmiento,Sarmiento,MID,Ecuador,2021/22,2024/25,3,Brighton,15,0
Ismaila Sarr,Ismaila Sarr,Ismaïla Sarr,Sarr,FWD,Senegal,2019/20,2025/26,4,Watford; Crystal Palace,116,27
Malang Sarr,Malang Sarr,Malang Sarr,Sarr,DEF,France,2021/22,2021/22,1,Chelsea,8,0
Mamadou Sarr,Mamadou Sarr,Mamadou Sarr,Sarr,DEF,Senegal,2025/26,2025/26,1,Chelsea,3,0
Pape Matar Sarr,Pape Matar Sarr,Pape Matar Sarr,Sarr,MID,Senegal,2022/23,2025/26,4,Spurs,107,8
Saul,Saul,Saúl Ñíguez,Saul,MID,Spain,2021/22,2021/22,1,Chelsea,10,0
Dean Saunders,Dean Saunders,Dean Saunders,Saunders,FWD,Wales,1992/93,2000/01,6,Aston Villa; Liverpool; Nottingham Forest; Bradford,196,45
Facundo Sava,Facundo Sava,Facundo Sava,Sava,FWD,Argentina,2002/03,2003/04,2,Fulham,26,6
Robbie Savage,Robbie Savage,Robbie Savage,Savage,MID,Wales,1997/98,2007/08,11,Leicester; Birmingham; Blackburn; Derby,346,20
Stefan Savic,Stefan Savic,Stefan Savić,Savic,DEF,Montenegro,2011/12,2011/12,1,Man City,11,1
Savinho,Savinho,Savinho,Savinho,MID,Brazil,2024/25,2025/26,2,Man City,53,2
Nicolo Savona,Nicolo Savona,Nicolò Savona,Savona,DEF,Italy,2025/26,2025/26,1,Nottingham Forest,14,2
Romaine Sawyers,Romaine Sawyers,Romaine Sawyers,Sawyers,MID,Saint Kitts and Nevis,2020/21,2020/21,1,West Brom,19,0
Romain Saiss,Romain Saiss,Romain Saïss,Saïss,DEF,Morocco,2018/19,2021/22,4,Wolves,110,9
John Scales,John Scales,John Scales,Scales,DEF,England,1992/93,2000/01,9,Wimbledon; Liverpool; Spurs; Ipswich,172,3
Lionel Scaloni,Lionel Scaloni,Lionel Scaloni,Scaloni,MID,Argentina,2005/06,2005/06,1,West Ham,13,0
Gianluca Scamacca,Gianluca Scamacca,Gianluca Scamacca,Scamacca,FWD,Italy,2022/23,2022/23,1,West Ham,16,3
Oliver Scarles,Oliver Scarles,Oliver Scarles,Scarles,DEF,England,2024/25,2025/26,2,West Ham,28,0
Dane Scarlett,Dane Scarlett,Dane Scarlett,Scarlett,FWD,England,2020/21,2025/26,5,Spurs,11,0
Gustavo Scarpa,Gustavo Scarpa,Gustavo Scarpa,Scarpa,MID,Brazil,2022/23,2022/23,1,Nottingham Forest,6,0
Kevin Schade,Kevin Schade,Kevin Schade,Schade,FWD,Germany,2022/23,2025/26,4,Brentford,102,21
Fabian Schar,Fabian Schar,Fabian Schär,Schar,DEF,Switzerland,2018/19,2025/26,8,Newcastle,211,18
Paul Scharner,Paul Scharner,Paul Scharner,Scharner,MID,Austria,2005/06,2012/13,8,Wigan; West Brom,221,21
Ezequiel Schelotto,Ezequiel Schelotto,Ezequiel Schelotto,Schelotto,DEF,Italy,2017/18,2019/20,2,Brighton,28,0
Sebastien Schemmel,Sebastien Schemmel,Sébastien Schemmel,Schemmel,DEF,France,2000/01,2003/04,4,West Ham; Portsmouth,77,1
Christopher Schindler,Christopher Schindler,Christopher Schindler,Schindler,DEF,Germany,2017/18,2018/19,2,Huddersfield,74,1
Jeffrey Schlupp,Jeffrey Schlupp,Jeffrey Schlupp,Schlupp,DEF,Ghana,2014/15,2024/25,11,Leicester; Crystal Palace,280,22
Kasper Schmeichel,Kasper Schmeichel,Kasper Schmeichel,Schmeichel,GK,Denmark,2007/08,2021/22,10,Man City; Leicester,284,0
Peter Schmeichel,Peter Schmeichel,Peter Schmeichel,Schmeichel,GK,Denmark,1992/93,2002/03,9,Man Utd; Aston Villa; Man City,310,1
Rafael Schmitz,Rafael Schmitz,Rafael Schmitz,Schmitz,DEF,Brazil,2007/08,2007/08,1,Birmingham,15,0
Morgan Schneiderlin,Morgan Schneiderlin,Morgan Schneiderlin,Schneiderlin,MID,France,2012/13,2019/20,8,Southampton; Man Utd; Everton,200,13
Stefan Schnoor,Stefan Schnoor,Stefan Schnoor,Schnoor,DEF,Germany,1998/99,2000/01,3,Derby,60,2
Paul Scholes,Paul Scholes,Paul Scholes,Scholes,MID,England,1994/95,2012/13,19,Man Utd,499,107
Andre Schurrle,Andre Schurrle,André Schürrle,Schurrle,FWD,Germany,2013/14,2018/19,3,Chelsea; Fulham,68,17
Stefan Schwarz,Stefan Schwarz,Stefan Schwarz,Schwarz,MID,Sweden,1994/95,2001/02,4,Arsenal; Sunderland,101,5
Mark Schwarzer,Mark Schwarzer,Mark Schwarzer,Schwarzer,GK,Australia,1996/97,2014/15,18,Middlesbrough; Fulham; Chelsea; Leicester,514,0
Bastian Schweinsteiger,Bastian Schweinsteiger,Bastian Schweinsteiger,Schweinsteiger,MID,Germany,2015/16,2015/16,1,Man Utd,18,1
Riccardo Scimeca,Riccardo Scimeca,Riccardo Scimeca,Scimeca,MID,England,1995/96,2005/06,7,Aston Villa; Leicester; West Brom,137,3
Ignacio Scocco,Ignacio Scocco,Ignacio Scocco,Scocco,FWD,Argentina,2013/14,2013/14,1,Sunderland,6,0
Jason Scotland,Jason Scotland,Jason Scotland,Scotland,FWD,Trinidad and Tobago,2009/10,2009/10,1,Wigan,32,1
Alex Scott,Alex Scott,Alex Scott,Scott,MID,England,2023/24,2025/26,3,Bournemouth,80,4
Andy Scott,Andy Scott,Andy Scott,Scott,FWD,England,1992/93,1993/94,2,Sheffield Utd,17,2
Keith Scott,Keith Scott,Keith Scott,Scott,FWD,England,1993/94,1993/94,1,Swindon,27,4
Kevin Scott,Kevin Scott,Kevin Scott,Scott,DEF,England,1993/94,1995/96,3,Newcastle; Spurs,36,1
Martin Scott,Martin Scott,Martin Scott,Scott,DEF,England,1996/97,1996/97,1,Sunderland,15,1
Phil Scott,Phil Scott,Philip Scott,Scott,MID,Scotland,1998/99,1999/00,2,Sheffield Wed,9,1
James Scowcroft,James Scowcroft,James Scowcroft,Scowcroft,FWD,England,2000/01,2003/04,3,Ipswich; Leicester,93,14
Ryan Seager,Ryan Seager,Ryan Seager,Seager,FWD,England,2014/15,2014/15,1,Southampton,1,0
Les Sealey,Les Sealey,Les Sealey,Sealey,GK,England,1995/96,1996/97,2,West Ham,4,0
David Seaman,David Seaman,David Seaman,Seaman,GK,England,1992/93,2003/04,12,Arsenal; Man City,344,0
Freddie Sears,Freddie Sears,Freddie Sears,Sears,FWD,England,2007/08,2010/11,4,West Ham,36,2
Steve Sedgley,Steve Sedgley,Steve Sedgley,Sedgley,MID,England,1992/93,1994/95,3,Spurs; Ipswich,90,13
Goce Sedloski,Goce Sedloski,Goce Sedloski,Sedloski,DEF,North Macedonia,1997/98,1997/98,1,Sheffield Wed,4,0
Jenson Seelt,Jenson Seelt,Jenson Seelt,Seelt,DEF,Netherlands,2025/26,2025/26,1,Sunderland,2,0
Hans Segers,Hans Segers,Hans Segers,Segers,GK,Netherlands,1992/93,1998/99,5,Wimbledon; Spurs,119,0
Scott Sellars,Scott Sellars,Scott Sellars,Sellars,MID,England,1992/93,1997/98,5,Leeds; Newcastle; Bolton,99,9
Ian Selley,Ian Selley,Ian Selley,Selley,MID,England,1992/93,1996/97,4,Arsenal,41,0
Matz Sels,Matz Sels,Matz Sels,Sels,GK,Belgium,2023/24,2025/26,3,Nottingham Forest,85,0
Ken Sema,Ken Sema,Ken Sema,Sema,MID,Sweden,2018/19,2021/22,2,Watford,35,1
Nelson Semedo,Nelson Semedo,Nélson Semedo,Semedo,DEF,Portugal,2020/21,2024/25,5,Wolves,165,1
Antoine Semenyo,Antoine Semenyo,Antoine Semenyo,Semenyo,FWD,Ghana,2022/23,2025/26,4,Bournemouth; Man City,118,37
Philippe Senderos,Philippe Senderos,Philippe Senderos,Senderos,DEF,Switzerland,2004/05,2014/15,10,Arsenal; Everton; Fulham; Aston Villa,131,6
Marcos Senesi,Marcos Senesi,Marcos Senesi,Senesi,DEF,Argentina,2022/23,2025/26,4,Bournemouth,116,6
Seol Ki-hyeon,Seol Ki-hyeon,Seol Ki-hyeon,Seol,FWD,South Korea,2006/07,2009/10,4,Reading; Fulham,48,5
Matteo Sereni,Matteo Sereni,Matteo Sereni,Sereni,GK,Italy,2001/02,2001/02,1,Ipswich,25,0
Jean Michael Seri,Jean Michael Seri,Jean Michaël Seri,Seri,MID,Ivory Coast,2018/19,2018/19,1,Fulham,32,1
Femi Seriki,Femi Seriki,Femi Seriki,Seriki,MID,England,2020/21,2020/21,1,Sheffield Utd,1,0
Carl Serrant,Carl Serrant,Carl Serrant,Serrant,DEF,England,1998/99,1999/00,2,Newcastle,6,0
Benjamin Sesko,Benjamin Sesko,Benjamin Šeško,Sesko,FWD,Slovenia,2025/26,2025/26,1,Man Utd,30,11
Ryan Sessegnon,Ryan Sessegnon,Ryan Sessegnon,Sessegnon,MID,England,2018/19,2025/26,6,Fulham; Spurs,116,11
Stephane Sessegnon,Stephane Sessegnon,Stéphane Sessègnon,Sessegnon,MID,Benin,2010/11,2015/16,6,Sunderland; West Brom,166,25
Rami Shaaban,Rami Shaaban,Rami Shaaban,Shaaban,GK,Sweden,2002/03,2002/03,1,Arsenal,3,0
Jason Shackell,Jason Shackell,Jason Shackell,Shackell,DEF,England,2004/05,2014/15,2,Norwich; Burnley,49,0
Jamie Shackleton,Jamie Shackleton,Jamie Shackleton,Shackleton,MID,England,2020/21,2021/22,2,Leeds,27,0
Xherdan Shaqiri,Xherdan Shaqiri,Xherdan Shaqiri,Shaqiri,MID,Switzerland,2015/16,2020/21,6,Stoke; Liverpool,129,22
Billy Sharp,Billy Sharp,Billy Sharp,Sharp,FWD,England,2012/13,2020/21,3,Southampton; Sheffield Utd,43,6
Graeme Sharp,Graeme Sharp,Graeme Sharp,Sharp,FWD,Scotland,1992/93,1993/94,2,Oldham,55,16
Kevin Sharp,Kevin Sharp,Kevin Sharp,Sharp,DEF,England,1992/93,1995/96,4,Leeds,17,0
Lee Sharpe,Lee Sharpe,Lee Sharpe,Sharpe,MID,England,1992/93,2000/01,8,Man Utd; Leeds; Bradford,175,22
Luke Shaw,Luke Shaw,Luke Shaw,Shaw,DEF,England,2012/13,2025/26,14,Southampton; Man Utd,296,4
Paul Shaw,Paul Shaw,Paul Shaw,Shaw,FWD,England,1994/95,1996/97,3,Arsenal,12,2
Richard Shaw,Richard Shaw,Richard Shaw,Shaw,DEF,England,1992/93,2000/01,8,Crystal Palace; Coventry,253,0
Ryan Shawcross,Ryan Shawcross,Ryan Shawcross,Shawcross,DEF,England,2008/09,2017/18,10,Stoke,317,14
Mohamed Shawky,Mohamed Shawky,Mohamed Shawky,Shawky,MID,Egypt,2007/08,2008/09,2,Middlesbrough,18,0
Brek Shea,Brek Shea,Brek Shea,Shea,MID,United States,2012/13,2013/14,2,Stoke,3,0
James Shea,James Shea,James Shea,Shea,GK,England,2023/24,2023/24,1,Luton,1,0
Alan Shearer,Alan Shearer,Alan Shearer,Shearer,FWD,England,1992/93,2005/06,14,Blackburn; Newcastle,441,260
Itay Shechter,Itay Shechter,Itay Shechter,Shechter,FWD,Israel,2012/13,2012/13,1,Swansea,18,1
Joe Sheerin,Joe Sheerin,Joe Sheerin,Sheerin,FWD,England,1996/97,1996/97,1,Chelsea,1,0
Jon Sheffield,Jon Sheffield,Jon Sheffield,Sheffield,GK,England,1993/94,1993/94,1,Swindon,2,0
Luton Shelton,Luton Shelton,Luton Shelton,Shelton,FWD,Jamaica,2006/07,2006/07,1,Sheffield Utd,4,0
Jonjo Shelvey,Jonjo Shelvey,Jonjo Shelvey,Shelvey,MID,England,2010/11,2022/23,12,Liverpool; Swansea; Newcastle; Nottingham Forest,278,23
Ollie Shenton,Ollie Shenton,Oliver Shenton,Shenton,MID,England,2014/15,2014/15,1,Stoke,1,0
Paul Shepherd,Paul Shepherd,Paul Shepherd,Shepherd,DEF,England,1996/97,1996/97,1,Leeds,1,0
Darren Sheridan,Darren Sheridan,Darren Sheridan,Sheridan,MID,England,1997/98,1997/98,1,Barnsley,26,0
John Sheridan,John Sheridan,John Sheridan,Sheridan,MID,Republic of Ireland,1992/93,1997/98,6,Sheffield Wed; Bolton,112,7
Tony Sheridan,Tony Sheridan,Tony Sheridan,Sheridan,FWD,Republic of Ireland,1992/93,1993/94,2,Coventry,9,0
Teddy Sheringham,Teddy Sheringham,Teddy Sheringham,Sheringham,FWD,England,1992/93,2006/07,14,Nottingham Forest; Spurs; Man Utd; Portsmouth; West Ham,418,146
Mike Sheron,Mike Sheron,Mike Sheron,Sheron,FWD,England,1992/93,1994/95,3,Man City; Norwich,92,18
Tim Sherwood,Tim Sherwood,Tim Sherwood,Sherwood,MID,England,1992/93,2003/04,11,Blackburn; Spurs; Portsmouth,341,37
Andriy Shevchenko,Andriy Shevchenko,Andriy Shevchenko,Shevchenko,FWD,Ukraine,2006/07,2009/10,3,Chelsea,48,9
Greg Shields,Greg Shields,Greg Shields,Shields,DEF,Scotland,2000/01,2000/01,1,Charlton,4,0
Sam Shilton,Sam Shilton,Sam Shilton,Shilton,MID,England,1997/98,1998/99,2,Coventry,7,0
Neil Shipperley,Neil Shipperley,Neil Shipperley,Shipperley,FWD,England,1992/93,2004/05,8,Chelsea; Southampton; Crystal Palace; Nottingham Forest,150,27
Peter Shirtliff,Peter Shirtliff,Peter Shirtliff,Shirtliff,DEF,England,1992/93,1997/98,2,Sheffield Wed; Barnsley,24,0
Danny Shittu,Danny Shittu,Danny Shittu,Shittu,DEF,Nigeria,2006/07,2008/09,2,Watford; Bolton,40,1
Shola Shoretire,Shola Shoretire,Shola Shoretire,Shoretire,FWD,England,2020/21,2021/22,2,Man Utd,3,0
Nicky Shorey,Nicky Shorey,Nicky Shorey,Shorey,DEF,England,2006/07,2012/13,7,Reading; Aston Villa; Fulham; West Brom,176,3
Craig Short,Craig Short,Craig Short,Short,DEF,England,1995/96,2004/05,8,Everton; Blackburn,181,7
Ryan Shotton,Ryan Shotton,Ryan Shotton,Shotton,DEF,England,2010/11,2012/13,3,Stoke,48,1
Chris Shuker,Chris Shuker,Chris Shuker,Shuker,MID,England,2002/03,2002/03,1,Man City,3,0
Carl Shutt,Carl Shutt,Carl Shutt,Shutt,FWD,England,1992/93,1993/94,2,Leeds; Man City,20,0
Antoine Sibierski,Antoine Sibierski,Antoine Sibierski,Sibierski,MID,France,2003/04,2008/09,6,Man City; Newcastle; Wigan,151,18
Gerald Sibon,Gerald Sibon,Gerald Sibon,Sibon,FWD,Netherlands,1999/00,1999/00,1,Sheffield Wed,28,5
Djibril Sidibe,Djibril Sidibe,Djibril Sidibé,Sidibe,DEF,France,2019/20,2019/20,1,Everton,25,0
Mamady Sidibe,Mamady Sidibe,Mamady Sidibé,Sidibe,FWD,Mali,2008/09,2010/11,3,Stoke,48,5
Steve Sidwell,Steve Sidwell,Steve Sidwell,Sidwell,MID,England,2006/07,2015/16,10,Reading; Chelsea; Aston Villa; Fulham; Stoke,200,21
Francisco Sierralta,Francisco Sierralta,Francisco Sierralta,Sierralta,DEF,Chile,2021/22,2021/22,1,Watford,5,0
Gylfi Sigurdsson,Gylfi Sigurdsson,Gylfi Þór Sigurðsson,Sigurdsson,MID,Iceland,2011/12,2020/21,10,Swansea; Spurs; Everton,318,67
Larus Sigurdsson,Larus Sigurdsson,Lárus Orri Sigurðsson,Sigurdsson,DEF,Iceland,2002/03,2002/03,1,West Brom,29,0
Silas,Silas,Jorge Silas,Silas,MID,Portugal,2003/04,2003/04,1,Wolves,9,0
Zain Silcott-Duberry,Zain Silcott-Duberry,Zain Silcott-Duberry,Silcott-Duberry,FWD,England,2024/25,2024/25,1,Bournemouth,1,0
Andrea Silenzi,Andrea Silenzi,Andrea Silenzi,Silenzi,FWD,Italy,1995/96,1996/97,2,Nottingham Forest,12,0
Adrien Silva,Adrien Silva,Adrien Silva,Silva,MID,Portugal,2017/18,2018/19,2,Leicester,14,0
Anderson Silva,Anderson Silva,Anderson Silva,Silva,MID,Brazil,2006/07,2006/07,1,Everton,1,0
Bernardo Silva,Bernardo Silva,Bernardo Silva,Silva,MID,Portugal,2017/18,2025/26,9,Man City,304,45
Dario Silva,Dario Silva,Darío Silva,Silva,FWD,Uruguay,2005/06,2005/06,1,Portsmouth,13,2
David Silva,David Silva,David Silva,Silva,MID,Spain,2010/11,2019/20,10,Man City,309,60
Fabio Silva,Fabio Silva,Fábio Silva,Silva,FWD,Portugal,2020/21,2023/24,3,Wolves,62,4
Jota Silva,Jota Silva,Jota Silva,Silva,FWD,Portugal,2024/25,2025/26,2,Nottingham Forest,32,3
Thiago Silva,Thiago Silva,Thiago Emiliano da Silva,Silva,DEF,Brazil,2020/21,2023/24,4,Chelsea,113,8
Xande Silva,Xande Silva,Xande Silva,Silva,FWD,Portugal,2018/19,2018/19,1,West Ham,1,0
Mikael Silvestre,Mikael Silvestre,Mikaël Silvestre,Silvestre,DEF,France,1999/00,2009/10,11,Man Utd; Arsenal,275,9
Paris Simmons,Paris Simmons,Paris Simmons,Simmons,FWD,England,2007/08,2007/08,1,Derby,1,0
Ellis Simms,Ellis Simms,Ellis Simms,Simms,FWD,England,2021/22,2022/23,2,Everton,12,1
Xavi Simons,Xavi Simons,Xavi Simons,Simons,MID,Netherlands,2025/26,2025/26,1,Spurs,28,2
Steve Simonsen,Steve Simonsen,Steve Simonsen,Simonsen,GK,England,1999/00,2009/10,7,Everton; Stoke,38,0
Danny Simpson,Danny Simpson,Danny Simpson,Simpson,DEF,England,2007/08,2018/19,10,Man Utd; Blackburn; Newcastle; Leicester; QPR,213,0
Fitzroy Simpson,Fitzroy Simpson,Fitzroy Simpson,Simpson,MID,Jamaica,1992/93,1994/95,3,Man City,60,3
Jack Simpson,Jack Simpson,Jack Simpson,Simpson,DEF,England,2017/18,2019/20,3,Bournemouth,11,0
Jay Simpson,Jay Simpson,Jay Simpson,Simpson,FWD,England,2008/09,2008/09,1,West Brom,13,1
Paul Simpson,Paul Simpson,Paul Simpson,Simpson,MID,England,1996/97,1997/98,2,Derby,20,2
Jahmai Simpson-Pusey,Jahmai Simpson-Pusey,Jahmai Simpson-Pusey,Simpson-Pusey,DEF,England,2024/25,2024/25,1,Man City,2,0
Josh Sims,Josh Sims,Josh Sims,Sims,MID,England,2016/17,2018/19,3,Southampton,20,0
Florent Sinama-Pongolle,Florent Sinama-Pongolle,Florent Sinama-Pongolle,Sinama-Pongolle,FWD,France,2003/04,2005/06,3,Liverpool; Blackburn,48,5
Frank Sinclair,Frank Sinclair,Frank Sinclair,Sinclair,DEF,Jamaica,1992/93,2003/04,11,Chelsea; Leicester,288,8
James Sinclair,James Sinclair,James Sinclair,Sinclair,FWD,England,2006/07,2006/07,1,Bolton,2,0
Jerome Sinclair,Jerome Sinclair,Jerome Sinclair,Sinclair,FWD,England,2014/15,2017/18,3,Liverpool; Watford,11,0
Scott Sinclair,Scott Sinclair,Scott Sinclair,Sinclair,MID,England,2006/07,2015/16,9,Chelsea; Wigan; Swansea; Man City; West Brom; Aston Villa,119,13
Trevor Sinclair,Trevor Sinclair,Trevor Sinclair,Sinclair,MID,England,1993/94,2006/07,13,QPR; West Ham; Man City,361,52
Luis Sinisterra,Luis Sinisterra,Luis Sinisterra Lucumí,Sinisterra,MID,Colombia,2022/23,2024/25,3,Leeds; Bournemouth,51,8
Lee Sinnott,Lee Sinnott,Lee Sinnott,Sinnott,DEF,England,1992/93,1992/93,1,Crystal Palace,19,0
Andy Sinton,Andy Sinton,Andy Sinton,Sinton,MID,England,1992/93,1998/99,7,QPR; Sheffield Wed; Spurs,179,16
Mohamed Sissoko,Mohamed Sissoko,Mohamed Lamine Sissoko,Sissoko,MID,Mali,2005/06,2007/08,3,Liverpool,51,1
Moussa Sissoko,Moussa Sissoko,Moussa Sissoko,Sissoko,MID,France,2012/13,2021/22,10,Newcastle; Spurs; Watford,295,16
Justin Skinner,Justin Skinner,Justin Skinner,Skinner,DEF,England,1992/93,1995/96,2,Wimbledon,2,0
Oliver Skipp,Oliver Skipp,Oliver Skipp,Skipp,MID,England,2018/19,2024/25,6,Spurs; Leicester,101,1
Josip Skoko,Josip Skoko,Josip Skoko,Skoko,MID,Australia,2005/06,2007/08,3,Wigan,45,0
Giannis Skopelitis,Giannis Skopelitis,Giannis Skopelitis,Skopelitis,MID,Greece,2004/05,2005/06,2,Portsmouth,18,0
Martin Skrtel,Martin Skrtel,Martin Škrtel,Skrtel,DEF,Slovakia,2007/08,2015/16,9,Liverpool,242,16
Jamie Slabber,Jamie Slabber,Jamie Slabber,Slabber,FWD,England,2002/03,2002/03,1,Spurs,1,0
Steve Slade,Steve Slade,Steve Slade,Slade,FWD,England,1995/96,1995/96,1,Spurs,5,0
Robbie Slater,Robbie Slater,Robbie Slater,Slater,MID,Australia,1994/95,1997/98,4,Blackburn; West Ham; Southampton,84,4
Stuart Slater,Stuart Slater,Stuart Slater,Slater,MID,England,1993/94,1994/95,2,Ipswich,55,2
Callum Slattery,Callum Slattery,Callum Slattery,Slattery,MID,England,2018/19,2018/19,1,Southampton,3,0
Bernie Slaven,Bernie Slaven,Bernie Slaven,Slaven,FWD,Republic of Ireland,1992/93,1992/93,1,Middlesbrough,18,4
Jordan Slew,Jordan Slew,Jordan Slew,Slew,FWD,England,2011/12,2011/12,1,Blackburn,1,0
Islam Slimani,Islam Slimani,Islam Slimani,Slimani,FWD,Algeria,2016/17,2020/21,3,Leicester; Newcastle,40,8
Bryan Small,Bryan Small,Bryan Small,Small,DEF,England,1992/93,1995/96,4,Aston Villa; Bolton,29,0
William Smallbone,William Smallbone,William Smallbone,Smallbone,MID,Republic of Ireland,2019/20,2024/25,4,Southampton,34,1
Chris Smalling,Chris Smalling,Chris Smalling,Smalling,DEF,England,2008/09,2018/19,11,Fulham; Man Utd,219,12
Allan Smart,Allan Smart,Allan Smart,Smart,FWD,Scotland,1999/00,1999/00,1,Watford,14,5
Alexei Smertin,Alexei Smertin,Alexei Smertin,Smertin,MID,Russia,2003/04,2007/08,5,Portsmouth; Chelsea; Charlton; Fulham,82,0
Vladimir Smicer,Vladimir Smicer,Vladimír Šmicer,Smicer,MID,Czech Republic,1999/00,2004/05,6,Liverpool,121,10
Adam Smith,Adam Smith,Adam Smith,Smith,DEF,England,2011/12,2025/26,10,Spurs; Bournemouth,256,5
Alan Smith,Alan Smith,Alan Smith,Smith,FWD,England,1998/99,2011/12,13,Leeds; Man Utd; Newcastle,285,45
Alan Smith (b.1962),Alan Smith,Alan Smith,Smith,FWD,England,1992/93,1994/95,3,Arsenal,75,8
Alex Smith,Alex Smith,Alex Smith,Smith,DEF,England,2012/13,2012/13,1,Fulham,1,0
Brad Smith,Brad Smith,Brad Smith,Smith,DEF,Australia,2013/14,2016/17,3,Liverpool; Bournemouth,10,0
Dan Smith,Dan Smith,Dan Smith,Smith,DEF,England,2005/06,2005/06,1,Sunderland,3,0
Dave Smith,Dave Smith,David Smith,Smith,MID,England,1992/93,1993/94,2,Norwich,13,0
David Smith,David Smith,David Smith,Smith,MID,England,1992/93,1992/93,1,Coventry,6,1
Jamie Smith,Jamie Smith,Jamie Smith,Smith,DEF,England,1997/98,1997/98,1,Crystal Palace,18,0
Jeff Smith,Jeff Smith,Jeff Smith,Smith,MID,England,2001/02,2001/02,1,Bolton,1,0
Jimmy Smith,Jimmy Smith,Jimmy Smith,Smith,MID,England,2005/06,2005/06,1,Chelsea,1,0
Johann Smith,Johann Smith,Johann Smith,Smith,FWD,United States,2006/07,2006/07,1,Bolton,1,0
Martin Smith,Martin Smith,Martin Smith,Smith,FWD,England,1996/97,1996/97,1,Sunderland,11,0
Paul Smith,Paul Smith,Paul Smith,Smith,GK,England,2004/05,2004/05,1,Southampton,6,0
Richard Smith,Richard Smith,Richard Smith,Smith,DEF,England,1994/95,1994/95,1,Leicester,12,0
Tommy Smith,Tommy Smith,Tommy Smith,Smith,FWD,England,1999/00,2011/12,4,Watford; Portsmouth; QPR,87,6
Tommy Smith (defender),Tommy Smith,Tommy Smith,Smith,DEF,England,2017/18,2018/19,2,Huddersfield,39,0
Emile Smith Rowe,Emile Smith Rowe,Emile Smith Rowe,Smith Rowe,MID,England,2019/20,2025/26,7,Arsenal; Fulham,151,21
Ebi Smolarek,Ebi Smolarek,Ebi Smolarek,Smolarek,FWD,Poland,2008/09,2008/09,1,Bolton,12,0
Richard Sneekes,Richard Sneekes,Richard Sneekes,Sneekes,MID,Netherlands,1995/96,1995/96,1,Bolton,17,1
Robert Snodgrass,Robert Snodgrass,Robert Snodgrass,Snodgrass,MID,Scotland,2012/13,2020/21,7,Norwich; Hull; West Ham; West Brom,171,26
Ian Snodin,Ian Snodin,Ian Snodin,Snodin,MID,England,1992/93,1994/95,3,Everton,52,1
Cedric Soares,Cedric Soares,Cédric Soares,Soares,DEF,Portugal,2015/16,2023/24,9,Southampton; Arsenal; Fulham,167,3
Tom Soares,Tom Soares,Tom Soares,Soares,MID,England,2004/05,2008/09,2,Crystal Palace; Stoke,29,0
Ramadan Sobhi,Ramadan Sobhi,Ramadan Sobhi,Sobhi,MID,Egypt,2016/17,2018/19,3,Stoke; Huddersfield,45,2
Sam Sodje,Sam Sodje,Sam Sodje,Sodje,DEF,Nigeria,2006/07,2006/07,1,Reading,3,0
Dominic Solanke,Dominic Solanke,Dominic Solanke,Solanke,FWD,England,2017/18,2025/26,7,Liverpool; Bournemouth; Spurs,176,41
Nolberto Solano,Nolberto Solano,Nolberto Solano,Solano,MID,Peru,1998/99,2007/08,10,Newcastle; Aston Villa; West Ham,302,49
Stale Solbakken,Stale Solbakken,Ståle Solbakken,Solbakken,MID,Norway,1997/98,1997/98,1,Wimbledon,6,1
Roberto Soldado,Roberto Soldado,Roberto Soldado,Soldado,FWD,Spain,2013/14,2014/15,2,Spurs,52,7
Carlos Soler,Carlos Soler,Carlos Soler,Soler,MID,Spain,2024/25,2024/25,1,West Ham,31,1
Julio Soler,Julio Soler,Julio Soler,Soler,DEF,Argentina,2024/25,2025/26,2,Bournemouth,6,0
Mauricio Solis,Mauricio Solis,Mauricio Solís,Solis,MID,Costa Rica,1996/97,1997/98,2,Derby,11,0
Manor Solomon,Manor Solomon,Manor Solomon,Solomon,MID,Israel,2022/23,2023/24,2,Fulham; Spurs,24,4
Ole Gunnar Solskjaer,Ole Gunnar Solskjaer,Ole Gunnar Solskjær,Solskjaer,FWD,Norway,1996/97,2006/07,10,Man Utd,235,91
Trond Egil Soltvedt,Trond Egil Soltvedt,Trond Egil Soltvedt,Soltvedt,MID,Norway,1997/98,2000/01,4,Coventry; Southampton,87,5
Ragnvald Soma,Ragnvald Soma,Ragnvald Soma,Soma,DEF,Norway,2000/01,2001/02,2,West Ham,7,0
David Sommeil,David Sommeil,David Sommeil,Sommeil,DEF,France,2002/03,2006/07,5,Man City; Sheffield Utd,54,4
Jurgen Sommer,Jurgen Sommer,Jürgen Sommer,Sommer,GK,United States,1995/96,1995/96,1,QPR,33,0
Son Heung-min,Son Heung-min,Son Heung-min,Son,FWD,South Korea,2015/16,2024/25,10,Spurs,333,127
Alex Song,Alex Song,Alexandre Song,Song,MID,Cameroon,2005/06,2015/16,9,Arsenal; Charlton; West Ham,190,7
Rigobert Song,Rigobert Song,Rigobert Song,Song,DEF,Cameroon,1998/99,2001/02,4,Liverpool; West Ham,58,0
Franck Songo'o,Franck Songo'o,Franck Songo'o,Songo'o,MID,Cameroon,2005/06,2007/08,2,Portsmouth,3,0
Ibrahima Sonko,Ibrahima Sonko,Ibrahima Sonko,Sonko,DEF,Senegal,2006/07,2009/10,4,Reading; Stoke; Hull,62,1
Oliver Sonne,Oliver Sonne,Oliver Sonne,Sonne,DEF,Peru,2025/26,2025/26,1,Burnley,7,1
Danny Sonner,Danny Sonner,Danny Sonner,Sonner,MID,Northern Ireland,1998/99,1999/00,2,Sheffield Wed,53,3
Marvin Sordell,Marvin Sordell,Marvin Sordell,Sordell,FWD,England,2011/12,2014/15,2,Bolton; Burnley,17,0
Jacob Sorensen,Jacob Sorensen,Jacob Lungi Sørensen,Sorensen,MID,Denmark,2021/22,2021/22,1,Norwich,10,0
Lasse Sorensen,Lasse Sorensen,Lasse Sørensen,Sorensen,MID,Denmark,2017/18,2017/18,1,Stoke,1,0
Thomas Sorensen,Thomas Sorensen,Thomas Sørensen,Sorensen,GK,Denmark,1999/00,2013/14,13,Sunderland; Aston Villa; Stoke,364,0
Alexander Sorloth,Alexander Sorloth,Alexander Sørloth,Sorloth,FWD,Norway,2017/18,2018/19,2,Crystal Palace,16,0
Gonzalo Sorondo,Gonzalo Sorondo,Gonzalo Sorondo,Sorondo,DEF,Uruguay,2004/05,2006/07,3,Crystal Palace; Charlton,28,0
Borna Sosa,Borna Sosa,Borna Sosa,Sosa,DEF,Croatia,2025/26,2025/26,1,Crystal Palace,7,0
Ramon Sosa,Ramon Sosa,Ramón Sosa,Sosa,FWD,Paraguay,2024/25,2024/25,1,Nottingham Forest,19,1
Pape Souare,Pape Souare,Pape N'Diaye Souaré,Souare,DEF,Senegal,2014/15,2018/19,5,Crystal Palace,48,0
Boubakary Soumare,Boubakary Soumare,Boubakary Soumaré,Soumare,MID,France,2021/22,2024/25,3,Leicester,76,0
Neville Southall,Neville Southall,Neville Southall,Southall,GK,Wales,1992/93,1999/00,7,Everton; Bradford,208,0
Nicky Southall,Nicky Southall,Nicky Southall,Southall,MID,England,2001/02,2001/02,1,Bolton,18,1
Keith Southern,Keith Southern,Keith Southern,Southern,MID,England,2010/11,2010/11,1,Blackpool,21,0
Gareth Southgate,Gareth Southgate,Gareth Southgate,Southgate,DEF,England,1992/93,2005/06,13,Crystal Palace; Aston Villa; Middlesbrough,426,17
Harry Souttar,Harry Souttar,Harry Souttar,Souttar,DEF,Australia,2022/23,2022/23,1,Leicester,12,0
Souza,Souza,Souza,Souza,DEF,Brazil,2025/26,2025/26,1,Spurs,4,0
Vinicius Souza,Vinicius Souza,Vinícius Souza,Souza,MID,Brazil,2023/24,2023/24,1,Sheffield Utd,36,1
Tomas Soucek,Tomas Soucek,Tomáš Souček,Souček,MID,Czech Republic,2019/20,2025/26,7,West Ham,229,41
Lennard Sowah,Lennard Sowah,Lennard Sowah,Sowah,DEF,Germany,2009/10,2009/10,1,Portsmouth,5,0
Caglar Soyuncu,Caglar Soyuncu,Çağlar Söyüncü,Soyuncu,DEF,Turkey,2018/19,2022/23,5,Leicester,98,4
Nigel Spackman,Nigel Spackman,Nigel Spackman,Spackman,MID,England,1992/93,1995/96,4,Chelsea,67,0
Jay Spearing,Jay Spearing,Jay Spearing,Spearing,MID,England,2009/10,2011/12,3,Liverpool,30,0
Jonathan Spector,Jonathan Spector,Jonathan Spector,Spector,DEF,United States,2004/05,2010/11,7,Man Utd; Charlton; West Ham,124,1
Duncan Spedding,Duncan Spedding,Duncan Spedding,Spedding,DEF,England,1997/98,1997/98,1,Southampton,7,0
Gary Speed,Gary Speed,Gary Speed,Speed,MID,Wales,1992/93,2007/08,16,Leeds; Everton; Newcastle; Bolton,535,81
David Speedie,David Speedie,David Speedie,Speedie,FWD,Scotland,1992/93,1992/93,1,Southampton,11,0
Djed Spence,Djed Spence,Djed Spence,Spence,DEF,England,2022/23,2025/26,3,Spurs,59,1
Jordan Spence,Jordan Spence,Jordan Spence,Spence,MID,England,2009/10,2012/13,3,West Ham,7,0
John Spencer,John Spencer,John Spencer,Spencer,FWD,Scotland,1992/93,1998/99,7,Chelsea; Everton,112,36
Julian Speroni,Julian Speroni,Julián Speroni,Speroni,GK,Argentina,2004/05,2018/19,6,Crystal Palace,93,0
Nigel Spink,Nigel Spink,Nigel Spink,Spink,GK,England,1992/93,1995/96,4,Aston Villa,55,0
Matthew Spring,Matthew Spring,Matthew Spring,Spring,MID,England,2006/07,2006/07,1,Watford,6,0
Tony Springett,Tony Springett,Tony Springett,Springett,MID,Republic of Ireland,2021/22,2021/22,1,Norwich,3,0
Sebastien Squillaci,Sebastien Squillaci,Sébastien Squillaci,Squillaci,DEF,France,2010/11,2011/12,2,Arsenal,23,1
Dennis Srbeny,Dennis Srbeny,Dennis Srbeny,Srbeny,FWD,Germany,2019/20,2019/20,1,Norwich,8,1
Pavel Srnicek,Pavel Srnicek,Pavel Srníček,Srnicek,GK,Czech Republic,1993/94,2006/07,9,Newcastle; Sheffield Wed; Portsmouth,146,0
Jack Stacey,Jack Stacey,Jack Stacey,Stacey,DEF,England,2019/20,2022/23,2,Bournemouth,29,0
Anton Stach,Anton Stach,Anton Stach,Stach,MID,Germany,2025/26,2025/26,1,Leeds,29,5
Kostas Stafylidis,Kostas Stafylidis,Kostas Stafylidis,Stafylidis,DEF,Greece,2017/18,2017/18,1,Stoke,5,0
Paul Stalteri,Paul Stalteri,Paul Stalteri,Stalteri,MID,Canada,2005/06,2007/08,3,Spurs; Fulham,55,2
Jaap Stam,Jaap Stam,Jaap Stam,Stam,DEF,Netherlands,1998/99,2001/02,4,Man Utd,79,1
Ronnie Stam,Ronnie Stam,Ronnie Stam,Stam,MID,Netherlands,2010/11,2012/13,3,Wigan,62,1
Benjamin Stambouli,Benjamin Stambouli,Benjamin Stambouli,Stambouli,MID,France,2014/15,2014/15,1,Spurs,12,0
Phil Stamp,Phil Stamp,Phil Stamp,Stamp,MID,England,1995/96,2001/02,6,Middlesbrough,93,6
Mario Stanic,Mario Stanic,Mario Stanić,Stanic,MID,Croatia,2000/01,2003/04,4,Chelsea,59,7
Junior Stanislas,Junior Stanislas,Junior Stanislas,Stanislas,MID,England,2008/09,2022/23,9,West Ham; Bournemouth,144,26
Jay Stansfield,Jay Stansfield,Jay Stansfield,Stansfield,FWD,England,2022/23,2024/25,2,Fulham,4,0
Steve Staunton,Steve Staunton,Steve Staunton,Staunton,DEF,Republic of Ireland,1992/93,2002/03,11,Aston Villa; Liverpool,288,13
Jon Stead,Jon Stead,Jonathan Stead,Stead,FWD,England,2003/04,2006/07,4,Blackburn; Sunderland; Sheffield Utd,86,14
Richard Stearman,Richard Stearman,Richard Stearman,Stearman,DEF,England,2009/10,2011/12,3,Wolves,77,1
Jason Steele,Jason Steele,Jason Steele,Steele,GK,England,2021/22,2024/25,4,Brighton,35,0
Jed Steer,Jed Steer,Jed Steer,Steer,GK,England,2014/15,2021/22,3,Aston Villa,3,0
Dejan Stefanovic,Dejan Stefanovic,Dejan Stefanović,Stefanovic,DEF,Serbia,1995/96,2007/08,9,Sheffield Wed; Portsmouth; Fulham,191,7
Zack Steffen,Zack Steffen,Zack Steffen,Steffen,GK,United States,2020/21,2021/22,2,Man City,2,0
Mark Stein,Mark Stein,Mark Stein,Stein,FWD,England,1993/94,1995/96,3,Chelsea,50,21
Gretar Steinsson,Gretar Steinsson,Grétar Steinsson,Steinsson,DEF,Iceland,2007/08,2011/12,5,Bolton,126,4
Jan Stejskal,Jan Stejskal,Jan Stejskal,Stejskal,GK,Czech Republic,1992/93,1993/94,2,QPR,41,0
Maarten Stekelenburg,Maarten Stekelenburg,Maarten Stekelenburg,Stekelenburg,GK,Netherlands,2013/14,2016/17,3,Fulham; Southampton; Everton,55,0
Stale Stensaas,Stale Stensaas,Ståle Stensaas,Stensaas,DEF,Norway,1998/99,1998/99,1,Nottingham Forest,7,0
Igors Stepanovs,Igors Stepanovs,Igors Stepanovs,Stepanovs,DEF,Latvia,2000/01,2002/03,3,Arsenal,17,0
Dale Stephens,Dale Stephens,Dale Stephens,Stephens,MID,England,2017/18,2021/22,5,Brighton; Burnley,109,1
Jack Stephens,Jack Stephens,Jack Stephens,Stephens,DEF,England,2016/17,2024/25,8,Southampton; Bournemouth,156,5
Mile Sterjovski,Mile Sterjovski,Mile Sterjovski,Sterjovski,MID,Australia,2007/08,2007/08,1,Derby,12,0
Mel Sterland,Mel Sterland,Mel Sterland,Sterland,DEF,England,1992/93,1992/93,1,Leeds,3,0
Raheem Sterling,Raheem Sterling,Raheem Shaquille Sterling,Sterling,MID,England,2011/12,2024/25,14,Liverpool; Man City; Chelsea; Arsenal,396,123
Jamie Sterry,Jamie Sterry,Jamie Sterry,Sterry,DEF,England,2015/16,2015/16,1,Newcastle,1,0
Enda Stevens,Enda Stevens,Enda Stevens,Stevens,DEF,Republic of Ireland,2012/13,2020/21,3,Aston Villa; Sheffield Utd,75,2
Fin Stevens,Fin Stevens,Fin Stevens,Stevens,DEF,Wales,2021/22,2021/22,1,Brentford,1,0
Jon Stevenson,Jon Stevenson,Jon Stevenson,Stevenson,FWD,England,2001/02,2001/02,1,Leicester,6,1
Jordan Stewart,Jordan Stewart,Jordan Stewart,Stewart,DEF,England,1999/00,2006/07,4,Leicester; Watford,69,1
Kevin Stewart,Kevin Stewart,Kevin Stewart,Stewart,MID,Jamaica,2015/16,2016/17,2,Liverpool,11,0
Marcus Stewart,Marcus Stewart,Marcus Stewart,Stewart,FWD,England,2000/01,2002/03,3,Ipswich; Sunderland,81,26
Michael Stewart,Michael Stewart,Michael Stewart,Stewart,MID,Scotland,2000/01,2002/03,3,Man Utd,7,0
Paul Stewart,Paul Stewart,Paul Stewart,Stewart,MID,England,1992/93,1996/97,3,Liverpool; Sunderland,56,5
Ross Stewart,Ross Stewart,Ross Stewart,Stewart,FWD,Scotland,2024/25,2024/25,1,Southampton,12,1
Simon Stewart,Simon Stewart,Simon Stewart,Stewart,DEF,England,1992/93,1992/93,1,Sheffield Wed,6,0
Marco Stiepermann,Marco Stiepermann,Marco Stiepermann,Stiepermann,MID,Germany,2019/20,2019/20,1,Norwich,24,0
Igor Stimac,Igor Stimac,Igor Štimac,Stimac,DEF,Croatia,1996/97,2000/01,5,Derby; West Ham,100,3
Miroslav Stoch,Miroslav Stoch,Miroslav Stoch,Stoch,MID,Slovakia,2008/09,2008/09,1,Chelsea,4,0
David Stockdale,David Stockdale,David Stockdale,Stockdale,GK,England,2009/10,2013/14,5,Fulham,39,0
Robbie Stockdale,Robbie Stockdale,Robbie Stockdale,Stockdale,DEF,Scotland,1998/99,2003/04,5,Middlesbrough,74,2
Mick Stockwell,Mick Stockwell,Mick Stockwell,Stockwell,MID,England,1992/93,1994/95,3,Ipswich,96,5
Vladimir Stojkovic,Vladimir Stojkovic,Vladimir Stojković,Stojkovic,GK,Serbia,2009/10,2009/10,1,Wigan,4,0
Anthony Stokes,Anthony Stokes,Anthony Stokes,Stokes,FWD,Republic of Ireland,2007/08,2008/09,2,Sunderland,22,1
Jakub Stolarczyk,Jakub Stolarczyk,Jakub Stolarczyk,Stolarczyk,GK,Poland,2024/25,2024/25,1,Leicester,10,0
Andrejs Stolcers,Andrejs Stolcers,Andrejs Štolcers,Stolcers,FWD,Latvia,2001/02,2002/03,2,Fulham,10,0
Steve Stone,Steve Stone,Steve Stone,Stone,MID,England,1992/93,2004/05,10,Nottingham Forest; Aston Villa; Portsmouth,263,25
John Stones,John Stones,John Stones,Stones,DEF,England,2013/14,2025/26,13,Everton; Man City,257,11
Fredrik Stoor,Fredrik Stoor,Fredrik Stoor,Stoor,DEF,Sweden,2008/09,2009/10,2,Fulham,4,0
Gavin Strachan,Gavin Strachan,Gavin Strachan,Strachan,MID,Scotland,1997/98,2000/01,3,Coventry,14,0
Gordon Strachan,Gordon Strachan,Gordon Strachan,Strachan,MID,Scotland,1992/93,1996/97,5,Leeds; Coventry,96,7
Denis Stracqualursi,Denis Stracqualursi,Denis Stracqualursi,Stracqualursi,FWD,Argentina,2011/12,2011/12,1,Everton,21,1
Thomas Strakosha,Thomas Strakosha,Thomas Strakosha,Strakosha,GK,Albania,2023/24,2023/24,1,Brentford,2,0
Jorgen Strand Larsen,Jorgen Strand Larsen,Jørgen Strand Larsen,Strand Larsen,FWD,Norway,2024/25,2025/26,2,Wolves; Crystal Palace,71,18
Frank Strandli,Frank Strandli,Frank Strandli,Strandli,FWD,Norway,1992/93,1993/94,2,Leeds,14,2
Greg Strong,Greg Strong,Greg Strong,Strong,DEF,England,1995/96,1995/96,1,Bolton,1,0
Pascal Struijk,Pascal Struijk,Pascal Struijk,Struijk,DEF,Netherlands,2020/21,2025/26,4,Leeds,119,4
Branko Strupar,Branko Strupar,Branko Strupar,Strupar,FWD,Belgium,1999/00,2001/02,3,Derby,36,15
Cristhian Stuani,Cristhian Stuani,Cristhian Stuani,Stuani,FWD,Uruguay,2016/17,2016/17,1,Middlesbrough,23,4
Graham Stuart,Graham Stuart,Graham Stuart,Stuart,MID,England,1992/93,2004/05,12,Chelsea; Everton; Charlton; Norwich,294,45
Alan Stubbs,Alan Stubbs,Alan Stubbs,Stubbs,DEF,England,1995/96,2007/08,8,Bolton; Everton; Sunderland; Derby,212,11
Daniel Sturridge,Daniel Sturridge,Daniel Sturridge,Sturridge,FWD,England,2006/07,2018/19,13,Man City; Chelsea; Bolton; Liverpool; West Brom,218,76
Dean Sturridge,Dean Sturridge,Dean Sturridge,Sturridge,FWD,England,1996/97,2003/04,7,Derby; Leicester; Wolves,155,38
Denis Suarez,Denis Suarez,Denis Suárez,Suarez,MID,Spain,2018/19,2018/19,1,Arsenal,4,0
Luis Suarez,Luis Suarez,Luis Suárez,Suarez,FWD,Uruguay,2010/11,2013/14,4,Liverpool,110,69
Mario Suarez,Mario Suarez,Mario Suárez,Suarez,MID,Spain,2015/16,2015/16,1,Watford,15,0
Isaac Success,Isaac Success,Isaac Success,Success,FWD,Nigeria,2016/17,2019/20,3,Watford,54,2
Yukinari Sugawara,Yukinari Sugawara,Yukinari Sugawara,Sugawara,DEF,Japan,2024/25,2024/25,1,Southampton,30,1
Davor Suker,Davor Suker,Davor Šuker,Suker,FWD,Croatia,1999/00,2000/01,2,Arsenal; West Ham,33,10
Hakan Sukur,Hakan Sukur,Hakan Şükür,Sukur,FWD,Turkey,2002/03,2002/03,1,Blackburn,9,2
Kamaldeen Sulemana,Kamaldeen Sulemana,Kamaldeen Sulemana,Sulemana,FWD,Ghana,2022/23,2024/25,2,Southampton,44,3
Neil Sullivan,Neil Sullivan,Neil Sullivan,Sullivan,GK,Scotland,1992/93,2003/04,11,Wimbledon; Spurs; Chelsea,247,0
Nicky Summerbee,Nicky Summerbee,Nicky Summerbee,Summerbee,MID,England,1993/94,1999/00,4,Swindon; Man City; Sunderland,148,6
Mark Summerbell,Mark Summerbell,Mark Summerbell,Summerbell,MID,England,1995/96,2000/01,5,Middlesbrough,40,1
Crysencio Summerville,Crysencio Summerville,Crysencio Summerville,Summerville,MID,Netherlands,2021/22,2025/26,4,Leeds; West Ham,84,10
Sun Jihai,Sun Jihai,Sun Jihai,Sun,DEF,China,2002/03,2007/08,6,Man City,123,3
Andrew Surman,Andrew Surman,Andrew Surman,Surman,MID,England,2009/10,2019/20,8,Wolves; Norwich; Bournemouth,144,6
Sam Surridge,Sam Surridge,Sam Surridge,Surridge,FWD,England,2018/19,2022/23,3,Bournemouth; Nottingham Forest,26,1
Suso,Suso,Suso,Suso,FWD,Spain,2012/13,2012/13,1,Liverpool,14,0
Daryl Sutch,Daryl Sutch,Daryl Sutch,Sutch,DEF,England,1992/93,1994/95,3,Norwich,55,3
Markus Suttner,Markus Suttner,Markus Suttner,Suttner,DEF,Austria,2017/18,2017/18,1,Brighton,14,0
Chris Sutton,Chris Sutton,Chris Sutton,Sutton,FWD,England,1992/93,2006/07,10,Norwich; Blackburn; Chelsea; Birmingham; Aston Villa,255,83
Anders Svensson,Anders Svensson,Anders Svensson,Svensson,MID,Sweden,2001/02,2004/05,4,Southampton,127,9
Mathias Svensson,Mathias Svensson,Mathias Svensson,Svensson,FWD,Sweden,2000/01,2004/05,5,Charlton; Norwich,74,9
Michael Svensson,Michael Svensson,Michael Svensson,Svensson,DEF,Sweden,2002/03,2003/04,2,Southampton,60,4
Chris Swailes,Chris Swailes,Chris Swailes,Swailes,DEF,England,1994/95,1994/95,1,Ipswich,4,0
Piotr Swierczewski,Piotr Swierczewski,Piotr Świerczewski,Swierczewski,MID,Poland,2002/03,2002/03,1,Birmingham,1,0
John Swift,John Swift,John Swift,Swift,MID,England,2013/14,2013/14,1,Chelsea,1,0
Yacouba Sylla,Yacouba Sylla,Yacouba Sylla,Sylla,MID,Mali,2012/13,2013/14,2,Aston Villa,22,0
Ludovic Sylvestre,Ludovic Sylvestre,Ludovic Sylvestre,Sylvestre,MID,France,2010/11,2010/11,1,Blackpool,8,0
Sylvinho,Sylvinho,Sylvinho,Sylvinho,DEF,Brazil,1999/00,2009/10,3,Arsenal; Man City,65,3
Kit Symons,Kit Symons,Kit Symons,Symons,DEF,Wales,1995/96,2001/02,2,Man City; Fulham,42,2
Wojciech Szczesny,Wojciech Szczesny,Wojciech Szczęsny,Szczesny,GK,Poland,2010/11,2014/15,5,Arsenal,132,0
Sammie Szmodics,Sammie Szmodics,Sammie Szmodics,Szmodics,MID,Republic of Ireland,2024/25,2024/25,1,Ipswich,20,4
Dominik Szoboszlai,Dominik Szoboszlai,Dominik Szoboszlai,Szoboszlai,MID,Hungary,2023/24,2025/26,3,Liverpool,105,15
Jose Sa,Jose Sa,José Sá,Sá,GK,Portugal,2021/22,2025/26,5,Wolves,160,0
Carlos Sanchez,Carlos Sanchez,Carlos Sánchez,Sánchez,MID,Colombia,2014/15,2019/20,4,Aston Villa; West Ham,61,1
Davinson Sanchez,Davinson Sanchez,Davinson Sánchez,Sánchez,DEF,Colombia,2017/18,2023/24,7,Spurs,143,3
Jocelin Ta Bi,Jocelin Ta Bi,Jocelin Ta Bi,Ta Bi,FWD,Ivory Coast,2025/26,2025/26,1,Sunderland,1,0
Adel Taarabt,Adel Taarabt,Adel Taarabt,Taarabt,MID,Morocco,2006/07,2014/15,7,Spurs; QPR; Fulham,86,7
Jay Tabb,Jay Tabb,Jay Tabb,Tabb,MID,Republic of Ireland,2012/13,2012/13,1,Reading,12,0
Dusan Tadic,Dusan Tadic,Dušan Tadić,Tadic,MID,Serbia,2014/15,2017/18,4,Southampton,134,21
Gerry Taggart,Gerry Taggart,Gerry Taggart,Taggart,DEF,Northern Ireland,1995/96,2003/04,7,Bolton; Leicester,106,9
Massimo Taibi,Massimo Taibi,Massimo Taibi,Taibi,GK,Italy,1999/00,1999/00,1,Man Utd,4,0
Teemu Tainio,Teemu Tainio,Teemu Tainio,Tainio,MID,Finland,2005/06,2009/10,5,Spurs; Sunderland; Birmingham,88,3
Taye Taiwo,Taye Taiwo,Taye Taiwo,Taiwo,DEF,Nigeria,2011/12,2011/12,1,QPR,15,1
Idan Tal,Idan Tal,Idan Tal,Tal,MID,Israel,2000/01,2006/07,3,Everton; Bolton,45,2
Chemsdine Talbi,Chemsdine Talbi,Chemsdine Talbi,Talbi,MID,Morocco,2025/26,2025/26,1,Sunderland,28,4
Steve Talboys,Steve Talboys,Steve Talboys,Talboys,MID,England,1992/93,1995/96,4,Wimbledon,26,1
Gabriel Tamas,Gabriel Tamas,Gabriel Tamaș,Tamas,DEF,Romania,2010/11,2012/13,3,West Brom,45,0
Ao Tanaka,Ao Tanaka,Ao Tanaka,Tanaka,MID,Japan,2025/26,2025/26,1,Leeds,28,2
Japhet Tanganga,Japhet Tanganga,Japhet Tanganga,Tanganga,DEF,England,2019/20,2022/23,4,Spurs,27,0
Muamer Tankovic,Muamer Tankovic,Muamer Tanković,Tankovic,FWD,Sweden,2013/14,2013/14,1,Fulham,3,0
Adam Tanner,Adam Tanner,Adam Tanner,Tanner,MID,England,1994/95,1994/95,1,Ipswich,10,2
Nick Tanner,Nick Tanner,Nick Tanner,Tanner,DEF,England,1992/93,1992/93,1,Liverpool,4,0
Matt Targett,Matt Targett,Matt Targett,Targett,DEF,England,2014/15,2024/25,11,Southampton; Aston Villa; Newcastle,164,3
Mauricio Taricco,Mauricio Taricco,Mauricio Taricco,Taricco,DEF,Argentina,1998/99,2003/04,6,Spurs,130,2
James Tarkowski,James Tarkowski,James Tarkowski,Tarkowski,DEF,England,2016/17,2025/26,10,Burnley; Everton,340,12
Michael Tarnat,Michael Tarnat,Michael Tarnat,Tarnat,MID,Germany,2003/04,2003/04,1,Man City,32,3
Alan Tate,Alan Tate,Alan Tate,Tate,DEF,England,2011/12,2012/13,2,Swansea,8,0
Percy Tau,Percy Tau,Percy Tau,Tau,FWD,South Africa,2020/21,2020/21,1,Brighton,3,0
Jimi Tauriainen,Jimi Tauriainen,Jimi Tauriainen,Tauriainen,MID,Finland,2023/24,2023/24,1,Chelsea,1,0
Nuno Tavares,Nuno Tavares,Nuno Tavares,Tavares,DEF,Portugal,2021/22,2023/24,2,Arsenal; Nottingham Forest,30,1
Sidnei Tavares,Sidnei Tavares,Sidnei Tavares,Tavares,MID,Portugal,2020/21,2020/21,1,Leicester,2,0
James Tavernier,James Tavernier,James Tavernier,Tavernier,DEF,England,2012/13,2012/13,1,Newcastle,2,0
Marcus Tavernier,Marcus Tavernier,Marcus Tavernier,Tavernier,MID,England,2022/23,2025/26,4,Bournemouth,116,18
Stathis Tavlaridis,Stathis Tavlaridis,Efstathios Tavlaridis,Tavlaridis,DEF,Greece,2002/03,2002/03,1,Arsenal,1,0
Andrew Taylor,Andrew Taylor,Andrew Taylor,Taylor,DEF,England,2005/06,2013/14,5,Middlesbrough; Cardiff,110,0
Bob Taylor,Bob Taylor,Bob Taylor,Taylor,FWD,England,1997/98,2002/03,2,Bolton; West Brom,16,3
Charlie Taylor,Charlie Taylor,Charlie Taylor,Taylor,DEF,England,2017/18,2024/25,7,Burnley; Southampton,169,1
Ian Taylor,Ian Taylor,Ian Taylor,Taylor,MID,England,1994/95,2002/03,9,Aston Villa; Sheffield Wed,247,29
Jack Taylor,Jack Taylor,Jack Taylor,Taylor,MID,Republic of Ireland,2024/25,2024/25,1,Ipswich,32,1
Maik Taylor,Maik Taylor,Maik Taylor,Taylor,GK,Northern Ireland,1996/97,2009/10,8,Southampton; Fulham; Birmingham,180,0
Martin Taylor,Martin Taylor,Martin Taylor,Taylor,DEF,England,1998/99,2007/08,7,Blackburn; Birmingham,110,3
Martin Taylor (goalkeeper),Martin Taylor,Martin Taylor,Taylor,GK,England,1996/97,1996/97,1,Derby,3,0
Matt Taylor,Matt Taylor,Matthew Taylor,Taylor,MID,England,2003/04,2014/15,11,Portsmouth; Bolton; West Ham; Burnley,325,40
Neil Taylor,Neil Taylor,Neil Taylor,Taylor,DEF,Wales,2011/12,2020/21,8,Swansea; Aston Villa,146,0
Ryan Taylor,Ryan Taylor,Ryan Taylor,Taylor,DEF,England,2005/06,2014/15,8,Wigan; Newcastle,117,8
Scott Taylor,Scott Taylor,Scott Taylor,Taylor,FWD,England,1995/96,1995/96,1,Bolton,1,0
Scott Taylor (Leicester),Scott Taylor,Scott Taylor,Taylor,MID,England,1996/97,1996/97,1,Leicester,25,0
Shaun Taylor,Shaun Taylor,Shaun Taylor,Taylor,DEF,England,1993/94,1993/94,1,Swindon,42,4
Steven Taylor,Steven Taylor,Steven Taylor,Taylor,DEF,England,2003/04,2015/16,12,Newcastle,194,12
Stuart Taylor,Stuart Taylor,Stuart Taylor,Taylor,GK,England,2001/02,2012/13,6,Arsenal; Aston Villa; Reading,34,0
Gary Taylor-Fletcher,Gary Taylor-Fletcher,Gary Taylor-Fletcher,Taylor-Fletcher,FWD,England,2010/11,2014/15,2,Blackpool; Leicester,32,6
Loum Tchaouna,Loum Tchaouna,Loum Tchaouna,Tchaouna,FWD,France,2025/26,2025/26,1,Burnley,29,2
Allan Tchaptchet,Allan Tchaptchet,Allan Tchaptchet,Tchaptchet,DEF,France,2020/21,2020/21,1,Southampton,1,0
Jackson Tchatchoua,Jackson Tchatchoua,Jackson Tchatchoua,Tchatchoua,MID,Cameroon,2025/26,2025/26,1,Wolves,31,0
Somen Tchoyi,Somen Tchoyi,Somen Tchoyi,Tchoyi,MID,Cameroon,2010/11,2011/12,2,West Brom,41,7
Gary Teale,Gary Teale,Gary Teale,Teale,MID,Scotland,2005/06,2007/08,3,Wigan; Derby,54,0
Shaun Teale,Shaun Teale,Shaun Teale,Teale,DEF,England,1992/93,1994/95,3,Aston Villa,105,2
Olivier Tebily,Olivier Tebily,Olivier Tébily,Tebily,DEF,Ivory Coast,2002/03,2005/06,4,Birmingham,70,0
Dionatan Teixeira,Dionatan Teixeira,Dionatan Teixeira,Teixeira,DEF,Slovakia,2014/15,2015/16,2,Stoke,2,0
Filipe Teixeira,Filipe Teixeira,Filipe Teixeira,Teixeira,FWD,Portugal,2008/09,2008/09,1,West Brom,10,0
Joao Teixeira,Joao Teixeira,João Teixeira,Teixeira,MID,Portugal,2013/14,2015/16,2,Liverpool,2,0
Mathys Tel,Mathys Tel,Mathys Tel,Tel,FWD,France,2024/25,2025/26,2,Spurs,44,6
Paul Telfer,Paul Telfer,Paul Telfer,Telfer,MID,Scotland,1995/96,2004/05,10,Coventry; Southampton,319,7
Nathan Tella,Nathan Tella,Nathan Tella,Tella,MID,England,2019/20,2021/22,3,Southampton,33,1
Alex Telles,Alex Telles,Alex Telles,Telles,DEF,Brazil,2020/21,2021/22,2,Man Utd,30,0
David Terrier,David Terrier,David Terrier,Terrier,DEF,France,1997/98,1997/98,1,West Ham,1,0
John Terry,John Terry,John Terry,Terry,DEF,England,1998/99,2016/17,19,Chelsea,492,41
Jo Tessem,Jo Tessem,Jo Tessem,Tessem,MID,Norway,1999/00,2003/04,5,Southampton,110,12
Kenny Tete,Kenny Tete,Kenny Tete,Tete,DEF,Netherlands,2020/21,2025/26,5,Fulham,111,3
Tete,Tete,Tetê,Tete,MID,Brazil,2022/23,2022/23,1,Leicester,13,1
Alexander Tettey,Alexander Tettey,Alexander Tettey,Tettey,MID,Norway,2012/13,2019/20,4,Norwich,101,4
Carlos Tevez,Carlos Tevez,Carlos Tévez,Tevez,FWD,Argentina,2006/07,2012/13,7,West Ham; Man Utd; Man City,202,84
Andranik Teymourian,Andranik Teymourian,Andranik Teymourian,Teymourian,MID,Iran,2006/07,2008/09,3,Bolton; Fulham,21,2
Ben Thatcher,Ben Thatcher,Ben Thatcher,Thatcher,DEF,Wales,1996/97,2006/07,11,Wimbledon; Spurs; Leicester; Man City; Charlton,209,1
Florian Thauvin,Florian Thauvin,Florian Thauvin,Thauvin,MID,France,2015/16,2015/16,1,Newcastle,13,0
Alton Thelwell,Alton Thelwell,Alton Thelwell,Thelwell,DEF,England,2000/01,2001/02,2,Spurs,18,0
Kevin Theophile-Catherine,Kevin Theophile-Catherine,Kévin Théophile-Catherine,Theophile-Catherine,MID,France,2013/14,2013/14,1,Cardiff,28,0
Igor Thiago,Igor Thiago,Igor Thiago Nascimento Rodrigues,Thiago,FWD,Brazil,2024/25,2025/26,2,Brentford,46,22
Thiago,Thiago,Thiago Alcántara,Thiago,MID,Spain,2020/21,2023/24,4,Liverpool,68,2
Malick Thiaw,Malick Thiaw,Malick Thiaw,Thiaw,DEF,Germany,2025/26,2025/26,1,Newcastle,35,4
Paul Thirlwell,Paul Thirlwell,Paul Thirlwell,Thirlwell,MID,England,1999/00,2002/03,4,Sunderland,45,0
Danny Thomas,Danny Thomas,Danny Thomas,Thomas,MID,England,1999/00,1999/00,1,Leicester,3,0
Geoff Thomas,Geoff Thomas,Geoff Thomas,Thomas,MID,England,1992/93,1998/99,2,Crystal Palace; Nottingham Forest,34,3
Hendry Thomas,Hendry Thomas,Hendry Thomas,Thomas,MID,Honduras,2009/10,2010/11,2,Wigan,55,0
Jerome Thomas,Jerome Thomas,Jerome Thomas,Thomas,MID,England,2003/04,2014/15,10,Charlton; Portsmouth; West Brom; Crystal Palace,155,11
Jordan Thomas,Jordan Thomas,Jordan Thomas,Thomas,DEF,England,2019/20,2019/20,1,Norwich,1,0
Luke Thomas,Luke Thomas,Luke Thomas,Thomas,DEF,England,2019/20,2024/25,6,Leicester; Sheffield Utd,82,1
Michael Thomas,Michael Thomas,Michael Thomas,Thomas,MID,England,1992/93,1997/98,6,Liverpool,107,6
Scott Thomas,Scott Thomas,Scott Thomas,Thomas,MID,England,1994/95,1994/95,1,Man City,2,0
Tony Thomas,Tony Thomas,Tony Thomas,Thomas,DEF,England,1997/98,1998/99,2,Everton,8,0
Emerson Thome,Emerson Thome,Emerson Thome,Thome,DEF,Brazil,1997/98,2003/04,7,Sheffield Wed; Chelsea; Sunderland; Bolton,152,3
Alan Thompson,Alan Thompson,Alan Thompson,Thompson,MID,England,1995/96,1999/00,4,Bolton; Aston Villa,105,14
David Thompson,David Thompson,David Thompson,Thompson,MID,England,1996/97,2006/07,10,Liverpool; Coventry; Blackburn; Wigan; Bolton; Portsmouth,167,15
Dominic Thompson,Dominic Thompson,Dominic Thompson,Thompson,DEF,England,2021/22,2021/22,1,Brentford,2,0
Garry Thompson,Garry Thompson,Garry Thompson,Thompson,FWD,England,1992/93,1992/93,1,QPR,4,0
Max Thompson,Max Thompson,Max Thompson,Thompson,FWD,England,2019/20,2019/20,1,Burnley,1,0
Neil Thompson,Neil Thompson,Neil Thompson,Thompson,DEF,England,1992/93,1997/98,4,Ipswich; Barnsley,76,3
Steve Thompson,Steve Thompson,Steve Thompson,Thompson,MID,England,1994/95,1994/95,1,Leicester,19,0
Steven Thompson,Steven Thompson,Steven Thompson,Thompson,FWD,Scotland,2009/10,2009/10,1,Burnley,20,4
Claus Thomsen,Claus Thomsen,Claus Thomsen,Thomsen,MID,Denmark,1994/95,1997/98,3,Ipswich; Everton,57,6
Andy Thomson,Andy Thomson,Andy Thomson,Thomson,DEF,England,1993/94,1993/94,1,Swindon,1,0
Andy Thorn,Andy Thorn,Andy Thorn,Thorn,DEF,England,1992/93,1995/96,3,Crystal Palace; Wimbledon,71,2
George Thorne,George Thorne,George Thorne,Thorne,MID,England,2010/11,2012/13,3,West Brom,9,0
Ben Thornley,Ben Thornley,Ben Thornley,Thornley,MID,England,1993/94,1997/98,4,Man Utd,9,0
Sean Thornton,Sean Thornton,Sean Thornton,Thornton,MID,Republic of Ireland,2002/03,2002/03,1,Sunderland,11,1
Tom Thorpe,Tom Thorpe,Tom Thorpe,Thorpe,DEF,England,2014/15,2014/15,1,Man Utd,1,0
Erik Thorstvedt,Erik Thorstvedt,Erik Thorstvedt,Thorstvedt,GK,Norway,1992/93,1994/95,3,Spurs,60,0
Tiago,Tiago,Tiago Mendes,Tiago,MID,Portugal,2004/05,2004/05,1,Chelsea,34,4
Danny Tiatto,Danny Tiatto,Danny Tiatto,Tiatto,MID,Australia,2000/01,2003/04,3,Man City,51,2
Youri Tielemans,Youri Tielemans,Youri Tielemans,Tielemans,MID,Belgium,2018/19,2025/26,8,Leicester; Aston Villa,244,26
Dwight Tiendalli,Dwight Tiendalli,Dwight Tiendalli,Tiendalli,DEF,Netherlands,2012/13,2014/15,3,Swansea,27,1
Kieran Tierney,Kieran Tierney,Kieran Tierney,Tierney,DEF,Scotland,2019/20,2024/25,5,Arsenal,104,4
Marc Tierney,Marc Tierney,Marc Tierney,Tierney,DEF,England,2011/12,2012/13,2,Norwich,18,0
Hannu Tihinen,Hannu Tihinen,Hannu Tihinen,Tihinen,DEF,Finland,2000/01,2000/01,1,West Ham,8,0
Carl Tiler,Carl Tiler,Carl Tiler,Tiler,DEF,England,1992/93,2000/01,7,Nottingham Forest; Aston Villa; Everton; Charlton,107,3
Jurrien Timber,Jurrien Timber,Jurriën Timber,Timber,DEF,Netherlands,2023/24,2025/26,3,Arsenal,62,4
Eric Tinkler,Eric Tinkler,Eric Tinkler,Tinkler,MID,South Africa,1997/98,1997/98,1,Barnsley,25,2
Mark Tinkler,Mark Tinkler,Mark Tinkler,Tinkler,MID,England,1992/93,1996/97,5,Leeds,25,0
Cheick Tiote,Cheick Tiote,Cheick Tioté,Tiote,MID,Ivory Coast,2010/11,2015/16,6,Newcastle,138,1
Paul Tisdale,Paul Tisdale,Paul Tisdale,Tisdale,MID,England,1994/95,1995/96,2,Southampton,16,1
Kazuyuki Toda,Kazuyuki Toda,Kazuyuki Toda,Toda,MID,Japan,2002/03,2002/03,1,Spurs,4,0
Andy Todd,Andy Todd,Andy Todd,Todd,DEF,England,1995/96,2007/08,10,Bolton; Charlton; Blackburn; Derby,172,8
Lee Todd,Lee Todd,Lee Todd,Todd,DEF,England,1997/98,1997/98,1,Southampton,10,0
Jean-Clair Todibo,Jean-Clair Todibo,Jean-Clair Todibo,Todibo,DEF,France,2024/25,2025/26,2,West Ham,50,0
Svetoslav Todorov,Svetoslav Todorov,Svetoslav Todorov,Todorov,FWD,Bulgaria,2000/01,2006/07,5,West Ham; Portsmouth; Wigan,48,7
Harry Toffolo,Harry Toffolo,Harry Toffolo,Toffolo,DEF,England,2022/23,2024/25,3,Nottingham Forest,46,1
Stig Tofting,Stig Tofting,Stig Tøfting,Tofting,MID,Denmark,2001/02,2002/03,2,Bolton,14,0
Ola Toivonen,Ola Toivonen,Ola Toivonen,Toivonen,FWD,Sweden,2015/16,2015/16,1,Sunderland,12,0
Neil Tolson,Neil Tolson,Neil Tolson,Tolson,FWD,England,1992/93,1992/93,1,Oldham,3,0
Jon Dahl Tomasson,Jon Dahl Tomasson,Jon Dahl Tomasson,Tomasson,FWD,Denmark,1997/98,1997/98,1,Newcastle,23,3
Takehiro Tomiyasu,Takehiro Tomiyasu,Takehiro Tomiyasu,Tomiyasu,DEF,Japan,2021/22,2024/25,4,Arsenal,65,2
James Tomkins,James Tomkins,James Tomkins,Tomkins,DEF,England,2007/08,2023/24,16,West Ham; Crystal Palace,289,14
Lee Tomlin,Lee Tomlin,Lee Tomlin,Tomlin,FWD,England,2015/16,2015/16,1,Bournemouth,6,0
Fikayo Tomori,Fikayo Tomori,Fikayo Tomori,Tomori,DEF,England,2015/16,2020/21,3,Chelsea,17,1
Sandro Tonali,Sandro Tonali,Sandro Tonali,Tonali,MID,Italy,2023/24,2025/26,3,Newcastle,79,5
Kevin Toner,Kevin Toner,Kevin Toner,Toner,DEF,Republic of Ireland,2015/16,2015/16,1,Aston Villa,4,0
Aleksandar Tonev,Aleksandar Tonev,Aleksandar Tonev,Tonev,FWD,Bulgaria,2013/14,2013/14,1,Aston Villa,17,0
Ivan Toney,Ivan Toney,Ivan Toney,Toney,FWD,England,2015/16,2023/24,4,Newcastle; Brentford,85,36
Michael Tonge,Michael Tonge,Michael Tonge,Tonge,MID,England,2006/07,2010/11,3,Sheffield Utd; Stoke,39,2
Gokhan Tore,Gokhan Tore,Gökhan Töre,Tore,MID,Turkey,2016/17,2016/17,1,West Ham,5,0
Sandor Torghelle,Sandor Torghelle,Sándor Torghelle,Torghelle,FWD,Hungary,2004/05,2004/05,1,Crystal Palace,12,0
Lucas Torreira,Lucas Torreira,Lucas Torreira,Torreira,MID,Uruguay,2018/19,2019/20,2,Arsenal,63,3
Fernando Torres,Fernando Torres,Fernando Torres,Torres,FWD,Spain,2007/08,2013/14,7,Liverpool; Chelsea,212,85
Ferran Torres,Ferran Torres,Ferran Torres,Torres,FWD,Spain,2020/21,2021/22,2,Man City,28,9
Pau Torres,Pau Torres,Pau Torres,Torres,DEF,Spain,2023/24,2025/26,3,Aston Villa,74,2
Zoran Tosic,Zoran Tosic,Zoran Tošić,Tosic,MID,Serbia,2008/09,2008/09,1,Man Utd,2,0
Cenk Tosun,Cenk Tosun,Cenk Tosun,Tosun,FWD,Turkey,2017/18,2021/22,5,Everton; Crystal Palace,55,10
Alex Toth,Alex Toth,Alex Tóth,Toth,MID,Hungary,2025/26,2025/26,1,Bournemouth,9,0
Toti Gomes,Toti Gomes,Toti António Gomes,Toti,DEF,Portugal,2021/22,2025/26,5,Wolves,106,2
Kolo Toure,Kolo Toure,Kolo Touré,Toure,DEF,Ivory Coast,2002/03,2015/16,14,Arsenal; Man City; Liverpool,353,12
Yaya Toure,Yaya Toure,Yaya Touré,Toure,MID,Ivory Coast,2010/11,2017/18,8,Man City,230,62
Andros Townsend,Andros Townsend,Andros Townsend,Townsend,MID,England,2012/13,2023/24,11,QPR; Spurs; Newcastle; Crystal Palace; Everton; Luton,291,26
Andy Townsend,Andy Townsend,Andy Townsend,Townsend,MID,Republic of Ireland,1992/93,1999/00,8,Chelsea; Aston Villa; Middlesbrough,215,13
Conor Townsend,Conor Townsend,Conor Townsend,Townsend,DEF,England,2020/21,2024/25,2,West Brom; Ipswich,31,0
Hatem Trabelsi,Hatem Trabelsi,Hatem Trabelsi,Trabelsi,DEF,Tunisia,2006/07,2006/07,1,Man City,20,1
Simon Tracey,Simon Tracey,Simon Tracey,Tracey,GK,England,1992/93,1995/96,4,Sheffield Utd; Man City; Norwich; Wimbledon,30,0
James Trafford,James Trafford,James Trafford,Trafford,GK,England,2023/24,2025/26,2,Burnley; Man City,32,0
Paolo Tramezzani,Paolo Tramezzani,Paolo Tramezzani,Tramezzani,DEF,Italy,1998/99,1998/99,1,Spurs,6,0
Adama Traore,Adama Traore,Adama Traoré,Traore,FWD,Spain,2015/16,2025/26,10,Aston Villa; Middlesbrough; Wolves; Fulham; West Ham,271,14
Armand Traore,Armand Traore,Armand Traoré,Traore,DEF,Senegal,2007/08,2014/15,6,Arsenal; Portsmouth; QPR,97,1
Bertrand Traore,Bertrand Traore,Bertrand Traoré,Traore,FWD,Burkina Faso,2015/16,2025/26,6,Chelsea; Aston Villa; Sunderland,77,12
Djimi Traore,Djimi Traore,Djimi Traoré,Traore,DEF,Mali,2000/01,2007/08,7,Liverpool; Charlton; Portsmouth,112,0
Hamed Traore,Hamed Traore,Hamed Junior Traorè,Traore,MID,Ivory Coast,2022/23,2025/26,3,Bournemouth,11,0
Lacina Traore,Lacina Traore,Lacina Traoré,Traore,FWD,Ivory Coast,2013/14,2013/14,1,Everton,1,0
Benie Traore,Benie Traore,Bénie Traoré,Traoré,MID,Ivory Coast,2023/24,2023/24,1,Sheffield Utd,8,0
Boubacar Traore,Boubacar Traore,Boubacar Traoré,Traoré,MID,Mali,2022/23,2024/25,3,Wolves,35,0
Mark Travers,Mark Travers,Mark Travers,Travers,GK,Republic of Ireland,2018/19,2024/25,5,Bournemouth,24,0
Keith Treacy,Keith Treacy,Keith Treacy,Treacy,MID,Republic of Ireland,2008/09,2008/09,1,Blackburn,12,0
Gerhard Tremmel,Gerhard Tremmel,Gerhard Tremmel,Tremmel,GK,Germany,2011/12,2014/15,4,Swansea,29,0
Mike Tresor,Mike Tresor,Mike Trésor,Tresor,MID,Belgium,2023/24,2025/26,2,Burnley,22,0
Ryan Trevitt,Ryan Trevitt,Ryan Trevitt,Trevitt,MID,England,2024/25,2024/25,1,Brentford,1,0
Trezeguet,Trezeguet,Mahmoud Hassan Trézéguet,Trezeguet,MID,Egypt,2019/20,2021/22,3,Aston Villa,56,8
Trincao,Trincao,Francisco Trincão,Trincão,FWD,Portugal,2021/22,2021/22,1,Wolves,28,2
Kieran Trippier,Kieran Trippier,Kieran Trippier,Trippier,DEF,England,2014/15,2025/26,10,Burnley; Spurs; Newcastle,225,6
Diego Tristan,Diego Tristan,Diego Tristán,Tristan,FWD,Spain,2008/09,2008/09,1,West Ham,14,3
Paul Trollope,Paul Trollope,Paul Trollope,Trollope,MID,Wales,1996/97,1997/98,2,Derby,24,1
William Troost-Ekong,William Troost-Ekong,William Troost-Ekong,Troost-Ekong,DEF,Nigeria,2021/22,2021/22,1,Watford,17,0
Leandro Trossard,Leandro Trossard,Leandro Trossard,Trossard,MID,Belgium,2019/20,2025/26,7,Brighton; Arsenal,239,52
Marcello Trotta,Marcello Trotta,Marcello Trotta,Trotta,FWD,Italy,2011/12,2011/12,1,Fulham,1,0
Adrien Truffert,Adrien Truffert,Adrien Truffert,Truffert,DEF,France,2025/26,2025/26,1,Bournemouth,38,1
Orlando Trustfull,Orlando Trustfull,Orlando Trustfull,Trustfull,MID,Netherlands,1996/97,1996/97,1,Sheffield Wed,19,3
Auston Trusty,Auston Trusty,Auston Trusty,Trusty,DEF,United States,2023/24,2023/24,1,Sheffield Utd,32,0
Tom Trybull,Tom Trybull,Tom Trybull,Trybull,MID,Germany,2019/20,2019/20,1,Norwich,16,0
Kostas Tsimikas,Kostas Tsimikas,Kostas Tsimikas,Tsimikas,DEF,Greece,2020/21,2024/25,5,Liverpool,66,0
Axel Tuanzebe,Axel Tuanzebe,Axel Tuanzebe,Tuanzebe,DEF,DR Congo,2016/17,2025/26,7,Man Utd; Aston Villa; Ipswich; Burnley,64,1
Ozan Tufan,Ozan Tufan,Ozan Tufan,Tufan,MID,Turkey,2021/22,2021/22,1,Watford,7,0
Tugay,Tugay,Tugay Kerimoğlu,Tugay,MID,Turkey,2001/02,2008/09,8,Blackburn,233,10
Tuncay Sanli,Tuncay Sanli,Tuncay Şanlı,Tuncay,FWD,Turkey,2007/08,2011/12,5,Middlesbrough; Stoke; Bolton,127,20
Ryan Tunnicliffe,Ryan Tunnicliffe,Ryan Tunnicliffe,Tunnicliffe,MID,England,2013/14,2013/14,1,Fulham,3,0
Ross Turnbull,Ross Turnbull,Ross Turnbull,Turnbull,GK,England,2005/06,2012/13,6,Middlesbrough; Chelsea,34,0
Andy Turner,Andy Turner,Andy Turner,Turner,MID,Republic of Ireland,1992/93,1994/95,3,Spurs,20,3
Ben Turner,Ben Turner,Ben Turner,Turner,DEF,England,2013/14,2013/14,1,Cardiff,31,0
Iain Turner,Iain Turner,Iain Turner,Turner,GK,Scotland,2005/06,2006/07,2,Everton,4,0
Matt Turner,Matt Turner,Matt Turner,Turner,GK,United States,2023/24,2023/24,1,Nottingham Forest,17,0
Michael Turner,Michael Turner,Michael Turner,Turner,DEF,England,2008/09,2013/14,6,Hull; Sunderland; Norwich,158,9
David Tuttle,David Tuttle,David Tuttle,Tuttle,DEF,England,1992/93,1997/98,3,Spurs; Sheffield Utd; Crystal Palace,45,0
Gary Twigg,Gary Twigg,Gary Twigg,Twigg,FWD,Scotland,2001/02,2001/02,1,Derby,1,0
Josh Tymon,Josh Tymon,Josh Tymon,Tymon,DEF,England,2016/17,2017/18,2,Hull; Stoke,8,0
Stefanos Tzimas,Stefanos Tzimas,Stefanos Tzimas,Tzimas,FWD,Greece,2025/26,2025/26,1,Brighton,9,1
Christos Tzolis,Christos Tzolis,Christos Tzolis,Tzolis,FWD,Greece,2021/22,2021/22,1,Norwich,14,0
Christantus Uche,Christantus Uche,Christantus Uche,Uche,MID,Nigeria,2025/26,2025/26,1,Crystal Palace,14,0
Ifeanyi Udeze,Ifeanyi Udeze,Ifeanyi Udeze,Udeze,DEF,Nigeria,2002/03,2002/03,1,West Brom,11,0
Destiny Udogie,Destiny Udogie,Destiny Udogie,Udogie,DEF,Italy,2023/24,2025/26,3,Spurs,73,2
Manuel Ugarte,Manuel Ugarte,Manuel Ugarte,Ugarte,MID,Uruguay,2024/25,2025/26,2,Man Utd,51,1
Lesley Ugochukwu,Lesley Ugochukwu,Lesley Ugochukwu,Ugochukwu,MID,France,2023/24,2025/26,3,Chelsea; Southampton; Burnley,73,4
Rob Ullathorne,Rob Ullathorne,Robert Ullathorne,Ullathorne,DEF,England,1993/94,1998/99,4,Norwich; Leicester,74,5
Leonardo Ulloa,Leonardo Ulloa,Leonardo Ulloa,Ulloa,FWD,Argentina,2014/15,2017/18,4,Leicester; Brighton,96,19
Fredrik Ulvestad,Fredrik Ulvestad,Fredrik Ulvestad,Ulvestad,DEF,Norway,2014/15,2014/15,1,Burnley,2,0
Enes Unal,Enes Unal,Enes Ünal,Unal,FWD,Turkey,2023/24,2025/26,3,Bournemouth,56,5
Deniz Undav,Deniz Undav,Deniz Undav,Undav,FWD,Germany,2022/23,2022/23,1,Brighton,22,5
Cengiz Under,Cengiz Under,Cengiz Ünder,Under,FWD,Turkey,2020/21,2020/21,1,Leicester,9,0
Hakan Unsal,Hakan Unsal,Hakan Ünsal,Unsal,MID,Turkey,2001/02,2001/02,1,Blackburn,8,0
David Unsworth,David Unsworth,David Unsworth,Unsworth,DEF,England,1992/93,2006/07,14,Everton; West Ham; Portsmouth; Sheffield Utd; Wigan,364,38
Matthew Upson,Matthew Upson,Matthew Upson,Upson,DEF,England,1997/98,2014/15,17,Arsenal; Birmingham; West Ham; Stoke; Leicester,289,9
John Utaka,John Utaka,John Utaka,Utaka,FWD,Nigeria,2007/08,2009/10,3,Portsmouth,65,7
Nico Vaesen,Nico Vaesen,Nico Vaesen,Vaesen,GK,Belgium,2002/03,2005/06,2,Birmingham,31,0
Simo Valakari,Simo Valakari,Simo Valakari,Valakari,MID,Finland,2000/01,2001/02,2,Derby,20,1
Victor Valdes,Victor Valdes,Víctor Valdés,Valdes,GK,Spain,2014/15,2016/17,2,Man Utd; Middlesbrough,30,0
Hakon Valdimarsson,Hakon Valdimarsson,Hákon Rafn Valdimarsson,Valdimarsson,GK,Iceland,2024/25,2025/26,2,Brentford,3,0
Antonio Valencia,Antonio Valencia,Antonio Valencia,Valencia,MID,Ecuador,2006/07,2018/19,13,Wigan; Man Utd,325,24
Enner Valencia,Enner Valencia,Enner Valencia,Valencia,FWD,Ecuador,2014/15,2016/17,3,West Ham; Everton,75,11
Nuno Valente,Nuno Valente,Nuno Valente,Valente,DEF,Portugal,2005/06,2008/09,4,Everton,45,0
Borja Valero,Borja Valero,Borja Valero,Valero,MID,Spain,2008/09,2008/09,1,West Brom,30,0
Patrick Valery,Patrick Valery,Patrick Valéry,Valery,DEF,France,1997/98,1997/98,1,Blackburn,15,0
Yan Valery,Yan Valery,Yan Valery,Valery,DEF,Tunisia,2018/19,2022/23,5,Southampton,43,2
Jesus Vallejo,Jesus Vallejo,Jesús Vallejo,Vallejo,DEF,Spain,2019/20,2019/20,1,Wolves,2,0
Daniel Van Buyten,Daniel Van Buyten,Daniel Van Buyten,Van Buyten,DEF,Belgium,2003/04,2003/04,1,Man City,5,0
Jelle Van Damme,Jelle Van Damme,Jelle Van Damme,Van Damme,DEF,Belgium,2004/05,2010/11,2,Southampton; Wolves,12,1
Pat Van den Hauwe,Pat Van den Hauwe,Patrick Van den Hauwe,Van den Hauwe,DEF,Wales,1992/93,1992/93,1,Spurs,18,0
Anthony Vanden Borre,Anthony Vanden Borre,Anthony Vanden Borre,Vanden Borre,DEF,Belgium,2009/10,2009/10,1,Portsmouth,19,0
Imre Varadi,Imre Varadi,Imre Varadi,Varadi,FWD,England,1992/93,1992/93,1,Leeds,4,1
Raphael Varane,Raphael Varane,Raphaël Varane,Varane,DEF,France,2021/22,2023/24,3,Man Utd,68,2
Jamie Vardy,Jamie Vardy,Jamie Vardy,Vardy,FWD,England,2014/15,2024/25,10,Leicester,342,145
Guillermo Varela,Guillermo Varela,Guillermo Varela,Varela,DEF,Uruguay,2015/16,2015/16,1,Man Utd,4,0
Silvestre Varela,Silvestre Varela,Silvestre Varela,Varela,FWD,Portugal,2014/15,2014/15,1,West Brom,7,1
Stanislav Varga,Stanislav Varga,Stanislav Varga,Varga,DEF,Slovakia,2000/01,2001/02,2,Sunderland,21,1
Eduardo Vargas,Eduardo Vargas,Eduardo Vargas,Vargas,FWD,Chile,2014/15,2014/15,1,QPR,21,3
Luke Varney,Luke Varney,Luke Varney,Varney,FWD,England,2010/11,2010/11,1,Blackpool,30,5
Darius Vassell,Darius Vassell,Darius Vassell,Vassell,FWD,England,1998/99,2008/09,11,Aston Villa; Man City,265,52
Indiana Vassilev,Indiana Vassilev,Indiana Vassilev,Vassilev,MID,United States,2019/20,2019/20,1,Aston Villa,4,0
David Vaughan,David Vaughan,David Vaughan,Vaughan,MID,Wales,2010/11,2013/14,4,Blackpool; Sunderland,84,5
James Vaughan,James Vaughan,James Vaughan,Vaughan,FWD,England,2004/05,2011/12,8,Everton; Norwich,52,7
Tony Vaughan,Tony Vaughan,Tony Vaughan,Vaughan,DEF,England,1994/95,1994/95,1,Ipswich,10,0
Ricardo Vaz Te,Ricardo Vaz Te,Ricardo Vaz Té,Vaz Te,FWD,Portugal,2003/04,2014/15,9,Bolton; West Ham,94,8
Alvaro Vazquez,Alvaro Vazquez,Álvaro Vázquez,Vazquez,FWD,Spain,2013/14,2013/14,1,Swansea,12,0
Carl Veart,Carl Veart,Carl Veart,Veart,MID,Australia,1997/98,1997/98,1,Crystal Palace,6,0
Ramon Vega,Ramon Vega,Ramon Vega,Vega,DEF,Switzerland,1996/97,2000/01,5,Spurs,64,7
Renato Veiga,Renato Veiga,Renato Veiga,Veiga,DEF,Portugal,2024/25,2024/25,1,Chelsea,7,0
Carlos Vela,Carlos Vela,Carlos Vela,Vela,FWD,Mexico,2008/09,2010/11,3,Arsenal; West Brom,37,5
Josh Vela,Josh Vela,Josh Vela,Vela,MID,England,2011/12,2011/12,1,Bolton,3,0
Milos Veljkovic,Milos Veljkovic,Miloš Veljković,Veljkovic,DEF,Serbia,2013/14,2013/14,1,Spurs,2,0
Apostolos Vellios,Apostolos Vellios,Apostolos Vellios,Vellios,FWD,Greece,2010/11,2012/13,3,Everton,22,3
Joel Veltman,Joel Veltman,Joël Veltman,Veltman,DEF,Netherlands,2020/21,2025/26,6,Brighton,165,5
Barry Venison,Barry Venison,Barry Venison,Venison,DEF,England,1993/94,1996/97,4,Newcastle; Southampton,89,1
Jan Vennegoor of Hesselink,Jan Vennegoor of Hesselink,Jan Vennegoor of Hesselink,Vennegoor of Hesselink,FWD,Netherlands,2009/10,2009/10,1,Hull,31,3
Nicola Ventola,Nicola Ventola,Nicola Ventola,Ventola,FWD,Italy,2004/05,2004/05,1,Crystal Palace,3,1
Mark Venus,Mark Venus,Mark Venus,Venus,DEF,England,2000/01,2001/02,2,Ipswich,54,4
Bart Verbruggen,Bart Verbruggen,Bart Verbruggen,Verbruggen,GK,Netherlands,2023/24,2025/26,3,Brighton,95,0
Jordan Veretout,Jordan Veretout,Jordan Veretout,Veretout,MID,France,2015/16,2015/16,1,Aston Villa,25,0
Santiago Vergini,Santiago Vergini,Santiago Vergini,Vergini,DEF,Argentina,2013/14,2014/15,2,Sunderland,42,0
Thomas Vermaelen,Thomas Vermaelen,Thomas Vermaelen,Vermaelen,DEF,Belgium,2009/10,2013/14,5,Arsenal,110,13
Paolo Vernazza,Paolo Vernazza,Paolo Vernazza,Vernazza,MID,England,1997/98,2000/01,3,Arsenal,5,1
Juan Sebastian Veron,Juan Sebastian Veron,Juan Sebastián Verón,Veron,MID,Argentina,2001/02,2003/04,3,Man Utd; Chelsea,58,8
Jan Vertonghen,Jan Vertonghen,Jan Vertonghen,Vertonghen,DEF,Belgium,2012/13,2019/20,8,Spurs,232,6
Jannik Vestergaard,Jannik Vestergaard,Jannik Vestergaard,Vestergaard,DEF,Denmark,2018/19,2024/25,5,Southampton; Leicester,100,4
Jhon Viafara,Jhon Viafara,Jhon Viáfara,Viafara,MID,Colombia,2005/06,2005/06,1,Portsmouth,14,1
Gianluca Vialli,Gianluca Vialli,Gianluca Vialli,Vialli,FWD,Italy,1996/97,1998/99,3,Chelsea,58,21
Hugo Viana,Hugo Viana,Hugo Viana,Viana,MID,Portugal,2002/03,2003/04,2,Newcastle,39,2
Guglielmo Vicario,Guglielmo Vicario,Guglielmo Vicario,Vicario,GK,Italy,2023/24,2025/26,3,Spurs,93,0
Steve Vickers,Steve Vickers,Steve Vickers,Vickers,DEF,England,1995/96,2002/03,7,Middlesbrough; Birmingham,161,2
Nemanja Vidic,Nemanja Vidic,Nemanja Vidić,Vidic,DEF,Serbia,2005/06,2013/14,9,Man Utd,211,15
Tony Vidmar,Tony Vidmar,Tony Vidmar,Vidmar,DEF,Australia,2002/03,2002/03,1,Middlesbrough,12,0
Mark Viduka,Mark Viduka,Mark Viduka,Viduka,FWD,Australia,2000/01,2008/09,9,Leeds; Middlesbrough; Newcastle,240,92
Fabio Vieira,Fabio Vieira,Fábio Vieira,Vieira,MID,Portugal,2022/23,2023/24,2,Arsenal,33,2
Patrick Vieira,Patrick Vieira,Patrick Vieira,Vieira,MID,France,1996/97,2010/11,11,Arsenal; Man City,307,31
Luciano Vietto,Luciano Vietto,Luciano Vietto,Vietto,FWD,Argentina,2018/19,2018/19,1,Fulham,20,1
Gregory Vignal,Gregory Vignal,Grégory Vignal,Vignal,DEF,France,2000/01,2009/10,5,Liverpool; Portsmouth; Birmingham,33,0
Emanuel Villa,Emanuel Villa,Emanuel Villa,Villa,FWD,Argentina,2007/08,2007/08,1,Derby,16,3
Carlos Villanueva,Carlos Villanueva,Carlos Villanueva,Villanueva,MID,Chile,2008/09,2008/09,1,Blackburn,13,0
Matias Vina,Matias Vina,Matías Viña,Vina,DEF,Uruguay,2022/23,2022/23,1,Bournemouth,12,2
Ruben Vinagre,Ruben Vinagre,Rúben Vinagre,Vinagre,DEF,Portugal,2018/19,2022/23,4,Wolves; Everton,37,0
Carlos Vinicius,Carlos Vinicius,Carlos Vinícius Alves Morais,Vinicius,FWD,Brazil,2020/21,2024/25,4,Spurs; Fulham,53,8
Joao Virginia,Joao Virginia,João Virgínia,Virginia,GK,Portugal,2020/21,2020/21,1,Everton,1,0
Vitinha,Vitinha,Vítor Ferreira,Vitinha,MID,Portugal,2020/21,2020/21,1,Wolves,19,0
Vitinho,Vitinho,Vitinho,Vitinho,DEF,Brazil,2023/24,2023/24,1,Burnley,32,0
Nelson Vivas,Nelson Vivas,Nelson Vivas,Vivas,DEF,Argentina,1998/99,2000/01,3,Arsenal,40,0
Ron Vlaar,Ron Vlaar,Ron Vlaar,Vlaar,DEF,Netherlands,2012/13,2014/15,3,Aston Villa,79,2
Odysseas Vlachodimos,Odysseas Vlachodimos,Odysseas Vlachodimos,Vlachodimos,GK,Greece,2023/24,2023/24,1,Nottingham Forest,5,0
Nikola Vlasic,Nikola Vlasic,Nikola Vlašić,Vlašić,MID,Croatia,2017/18,2021/22,2,Everton; West Ham,31,1
Johann Vogel,Johann Vogel,Johann Vogel,Vogel,MID,Switzerland,2007/08,2008/09,2,Blackburn,7,0
Sam Vokes,Sam Vokes,Sam Vokes,Vokes,FWD,Wales,2009/10,2018/19,7,Wolves; Burnley,113,17
Jake Vokins,Jake Vokins,Jake Vokins,Vokins,DEF,England,2019/20,2020/21,2,Southampton,2,0
Moritz Volz,Moritz Volz,Moritz Volz,Volz,DEF,Germany,2003/04,2007/08,5,Fulham,125,2
Michel Vonk,Michel Vonk,Michel Vonk,Vonk,DEF,Netherlands,1992/93,1994/95,3,Man City,82,4
Michel Vorm,Michel Vorm,Michel Vorm,Vorm,GK,Netherlands,2011/12,2018/19,8,Swansea; Spurs,102,0
Andriy Voronin,Andriy Voronin,Andriy Voronin,Voronin,FWD,Ukraine,2007/08,2009/10,2,Liverpool,27,5
Mario Vrancic,Mario Vrancic,Mario Vrančić,Vrancic,MID,Bosnia and Herzegovina,2019/20,2019/20,1,Norwich,20,1
Haris Vuckic,Haris Vuckic,Haris Vučkić,Vuckic,MID,Slovenia,2011/12,2014/15,2,Newcastle,5,0
Simon Vukcevic,Simon Vukcevic,Simon Vukčević,Vukcevic,MID,Montenegro,2011/12,2011/12,1,Blackburn,7,1
Zvonimir Vukic,Zvonimir Vukic,Zvonimir Vukić,Vukic,MID,Serbia,2005/06,2005/06,1,Portsmouth,9,1
Matej Vydra,Matej Vydra,Matěj Vydra,Vydra,FWD,Czech Republic,2013/14,2021/22,6,West Brom; Watford; Burnley,106,11
Alejo Veliz,Alejo Veliz,Alejo Véliz,Véliz,FWD,Argentina,2023/24,2023/24,1,Spurs,8,1
Reece Wabara,Reece Wabara,Reece Wabara,Wabara,DEF,England,2010/11,2010/11,1,Man City,1,0
Chris Waddle,Chris Waddle,Chris Waddle,Waddle,MID,England,1992/93,1996/97,5,Sheffield Wed; Sunderland,116,11
Martyn Waghorn,Martyn Waghorn,Martyn Waghorn,Waghorn,FWD,England,2007/08,2010/11,3,Sunderland,6,0
Molla Wague,Molla Wague,Molla Wagué,Wague,DEF,Mali,2017/18,2017/18,1,Watford,6,1
Theo Walcott,Theo Walcott,Theo Walcott,Walcott,FWD,England,2006/07,2022/23,17,Arsenal; Everton; Southampton,397,80
Des Walker,Des Walker,Des Walker,Walker,DEF,England,1993/94,1999/00,7,Sheffield Wed,264,0
Ian Walker,Ian Walker,Ian Walker,Walker,GK,England,1992/93,2003/04,11,Spurs; Leicester,312,0
Jimmy Walker,Jimmy Walker,Jimmy Walker,Walker,GK,England,2005/06,2005/06,1,West Ham,3,0
Josh Walker,Josh Walker,Josh Walker,Walker,MID,England,2005/06,2008/09,2,Middlesbrough,7,0
Kyle Walker,Kyle Walker,Kyle Walker,Walker,DEF,England,2009/10,2025/26,17,Spurs; Aston Villa; Man City; Burnley,446,8
Richard Walker,Richard Walker,Richard Walker,Walker,FWD,England,1997/98,1999/00,2,Aston Villa,6,2
Kyle Walker-Peters,Kyle Walker-Peters,Kyle Walker-Peters,Walker-Peters,DEF,England,2017/18,2025/26,8,Spurs; Southampton; West Ham,171,3
Danny Wallace,Danny Wallace,Danny Wallace,Wallace,FWD,England,1992/93,1992/93,1,Man Utd,2,0
Ray Wallace,Ray Wallace,Ray Wallace,Wallace,DEF,England,1992/93,1993/94,2,Leeds,7,0
Rod Wallace,Rod Wallace,Rodney Wallace,Wallace,FWD,England,1992/93,2001/02,7,Leeds; Bolton,197,45
Ross Wallace,Ross Wallace,Ross Wallace,Wallace,MID,Scotland,2007/08,2014/15,2,Sunderland; Burnley,36,3
Jean-Guy Wallemme,Jean-Guy Wallemme,Jean-Guy Wallemme,Wallemme,DEF,France,1998/99,1998/99,1,Coventry,6,0
Ronnie Wallwork,Ronnie Wallwork,Ronnie Wallwork,Wallwork,DEF,England,1997/98,2005/06,7,Man Utd; West Brom,97,1
Gary Walsh,Gary Walsh,Gary Walsh,Walsh,GK,England,1993/94,2000/01,6,Man Utd; Oldham; Middlesbrough; Bradford,96,0
Paul Walsh,Paul Walsh,Paul Walsh,Walsh,FWD,England,1993/94,1995/96,3,Man City,53,16
Steve Walsh,Steve Walsh,Steve Walsh,Walsh,DEF,England,1994/95,2000/01,6,Leicester,87,8
Jon Walters,Jon Walters,Jonathan Walters,Walters,FWD,Republic of Ireland,2002/03,2017/18,9,Bolton; Stoke; Burnley,233,43
Mark Walters,Mark Walters,Mark Walters,Walters,MID,England,1992/93,1995/96,4,Liverpool; Southampton,74,12
Christian Walton,Christian Walton,Christian Walton,Walton,GK,England,2024/25,2024/25,1,Ipswich,7,0
Aaron Wan-Bissaka,Aaron Wan-Bissaka,Aaron Wan-Bissaka,Wan-Bissaka,DEF,DR Congo,2017/18,2025/26,9,Crystal Palace; Man Utd; West Ham,233,4
Paulo Wanchope,Paulo Wanchope,Paulo Wanchope,Wanchope,FWD,Costa Rica,1996/97,2003/04,6,Derby; West Ham; Man City,156,50
Victor Wanyama,Victor Wanyama,Victor Wanyama,Wanyama,MID,Kenya,2013/14,2019/20,7,Southampton; Spurs,154,10
Harald Wapenaar,Harald Wapenaar,Harald Wapenaar,Wapenaar,GK,Netherlands,2003/04,2003/04,1,Portsmouth,5,0
Ashley Ward,Ashley Ward,Ashley Ward,Ward,FWD,England,1994/95,2000/01,5,Norwich; Derby; Barnsley; Blackburn; Bradford,137,33
Danny Ward,Danny Ward,Danny Ward,Ward,GK,Wales,2015/16,2024/25,4,Liverpool; Leicester,31,0
Danny Ward (striker),Danny Ward,Danny Ward,Ward,FWD,England,2009/10,2018/19,2,Bolton; Cardiff,16,1
Darren Ward,Darren Ward,Darren Ward,Ward,GK,Wales,2004/05,2007/08,2,Norwich; Sunderland,4,0
Darren Ward (defender),Darren Ward,Darren Ward,Ward,DEF,England,1999/00,1999/00,1,Watford,9,1
Elliott Ward,Elliott Ward,Elliott Ward,Ward,DEF,England,2005/06,2011/12,2,West Ham; Norwich,16,0
Gavin Ward,Gavin Ward,Gavin Ward,Ward,GK,England,1994/95,1997/98,3,Leicester; Bolton,17,0
Joel Ward,Joel Ward,Joel Ward,Ward,DEF,England,2009/10,2024/25,13,Portsmouth; Crystal Palace,309,5
Mark Ward,Mark Ward,Mark Ward,Ward,MID,England,1992/93,1993/94,2,Everton,46,2
Mitch Ward,Mitch Ward,Mitch Ward,Ward,MID,England,1992/93,1999/00,5,Sheffield Utd; Everton,72,1
Stephen Ward,Stephen Ward,Stephen Ward,Ward,DEF,Republic of Ireland,2009/10,2018/19,7,Wolves; Burnley,171,6
James Ward-Prowse,James Ward-Prowse,James Ward-Prowse,Ward-Prowse,MID,England,2012/13,2025/26,14,Southampton; West Ham; Nottingham Forest; Burnley,422,57
Paul Warhurst,Paul Warhurst,Paul Warhurst,Warhurst,DEF,England,1992/93,2002/03,8,Sheffield Wed; Blackburn; Crystal Palace; Bolton,144,13
John Wark,John Wark,John Wark,Wark,DEF,Scotland,1992/93,1994/95,3,Ipswich,101,13
Phil Warner,Phil Warner,Phil Warner,Warner,DEF,England,1997/98,1998/99,2,Southampton,6,0
Tony Warner,Tony Warner,Tony Warner,Warner,GK,Trinidad and Tobago,2005/06,2007/08,2,Fulham,21,0
Vance Warner,Vance Warner,Vance Warner,Warner,DEF,England,1994/95,1996/97,2,Nottingham Forest,4,0
Stephen Warnock,Stephen Warnock,Stephen Warnock,Warnock,DEF,England,2004/05,2011/12,8,Liverpool; Blackburn; Aston Villa,212,8
Christer Warren,Christer Warren,Christer Warren,Warren,MID,England,1995/96,1996/97,2,Southampton,8,0
Lewis Warrington,Lewis Warrington,Lewis Warrington,Warrington,MID,England,2023/24,2023/24,1,Everton,1,0
Robert Warzycha,Robert Warzycha,Robert Warzycha,Warzycha,MID,Poland,1992/93,1993/94,2,Everton,27,1
Deivid Washington,Deivid Washington,Deivid Washington de Souza Eugênio,Washington,FWD,Brazil,2023/24,2023/24,1,Chelsea,2,0
Marcin Wasilewski,Marcin Wasilewski,Marcin Wasilewski,Wasilewski,DEF,Poland,2014/15,2016/17,3,Leicester,30,1
Ollie Watkins,Ollie Watkins,Ollie Watkins,Watkins,FWD,England,2020/21,2025/26,6,Aston Villa,221,91
Russell Watkinson,Russell Watkinson,Russell Watkinson,Watkinson,FWD,England,1996/97,1996/97,1,Southampton,2,0
Duncan Watmore,Duncan Watmore,Duncan Watmore,Watmore,FWD,England,2015/16,2016/17,2,Sunderland,37,3
Ben Watson,Ben Watson,Ben Watson,Watson,MID,England,2004/05,2017/18,9,Crystal Palace; Wigan; Watford,145,12
Dave Watson,Dave Watson,Dave Watson,Watson,DEF,England,1992/93,1999/00,8,Everton,223,6
David Watson,David Watson,David Watson,Watson,GK,England,1997/98,1997/98,1,Barnsley,30,0
Gordon Watson,Gordon Watson,Gordon Watson,Watson,FWD,England,1992/93,1996/97,5,Sheffield Wed; Southampton,109,22
Kevin Watson,Kevin Watson,Kevin Watson,Watson,MID,England,1992/93,1992/93,1,Spurs,5,0
Mark Watson,Mark Watson,Mark Watson,Watson,FWD,England,1995/96,1995/96,1,West Ham,1,0
Steve Watson,Steve Watson,Steve Watson,Watson,DEF,England,1993/94,2005/06,13,Newcastle; Aston Villa; Everton; West Brom,351,26
Tom Watson,Tom Watson,Tom Watson,Watson,MID,England,2025/26,2025/26,1,Brighton,6,0
Steven Watt,Steven Watt,Steven Watt,Watt,DEF,Scotland,2004/05,2004/05,1,Chelsea,1,0
Caleb Watts,Caleb Watts,Caleb Watts,Watts,MID,Australia,2020/21,2020/21,1,Southampton,3,0
Grant Watts,Grant Watts,Grant Watts,Watts,FWD,England,1992/93,1992/93,1,Crystal Palace,4,0
Julian Watts,Julian Watts,Julian Watts,Watts,DEF,England,1992/93,1997/98,5,Sheffield Wed; Leicester,45,2
Kell Watts,Kell Watts,Kelland Watts,Watts,DEF,England,2019/20,2019/20,1,Newcastle,1,0
George Weah,George Weah,George Weah,Weah,FWD,Liberia,1999/00,2000/01,2,Chelsea; Man City,18,4
Nicky Weaver,Nicky Weaver,Nicky Weaver,Weaver,GK,England,2000/01,2006/07,3,Man City,57,0
Neil Webb,Neil Webb,Neil Webb,Webb,MID,England,1992/93,1992/93,1,Man Utd; Nottingham Forest,10,0
Danny Webber,Danny Webber,Danny Webber,Webber,FWD,England,2006/07,2009/10,2,Sheffield Utd; Portsmouth,39,4
Adam Webster,Adam Webster,Adam Webster,Webster,DEF,England,2019/20,2024/25,6,Brighton,138,6
Andy Webster,Andy Webster,Andy Webster,Webster,DEF,Scotland,2006/07,2006/07,1,Wigan,4,0
Simon Webster,Simon Webster,Simon Webster,Webster,DEF,England,1994/95,1994/95,1,West Ham,5,0
Roy Wegerle,Roy Wegerle,Roy Wegerle,Wegerle,FWD,United States,1992/93,1994/95,3,Blackburn; Coventry,75,13
Wout Weghorst,Wout Weghorst,Wout Weghorst,Weghorst,FWD,Netherlands,2021/22,2022/23,2,Burnley; Man Utd,37,2
Andreas Weimann,Andreas Weimann,Andreas Weimann,Weimann,FWD,Austria,2010/11,2014/15,5,Aston Villa,113,17
David Weir,David Weir,David Weir,Weir,DEF,Scotland,1998/99,2006/07,9,Everton,235,10
James Weir,James Weir,James Weir,Weir,MID,England,2015/16,2015/16,1,Man Utd,1,0
Max Weiss,Max Weiss,Max Weiß,Weiss,GK,Germany,2025/26,2025/26,1,Burnley,3,0
Vladimir Weiss,Vladimir Weiss,Vladimír Weiss,Weiss,MID,Slovakia,2008/09,2009/10,2,Man City; Bolton,14,0
Danny Welbeck,Danny Welbeck,Danny Welbeck,Welbeck,FWD,England,2008/09,2025/26,18,Man Utd; Sunderland; Arsenal; Watford; Brighton,400,90
Welington,Welington,Welington Damascena Santos,Welington,DEF,Brazil,2024/25,2024/25,1,Southampton,10,0
Nahki Wells,Nahki Wells,Nahki Wells,Wells,FWD,Bermuda,2017/18,2017/18,1,Burnley,9,0
Andy Welsh,Andy Welsh,Andy Welsh,Welsh,MID,Scotland,2005/06,2005/06,1,Sunderland,14,0
John Welsh,John Welsh,John Welsh,Welsh,DEF,England,2003/04,2004/05,2,Liverpool,4,0
Timo Werner,Timo Werner,Timo Werner,Werner,FWD,Germany,2020/21,2024/25,4,Chelsea; Spurs,87,12
Wesley,Wesley,Wesley,Wesley,FWD,Brazil,2019/20,2021/22,3,Aston Villa,25,5
Stefan Wessels,Stefan Wessels,Stefan Wessels,Wessels,GK,Germany,2007/08,2007/08,1,Everton,2,0
Taribo West,Taribo West,Taribo West,West,DEF,Nigeria,2000/01,2000/01,1,Derby,18,0
Sander Westerveld,Sander Westerveld,Sander Westerveld,Westerveld,GK,Netherlands,1999/00,2005/06,4,Liverpool; Everton; Portsmouth,83,0
Rhys Weston,Rhys Weston,Rhys Weston,Weston,DEF,Wales,1999/00,1999/00,1,Arsenal,1,0
Ashley Westwood,Ashley Westwood,Ashley Westwood,Westwood,MID,England,2012/13,2021/22,10,Aston Villa; Burnley,286,12
Ashley Westwood (b.1976),Ashley Westwood,Ashley Westwood,Westwood,DEF,England,1999/00,1999/00,1,Bradford,5,0
Keiren Westwood,Keiren Westwood,Keiren Westwood,Westwood,GK,Republic of Ireland,2011/12,2013/14,2,Sunderland,19,0
David Wetherall,David Wetherall,David Wetherall,Wetherall,DEF,England,1992/93,2000/01,9,Leeds; Bradford,257,15
Gareth Whalley,Gareth Whalley,Gareth Whalley,Whalley,MID,England,1999/00,2000/01,2,Bradford,35,1
Adam Wharton,Adam Wharton,Adam Wharton,Wharton,MID,England,2023/24,2025/26,3,Crystal Palace,70,1
David Wheater,David Wheater,David Wheater,Wheater,DEF,England,2005/06,2011/12,6,Middlesbrough; Bolton,105,7
Ethan Wheatley,Ethan Wheatley,Ethan Wheatley,Wheatley,FWD,England,2023/24,2023/24,1,Man Utd,3,0
Glenn Whelan,Glenn Whelan,Glenn Whelan,Whelan,MID,Republic of Ireland,2008/09,2016/17,9,Stoke,277,4
Noel Whelan,Noel Whelan,Noel Whelan,Whelan,FWD,England,1992/93,2002/03,11,Leeds; Coventry; Middlesbrough,243,43
Phil Whelan,Phil Whelan,Phil Whelan,Whelan,DEF,England,1992/93,1996/97,5,Ipswich; Middlesbrough,96,1
Ronnie Whelan,Ronnie Whelan,Ronnie Whelan,Whelan,MID,Republic of Ireland,1992/93,1993/94,2,Liverpool,40,2
Peter Whiston,Peter Whiston,Peter Whiston,Whiston,DEF,England,1994/95,1994/95,1,Southampton,1,0
Adrian Whitbread,Adrian Whitbread,Adrian Whitbread,Whitbread,DEF,England,1993/94,1995/96,3,Swindon; West Ham,45,1
Zak Whitbread,Zak Whitbread,Zak Whitbread,Whitbread,DEF,United States,2011/12,2011/12,1,Norwich,18,0
Ben White,Ben White,Ben White,White,DEF,England,2020/21,2025/26,6,Brighton; Arsenal,172,6
David White,David White,David White,White,MID,England,1992/93,1995/96,4,Man City; Leeds,100,26
Devon White,Devon White,Devon White,White,FWD,England,1992/93,1994/95,3,QPR,26,9
Harvey White,Harvey White,Harvey White,White,MID,England,2022/23,2022/23,1,Spurs,1,0
Joe White,Joe White,Joe White,White,MID,England,2023/24,2023/24,1,Newcastle,4,0
Steve White,Steve White,Steve White,White,FWD,England,1993/94,1993/94,1,Swindon,6,0
Dean Whitehead,Dean Whitehead,Dean Whitehead,Whitehead,MID,England,2005/06,2017/18,8,Sunderland; Stoke; Huddersfield,234,7
Dane Whitehouse,Dane Whitehouse,Dane Whitehouse,Whitehouse,MID,England,1992/93,1993/94,2,Sheffield Utd,52,10
Jeff Whitley,Jeff Whitley,Jeff Whitley,Whitley,MID,Northern Ireland,2000/01,2000/01,1,Man City,31,1
Mike Whitlow,Mike Whitlow,Mike Whitlow,Whitlow,DEF,England,1994/95,2002/03,5,Leicester; Bolton,104,2
Steven Whittaker,Steven Whittaker,Steven Whittaker,Whittaker,DEF,Scotland,2012/13,2015/16,3,Norwich,41,3
Guy Whittingham,Guy Whittingham,Guy Whittingham,Whittingham,FWD,England,1993/94,1998/99,6,Aston Villa; Sheffield Wed,138,27
Peter Whittingham,Peter Whittingham,Peter Whittingham,Whittingham,MID,England,2002/03,2013/14,6,Aston Villa; Cardiff,88,4
Steve Whitton,Steve Whitton,Steve Whitton,Whitton,FWD,England,1992/93,1993/94,2,Ipswich,35,4
Joe Whitworth,Joe Whitworth,Joseph Whitworth,Whitworth,GK,England,2022/23,2022/23,1,Crystal Palace,2,0
Chris Whyte,Chris Whyte,Chris Whyte,Whyte,DEF,England,1992/93,1995/96,2,Leeds; Coventry,35,1
Derek Whyte,Derek Whyte,Derek Whyte,Whyte,DEF,Scotland,1992/93,1996/97,3,Middlesbrough,81,0
Connor Wickham,Connor Wickham,Connor Wickham,Wickham,FWD,England,2011/12,2019/20,8,Sunderland; Crystal Palace,120,19
Tommy Widdrington,Tommy Widdrington,Tommy Widdrington,Widdrington,MID,England,1992/93,1995/96,4,Southampton,72,3
Mats Wieffer,Mats Wieffer,Mats Wieffer,Wieffer,MID,Netherlands,2024/25,2025/26,2,Brighton,51,3
Gerard Wiekens,Gerard Wiekens,Gerard Wiekens,Wiekens,DEF,Netherlands,2000/01,2002/03,2,Man City,40,2
Georginio Wijnaldum,Georginio Wijnaldum,Georginio Wijnaldum,Wijnaldum,MID,Netherlands,2015/16,2020/21,6,Newcastle; Liverpool,217,27
Clyde Wijnhard,Clyde Wijnhard,Clyde Wijnhard,Wijnhard,FWD,Suriname,1998/99,1998/99,1,Leeds,18,3
Aaron Wilbraham,Aaron Wilbraham,Aaron Wilbraham,Wilbraham,FWD,England,2011/12,2013/14,2,Norwich; Crystal Palace,15,1
Jason Wilcox,Jason Wilcox,Jason Wilcox,Wilcox,MID,England,1992/93,2003/04,12,Blackburn; Leeds,273,31
Christian Wilhelmsson,Christian Wilhelmsson,Christian Wilhelmsson,Wilhelmsson,MID,Sweden,2007/08,2007/08,1,Bolton,8,0
Ray Wilkins,Ray Wilkins,Ray Wilkins,Wilkins,MID,England,1992/93,1995/96,4,QPR; Crystal Palace,84,3
Andy Wilkinson,Andy Wilkinson,Andy Wilkinson,Wilkinson,DEF,England,2008/09,2013/14,6,Stoke,123,0
Paul Wilkinson,Paul Wilkinson,Paul Wilkinson,Wilkinson,FWD,England,1992/93,1997/98,3,Middlesbrough; Barnsley,48,14
Luke Wilkshire,Luke Wilkshire,Luke Wilkshire,Wilkshire,MID,Australia,2001/02,2002/03,2,Middlesbrough,21,0
Jetro Willems,Jetro Willems,Jetro Willems,Willems,DEF,Netherlands,2019/20,2019/20,1,Newcastle,19,2
Ron Willems,Ron Willems,Ron Willems,Willems,FWD,Netherlands,1996/97,1997/98,2,Derby,26,2
Andy Williams,Andy Williams,Andy Williams,Williams,MID,Wales,1997/98,1998/99,2,Southampton,21,0
Ashley Williams,Ashley Williams,Ashley Williams,Williams,DEF,Wales,2011/12,2017/18,7,Swansea; Everton,241,6
Brandon Williams,Brandon Williams,Brandon Williams,Williams,DEF,England,2019/20,2021/22,3,Man Utd; Norwich,47,1
Brett Williams,Brett Williams,Brett Williams,Williams,DEF,England,1992/93,1992/93,1,Nottingham Forest,9,0
Danny Williams,Danny Williams,Daniel Williams,Williams,MID,United States,2017/18,2018/19,2,Huddersfield,25,0
Darren Williams,Darren Williams,Darren Williams,Williams,DEF,England,1996/97,2002/03,5,Sunderland,108,2
Derrick Williams,Derrick Williams,Derrick Williams,Williams,DEF,Republic of Ireland,2012/13,2012/13,1,Aston Villa,1,0
Gareth Williams,Gareth Williams,Gareth Williams,Williams,MID,Scotland,2006/07,2006/07,1,Watford,3,0
Geraint Williams,Geraint Williams,Geraint Williams,Williams,MID,Wales,1992/93,1994/95,3,Ipswich,109,1
John Williams,John Williams,John Williams,Williams,FWD,England,1992/93,1994/95,3,Coventry,80,11
Jonny Williams,Jonny Williams,Jonathan Williams,Williams,MID,Wales,2013/14,2015/16,3,Crystal Palace,12,0
Mark Williams,Mark Williams,Mark Williams,Williams,DEF,Northern Ireland,1999/00,1999/00,1,Watford,22,1
Michael Williams,Michael Williams,Michael Williams,Williams,MID,England,1992/93,1996/97,5,Sheffield Wed,23,1
Neco Williams,Neco Williams,Neco Williams,Williams,DEF,Wales,2019/20,2025/26,7,Liverpool; Nottingham Forest,142,4
Paul Williams,Paul Williams,Paul Williams,Williams,DEF,England,1993/94,2002/03,10,Coventry; Southampton,217,5
Paul Williams (Northern Ireland),Paul Williams,Paul Williams,Williams,FWD,Northern Ireland,1992/93,1992/93,1,Coventry,2,0
Paul Williams (striker),Paul Williams,Paul Williams,Williams,FWD,England,1992/93,1994/95,2,Crystal Palace; Sheffield Wed,29,1
Rhys Williams,Rhys Williams,Rhys Williams,Williams,DEF,England,2020/21,2020/21,1,Liverpool,9,0
Danny Williamson,Danny Williamson,Danny Williamson,Williamson,MID,England,1993/94,1997/98,5,West Ham; Everton,66,5
Lee Williamson,Lee Williamson,Lee Williamson,Williamson,MID,Jamaica,2006/07,2006/07,1,Watford,5,0
Mike Williamson,Mike Williamson,Mike Williamson,Williamson,DEF,England,2010/11,2014/15,5,Newcastle,134,1
Sam Williamson,Sam Williamson,Sam Williamson,Williamson,DEF,England,2007/08,2007/08,1,Man City,1,0
Tom Williamson,Tom Williamson,Tom Williamson,Williamson,MID,England,2001/02,2001/02,1,Leicester,1,0
Willian,Willian,Willian Borges da Silva,Willian,MID,Brazil,2013/14,2024/25,11,Chelsea; Arsenal; Fulham,327,47
Willian Jose,Willian Jose,Willian José,Willian José,FWD,Brazil,2020/21,2020/21,1,Wolves,17,1
Jimmy Willis,Jimmy Willis,Jimmy Willis,Willis,DEF,England,1994/95,1994/95,1,Leicester,29,2
Chris Willmott,Chris Willmott,Chris Willmott,Willmott,DEF,England,1999/00,1999/00,1,Wimbledon,7,0
Calum Willock,Calum Willock,Calum Willock,Willock,FWD,St Kitts and Nevis,2001/02,2002/03,2,Fulham,4,0
Joe Willock,Joe Willock,Joe Willock,Willock,MID,England,2017/18,2025/26,9,Arsenal; Newcastle,183,15
Ben Wilmot,Ben Wilmot,Ben Wilmot,Wilmot,DEF,England,2018/19,2018/19,1,Watford,2,0
Rhys Wilmot,Rhys Wilmot,Rhys Wilmot,Wilmot,GK,Wales,1994/95,1994/95,1,Crystal Palace,6,0
Fabian Wilnis,Fabian Wilnis,Fabian Wilnis,Wilnis,DEF,Netherlands,2000/01,2001/02,2,Ipswich,43,2
Jack Wilshere,Jack Wilshere,Jack Wilshere,Wilshere,MID,England,2008/09,2019/20,11,Arsenal; Bolton; Bournemouth; West Ham,182,8
Callum Wilson,Callum Wilson,Callum Wilson,Wilson,FWD,England,2015/16,2025/26,11,Bournemouth; Newcastle; West Ham,271,95
Clive Wilson,Clive Wilson,Clive Wilson,Wilson,DEF,England,1992/93,1997/98,6,QPR; Spurs,189,9
Danny Wilson,Danny Wilson,Danny Wilson,Wilson,DEF,Scotland,2010/11,2010/11,1,Liverpool,2,0
Danny Wilson (b.1960),Danny Wilson,Danny Wilson,Wilson,MID,Northern Ireland,1992/93,1992/93,1,Sheffield Wed,26,2
Harry Wilson,Harry Wilson,Harry Wilson,Wilson,MID,Wales,2019/20,2025/26,5,Bournemouth; Fulham,156,29
James Wilson,James Wilson,James Wilson,Wilson,FWD,England,2013/14,2015/16,3,Man Utd,15,3
Marc Wilson,Marc Wilson,Marc Wilson,Wilson,DEF,Republic of Ireland,2008/09,2016/17,9,Portsmouth; Stoke; West Brom,181,1
Mark Wilson,Mark Wilson,Mark Wilson,Wilson,MID,England,1999/00,2002/03,3,Man Utd; Middlesbrough,19,0
Stuart Wilson,Stuart Wilson,Stuart Wilson,Wilson,MID,England,1996/97,1998/99,3,Leicester,22,3
Terry Wilson,Terry Wilson,Terry Wilson,Wilson,MID,England,1992/93,1992/93,1,Nottingham Forest,5,0
Sylvain Wiltord,Sylvain Wiltord,Sylvain Wiltord,Wiltord,FWD,France,2000/01,2003/04,4,Arsenal,106,31
Kevin Wimmer,Kevin Wimmer,Kevin Wimmer,Wimmer,DEF,Austria,2015/16,2017/18,3,Spurs; Stoke,32,0
Dean Windass,Dean Windass,Dean Windass,Windass,MID,England,1999/00,2008/09,5,Bradford; Middlesbrough; Hull,104,17
Harry Winks,Harry Winks,Harry Winks,Winks,MID,England,2016/17,2024/25,7,Spurs; Leicester,150,2
Ben Winterburn,Ben Winterburn,Ben Winterburn,Winterburn,MID,England,2024/25,2025/26,2,Bournemouth,5,0
Nigel Winterburn,Nigel Winterburn,Nigel Winterburn,Winterburn,DEF,England,1992/93,2002/03,11,Arsenal; West Ham,352,5
Jonas Wirmola,Jonas Wirmola,Jonas Wirmola,Wirmola,DEF,Sweden,1993/94,1993/94,1,Sheffield Utd,8,0
Florian Wirtz,Florian Wirtz,Florian Wirtz,Wirtz,MID,Germany,2025/26,2025/26,1,Liverpool,33,5
Andre Wisdom,Andre Wisdom,Andre Wisdom,Wisdom,DEF,England,2012/13,2015/16,4,Liverpool; West Brom; Norwich,48,0
Dennis Wise,Dennis Wise,Dennis Wise,Wise,MID,England,1992/93,2001/02,10,Chelsea; Leicester,278,34
Yoane Wissa,Yoane Wissa,Yoane Wissa,Wissa,FWD,DR Congo,2021/22,2025/26,5,Brentford; Newcastle,156,46
Richard Witschge,Richard Witschge,Richard Witschge,Witschge,MID,Netherlands,1994/95,1994/95,1,Blackburn,1,0
Tony Witter,Tony Witter,Tony Witter,Witter,DEF,England,1993/94,1993/94,1,QPR,1,0
Ian Woan,Ian Woan,Ian Woan,Woan,MID,England,1992/93,1998/99,5,Nottingham Forest,132,17
Max Wober,Max Wober,Maximilian Wöber,Wober,DEF,Austria,2022/23,2022/23,1,Leeds,16,0
Rob Wolleaston,Rob Wolleaston,Robert Wolleaston,Wolleaston,MID,England,1999/00,1999/00,1,Chelsea,1,0
Philipp Wollscheid,Philipp Wollscheid,Philipp Wollscheid,Wollscheid,DEF,Germany,2014/15,2016/17,3,Stoke,45,0
Nick Woltemade,Nick Woltemade,Nick Woltemade,Woltemade,FWD,Germany,2025/26,2025/26,1,Newcastle,33,8
Pierre Wome,Pierre Wome,Pierre Womé,Wome,DEF,Cameroon,2002/03,2002/03,1,Fulham,14,1
Chris Wood,Chris Wood,Chris Wood,Wood,FWD,New Zealand,2008/09,2025/26,12,West Brom; Leicester; Burnley; Newcastle; Nottingham Forest,278,92
Steve Wood,Steve Wood,Steve Wood,Wood,DEF,England,1992/93,1993/94,2,Southampton,31,0
Nathan Wood-Gordon,Nathan Wood-Gordon,Nathan Wood-Gordon,Wood-Gordon,DEF,England,2024/25,2024/25,1,Southampton,11,0
Ben Woodburn,Ben Woodburn,Ben Woodburn,Woodburn,FWD,Wales,2016/17,2017/18,2,Liverpool,6,0
Jonathan Woodgate,Jonathan Woodgate,Jonathan Woodgate,Woodgate,DEF,England,1998/99,2011/12,11,Leeds; Newcastle; Middlesbrough; Spurs; Stoke,244,7
Curtis Woodhouse,Curtis Woodhouse,Curtis Woodhouse,Woodhouse,MID,England,2002/03,2002/03,1,Birmingham,3,0
Freddie Woodman,Freddie Woodman,Freddie Woodman,Woodman,GK,England,2021/22,2025/26,2,Newcastle; Liverpool,7,0
Cauley Woodrow,Cauley Woodrow,Cauley Woodrow,Woodrow,FWD,England,2013/14,2023/24,2,Fulham; Luton,30,2
Chris Woods,Chris Woods,Chris Woods,Woods,GK,England,1992/93,1996/97,5,Sheffield Wed; Southampton,70,0
Martin Woods,Martin Woods,Martin Woods,Woods,MID,Scotland,2005/06,2005/06,1,Sunderland,7,0
Colin Woodthorpe,Colin Woodthorpe,Colin Woodthorpe,Woodthorpe,DEF,England,1992/93,1993/94,2,Norwich,27,0
Luke Woolfenden,Luke Woolfenden,Luke Woolfenden,Woolfenden,DEF,England,2024/25,2024/25,1,Ipswich,15,0
Nordin Wooter,Nordin Wooter,Nordin Wooter,Wooter,FWD,Netherlands,1999/00,1999/00,1,Watford,20,1
Joe Worrall,Joe Worrall,Joe Worrall,Worrall,DEF,England,2022/23,2025/26,3,Nottingham Forest; Burnley,48,1
Matt Worthington,Matt Worthington,Matt Worthington,Worthington,MID,England,2016/17,2016/17,1,Bournemouth,1,0
Nigel Worthington,Nigel Worthington,Nigel Worthington,Worthington,DEF,Northern Ireland,1992/93,1995/96,4,Sheffield Wed; Leeds,114,3
Christopher Wreh,Christopher Wreh,Christopher Wreh,Wreh,FWD,Liberia,1997/98,1998/99,2,Arsenal,28,3
Alan Wright,Alan Wright,Alan Wright,Wright,DEF,England,1992/93,2006/07,13,Blackburn; Aston Villa; Middlesbrough; Sheffield Utd,304,5
David Wright,David Wright,David Wright,Wright,DEF,England,2005/06,2006/07,2,Wigan,14,0
Ian Wright,Ian Wright,Ian Wright,Wright,FWD,England,1992/93,1998/99,7,Arsenal; West Ham,213,113
Jermaine Wright,Jermaine Wright,Jermaine Wright,Wright,MID,England,2000/01,2001/02,2,Ipswich,66,3
Johnny Wright,Johnny Wright,Johnny Wright,Wright,DEF,Northern Ireland,1994/95,1994/95,1,Norwich,2,0
Mark Wright,Mark Wright,Mark Wright,Wright,DEF,England,1992/93,1997/98,6,Liverpool,137,5
Nick Wright,Nick Wright,Nick Wright,Wright,MID,England,1999/00,1999/00,1,Watford,4,0
Richard Wright,Richard Wright,Richard Wright,Wright,GK,England,1994/95,2006/07,8,Ipswich; Arsenal; Everton,111,0
Stephen Wright,Stephen Wright,Stephen Wright,Wright,DEF,England,2000/01,2005/06,4,Liverpool; Sunderland,42,0
Tommy Wright,Tommy Wright,Tommy Wright,Wright,MID,Scotland,1992/93,1992/93,1,Middlesbrough,36,5
Tommy Wright (b.1984),Tommy Wright,Tommy Wright,Wright,MID,England,2001/02,2001/02,1,Leicester,1,0
Tommy Wright (goalkeeper),Tommy Wright,Tommy Wright,Wright,GK,Northern Ireland,1993/94,2000/01,4,Newcastle; Nottingham Forest; Man City,8,0
Bradley Wright-Phillips,Bradley Wright-Phillips,Bradley Wright-Phillips,Wright-Phillips,FWD,England,2004/05,2005/06,2,Man City,32,2
Shaun Wright-Phillips,Shaun Wright-Phillips,Shaun Wright-Phillips,Wright-Phillips,MID,England,2000/01,2014/15,13,Man City; Chelsea; QPR,316,32
Abel Xavier,Abel Xavier,Abel Xavier,Xavier,DEF,Portugal,1999/00,2006/07,6,Everton; Liverpool; Middlesbrough,75,2
Granit Xhaka,Granit Xhaka,Granit Xhaka,Xhaka,MID,Switzerland,2016/17,2025/26,8,Arsenal; Sunderland,259,18
Xisco,Xisco,Francisco Jiménez Tejada,Xisco,FWD,Spain,2008/09,2010/11,2,Newcastle,7,1
Claudio Yacob,Claudio Yacob,Claudio Yacob,Yacob,MID,Argentina,2012/13,2017/18,6,West Brom,160,1
Yakubu,Yakubu,Yakubu Aiyegbeni,Yakubu,FWD,Nigeria,2003/04,2011/12,9,Portsmouth; Middlesbrough; Everton; Blackburn,252,95
Frank Yallop,Frank Yallop,Frank Yallop,Yallop,DEF,Canada,1992/93,1994/95,3,Ipswich,54,3
Mapou Yanga-Mbiwa,Mapou Yanga-Mbiwa,Mapou Yanga-Mbiwa,Yanga-Mbiwa,DEF,France,2012/13,2013/14,2,Newcastle,37,0
Andriy Yarmolenko,Andriy Yarmolenko,Andriy Yarmolenko,Yarmolenko,FWD,Ukraine,2018/19,2021/22,4,West Ham,66,8
Yehor Yarmoliuk,Yehor Yarmoliuk,Yehor Yarmoliuk,Yarmoliuk,MID,Ukraine,2023/24,2024/25,2,Brentford,58,0
Yehor Yarmolyuk,Yehor Yarmolyuk,Yehor Yarmolyuk,Yarmolyuk,MID,Ukraine,2025/26,2025/26,1,Brentford,37,1
Dean Yates,Dean Yates,Dean Yates,Yates,DEF,England,1996/97,1997/98,2,Derby,19,0
Ryan Yates,Ryan Yates,Ryan Yates,Yates,MID,England,2022/23,2025/26,4,Nottingham Forest,118,3
Steve Yates,Steve Yates,Steve Yates,Yates,DEF,England,1993/94,1995/96,3,QPR,82,1
Mark Yeates,Mark Yeates,Mark Yeates,Yeates,FWD,Republic of Ireland,2003/04,2004/05,2,Spurs,3,0
Hassan Yebda,Hassan Yebda,Hassan Yebda,Yebda,MID,Algeria,2009/10,2009/10,1,Portsmouth,18,2
Tony Yeboah,Tony Yeboah,Tony Yeboah,Yeboah,FWD,Ghana,1994/95,1996/97,3,Leeds,47,24
DeAndre Yedlin,DeAndre Yedlin,DeAndre Yedlin,Yedlin,DEF,United States,2014/15,2020/21,6,Spurs; Sunderland; Newcastle,109,2
Nico Yennaris,Nico Yennaris,Nico Yennaris,Yennaris,DEF,China,2011/12,2011/12,1,Arsenal,1,0
Oleksandr Yevtushok,Oleksandr Yevtushok,Oleksandr Yevtushok,Yevtushok,DEF,Ukraine,1996/97,1996/97,1,Coventry,3,0
Joseph Yobo,Joseph Yobo,Joseph Yobo,Yobo,DEF,Nigeria,2002/03,2013/14,9,Everton; Norwich,228,8
Okay Yokuslu,Okay Yokuslu,Okay Yokuşlu,Yokuslu,MID,Turkey,2020/21,2020/21,1,West Brom,16,0
Yoon Suk-young,Yoon Suk-young,Yoon Suk-young,Yoon,DEF,South Korea,2014/15,2014/15,1,QPR,23,0
Yordi,Yordi,Jorge González Díaz,Yordi,FWD,Spain,2001/02,2001/02,1,Blackburn,8,2
Dwight Yorke,Dwight Yorke,Dwight Yorke,Yorke,FWD,Trinidad and Tobago,1992/93,2008/09,15,Aston Villa; Man Utd; Blackburn; Birmingham; Sunderland,375,123
Leny Yoro,Leny Yoro,Leny Yoro,Yoro,DEF,France,2024/25,2025/26,2,Man Utd,53,0
Maya Yoshida,Maya Yoshida,Maya Yoshida,Yoshida,DEF,Japan,2012/13,2019/20,8,Southampton,154,6
Eddie Youds,Eddie Youds,Eddie Youds,Youds,DEF,England,1992/93,1998/99,4,Ipswich; Charlton,71,3
Ashley Young,Ashley Young,Ashley Young,Young,MID,England,2006/07,2024/25,18,Aston Villa; Watford; Man Utd; Everton,485,50
Eric Young,Eric Young,Eric Young,Young,DEF,Wales,1992/93,1994/95,2,Crystal Palace,51,6
Luke Young,Luke Young,Luke Young,Young,DEF,England,1998/99,2011/12,14,Spurs; Charlton; Middlesbrough; Aston Villa; QPR,378,9
Nathan Young-Coombes,Nathan Young-Coombes,Nathan Young-Coombes,Young-Coombes,FWD,England,2021/22,2021/22,1,Brentford,1,0
Pablo Zabaleta,Pablo Zabaleta,Pablo Zabaleta,Zabaleta,DEF,Argentina,2008/09,2019/20,12,Man City; West Ham,303,9
Illia Zabarnyi,Illia Zabarnyi,Illia Zabarnyi,Zabarnyi,DEF,Ukraine,2022/23,2024/25,3,Bournemouth,78,1
Theo Zagorakis,Theo Zagorakis,Theodoros Zagorakis,Zagorakis,MID,Greece,1997/98,1999/00,3,Leicester,50,3
Wilfried Zaha,Wilfried Zaha,Wilfried Zaha,Zaha,FWD,Ivory Coast,2013/14,2022/23,10,Cardiff; Man Utd; Crystal Palace,305,68
Denis Zakaria,Denis Zakaria,Denis Zakaria,Zakaria,MID,Switzerland,2022/23,2022/23,1,Chelsea,7,0
Amr Zaki,Amr Zaki,Amr Zaki,Zaki,FWD,Egypt,2008/09,2009/10,2,Wigan; Hull,35,10
Andre-Frank Zambo Anguissa,Andre-Frank Zambo Anguissa,André-Frank Zambo Anguissa,Zambo Anguissa,MID,Cameroon,2018/19,2020/21,2,Fulham,58,0
Bobby Zamora,Bobby Zamora,Bobby Zamora,Zamora,FWD,England,2003/04,2014/15,10,Spurs; West Ham; Fulham; QPR,252,47
Nicolo Zaniolo,Nicolo Zaniolo,Nicolò Zaniolo,Zaniolo,MID,Italy,2023/24,2023/24,1,Aston Villa,25,2
Davide Zappacosta,Davide Zappacosta,Davide Zappacosta,Zappacosta,DEF,Italy,2017/18,2018/19,2,Chelsea,26,1
Mauro Zarate,Mauro Zarate,Mauro Zárate,Zarate,FWD,Argentina,2007/08,2016/17,4,Birmingham; QPR; West Ham; Watford,43,9
Anass Zaroury,Anass Zaroury,Anass Zaroury,Zaroury,FWD,Morocco,2023/24,2023/24,1,Burnley,6,0
Luciano Zavagno,Luciano Zavagno,Luciano Zavagno,Zavagno,DEF,Argentina,2001/02,2001/02,1,Derby,26,0
Kamil Zayatte,Kamil Zayatte,Kamil Zayatte,Zayatte,DEF,Guinea,2008/09,2009/10,2,Hull,55,3
Simone Zaza,Simone Zaza,Simone Zaza,Zaza,FWD,Italy,2016/17,2016/17,1,West Ham,8,0
Marvin Zeegelaar,Marvin Zeegelaar,Marvin Zeegelaar,Zeegelaar,DEF,Netherlands,2017/18,2017/18,1,Watford,12,0
Ned Zelic,Ned Zelic,Ned Zelić,Zelic,MID,Australia,1995/96,1995/96,1,QPR,4,0
Jordan Zemura,Jordan Zemura,Jordan Zemura,Zemura,DEF,Zimbabwe,2022/23,2022/23,1,Bournemouth,19,0
Bolo Zenden,Bolo Zenden,Boudewijn Zenden,Zenden,MID,Netherlands,2001/02,2010/11,8,Chelsea; Middlesbrough; Liverpool; Sunderland,180,19
Andi Zeqiri,Andi Zeqiri,Andi Zeqiri,Zeqiri,FWD,Switzerland,2020/21,2020/21,1,Brighton,9,0
Zheng Zhi,Zheng Zhi,Zheng Zhi,Zheng,MID,China,2006/07,2006/07,1,Charlton,12,1
Yuri Zhirkov,Yuri Zhirkov,Yuri Zhirkov,Zhirkov,MID,Russia,2009/10,2010/11,2,Chelsea,29,0
Christian Ziege,Christian Ziege,Christian Ziege,Ziege,DEF,Germany,1999/00,2003/04,5,Middlesbrough; Liverpool; Spurs,92,14
Reto Ziegler,Reto Ziegler,Reto Ziegler,Ziegler,MID,Switzerland,2004/05,2006/07,3,Spurs; Wigan,34,1
Ron-Robert Zieler,Ron-Robert Zieler,Ron-Robert Zieler,Zieler,GK,Germany,2016/17,2016/17,1,Leicester,9,0
Nikola Zigic,Nikola Zigic,Nikola Žigić,Zigic,FWD,Serbia,2010/11,2010/11,1,Birmingham,25,5
Christoph Zimmermann,Christoph Zimmermann,Christoph Zimmermann,Zimmermann,DEF,Germany,2019/20,2021/22,2,Norwich,20,0
Oleksandr Zinchenko,Oleksandr Zinchenko,Oleksandr Zinchenko,Zinchenko,DEF,Ukraine,2017/18,2025/26,9,Man City; Arsenal; Nottingham Forest,150,2
Joshua Zirkzee,Joshua Zirkzee,Joshua Zirkzee,Zirkzee,FWD,Netherlands,2024/25,2025/26,2,Man Utd,56,5
Boris Zivkovic,Boris Zivkovic,Boris Živković,Zivkovic,DEF,Croatia,2003/04,2003/04,1,Portsmouth,18,0
Richairo Zivkovic,Richairo Zivkovic,Richairo Živković,Zivkovic,FWD,Curacao,2019/20,2019/20,1,Sheffield Utd,5,0
Hakim Ziyech,Hakim Ziyech,Hakim Ziyech,Ziyech,MID,Morocco,2020/21,2022/23,3,Chelsea,64,6
Itzik Zohar,Itzik Zohar,Itzhak Zohar,Zohar,MID,Israel,1997/98,1997/98,1,Crystal Palace,6,0
Kenneth Zohore,Kenneth Zohore,Kenneth Zohore,Zohore,FWD,Denmark,2018/19,2018/19,1,Cardiff,19,1
Didier Zokora,Didier Zokora,Didier Zokora,Zokora,MID,Ivory Coast,2006/07,2008/09,3,Spurs,88,0
Gianfranco Zola,Gianfranco Zola,Gianfranco Zola,Zola,FWD,Italy,1996/97,2002/03,7,Chelsea,229,59
Kurt Zouma,Kurt Zouma,Kurt Zouma,Zouma,DEF,France,2014/15,2023/24,10,Chelsea; Stoke; Everton; West Ham,247,15
Ronald Zubar,Ronald Zubar,Ronald Zubar,Zubar,DEF,France,2009/10,2011/12,3,Wolves,53,3
Martin Zubimendi,Martin Zubimendi,Martín Zubimendi,Zubimendi,MID,Spain,2025/26,2025/26,1,Arsenal,38,5
Gianni Zuiverloon,Gianni Zuiverloon,Gianni Zuiverloon,Zuiverloon,DEF,Netherlands,2008/09,2010/11,2,West Brom,35,0
Camilo Zuniga,Camilo Zuniga,Camilo Zúñiga,Zuniga,MID,Colombia,2016/17,2016/17,1,Watford,21,1
Ysrael Zuniga,Ysrael Zuniga,Ysrael Zúñiga,Zuniga,FWD,Peru,1999/00,2000/01,2,Coventry,22,3
Elsad Zverotic,Elsad Zverotic,Elsad Zverotić,Zverotic,DEF,Montenegro,2013/14,2013/14,1,Fulham,6,0
Manuel da Costa,Manuel da Costa,Manuel da Costa,da Costa,DEF,Portugal,2009/10,2010/11,2,West Ham,31,3
Paulo da Silva,Paulo da Silva,Paulo da Silva,da Silva,DEF,Paraguay,2009/10,2010/11,2,Sunderland,17,0
Eric da Silva Moreira,Eric da Silva Moreira,Eric da Silva Moreira,da Silva Moreira,FWD,Germany,2024/25,2024/25,1,Nottingham Forest,2,0
Fabian de Freitas,Fabian de Freitas,Fabian de Freitas,de Freitas,FWD,Netherlands,1995/96,1995/96,1,Bolton,27,5
David de Gea,David de Gea,David de Gea,de Gea,GK,Spain,2011/12,2022/23,12,Man Utd,415,0
Ed de Goey,Ed de Goey,Ed de Goey,de Goey,GK,Netherlands,1997/98,2002/03,6,Chelsea,123,0
Jonathan de Guzman,Jonathan de Guzman,Jonathan de Guzmán,de Guzman,MID,Netherlands,2012/13,2013/14,2,Swansea,71,9
Luuk de Jong,Luuk de Jong,Luuk de Jong,de Jong,FWD,Netherlands,2013/14,2013/14,1,Newcastle,12,0
Nigel de Jong,Nigel de Jong,Nigel de Jong,de Jong,MID,Netherlands,2008/09,2012/13,5,Man City,104,1
Siem de Jong,Siem de Jong,Siem de Jong,de Jong,MID,Netherlands,2014/15,2015/16,2,Newcastle,22,1
Matthijs de Ligt,Matthijs de Ligt,Matthijs de Ligt,de Ligt,DEF,Netherlands,2024/25,2025/26,2,Man Utd,42,3
Enrique de Lucas,Enrique de Lucas,Enrique de Lucas,de Lucas,MID,Spain,2002/03,2002/03,1,Chelsea,25,0
Javi de Pedro,Javi de Pedro,Francisco Javier de Pedro Falque,de Pedro,MID,Spain,2004/05,2004/05,1,Blackburn,2,0
Daniel de Ridder,Daniel de Ridder,Daniël de Ridder,de Ridder,FWD,Netherlands,2007/08,2008/09,2,Birmingham; Wigan,28,0
Marten de Roon,Marten de Roon,Marten de Roon,de Roon,MID,Netherlands,2016/17,2016/17,1,Middlesbrough,33,4
Dorus de Vries,Dorus de Vries,Dorus de Vries,de Vries,GK,Netherlands,2011/12,2011/12,1,Wolves,4,0
Arjan de Zeeuw,Arjan de Zeeuw,Arjan de Zeeuw,de Zeeuw,DEF,Netherlands,1997/98,2006/07,5,Barnsley; Portsmouth; Wigan,146,4
Ulises de la Cruz,Ulises de la Cruz,Ulises de la Cruz,de la Cruz,MID,Ecuador,2002/03,2007/08,6,Aston Villa; Reading,104,2
Guly do Prado,Guly do Prado,Guilherme do Prado,do Prado,MID,Brazil,2012/13,2013/14,2,Southampton,27,0
Giovani dos Santos,Giovani dos Santos,Giovani dos Santos,dos Santos,MID,Mexico,2008/09,2011/12,4,Spurs,17,0
Laurens ten Heuvel,Laurens ten Heuvel,Laurens ten Heuvel,ten Heuvel,FWD,Netherlands,1997/98,1997/98,1,Barnsley,2,0
Patrick van Aanholt,Patrick van Aanholt,Patrick van Aanholt,van Aanholt,DEF,Netherlands,2009/10,2020/21,9,Chelsea; Wigan; Sunderland; Crystal Palace,213,20
Giovanni van Bronckhorst,Giovanni van Bronckhorst,Giovanni van Bronckhorst,van Bronckhorst,MID,Netherlands,2001/02,2002/03,2,Arsenal,41,2
Virgil van Dijk,Virgil van Dijk,Virgil van Dijk,van Dijk,DEF,Netherlands,2015/16,2025/26,11,Southampton; Liverpool,339,31
Marco van Ginkel,Marco van Ginkel,Marco van Ginkel,van Ginkel,MID,Netherlands,2013/14,2015/16,2,Chelsea; Stoke,19,0
Ulrich van Gobbel,Ulrich van Gobbel,Ulrich van Gobbel,van Gobbel,DEF,Netherlands,1996/97,1997/98,2,Southampton,27,1
Jan Paul van Hecke,Jan Paul van Hecke,Jan Paul van Hecke,van Hecke,DEF,Netherlands,2022/23,2025/26,4,Brighton,106,4
Pierre van Hooijdonk,Pierre van Hooijdonk,Pierre van Hooijdonk,van Hooijdonk,FWD,Netherlands,1996/97,1998/99,2,Nottingham Forest,29,7
Rajiv van La Parra,Rajiv van La Parra,Rajiv van La Parra,van La Parra,MID,Netherlands,2017/18,2018/19,2,Huddersfield,38,3
Ruud van Nistelrooy,Ruud van Nistelrooy,Ruud van Nistelrooy,van Nistelrooy,FWD,Netherlands,2001/02,2005/06,5,Man Utd,150,95
Robin van Persie,Robin van Persie,Robin van Persie,van Persie,FWD,Netherlands,2004/05,2014/15,11,Arsenal; Man Utd,280,144
Ricky van Wolfswinkel,Ricky van Wolfswinkel,Ricky van Wolfswinkel,van Wolfswinkel,FWD,Netherlands,2013/14,2013/14,1,Norwich,25,1
Donny van de Beek,Donny van de Beek,Donny van de Beek,van de Beek,MID,Netherlands,2020/21,2023/24,4,Man Utd; Everton,42,3
Micky van de Ven,Micky van de Ven,Micky van de Ven,van de Ven,DEF,Netherlands,2023/24,2025/26,3,Spurs,75,7
Sepp van den Berg,Sepp van den Berg,Sepp van den Berg,van den Berg,DEF,Netherlands,2024/25,2025/26,2,Brentford,63,0
Raimond van der Gouw,Raimond van der Gouw,Raimond van der Gouw,van der Gouw,GK,Netherlands,1996/97,2001/02,6,Man Utd,37,0
Mike van der Hoorn,Mike van der Hoorn,Mike van der Hoorn,van der Hoorn,DEF,Netherlands,2016/17,2017/18,2,Swansea,32,2
Robin van der Laan,Robin van der Laan,Robin van der Laan,van der Laan,MID,Netherlands,1996/97,1997/98,2,Derby,26,2
Andy van der Meyde,Andy van der Meyde,Andy van der Meyde,van der Meyde,MID,Netherlands,2005/06,2008/09,3,Everton,20,0
Edwin van der Sar,Edwin van der Sar,Edwin van der Sar,van der Sar,GK,Netherlands,2001/02,2010/11,10,Fulham; Man Utd,313,0
Rafael van der Vaart,Rafael van der Vaart,Rafael van der Vaart,van der Vaart,MID,Netherlands,2010/11,2012/13,3,Spurs,63,24
Edson Alvarez,Edson Alvarez,Edson Álvarez,Álvarez,DEF,Mexico,2023/24,2024/25,2,West Ham,59,1
Duje Caleta-Car,Duje Caleta-Car,Duje Ćaleta-Car,Ćaleta-Car,DEF,Croatia,2022/23,2022/23,1,Southampton,13,1
